[{"stream_name":"stderr","time":6.202883037,"data":"0.00s - Debugger warning: It seems that frozen modules are being used, which may\n"}
,{"stream_name":"stderr","time":6.202938288,"data":"0.00s - make the debugger miss breakpoints. Please pass -Xfrozen_modules=off\n"}
,{"stream_name":"stderr","time":6.202944316,"data":"0.00s - to python to disable frozen modules.\n"}
,{"stream_name":"stderr","time":6.202948135,"data":"0.00s - Note: Debugging will proceed. Set PYDEVD_DISABLE_FILE_VALIDATION=1 to disable this validation.\n"}
,{"stream_name":"stderr","time":6.769249881,"data":"0.00s - Debugger warning: It seems that frozen modules are being used, which may\n"}
,{"stream_name":"stderr","time":6.769282476,"data":"0.00s - make the debugger miss breakpoints. Please pass -Xfrozen_modules=off\n"}
,{"stream_name":"stderr","time":6.769286955,"data":"0.00s - to python to disable frozen modules.\n"}
,{"stream_name":"stderr","time":6.769289562,"data":"0.00s - Note: Debugging will proceed. Set PYDEVD_DISABLE_FILE_VALIDATION=1 to disable this validation.\n"}
,{"stream_name":"stdout","time":8.324512401,"data":"BIOHUB_PRESET: harmonic_v3_division_wide\n"}
,{"stream_name":"stdout","time":8.324563563,"data":"BIOHUB_SCORE_AXIS: public 0.939 base + holdout-selected post-process configuration\n"}
,{"stream_name":"stdout","time":11.715444037,"data":"BIOHUB_D4_DEVICE_GUARD: two CUDA devices confirmed\n"}
,{"stream_name":"stdout","time":11.738825151,"data":"Configuration guard: PASS\n"}
,{"stream_name":"stdout","time":11.73884663,"data":"Baseline: fixed-90 dual-seed clean pipeline (public LB 0.913)\n"}
,{"stream_name":"stdout","time":11.738853497000001,"data":"Single model-level change: harmonic mutual-support association fusion\n"}
,{"stream_name":"stdout","time":11.738857552,"data":"Reverse-time association weight: 0.200\n"}
,{"stream_name":"stdout","time":12.448650714,"data":"Biohub learned UNet + node-transformer + ILP submission\n"}
,{"stream_name":"stdout","time":12.448683831,"data":"COMP_DIR: /kaggle/input/competitions/biohub-cell-tracking-during-development exists: True\n"}
,{"stream_name":"stdout","time":12.448689925,"data":"TEST_DIR: /kaggle/input/competitions/biohub-cell-tracking-during-development/test exists: True\n"}
,{"stream_name":"stdout","time":12.448693772,"data":"{\n"}
,{"stream_name":"stdout","time":12.448697076,"data":"  \"adaptive_short_track_rescue\": true,\n"}
,{"stream_name":"stdout","time":12.448700569,"data":"  \"allow_artifact_fallback\": false,\n"}
,{"stream_name":"stdout","time":12.448703919,"data":"  \"allow_pip_install\": false,\n"}
,{"stream_name":"stdout","time":12.448707522,"data":"  \"deepcenter_checkpoint_default\": \"/kaggle/input/biohub-deepcenter-unet3d-center-prior-v1/weights/full_frame_center/best.pt\",\n"}
,{"stream_name":"stdout","time":12.44871282,"data":"  \"deepcenter_expected_epoch\": 2,\n"}
,{"stream_name":"stdout","time":12.448757146,"data":"  \"deepcenter_gap_add_gate\": true,\n"}
,{"stream_name":"stdout","time":12.448760729,"data":"  \"deepcenter_gap_confirm_min_span_um\": 8.5,\n"}
,{"stream_name":"stdout","time":12.448764264,"data":"  \"deepcenter_gap_threshold\": 0.25,\n"}
,{"stream_name":"stdout","time":12.448767637,"data":"  \"deepcenter_safe_div_add_gate\": true,\n"}
,{"stream_name":"stdout","time":12.448771149,"data":"  \"deepcenter_safe_div_threshold\": 0.25,\n"}
,{"stream_name":"stdout","time":12.448774478,"data":"  \"det_threshold\": 0.965,\n"}
,{"stream_name":"stdout","time":12.448778152,"data":"  \"div_drop_to_single_if_bad\": true,\n"}
,{"stream_name":"stdout","time":12.448781409,"data":"  \"div_parent_max_um\": 10.5,\n"}
,{"stream_name":"stdout","time":12.448784736,"data":"  \"div_sister_max_um\": 8.0,\n"}
,{"stream_name":"stdout","time":12.448802005,"data":"  \"experiment_tag\": \"selected_101_dual_seed_near_balanced_center_confirmed_synthetic_gap\",\n"}
,{"stream_name":"stdout","time":12.448806513,"data":"  \"gap2_frame_frac_cap\": 0.006,\n"}
,{"stream_name":"stdout","time":12.448810558,"data":"  \"gap2_max_links_abs\": 180,\n"}
,{"stream_name":"stdout","time":12.448813902,"data":"  \"gap2_max_links_frac\": 0.0045,\n"}
,{"stream_name":"stdout","time":12.448817157,"data":"  \"gap2_max_step_um\": 4.4,\n"}
,{"stream_name":"stdout","time":12.448820538,"data":"  \"gap2_max_total_um\": 10.2,\n"}
,{"stream_name":"stdout","time":12.448823879,"data":"  \"gap2_require_context\": true,\n"}
,{"stream_name":"stdout","time":12.448827278,"data":"  \"gap_close_effective_max_gap\": 1,\n"}
,{"stream_name":"stdout","time":12.448830948,"data":"  \"gap_close_max_added_abs\": 2000,\n"}
,{"stream_name":"stdout","time":12.448834868,"data":"  \"gap_close_max_added_frac\": 0.05,\n"}
,{"stream_name":"stdout","time":12.448838296,"data":"  \"gap_close_max_gap\": 2,\n"}
,{"stream_name":"stdout","time":12.448841639,"data":"  \"gap_close_reuse_existing\": true,\n"}
,{"stream_name":"stdout","time":12.448844949,"data":"  \"gap_close_reuse_um\": 3.2,\n"}
,{"stream_name":"stdout","time":12.44884844,"data":"  \"gap_close_um\": 5.0,\n"}
,{"stream_name":"stdout","time":12.44885171,"data":"  \"gap_density_adaptive\": true,\n"}
,{"stream_name":"stdout","time":12.448855023,"data":"  \"gap_density_gain\": 0.04,\n"}
,{"stream_name":"stdout","time":12.448858348,"data":"  \"gap_density_max_step_delta_um\": 0.125,\n"}
,{"stream_name":"stdout","time":12.448863329,"data":"  \"gap_density_neighbors\": 3,\n"}
,{"stream_name":"stdout","time":12.448870626,"data":"  \"gap_density_reference_um\": 6.5,\n"}
,{"stream_name":"stdout","time":12.448873048,"data":"  \"gap_refine_max_shift_um\": 3.2,\n"}
,{"stream_name":"stdout","time":12.448875278,"data":"  \"gap_refine_synthetic\": true,\n"}
,{"stream_name":"stdout","time":12.44887759,"data":"  \"gap_refine_win_yx\": 3,\n"}
,{"stream_name":"stdout","time":12.448879873,"data":"  \"gap_refine_win_z\": 1,\n"}
,{"stream_name":"stdout","time":12.448882117,"data":"  \"ilp_appearance_weight\": 0.0,\n"}
,{"stream_name":"stdout","time":12.448884366,"data":"  \"ilp_disappearance_weight\": 2.0,\n"}
,{"stream_name":"stdout","time":12.448886588,"data":"  \"ilp_division_weight\": 1.2,\n"}
,{"stream_name":"stdout","time":12.448888869,"data":"  \"ilp_edge_weight\": -1.0,\n"}
,{"stream_name":"stdout","time":12.448891106,"data":"  \"method\": \"unet_transformer\",\n"}
,{"stream_name":"stdout","time":12.448893442,"data":"  \"motion_relink_learned_bonus\": 1.0,\n"}
,{"stream_name":"stdout","time":12.448895876,"data":"  \"motion_relink_max_frame_nodes\": 2600,\n"}
,{"stream_name":"stdout","time":12.448898102,"data":"  \"motion_relink_relaxed_um\": 10.0,\n"}
,{"stream_name":"stdout","time":12.448915292,"data":"  \"motion_relink_tight_um\": 6.0,\n"}
,{"stream_name":"stdout","time":12.448919508,"data":"  \"motion_relink_velocity_weight\": 0.5,\n"}
,{"stream_name":"stdout","time":12.448923626,"data":"  \"output_division_geometry_filter\": false,\n"}
,{"stream_name":"stdout","time":12.448927599,"data":"  \"output_edge_max_um\": 14.0,\n"}
,{"stream_name":"stdout","time":12.448933726,"data":"  \"output_enforce_next_frame\": true,\n"}
,{"stream_name":"stdout","time":12.448937198,"data":"  \"output_filter_short_tracks\": true,\n"}
,{"stream_name":"stdout","time":12.448940686,"data":"  \"output_gap2_recovery\": true,\n"}
,{"stream_name":"stdout","time":12.448944084,"data":"  \"output_gap_close\": true,\n"}
,{"stream_name":"stdout","time":12.448951771,"data":"  \"output_keep_division_components\": true,\n"}
,{"stream_name":"stdout","time":12.448955637,"data":"  \"output_linefit_smooth\": true,\n"}
,{"stream_name":"stdout","time":12.448966573,"data":"  \"output_linefit_weight\": 0.8,\n"}
,{"stream_name":"stdout","time":12.448970207,"data":"  \"output_linefit_window\": 2,\n"}
,{"stream_name":"stdout","time":12.448973561,"data":"  \"output_min_track_len\": 6,\n"}
,{"stream_name":"stdout","time":12.44897686,"data":"  \"output_motion_relink\": true,\n"}
,{"stream_name":"stdout","time":12.448980754,"data":"  \"output_prune_isolated\": true,\n"}
,{"stream_name":"stdout","time":12.448985282,"data":"  \"output_safe_divisions\": true,\n"}
,{"stream_name":"stdout","time":12.448989329,"data":"  \"output_single_child_repair\": false,\n"}
,{"stream_name":"stdout","time":12.448993146,"data":"  \"output_single_parent_repair\": true,\n"}
,{"stream_name":"stdout","time":12.448996542,"data":"  \"primary_artifact_manifest\": \"/kaggle/input/datasets/pilkwang/biohub-tracking-support-pack-50ep-v1/ARTIFACT_MANIFEST.json\",\n"}
,{"stream_name":"stdout","time":12.449000201,"data":"  \"safe_div_existing_child_max_um\": 10.0,\n"}
,{"stream_name":"stdout","time":12.44900356,"data":"  \"safe_div_frame_frac_cap\": 0.0076,\n"}
,{"stream_name":"stdout","time":12.449006996,"data":"  \"safe_div_global_frac_cap\": 0.00375,\n"}
,{"stream_name":"stdout","time":12.449010459,"data":"  \"safe_div_max_um\": 9.0,\n"}
,{"stream_name":"stdout","time":12.449013715,"data":"  \"safe_div_sister_max_um\": 14.0,\n"}
,{"stream_name":"stdout","time":12.449017029,"data":"  \"short_track_rescue_max_mean_edge_dist_um\": 3.0,\n"}
,{"stream_name":"stdout","time":12.449020427,"data":"  \"short_track_rescue_max_nodes_abs\": 120,\n"}
,{"stream_name":"stdout","time":12.449023777,"data":"  \"short_track_rescue_max_nodes_frac\": 0.012,\n"}
,{"stream_name":"stdout","time":12.449027368,"data":"  \"short_track_rescue_min_len\": 4,\n"}
,{"stream_name":"stdout","time":12.44903074,"data":"  \"short_track_rescue_min_mean_edge_prob\": 0.88,\n"}
,{"stream_name":"stdout","time":12.449036041,"data":"  \"short_track_rescue_trigger_removed_frac\": 0.1,\n"}
,{"stream_name":"stdout","time":12.449055524,"data":"  \"slice\": \"\",\n"}
,{"stream_name":"stdout","time":12.449059619,"data":"  \"target_artifact_slug\": \"biohub-tracking-support-pack-50ep-v1\",\n"}
,{"stream_name":"stdout","time":12.449063622,"data":"  \"unet_batch_size\": 4,\n"}
,{"stream_name":"stdout","time":12.449066707,"data":"  \"use_deepcenter_add_only_gate\": true,\n"}
,{"stream_name":"stdout","time":12.449070041,"data":"  \"use_ilp\": true,\n"}
,{"stream_name":"stdout","time":12.449073181,"data":"  \"weights\": \"weights/unet_transformer/split_0/edge_predictor_best.pth\"\n"}
,{"stream_name":"stdout","time":12.449076564,"data":"}\n"}
,{"stream_name":"stdout","time":12.648202855,"data":"ARTIFACTS: /kaggle/input/datasets/pilkwang/biohub-tracking-support-pack-50ep-v1\n"}
,{"stream_name":"stdout","time":12.648227504,"data":"Has offline wheels: True\n"}
,{"stream_name":"stdout","time":12.648232228,"data":"Artifact name: biohub-tracking-support-pack-400ep-snapshot-v1\n"}
,{"stream_name":"stdout","time":12.648240936,"data":"Weight sha256: 12f6881ee3620a831697ca098ff8f48e687a24225f4e048b538deec3562fe771\n"}
,{"stream_name":"stdout","time":12.64824422,"data":"Weight path: weights/unet_transformer/split_0/edge_predictor_best.pth\n"}
,{"stream_name":"stdout","time":13.375537192,"data":"Installing missing packages from offline package dirs: ['polars']\n"}
,{"stream_name":"stdout","time":13.375581181,"data":"Dependency resolver is disabled with --no-deps to avoid replacing Kaggle numpy/scipy in a live kernel.\n"}
,{"stream_name":"stdout","time":13.37558526,"data":"Offline package dirs: ['/kaggle/input/datasets/pilkwang/biohub-tracking-support-pack-50ep-v1/wheels']\n"}
,{"stream_name":"stdout","time":18.673487856,"data":"Offline dependency install succeeded.\n"}
,{"stream_name":"stdout","time":18.673522082,"data":"Installing missing packages from offline package dirs: ['tracksdata', 'zarr', 'pyscipopt', 'geff', 'geff_spec', 'ilpy', 'imagecodecs', 'rustworkx', 'numcodecs', 'donfig', 'bidict']\n"}
,{"stream_name":"stdout","time":18.673529824,"data":"Dependency resolver is disabled with --no-deps to avoid replacing Kaggle numpy/scipy in a live kernel.\n"}
,{"stream_name":"stdout","time":18.673535443,"data":"Offline package dirs: ['/kaggle/input/datasets/pilkwang/biohub-tracking-support-pack-50ep-v1/wheels']\n"}
,{"stream_name":"stdout","time":39.51961452,"data":"Offline dependency install succeeded.\n"}
,{"stream_name":"stderr","time":45.698923993,"data":"/usr/local/lib/python3.12/dist-packages/dask/array/image.py:7: FutureWarning: `find_available_plugins` is deprecated since version 0.25 and will be removed in version 0.27. The plugin infrastructure of `skimage.io` is deprecated. Instead, use `imageio` or other I/O packages directly.\n"}
,{"stream_name":"stderr","time":45.698967209,"data":"  from skimage.io import imread as sk_imread\n"}
,{"stream_name":"stderr","time":45.698974613,"data":"/usr/lib/python3.12/importlib/__init__.py:90: FutureWarning: `reset_plugins` is deprecated since version 0.25 and will be removed in version 0.27. The plugin infrastructure of `skimage.io` is deprecated. Instead, use `imageio` or other I/O packages directly.\n"}
,{"stream_name":"stderr","time":45.698980955,"data":"  return _bootstrap._gcd_import(name[level:], package, level)\n"}
,{"stream_name":"stderr","time":45.698987949,"data":"\n"}
,{"stream_name":"stderr","time":45.698996847,"data":"/usr/local/lib/python3.12/dist-packages/dask/array/image.py:7: FutureWarning: `find_available_plugins` is deprecated since version 0.25 and will be removed in version 0.27. The plugin infrastructure of `skimage.io` is deprecated. Instead, use `imageio` or other I/O packages directly.\n"}
,{"stream_name":"stderr","time":45.69900129,"data":"  from skimage.io import imread as sk_imread\n"}
,{"stream_name":"stderr","time":45.69900473,"data":"/usr/lib/python3.12/importlib/__init__.py:90: FutureWarning: `reset_plugins` is deprecated since version 0.25 and will be removed in version 0.27. The plugin infrastructure of `skimage.io` is deprecated. Instead, use `imageio` or other I/O packages directly.\n"}
,{"stream_name":"stderr","time":45.699008635,"data":"  return _bootstrap._gcd_import(name[level:], package, level)\n"}
,{"stream_name":"stdout","time":45.890948643,"data":"Required graph/Zarr/ILP packages import successfully.\n"}
,{"stream_name":"stdout","time":45.890975904,"data":"Inference repo: /kaggle/working/tracking_repo\n"}
,{"stream_name":"stdout","time":45.890980245,"data":"Weights: /kaggle/working/tracking_repo/weights/unet_transformer/split_0/edge_predictor_best.pth\n"}
,{"stream_name":"stdout","time":46.318804773,"data":"Support repo Python manifest SHA256: 978b626d1fd1e7397435a437dfe68691defe1572fc3c20e61012d7c9b52ed029\n"}
,{"stream_name":"stdout","time":46.318847519,"data":"Primary materialized SHA256: 12f6881ee3620a831697ca098ff8f48e687a24225f4e048b538deec3562fe771\n"}
,{"stream_name":"stdout","time":46.318852559,"data":"DeepCenter materialized SHA256: 8040999a92f6b7bbd98fa8cf458141e045c0f9ad7c936bdb3b18e1f7edafe2a0\n"}
,{"stream_name":"stdout","time":274.52311127,"data":"Secondary artifact: /kaggle/input/datasets/pilkwang/biohub-temporal-unet3d-seed314159-v1\n"}
,{"stream_name":"stdout","time":274.523168548,"data":"Secondary weight: /kaggle/working/secondary_seed_weights/unet_transformer/split_0/edge_predictor_best.pth\n"}
,{"stream_name":"stdout","time":274.523174531,"data":"Secondary SHA256: 9bac2fa0dadc4a6fc1899e0caf187f4b553e0a7cd90ba1261a68b35ffe9e305f\n"}
,{"stream_name":"stdout","time":274.523178708,"data":"Secondary edge-logit weight: 0.15\n"}
,{"stream_name":"stdout","time":274.523182659,"data":"Runtime integrity receipt: /kaggle/working/bidirectional_production_runtime_integrity.json\n"}
,{"stream_name":"stdout","time":274.887643426,"data":"CUDA device: Tesla T4\n"}
,{"stream_name":"stdout","time":274.887670302,"data":"TTA patch applied (400ep spatial D4-style)\n"}
,{"stream_name":"stdout","time":274.88767512,"data":"Calibrated dual-seed runtime patch applied\n"}
,{"stream_name":"stdout","time":274.8876788,"data":"Frozen frame retention guard applied at 0.90\n"}
,{"stream_name":"stdout","time":274.887682382,"data":"Bidirectional harmonic-probability association fusion applied | weight= 0.15\n"}
,{"stream_name":"stdout","time":274.887686043,"data":"Pre-ILP detector-coordinate manifest hook applied\n"}
,{"stream_name":"stdout","time":274.887689358,"data":"EDGE_TTA patch installed and enabled in /kaggle/working/tracking_repo/scripts/predict_unet_transformer.py\n"}
,{"stream_name":"stdout","time":274.887693155,"data":"secondary edge-feature TTA patch installed and enabled\n"}
,{"stream_name":"stdout","time":274.892199447,"data":"Found 4 test videos\n"}
,{"stream_name":"stdout","time":274.892218202,"data":"['44b6_0113de3b', '44b6_0b24845f', '6bba_05b6850b', '6bba_05db0fb1']\n"}
,{"stream_name":"stdout","time":274.892222435,"data":"Launching 2 independent video shards on CUDA devices ['0', '1']\n"}
,{"stream_name":"stdout","time":274.892226498,"data":"GPU shard 0: CUDA_VISIBLE_DEVICES=0 | /usr/bin/python3 scripts/predict_unet_transformer.py --data-dir /kaggle/input/competitions/biohub-cell-tracking-during-development/test --splits kaggle_test_splits_50ep.json --split 0 --weights weights/unet_transformer/split_0/edge_predictor_best.pth --unet-batch-size 4 --det-threshold 0.965 --ilp-edge-weight -1.0 --ilp-appearance-weight 0.0 --ilp-disappearance-weight 2.0 --ilp-division-weight 1.2 --use-ilp --method unet_transformer_gpu0 --slice 0::2\n"}
,{"stream_name":"stdout","time":274.894250131,"data":"GPU shard 1: CUDA_VISIBLE_DEVICES=1 | /usr/bin/python3 scripts/predict_unet_transformer.py --data-dir /kaggle/input/competitions/biohub-cell-tracking-during-development/test --splits kaggle_test_splits_50ep.json --split 0 --weights weights/unet_transformer/split_0/edge_predictor_best.pth --unet-batch-size 4 --det-threshold 0.965 --ilp-edge-weight -1.0 --ilp-appearance-weight 0.0 --ilp-disappearance-weight 2.0 --ilp-division-weight 1.2 --use-ilp --method unet_transformer_gpu1 --slice 1::2\n"}
,{"stream_name":"stderr","time":279.670388711,"data":"/usr/local/lib/python3.12/dist-packages/dask/array/image.py:7: FutureWarning: `find_available_plugins` is deprecated since version 0.25 and will be removed in version 0.27. The plugin infrastructure of `skimage.io` is deprecated. Instead, use `imageio` or other I/O packages directly.\n"}
,{"stream_name":"stderr","time":279.670419768,"data":"  from skimage.io import imread as sk_imread\n"}
,{"stream_name":"stderr","time":279.675399894,"data":"/usr/lib/python3.12/importlib/__init__.py:90: FutureWarning: `reset_plugins` is deprecated since version 0.25 and will be removed in version 0.27. The plugin infrastructure of `skimage.io` is deprecated. Instead, use `imageio` or other I/O packages directly.\n"}
,{"stream_name":"stderr","time":279.675423422,"data":"  return _bootstrap._gcd_import(name[level:], package, level)\n"}
,{"stream_name":"stderr","time":279.714982001,"data":"/usr/local/lib/python3.12/dist-packages/dask/array/image.py:7: FutureWarning: `find_available_plugins` is deprecated since version 0.25 and will be removed in version 0.27. The plugin infrastructure of `skimage.io` is deprecated. Instead, use `imageio` or other I/O packages directly.\n"}
,{"stream_name":"stderr","time":279.715012494,"data":"  from skimage.io import imread as sk_imread\n"}
,{"stream_name":"stderr","time":279.720604762,"data":"/usr/lib/python3.12/importlib/__init__.py:90: FutureWarning: `reset_plugins` is deprecated since version 0.25 and will be removed in version 0.27. The plugin infrastructure of `skimage.io` is deprecated. Instead, use `imageio` or other I/O packages directly.\n"}
,{"stream_name":"stderr","time":279.720626133,"data":"  return _bootstrap._gcd_import(name[level:], package, level)\n"}
,{"stream_name":"stderr","time":279.87339426,"data":"/usr/local/lib/python3.12/dist-packages/dask/array/image.py:7: FutureWarning: `find_available_plugins` is deprecated since version 0.25 and will be removed in version 0.27. The plugin infrastructure of `skimage.io` is deprecated. Instead, use `imageio` or other I/O packages directly.\n"}
,{"stream_name":"stderr","time":279.873418782,"data":"  from skimage.io import imread as sk_imread\n"}
,{"stream_name":"stderr","time":279.873423697,"data":"/usr/lib/python3.12/importlib/__init__.py:90: FutureWarning: `reset_plugins` is deprecated since version 0.25 and will be removed in version 0.27. The plugin infrastructure of `skimage.io` is deprecated. Instead, use `imageio` or other I/O packages directly.\n"}
,{"stream_name":"stderr","time":279.873428549,"data":"  return _bootstrap._gcd_import(name[level:], package, level)\n"}
,{"stream_name":"stderr","time":279.873432513,"data":"/usr/local/lib/python3.12/dist-packages/dask/array/image.py:7: FutureWarning: `find_available_plugins` is deprecated since version 0.25 and will be removed in version 0.27. The plugin infrastructure of `skimage.io` is deprecated. Instead, use `imageio` or other I/O packages directly.\n"}
,{"stream_name":"stderr","time":279.873437265,"data":"  from skimage.io import imread as sk_imread\n"}
,{"stream_name":"stderr","time":279.873441173,"data":"/usr/lib/python3.12/importlib/__init__.py:90: FutureWarning: `reset_plugins` is deprecated since version 0.25 and will be removed in version 0.27. The plugin infrastructure of `skimage.io` is deprecated. Instead, use `imageio` or other I/O packages directly.\n"}
,{"stream_name":"stderr","time":279.873445778,"data":"  return _bootstrap._gcd_import(name[level:], package, level)\n"}
,{"stream_name":"stderr","time":279.873449912,"data":"\n"}
,{"stream_name":"stderr","time":279.873453571,"data":"/usr/local/lib/python3.12/dist-packages/dask/array/image.py:7: FutureWarning: `find_available_plugins` is deprecated since version 0.25 and will be removed in version 0.27. The plugin infrastructure of `skimage.io` is deprecated. Instead, use `imageio` or other I/O packages directly.\n"}
,{"stream_name":"stderr","time":279.873458276,"data":"  from skimage.io import imread as sk_imread\n"}
,{"stream_name":"stderr","time":279.873462312,"data":"/usr/lib/python3.12/importlib/__init__.py:90: FutureWarning: `reset_plugins` is deprecated since version 0.25 and will be removed in version 0.27. The plugin infrastructure of `skimage.io` is deprecated. Instead, use `imageio` or other I/O packages directly.\n"}
,{"stream_name":"stderr","time":279.873467086,"data":"  return _bootstrap._gcd_import(name[level:], package, level)\n"}
,{"stream_name":"stderr","time":279.873471857,"data":"/usr/local/lib/python3.12/dist-packages/dask/array/image.py:7: FutureWarning: `find_available_plugins` is deprecated since version 0.25 and will be removed in version 0.27. The plugin infrastructure of `skimage.io` is deprecated. Instead, use `imageio` or other I/O packages directly.\n"}
,{"stream_name":"stderr","time":279.873487842,"data":"  from skimage.io import imread as sk_imread\n"}
,{"stream_name":"stderr","time":279.873492154,"data":"/usr/lib/python3.12/importlib/__init__.py:90: FutureWarning: `reset_plugins` is deprecated since version 0.25 and will be removed in version 0.27. The plugin infrastructure of `skimage.io` is deprecated. Instead, use `imageio` or other I/O packages directly.\n"}
,{"stream_name":"stderr","time":279.873496799,"data":"  return _bootstrap._gcd_import(name[level:], package, level)\n"}
,{"stream_name":"stdout","time":280.363581633,"data":"Secondary model: /kaggle/working/secondary_seed_weights/unet_transformer/split_0/edge_predictor_best.pth | edge weight=0.150 | detection weight=0.800 | link mode=low_margin_consensus | temperature=1.000 | low-margin max=0.350 | edge threshold=0.480\n"}
,{"stream_name":"stdout","time":280.363637427,"data":"Fold 0: 2 datasets | weights=weights/unet_transformer/split_0/edge_predictor_best.pth | device=cuda | window_size=2 | pool_kernel_um=3.0\n"}
,{"stream_name":"stdout","time":280.364925252,"data":"Secondary model: /kaggle/working/secondary_seed_weights/unet_transformer/split_0/edge_predictor_best.pth | edge weight=0.150 | detection weight=0.800 | link mode=low_margin_consensus | temperature=1.000 | low-margin max=0.350 | edge threshold=0.480\n"}
,{"stream_name":"stdout","time":280.364952092,"data":"Fold 0: 2 datasets | weights=weights/unet_transformer/split_0/edge_predictor_best.pth | device=cuda | window_size=2 | pool_kernel_um=3.0\n"}
,{"stream_name":"stdout","time":280.566918149,"data":"Secondary model: /kaggle/working/secondary_seed_weights/unet_transformer/split_0/edge_predictor_best.pth | edge weight=0.150 | detection weight=0.800 | link mode=low_margin_consensus | temperature=1.000 | low-margin max=0.350 | edge threshold=0.480\n"}
,{"stream_name":"stdout","time":280.566952425,"data":"Fold 0: 2 datasets | weights=weights/unet_transformer/split_0/edge_predictor_best.pth | device=cuda | window_size=2 | pool_kernel_um=3.0\n"}
,{"stream_name":"stdout","time":280.566965253,"data":"Secondary model: /kaggle/working/secondary_seed_weights/unet_transformer/split_0/edge_predictor_best.pth | edge weight=0.150 | detection weight=0.800 | link mode=low_margin_consensus | temperature=1.000 | low-margin max=0.350 | edge threshold=0.480\n"}
,{"stream_name":"stdout","time":280.566970397,"data":"Fold 0: 2 datasets | weights=weights/unet_transformer/split_0/edge_predictor_best.pth | device=cuda | window_size=2 | pool_kernel_um=3.0\n"}
,{"stream_name":"stdout","time":282.193088731,"data":"EDGE_TTA_ACTIVE views= 8 mean_abs_feat_delta= 0.360585\n"}
,{"stream_name":"stdout","time":282.195268001,"data":"EDGE_TTA_ACTIVE views= 8 mean_abs_feat_delta= 0.323238\n"}
,{"stream_name":"stdout","time":282.395360013,"data":"EDGE_TTA_ACTIVE views= 8 mean_abs_feat_delta= 0.360585\n"}
,{"stream_name":"stdout","time":282.395385062,"data":"EDGE_TTA_ACTIVE views= 8 mean_abs_feat_delta= 0.323238\n"}
,{"stream_name":"stdout","time":283.044824449,"data":"SECONDARY_EDGE_TTA_ACTIVE views= 8 weight= 0.75 mean_abs_feat_delta= 0.28166\n"}
,{"stream_name":"stdout","time":283.057632901,"data":"SECONDARY_EDGE_TTA_ACTIVE views= 8 weight= 0.75 mean_abs_feat_delta= 0.230737\n"}
,{"stream_name":"stdout","time":283.157150586,"data":"BIOHUB_RETENTION_GUARD {\"blended_candidates\": 387, \"dataset\": \"44b6_0b24845f\", \"frame\": 0, \"minimum_retention\": 0.9, \"primary_candidates\": 465, \"retention\": 0.832258064516129, \"use_primary\": true}\n"}
,{"stream_name":"stdout","time":283.158662981,"data":"BIOHUB_RETENTION_GUARD {\"blended_candidates\": 391, \"dataset\": \"44b6_0b24845f\", \"frame\": 1, \"minimum_retention\": 0.9, \"primary_candidates\": 444, \"retention\": 0.8806306306306306, \"use_primary\": true}\n"}
,{"stream_name":"stdout","time":283.248067553,"data":"SECONDARY_EDGE_TTA_ACTIVE views= 8 weight= 0.75 mean_abs_feat_delta= 0.28166\n"}
,{"stream_name":"stdout","time":283.248130568,"data":"SECONDARY_EDGE_TTA_ACTIVE views= 8 weight= 0.75 mean_abs_feat_delta= 0.230737\n"}
,{"stream_name":"stdout","time":283.248136765,"data":"BIOHUB_RETENTION_GUARD {\"blended_candidates\": 387, \"dataset\": \"44b6_0b24845f\", \"frame\": 0, \"minimum_retention\": 0.9, \"primary_candidates\": 465, \"retention\": 0.832258064516129, \"use_primary\": true}\n"}
,{"stream_name":"stdout","time":283.248142877,"data":"BIOHUB_RETENTION_GUARD {\"blended_candidates\": 391, \"dataset\": \"44b6_0b24845f\", \"frame\": 1, \"minimum_retention\": 0.9, \"primary_candidates\": 444, \"retention\": 0.8806306306306306, \"use_primary\": true}\n"}
,{"stream_name":"stdout","time":286.969150509,"data":"EDGE_TTA_ACTIVE views= 8 mean_abs_feat_delta= 0.328294\n"}
,{"stream_name":"stdout","time":286.978505473,"data":"EDGE_TTA_ACTIVE views= 8 mean_abs_feat_delta= 0.361891\n"}
,{"stream_name":"stdout","time":287.171806657,"data":"EDGE_TTA_ACTIVE views= 8 mean_abs_feat_delta= 0.328294\n"}
,{"stream_name":"stdout","time":287.17184024,"data":"EDGE_TTA_ACTIVE views= 8 mean_abs_feat_delta= 0.361891\n"}
,{"stream_name":"stdout","time":287.829838629,"data":"SECONDARY_EDGE_TTA_ACTIVE views= 8 weight= 0.75 mean_abs_feat_delta= 0.23209\n"}
,{"stream_name":"stdout","time":287.831087763,"data":"SECONDARY_EDGE_TTA_ACTIVE views= 8 weight= 0.75 mean_abs_feat_delta= 0.288809\n"}
,{"stream_name":"stdout","time":287.835258723,"data":"BIOHUB_RETENTION_GUARD {\"blended_candidates\": 333, \"dataset\": \"44b6_0b24845f\", \"frame\": 2, \"minimum_retention\": 0.9, \"primary_candidates\": 390, \"retention\": 0.8538461538461538, \"use_primary\": true}\n"}
,{"stream_name":"stdout","time":288.032220973,"data":"SECONDARY_EDGE_TTA_ACTIVE views= 8 weight= 0.75 mean_abs_feat_delta= 0.23209\n"}
,{"stream_name":"stdout","time":288.032253372,"data":"SECONDARY_EDGE_TTA_ACTIVE views= 8 weight= 0.75 mean_abs_feat_delta= 0.288809\n"}
,{"stream_name":"stdout","time":288.032257929,"data":"BIOHUB_RETENTION_GUARD {\"blended_candidates\": 333, \"dataset\": \"44b6_0b24845f\", \"frame\": 2, \"minimum_retention\": 0.9, \"primary_candidates\": 390, \"retention\": 0.8538461538461538, \"use_primary\": true}\n"}
,{"stream_name":"stdout","time":288.788068323,"data":"EDGE_TTA_ACTIVE views= 8 mean_abs_feat_delta= 0.326314\n"}
,{"stream_name":"stdout","time":288.834264777,"data":"EDGE_TTA_ACTIVE views= 8 mean_abs_feat_delta= 0.354206\n"}
,{"stream_name":"stdout","time":288.990314195,"data":"EDGE_TTA_ACTIVE views= 8 mean_abs_feat_delta= 0.326314\n"}
,{"stream_name":"stdout","time":288.990340247,"data":"EDGE_TTA_ACTIVE views= 8 mean_abs_feat_delta= 0.354206\n"}
,{"stream_name":"stdout","time":289.645588141,"data":"SECONDARY_EDGE_TTA_ACTIVE views= 8 weight= 0.75 mean_abs_feat_delta= 0.232786\n"}
,{"stream_name":"stdout","time":289.686704529,"data":"SECONDARY_EDGE_TTA_ACTIVE views= 8 weight= 0.75 mean_abs_feat_delta= 0.287127\n"}
,{"stream_name":"stdout","time":289.690913901,"data":"BIOHUB_RETENTION_GUARD {\"blended_candidates\": 362, \"dataset\": \"44b6_0b24845f\", \"frame\": 3, \"minimum_retention\": 0.9, \"primary_candidates\": 421, \"retention\": 0.8598574821852731, \"use_primary\": true}\n"}
,{"stream_name":"stdout","time":289.84763248,"data":"SECONDARY_EDGE_TTA_ACTIVE views= 8 weight= 0.75 mean_abs_feat_delta= 0.232786\n"}
,{"stream_name":"stdout","time":289.847669697,"data":"SECONDARY_EDGE_TTA_ACTIVE views= 8 weight= 0.75 mean_abs_feat_delta= 0.287127\n"}
,{"stream_name":"stdout","time":289.847680112,"data":"BIOHUB_RETENTION_GUARD {\"blended_candidates\": 362, \"dataset\": \"44b6_0b24845f\", \"frame\": 3, \"minimum_retention\": 0.9, \"primary_candidates\": 421, \"retention\": 0.8598574821852731, \"use_primary\": true}\n"}
,{"stream_name":"stdout","time":290.611587548,"data":"EDGE_TTA_ACTIVE views= 8 mean_abs_feat_delta= 0.32686\n"}
,{"stream_name":"stdout","time":290.694377798,"data":"EDGE_TTA_ACTIVE views= 8 mean_abs_feat_delta= 0.358867\n"}
,{"stream_name":"stdout","time":290.814310664,"data":"EDGE_TTA_ACTIVE views= 8 mean_abs_feat_delta= 0.32686\n"}
,{"stream_name":"stdout","time":290.814333983,"data":"EDGE_TTA_ACTIVE views= 8 mean_abs_feat_delta= 0.358867\n"}
,{"stream_name":"stdout","time":291.472914044,"data":"SECONDARY_EDGE_TTA_ACTIVE views= 8 weight= 0.75 mean_abs_feat_delta= 0.232764\n"}
,{"stream_name":"stdout","time":291.546686755,"data":"SECONDARY_EDGE_TTA_ACTIVE views= 8 weight= 0.75 mean_abs_feat_delta= 0.283303\n"}
,{"stream_name":"stdout","time":291.551305158,"data":"BIOHUB_RETENTION_GUARD {\"blended_candidates\": 341, \"dataset\": \"44b6_0b24845f\", \"frame\": 4, \"minimum_retention\": 0.9, \"primary_candidates\": 404, \"retention\": 0.844059405940594, \"use_primary\": true}\n"}
,{"stream_name":"stdout","time":291.675204203,"data":"SECONDARY_EDGE_TTA_ACTIVE views= 8 weight= 0.75 mean_abs_feat_delta= 0.232764\n"}
,{"stream_name":"stdout","time":291.675233982,"data":"SECONDARY_EDGE_TTA_ACTIVE views= 8 weight= 0.75 mean_abs_feat_delta= 0.283303\n"}
,{"stream_name":"stdout","time":291.675238521,"data":"BIOHUB_RETENTION_GUARD {\"blended_candidates\": 341, \"dataset\": \"44b6_0b24845f\", \"frame\": 4, \"minimum_retention\": 0.9, \"primary_candidates\": 404, \"retention\": 0.844059405940594, \"use_primary\": true}\n"}
,{"stream_name":"stdout","time":292.435595325,"data":"EDGE_TTA_ACTIVE views= 8 mean_abs_feat_delta= 0.327781\n"}
,{"stream_name":"stdout","time":292.569605328,"data":"EDGE_TTA_ACTIVE views= 8 mean_abs_feat_delta= 0.362463\n"}
,{"stream_name":"stdout","time":292.638237345,"data":"EDGE_TTA_ACTIVE views= 8 mean_abs_feat_delta= 0.327781\n"}
,{"stream_name":"stdout","time":292.63829287,"data":"EDGE_TTA_ACTIVE views= 8 mean_abs_feat_delta= 0.362463\n"}
,{"stream_name":"stdout","time":293.309488665,"data":"SECONDARY_EDGE_TTA_ACTIVE views= 8 weight= 0.75 mean_abs_feat_delta= 0.236445\n"}
,{"stream_name":"stdout","time":293.431966059,"data":"SECONDARY_EDGE_TTA_ACTIVE views= 8 weight= 0.75 mean_abs_feat_delta= 0.289665\n"}
,{"stream_name":"stdout","time":293.436028732,"data":"BIOHUB_RETENTION_GUARD {\"blended_candidates\": 326, \"dataset\": \"44b6_0b24845f\", \"frame\": 5, \"minimum_retention\": 0.9, \"primary_candidates\": 383, \"retention\": 0.8511749347258486, \"use_primary\": true}\n"}
,{"stream_name":"stdout","time":293.512114369,"data":"SECONDARY_EDGE_TTA_ACTIVE views= 8 weight= 0.75 mean_abs_feat_delta= 0.236445\n"}
,{"stream_name":"stdout","time":293.512144841,"data":"SECONDARY_EDGE_TTA_ACTIVE views= 8 weight= 0.75 mean_abs_feat_delta= 0.289665\n"}
,{"stream_name":"stdout","time":293.512149726,"data":"BIOHUB_RETENTION_GUARD {\"blended_candidates\": 326, \"dataset\": \"44b6_0b24845f\", \"frame\": 5, \"minimum_retention\": 0.9, \"primary_candidates\": 383, \"retention\": 0.8511749347258486, \"use_primary\": true}\n"}
,{"stream_name":"stdout","time":294.26375649,"data":"EDGE_TTA_ACTIVE views= 8 mean_abs_feat_delta= 0.332086\n"}
,{"stream_name":"stdout","time":294.428258031,"data":"EDGE_TTA_ACTIVE views= 8 mean_abs_feat_delta= 0.363112\n"}
,{"stream_name":"stdout","time":294.466091747,"data":"EDGE_TTA_ACTIVE views= 8 mean_abs_feat_delta= 0.332086\n"}
,{"stream_name":"stdout","time":294.466128086,"data":"EDGE_TTA_ACTIVE views= 8 mean_abs_feat_delta= 0.363112\n"}
,{"stream_name":"stdout","time":295.126729537,"data":"SECONDARY_EDGE_TTA_ACTIVE views= 8 weight= 0.75 mean_abs_feat_delta= 0.236059\n"}
,{"stream_name":"stdout","time":295.283207462,"data":"SECONDARY_EDGE_TTA_ACTIVE views= 8 weight= 0.75 mean_abs_feat_delta= 0.296162\n"}
,{"stream_name":"stdout","time":295.287398408,"data":"BIOHUB_RETENTION_GUARD {\"blended_candidates\": 333, \"dataset\": \"44b6_0b24845f\", \"frame\": 6, \"minimum_retention\": 0.9, \"primary_candidates\": 403, \"retention\": 0.826302729528536, \"use_primary\": true}\n"}
,{"stream_name":"stdout","time":295.329407032,"data":"SECONDARY_EDGE_TTA_ACTIVE views= 8 weight= 0.75 mean_abs_feat_delta= 0.236059\n"}
,{"stream_name":"stdout","time":295.329431345,"data":"SECONDARY_EDGE_TTA_ACTIVE views= 8 weight= 0.75 mean_abs_feat_delta= 0.296162\n"}
,{"stream_name":"stdout","time":295.32943668,"data":"BIOHUB_RETENTION_GUARD {\"blended_candidates\": 333, \"dataset\": \"44b6_0b24845f\", \"frame\": 6, \"minimum_retention\": 0.9, \"primary_candidates\": 403, \"retention\": 0.826302729528536, \"use_primary\": true}\n"}
,{"stream_name":"stdout","time":296.129223762,"data":"EDGE_TTA_ACTIVE views= 8 mean_abs_feat_delta= 0.337311\n"}
,{"stream_name":"stdout","time":296.332003896,"data":"EDGE_TTA_ACTIVE views= 8 mean_abs_feat_delta= 0.337311\n"}
,{"stream_name":"stdout","time":296.333034876,"data":"EDGE_TTA_ACTIVE views= 8 mean_abs_feat_delta= 0.363947\n"}
,{"stream_name":"stdout","time":296.53538711,"data":"EDGE_TTA_ACTIVE views= 8 mean_abs_feat_delta= 0.363947\n"}
,{"stream_name":"stdout","time":296.995045435,"data":"SECONDARY_EDGE_TTA_ACTIVE views= 8 weight= 0.75 mean_abs_feat_delta= 0.242392\n"}
,{"stream_name":"stdout","time":297.183141637,"data":"SECONDARY_EDGE_TTA_ACTIVE views= 8 weight= 0.75 mean_abs_feat_delta= 0.297976\n"}
,{"stream_name":"stdout","time":297.187134762,"data":"BIOHUB_RETENTION_GUARD {\"blended_candidates\": 309, \"dataset\": \"44b6_0b24845f\", \"frame\": 7, \"minimum_retention\": 0.9, \"primary_candidates\": 390, \"retention\": 0.7923076923076923, \"use_primary\": true}\n"}
,{"stream_name":"stdout","time":297.19749913,"data":"SECONDARY_EDGE_TTA_ACTIVE views= 8 weight= 0.75 mean_abs_feat_delta= 0.242392\n"}
,{"stream_name":"stdout","time":297.197521247,"data":"SECONDARY_EDGE_TTA_ACTIVE views= 8 weight= 0.75 mean_abs_feat_delta= 0.297976\n"}
,{"stream_name":"stdout","time":297.197525764,"data":"BIOHUB_RETENTION_GUARD {\"blended_candidates\": 309, \"dataset\": \"44b6_0b24845f\", \"frame\": 7, \"minimum_retention\": 0.9, \"primary_candidates\": 390, \"retention\": 0.7923076923076923, \"use_primary\": true}\n"}
,{"stream_name":"stdout","time":297.962023717,"data":"EDGE_TTA_ACTIVE views= 8 mean_abs_feat_delta= 0.336476\n"}
,{"stream_name":"stdout","time":298.164451918,"data":"EDGE_TTA_ACTIVE views= 8 mean_abs_feat_delta= 0.336476\n"}
,{"stream_name":"stdout","time":298.182647365,"data":"EDGE_TTA_ACTIVE views= 8 mean_abs_feat_delta= 0.368841\n"}
,{"stream_name":"stdout","time":298.384891983,"data":"EDGE_TTA_ACTIVE views= 8 mean_abs_feat_delta= 0.368841\n"}
,{"stream_name":"stdout","time":298.828358474,"data":"SECONDARY_EDGE_TTA_ACTIVE views= 8 weight= 0.75 mean_abs_feat_delta= 0.241164\n"}
,{"stream_name":"stdout","time":299.030587983,"data":"SECONDARY_EDGE_TTA_ACTIVE views= 8 weight= 0.75 mean_abs_feat_delta= 0.241164\n"}
,{"stream_name":"stdout","time":299.044083315,"data":"SECONDARY_EDGE_TTA_ACTIVE views= 8 weight= 0.75 mean_abs_feat_delta= 0.292587\n"}
,{"stream_name":"stdout","time":299.047854308,"data":"BIOHUB_RETENTION_GUARD {\"blended_candidates\": 378, \"dataset\": \"44b6_0b24845f\", \"frame\": 8, \"minimum_retention\": 0.9, \"primary_candidates\": 443, \"retention\": 0.8532731376975169, \"use_primary\": true}\n"}
,{"stream_name":"stdout","time":299.24639742,"data":"SECONDARY_EDGE_TTA_ACTIVE views= 8 weight= 0.75 mean_abs_feat_delta= 0.292587\n"}
,{"stream_name":"stdout","time":299.246429166,"data":"BIOHUB_RETENTION_GUARD {\"blended_candidates\": 378, \"dataset\": \"44b6_0b24845f\", \"frame\": 8, \"minimum_retention\": 0.9, \"primary_candidates\": 443, \"retention\": 0.8532731376975169, \"use_primary\": true}\n"}
,{"stream_name":"stdout","time":299.790403799,"data":"EDGE_TTA_ACTIVE views= 8 mean_abs_feat_delta= 0.33307\n"}
,{"stream_name":"stdout","time":299.992941012,"data":"EDGE_TTA_ACTIVE views= 8 mean_abs_feat_delta= 0.33307\n"}
,{"stream_name":"stdout","time":300.045354847,"data":"EDGE_TTA_ACTIVE views= 8 mean_abs_feat_delta= 0.372442\n"}
,{"stream_name":"stdout","time":300.247808607,"data":"EDGE_TTA_ACTIVE views= 8 mean_abs_feat_delta= 0.372442\n"}
,{"stream_name":"stdout","time":300.658338157,"data":"SECONDARY_EDGE_TTA_ACTIVE views= 8 weight= 0.75 mean_abs_feat_delta= 0.240446\n"}
,{"stream_name":"stdout","time":300.863164898,"data":"SECONDARY_EDGE_TTA_ACTIVE views= 8 weight= 0.75 mean_abs_feat_delta= 0.240446\n"}
,{"stream_name":"stdout","time":300.909685466,"data":"SECONDARY_EDGE_TTA_ACTIVE views= 8 weight= 0.75 mean_abs_feat_delta= 0.291168\n"}
,{"stream_name":"stdout","time":300.913709267,"data":"BIOHUB_RETENTION_GUARD {\"blended_candidates\": 362, \"dataset\": \"44b6_0b24845f\", \"frame\": 9, \"minimum_retention\": 0.9, \"primary_candidates\": 429, \"retention\": 0.8438228438228438, \"use_primary\": true}\n"}
,{"stream_name":"stdout","time":301.11583153,"data":"SECONDARY_EDGE_TTA_ACTIVE views= 8 weight= 0.75 mean_abs_feat_delta= 0.291168\n"}
,{"stream_name":"stdout","time":301.115860242,"data":"BIOHUB_RETENTION_GUARD {\"blended_candidates\": 362, \"dataset\": \"44b6_0b24845f\", \"frame\": 9, \"minimum_retention\": 0.9, \"primary_candidates\": 429, \"retention\": 0.8438228438228438, \"use_primary\": true}\n"}
,{"stream_name":"stdout","time":301.651744635,"data":"EDGE_TTA_ACTIVE views= 8 mean_abs_feat_delta= 0.333216\n"}
,{"stream_name":"stdout","time":301.854063716,"data":"EDGE_TTA_ACTIVE views= 8 mean_abs_feat_delta= 0.333216\n"}
,{"stream_name":"stdout","time":301.953537728,"data":"EDGE_TTA_ACTIVE views= 8 mean_abs_feat_delta= 0.36599\n"}
,{"stream_name":"stdout","time":302.156030645,"data":"EDGE_TTA_ACTIVE views= 8 mean_abs_feat_delta= 0.36599\n"}
,{"stream_name":"stdout","time":302.5237968,"data":"SECONDARY_EDGE_TTA_ACTIVE views= 8 weight= 0.75 mean_abs_feat_delta= 0.24216\n"}
,{"stream_name":"stdout","time":302.726186885,"data":"SECONDARY_EDGE_TTA_ACTIVE views= 8 weight= 0.75 mean_abs_feat_delta= 0.24216\n"}
,{"stream_name":"stdout","time":302.820773803,"data":"SECONDARY_EDGE_TTA_ACTIVE views= 8 weight= 0.75 mean_abs_feat_delta= 0.301242\n"}
,{"stream_name":"stdout","time":302.824813576,"data":"BIOHUB_RETENTION_GUARD {\"blended_candidates\": 331, \"dataset\": \"44b6_0b24845f\", \"frame\": 10, \"minimum_retention\": 0.9, \"primary_candidates\": 419, \"retention\": 0.7899761336515513, \"use_primary\": true}\n"}
,{"stream_name":"stdout","time":303.022856457,"data":"SECONDARY_EDGE_TTA_ACTIVE views= 8 weight= 0.75 mean_abs_feat_delta= 0.301242\n"}
,{"stream_name":"stdout","time":303.022883913,"data":"BIOHUB_RETENTION_GUARD {\"blended_candidates\": 331, \"dataset\": \"44b6_0b24845f\", \"frame\": 10, \"minimum_retention\": 0.9, \"primary_candidates\": 419, \"retention\": 0.7899761336515513, \"use_primary\": true}\n"}
,{"stream_name":"stdout","time":303.489923558,"data":"EDGE_TTA_ACTIVE views= 8 mean_abs_feat_delta= 0.341654\n"}
,{"stream_name":"stdout","time":303.692357955,"data":"EDGE_TTA_ACTIVE views= 8 mean_abs_feat_delta= 0.341654\n"}
,{"stream_name":"stdout","time":303.887318891,"data":"EDGE_TTA_ACTIVE views= 8 mean_abs_feat_delta= 0.358411\n"}
,{"stream_name":"stdout","time":304.089416553,"data":"EDGE_TTA_ACTIVE views= 8 mean_abs_feat_delta= 0.358411\n"}
,{"stream_name":"stdout","time":304.363188313,"data":"SECONDARY_EDGE_TTA_ACTIVE views= 8 weight= 0.75 mean_abs_feat_delta= 0.243727\n"}
,{"stream_name":"stdout","time":304.578061543,"data":"SECONDARY_EDGE_TTA_ACTIVE views= 8 weight= 0.75 mean_abs_feat_delta= 0.243727\n"}
,{"stream_name":"stdout","time":304.765216733,"data":"SECONDARY_EDGE_TTA_ACTIVE views= 8 weight= 0.75 mean_abs_feat_delta= 0.289865\n"}
,{"stream_name":"stdout","time":304.769249899,"data":"BIOHUB_RETENTION_GUARD {\"blended_candidates\": 376, \"dataset\": \"44b6_0b24845f\", \"frame\": 11, \"minimum_retention\": 0.9, \"primary_candidates\": 441, \"retention\": 0.8526077097505669, \"use_primary\": true}\n"}
,{"stream_name":"stdout","time":304.967694101,"data":"SECONDARY_EDGE_TTA_ACTIVE views= 8 weight= 0.75 mean_abs_feat_delta= 0.289865\n"}
,{"stream_name":"stdout","time":304.967747951,"data":"BIOHUB_RETENTION_GUARD {\"blended_candidates\": 376, \"dataset\": \"44b6_0b24845f\", \"frame\": 11, \"minimum_retention\": 0.9, \"primary_candidates\": 441, \"retention\": 0.8526077097505669, \"use_primary\": true}\n"}
,{"stream_name":"stdout","time":305.352962219,"data":"EDGE_TTA_ACTIVE views= 8 mean_abs_feat_delta= 0.334228\n"}
,{"stream_name":"stdout","time":305.555456984,"data":"EDGE_TTA_ACTIVE views= 8 mean_abs_feat_delta= 0.334228\n"}
,{"stream_name":"stdout","time":305.778782757,"data":"EDGE_TTA_ACTIVE views= 8 mean_abs_feat_delta= 0.361758\n"}
,{"stream_name":"stdout","time":305.981293234,"data":"EDGE_TTA_ACTIVE views= 8 mean_abs_feat_delta= 0.361758\n"}
,{"stream_name":"stdout","time":306.225160348,"data":"SECONDARY_EDGE_TTA_ACTIVE views= 8 weight= 0.75 mean_abs_feat_delta= 0.241899\n"}
,{"stream_name":"stdout","time":306.427661904,"data":"SECONDARY_EDGE_TTA_ACTIVE views= 8 weight= 0.75 mean_abs_feat_delta= 0.241899\n"}
,{"stream_name":"stdout","time":306.645930525,"data":"SECONDARY_EDGE_TTA_ACTIVE views= 8 weight= 0.75 mean_abs_feat_delta= 0.298743\n"}
,{"stream_name":"stdout","time":306.650065416,"data":"BIOHUB_RETENTION_GUARD {\"blended_candidates\": 304, \"dataset\": \"44b6_0b24845f\", \"frame\": 12, \"minimum_retention\": 0.9, \"primary_candidates\": 361, \"retention\": 0.8421052631578947, \"use_primary\": true}\n"}
,{"stream_name":"stdout","time":306.848571645,"data":"SECONDARY_EDGE_TTA_ACTIVE views= 8 weight= 0.75 mean_abs_feat_delta= 0.298743\n"}
,{"stream_name":"stdout","time":306.848649841,"data":"BIOHUB_RETENTION_GUARD {\"blended_candidates\": 304, \"dataset\": \"44b6_0b24845f\", \"frame\": 12, \"minimum_retention\": 0.9, \"primary_candidates\": 361, \"retention\": 0.8421052631578947, \"use_primary\": true}\n"}
,{"stream_name":"stdout","time":307.203570503,"data":"EDGE_TTA_ACTIVE views= 8 mean_abs_feat_delta= 0.335161\n"}
,{"stream_name":"stdout","time":307.406036611,"data":"EDGE_TTA_ACTIVE views= 8 mean_abs_feat_delta= 0.335161\n"}
,{"stream_name":"stdout","time":307.666927313,"data":"EDGE_TTA_ACTIVE views= 8 mean_abs_feat_delta= 0.368237\n"}
,{"stream_name":"stdout","time":307.869444885,"data":"EDGE_TTA_ACTIVE views= 8 mean_abs_feat_delta= 0.368237\n"}
,{"stream_name":"stdout","time":308.08576291,"data":"SECONDARY_EDGE_TTA_ACTIVE views= 8 weight= 0.75 mean_abs_feat_delta= 0.237416\n"}
,{"stream_name":"stdout","time":308.288215652,"data":"SECONDARY_EDGE_TTA_ACTIVE views= 8 weight= 0.75 mean_abs_feat_delta= 0.237416\n"}
,{"stream_name":"stdout","time":308.536203633,"data":"SECONDARY_EDGE_TTA_ACTIVE views= 8 weight= 0.75 mean_abs_feat_delta= 0.295579\n"}
,{"stream_name":"stdout","time":308.540329867,"data":"BIOHUB_RETENTION_GUARD {\"blended_candidates\": 314, \"dataset\": \"44b6_0b24845f\", \"frame\": 13, \"minimum_retention\": 0.9, \"primary_candidates\": 382, \"retention\": 0.8219895287958116, \"use_primary\": true}\n"}
,{"stream_name":"stdout","time":308.738571753,"data":"SECONDARY_EDGE_TTA_ACTIVE views= 8 weight= 0.75 mean_abs_feat_delta= 0.295579\n"}
,{"stream_name":"stdout","time":308.738618699,"data":"BIOHUB_RETENTION_GUARD {\"blended_candidates\": 314, \"dataset\": \"44b6_0b24845f\", \"frame\": 13, \"minimum_retention\": 0.9, \"primary_candidates\": 382, \"retention\": 0.8219895287958116, \"use_primary\": true}\n"}
,{"stream_name":"stdout","time":309.055584947,"data":"EDGE_TTA_ACTIVE views= 8 mean_abs_feat_delta= 0.330752\n"}
,{"stream_name":"stdout","time":309.258012388,"data":"EDGE_TTA_ACTIVE views= 8 mean_abs_feat_delta= 0.330752\n"}
,{"stream_name":"stdout","time":309.547844493,"data":"EDGE_TTA_ACTIVE views= 8 mean_abs_feat_delta= 0.366311\n"}
,{"stream_name":"stdout","time":309.750375877,"data":"EDGE_TTA_ACTIVE views= 8 mean_abs_feat_delta= 0.366311\n"}
,{"stream_name":"stdout","time":309.943382432,"data":"SECONDARY_EDGE_TTA_ACTIVE views= 8 weight= 0.75 mean_abs_feat_delta= 0.238386\n"}
,{"stream_name":"stdout","time":310.146014957,"data":"SECONDARY_EDGE_TTA_ACTIVE views= 8 weight= 0.75 mean_abs_feat_delta= 0.238386\n"}
,{"stream_name":"stdout","time":310.417644322,"data":"SECONDARY_EDGE_TTA_ACTIVE views= 8 weight= 0.75 mean_abs_feat_delta= 0.29037\n"}
,{"stream_name":"stdout","time":310.42164631,"data":"BIOHUB_RETENTION_GUARD {\"blended_candidates\": 330, \"dataset\": \"44b6_0b24845f\", \"frame\": 14, \"minimum_retention\": 0.9, \"primary_candidates\": 378, \"retention\": 0.873015873015873, \"use_primary\": true}\n"}
,{"stream_name":"stdout","time":310.620029677,"data":"SECONDARY_EDGE_TTA_ACTIVE views= 8 weight= 0.75 mean_abs_feat_delta= 0.29037\n"}
,{"stream_name":"stdout","time":310.620061594,"data":"BIOHUB_RETENTION_GUARD {\"blended_candidates\": 330, \"dataset\": \"44b6_0b24845f\", \"frame\": 14, \"minimum_retention\": 0.9, \"primary_candidates\": 378, \"retention\": 0.873015873015873, \"use_primary\": true}\n"}
,{"stream_name":"stdout","time":310.937693483,"data":"EDGE_TTA_ACTIVE views= 8 mean_abs_feat_delta= 0.32964\n"}
,{"stream_name":"stdout","time":311.142473181,"data":"EDGE_TTA_ACTIVE views= 8 mean_abs_feat_delta= 0.32964\n"}
,{"stream_name":"stdout","time":311.449290939,"data":"EDGE_TTA_ACTIVE views= 8 mean_abs_feat_delta= 0.362666\n"}
,{"stream_name":"stdout","time":311.65185942,"data":"EDGE_TTA_ACTIVE views= 8 mean_abs_feat_delta= 0.362666\n"}
,{"stream_name":"stdout","time":311.819741549,"data":"SECONDARY_EDGE_TTA_ACTIVE views= 8 weight= 0.75 mean_abs_feat_delta= 0.238478\n"}
,{"stream_name":"stdout","time":312.022195712,"data":"SECONDARY_EDGE_TTA_ACTIVE views= 8 weight= 0.75 mean_abs_feat_delta= 0.238478\n"}
,{"stream_name":"stdout","time":312.319946977,"data":"SECONDARY_EDGE_TTA_ACTIVE views= 8 weight= 0.75 mean_abs_feat_delta= 0.286822\n"}
,{"stream_name":"stdout","time":312.522406926,"data":"SECONDARY_EDGE_TTA_ACTIVE views= 8 weight= 0.75 mean_abs_feat_delta= 0.286822\n"}
,{"stream_name":"stdout","time":312.796916273,"data":"EDGE_TTA_ACTIVE views= 8 mean_abs_feat_delta= 0.32447\n"}
,{"stream_name":"stdout","time":312.99956646,"data":"EDGE_TTA_ACTIVE views= 8 mean_abs_feat_delta= 0.32447\n"}
,{"stream_name":"stdout","time":313.342505505,"data":"EDGE_TTA_ACTIVE views= 8 mean_abs_feat_delta= 0.368515\n"}
,{"stream_name":"stdout","time":313.545252574,"data":"EDGE_TTA_ACTIVE views= 8 mean_abs_feat_delta= 0.368515\n"}
,{"stream_name":"stdout","time":313.686928108,"data":"SECONDARY_EDGE_TTA_ACTIVE views= 8 weight= 0.75 mean_abs_feat_delta= 0.234529\n"}
,{"stream_name":"stdout","time":313.889523942,"data":"SECONDARY_EDGE_TTA_ACTIVE views= 8 weight= 0.75 mean_abs_feat_delta= 0.234529\n"}
,{"stream_name":"stdout","time":314.218391405,"data":"SECONDARY_EDGE_TTA_ACTIVE views= 8 weight= 0.75 mean_abs_feat_delta= 0.282972\n"}
,{"stream_name":"stdout","time":314.420662488,"data":"SECONDARY_EDGE_TTA_ACTIVE views= 8 weight= 0.75 mean_abs_feat_delta= 0.282972\n"}
,{"stream_name":"stdout","time":314.703499924,"data":"EDGE_TTA_ACTIVE views= 8 mean_abs_feat_delta= 0.325522\n"}
,{"stream_name":"stdout","time":314.905914517,"data":"EDGE_TTA_ACTIVE views= 8 mean_abs_feat_delta= 0.325522\n"}
,{"stream_name":"stdout","time":315.223533127,"data":"EDGE_TTA_ACTIVE views= 8 mean_abs_feat_delta= 0.37163\n"}
,{"stream_name":"stdout","time":315.426076328,"data":"EDGE_TTA_ACTIVE views= 8 mean_abs_feat_delta= 0.37163\n"}
,{"stream_name":"stdout","time":315.592158809,"data":"SECONDARY_EDGE_TTA_ACTIVE views= 8 weight= 0.75 mean_abs_feat_delta= 0.238533\n"}
,{"stream_name":"stdout","time":315.794671185,"data":"SECONDARY_EDGE_TTA_ACTIVE views= 8 weight= 0.75 mean_abs_feat_delta= 0.238533\n"}
,{"stream_name":"stdout","time":316.100680991,"data":"SECONDARY_EDGE_TTA_ACTIVE views= 8 weight= 0.75 mean_abs_feat_delta= 0.284899\n"}
,{"stream_name":"stdout","time":316.303278201,"data":"SECONDARY_EDGE_TTA_ACTIVE views= 8 weight= 0.75 mean_abs_feat_delta= 0.284899\n"}
,{"stream_name":"stdout","time":316.583851213,"data":"EDGE_TTA_ACTIVE views= 8 mean_abs_feat_delta= 0.319866\n"}
,{"stream_name":"stdout","time":316.786199641,"data":"EDGE_TTA_ACTIVE views= 8 mean_abs_feat_delta= 0.319866\n"}
,{"stream_name":"stdout","time":317.125961305,"data":"EDGE_TTA_ACTIVE views= 8 mean_abs_feat_delta= 0.367306\n"}
,{"stream_name":"stdout","time":317.328547558,"data":"EDGE_TTA_ACTIVE views= 8 mean_abs_feat_delta= 0.367306\n"}
,{"stream_name":"stdout","time":317.476612345,"data":"SECONDARY_EDGE_TTA_ACTIVE views= 8 weight= 0.75 mean_abs_feat_delta= 0.239819\n"}
,{"stream_name":"stdout","time":317.678957802,"data":"SECONDARY_EDGE_TTA_ACTIVE views= 8 weight= 0.75 mean_abs_feat_delta= 0.239819\n"}
,{"stream_name":"stdout","time":318.00479015,"data":"SECONDARY_EDGE_TTA_ACTIVE views= 8 weight= 0.75 mean_abs_feat_delta= 0.276632\n"}
,{"stream_name":"stdout","time":318.207328472,"data":"SECONDARY_EDGE_TTA_ACTIVE views= 8 weight= 0.75 mean_abs_feat_delta= 0.276632\n"}
,{"stream_name":"stdout","time":318.471254421,"data":"EDGE_TTA_ACTIVE views= 8 mean_abs_feat_delta= 0.323582\n"}
,{"stream_name":"stdout","time":318.673810196,"data":"EDGE_TTA_ACTIVE views= 8 mean_abs_feat_delta= 0.323582\n"}
,{"stream_name":"stdout","time":319.034237074,"data":"EDGE_TTA_ACTIVE views= 8 mean_abs_feat_delta= 0.356982\n"}
,{"stream_name":"stdout","time":319.236932298,"data":"EDGE_TTA_ACTIVE views= 8 mean_abs_feat_delta= 0.356982\n"}
,{"stream_name":"stdout","time":319.369641462,"data":"SECONDARY_EDGE_TTA_ACTIVE views= 8 weight= 0.75 mean_abs_feat_delta= 0.242037\n"}
,{"stream_name":"stdout","time":319.572272178,"data":"SECONDARY_EDGE_TTA_ACTIVE views= 8 weight= 0.75 mean_abs_feat_delta= 0.242037\n"}
,{"stream_name":"stdout","time":319.916092731,"data":"SECONDARY_EDGE_TTA_ACTIVE views= 8 weight= 0.75 mean_abs_feat_delta= 0.278285\n"}
,{"stream_name":"stdout","time":320.118595871,"data":"SECONDARY_EDGE_TTA_ACTIVE views= 8 weight= 0.75 mean_abs_feat_delta= 0.278285\n"}
,{"stream_name":"stdout","time":320.387123558,"data":"EDGE_TTA_ACTIVE views= 8 mean_abs_feat_delta= 0.326415\n"}
,{"stream_name":"stdout","time":320.589508119,"data":"EDGE_TTA_ACTIVE views= 8 mean_abs_feat_delta= 0.326415\n"}
,{"stream_name":"stdout","time":320.94310556,"data":"EDGE_TTA_ACTIVE views= 8 mean_abs_feat_delta= 0.354988\n"}
,{"stream_name":"stdout","time":321.146702607,"data":"EDGE_TTA_ACTIVE views= 8 mean_abs_feat_delta= 0.354988\n"}
,{"stream_name":"stdout","time":321.282440304,"data":"SECONDARY_EDGE_TTA_ACTIVE views= 8 weight= 0.75 mean_abs_feat_delta= 0.241724\n"}
,{"stream_name":"stdout","time":321.484706314,"data":"SECONDARY_EDGE_TTA_ACTIVE views= 8 weight= 0.75 mean_abs_feat_delta= 0.241724\n"}
,{"stream_name":"stdout","time":321.834417997,"data":"SECONDARY_EDGE_TTA_ACTIVE views= 8 weight= 0.75 mean_abs_feat_delta= 0.280197\n"}
,{"stream_name":"stdout","time":321.838449633,"data":"BIOHUB_RETENTION_GUARD {\"blended_candidates\": 285, \"dataset\": \"44b6_0b24845f\", \"frame\": 20, \"minimum_retention\": 0.9, \"primary_candidates\": 317, \"retention\": 0.8990536277602523, \"use_primary\": true}\n"}
,{"stream_name":"stdout","time":322.03729506,"data":"SECONDARY_EDGE_TTA_ACTIVE views= 8 weight= 0.75 mean_abs_feat_delta= 0.280197\n"}
,{"stream_name":"stdout","time":322.037373165,"data":"BIOHUB_RETENTION_GUARD {\"blended_candidates\": 285, \"dataset\": \"44b6_0b24845f\", \"frame\": 20, \"minimum_retention\": 0.9, \"primary_candidates\": 317, \"retention\": 0.8990536277602523, \"use_primary\": true}\n"}
,{"stream_name":"stdout","time":322.296107791,"data":"EDGE_TTA_ACTIVE views= 8 mean_abs_feat_delta= 0.32326\n"}
,{"stream_name":"stdout","time":322.498566782,"data":"EDGE_TTA_ACTIVE views= 8 mean_abs_feat_delta= 0.32326\n"}
,{"stream_name":"stdout","time":322.889904169,"data":"EDGE_TTA_ACTIVE views= 8 mean_abs_feat_delta= 0.355885\n"}
,{"stream_name":"stdout","time":323.09206702,"data":"EDGE_TTA_ACTIVE views= 8 mean_abs_feat_delta= 0.355885\n"}
,{"stream_name":"stdout","time":323.18944195,"data":"SECONDARY_EDGE_TTA_ACTIVE views= 8 weight= 0.75 mean_abs_feat_delta= 0.234753\n"}
,{"stream_name":"stdout","time":323.391799749,"data":"SECONDARY_EDGE_TTA_ACTIVE views= 8 weight= 0.75 mean_abs_feat_delta= 0.234753\n"}
,{"stream_name":"stdout","time":323.774880473,"data":"SECONDARY_EDGE_TTA_ACTIVE views= 8 weight= 0.75 mean_abs_feat_delta= 0.281334\n"}
,{"stream_name":"stdout","time":323.778908618,"data":"BIOHUB_RETENTION_GUARD {\"blended_candidates\": 265, \"dataset\": \"44b6_0b24845f\", \"frame\": 21, \"minimum_retention\": 0.9, \"primary_candidates\": 325, \"retention\": 0.8153846153846154, \"use_primary\": true}\n"}
,{"stream_name":"stdout","time":323.977349314,"data":"SECONDARY_EDGE_TTA_ACTIVE views= 8 weight= 0.75 mean_abs_feat_delta= 0.281334\n"}
,{"stream_name":"stdout","time":323.977402569,"data":"BIOHUB_RETENTION_GUARD {\"blended_candidates\": 265, \"dataset\": \"44b6_0b24845f\", \"frame\": 21, \"minimum_retention\": 0.9, \"primary_candidates\": 325, \"retention\": 0.8153846153846154, \"use_primary\": true}\n"}
,{"stream_name":"stdout","time":324.183654532,"data":"EDGE_TTA_ACTIVE views= 8 mean_abs_feat_delta= 0.324888\n"}
,{"stream_name":"stdout","time":324.386053294,"data":"EDGE_TTA_ACTIVE views= 8 mean_abs_feat_delta= 0.324888\n"}
,{"stream_name":"stdout","time":324.783458967,"data":"EDGE_TTA_ACTIVE views= 8 mean_abs_feat_delta= 0.357492\n"}
,{"stream_name":"stdout","time":324.985873217,"data":"EDGE_TTA_ACTIVE views= 8 mean_abs_feat_delta= 0.357492\n"}
,{"stream_name":"stdout","time":325.084792473,"data":"SECONDARY_EDGE_TTA_ACTIVE views= 8 weight= 0.75 mean_abs_feat_delta= 0.238746\n"}
,{"stream_name":"stdout","time":325.287035589,"data":"SECONDARY_EDGE_TTA_ACTIVE views= 8 weight= 0.75 mean_abs_feat_delta= 0.238746\n"}
,{"stream_name":"stdout","time":325.670047533,"data":"SECONDARY_EDGE_TTA_ACTIVE views= 8 weight= 0.75 mean_abs_feat_delta= 0.280031\n"}
,{"stream_name":"stdout","time":325.674131372,"data":"BIOHUB_RETENTION_GUARD {\"blended_candidates\": 286, \"dataset\": \"44b6_0b24845f\", \"frame\": 22, \"minimum_retention\": 0.9, \"primary_candidates\": 326, \"retention\": 0.8773006134969326, \"use_primary\": true}\n"}
,{"stream_name":"stdout","time":325.872495083,"data":"SECONDARY_EDGE_TTA_ACTIVE views= 8 weight= 0.75 mean_abs_feat_delta= 0.280031\n"}
,{"stream_name":"stdout","time":325.872526262,"data":"BIOHUB_RETENTION_GUARD {\"blended_candidates\": 286, \"dataset\": \"44b6_0b24845f\", \"frame\": 22, \"minimum_retention\": 0.9, \"primary_candidates\": 326, \"retention\": 0.8773006134969326, \"use_primary\": true}\n"}
,{"stream_name":"stdout","time":326.104331741,"data":"EDGE_TTA_ACTIVE views= 8 mean_abs_feat_delta= 0.325752\n"}
,{"stream_name":"stdout","time":326.306878801,"data":"EDGE_TTA_ACTIVE views= 8 mean_abs_feat_delta= 0.325752\n"}
,{"stream_name":"stdout","time":326.679687017,"data":"EDGE_TTA_ACTIVE views= 8 mean_abs_feat_delta= 0.361386\n"}
,{"stream_name":"stdout","time":326.882051264,"data":"EDGE_TTA_ACTIVE views= 8 mean_abs_feat_delta= 0.361386\n"}
,{"stream_name":"stdout","time":327.00495046,"data":"SECONDARY_EDGE_TTA_ACTIVE views= 8 weight= 0.75 mean_abs_feat_delta= 0.238954\n"}
,{"stream_name":"stdout","time":327.207406279,"data":"SECONDARY_EDGE_TTA_ACTIVE views= 8 weight= 0.75 mean_abs_feat_delta= 0.238954\n"}
,{"stream_name":"stdout","time":327.569575777,"data":"SECONDARY_EDGE_TTA_ACTIVE views= 8 weight= 0.75 mean_abs_feat_delta= 0.277655\n"}
,{"stream_name":"stdout","time":327.77226332,"data":"SECONDARY_EDGE_TTA_ACTIVE views= 8 weight= 0.75 mean_abs_feat_delta= 0.277655\n"}
,{"stream_name":"stdout","time":327.988611753,"data":"EDGE_TTA_ACTIVE views= 8 mean_abs_feat_delta= 0.330364\n"}
,{"stream_name":"stdout","time":328.191193243,"data":"EDGE_TTA_ACTIVE views= 8 mean_abs_feat_delta= 0.330364\n"}
,{"stream_name":"stdout","time":328.613337931,"data":"EDGE_TTA_ACTIVE views= 8 mean_abs_feat_delta= 0.361052\n"}
,{"stream_name":"stdout","time":328.815814453,"data":"EDGE_TTA_ACTIVE views= 8 mean_abs_feat_delta= 0.361052\n"}
,{"stream_name":"stdout","time":328.894412048,"data":"SECONDARY_EDGE_TTA_ACTIVE views= 8 weight= 0.75 mean_abs_feat_delta= 0.235145\n"}
,{"stream_name":"stdout","time":329.096808622,"data":"SECONDARY_EDGE_TTA_ACTIVE views= 8 weight= 0.75 mean_abs_feat_delta= 0.235145\n"}
,{"stream_name":"stdout","time":329.503454796,"data":"SECONDARY_EDGE_TTA_ACTIVE views= 8 weight= 0.75 mean_abs_feat_delta= 0.282322\n"}
,{"stream_name":"stdout","time":329.507521869,"data":"BIOHUB_RETENTION_GUARD {\"blended_candidates\": 261, \"dataset\": \"44b6_0b24845f\", \"frame\": 24, \"minimum_retention\": 0.9, \"primary_candidates\": 306, \"retention\": 0.8529411764705882, \"use_primary\": true}\n"}
,{"stream_name":"stdout","time":329.706423187,"data":"SECONDARY_EDGE_TTA_ACTIVE views= 8 weight= 0.75 mean_abs_feat_delta= 0.282322\n"}
,{"stream_name":"stdout","time":329.706462451,"data":"BIOHUB_RETENTION_GUARD {\"blended_candidates\": 261, \"dataset\": \"44b6_0b24845f\", \"frame\": 24, \"minimum_retention\": 0.9, \"primary_candidates\": 306, \"retention\": 0.8529411764705882, \"use_primary\": true}\n"}
,{"stream_name":"stdout","time":329.902919826,"data":"EDGE_TTA_ACTIVE views= 8 mean_abs_feat_delta= 0.329773\n"}
,{"stream_name":"stdout","time":330.105408916,"data":"EDGE_TTA_ACTIVE views= 8 mean_abs_feat_delta= 0.329773\n"}
,{"stream_name":"stdout","time":330.572493032,"data":"EDGE_TTA_ACTIVE views= 8 mean_abs_feat_delta= 0.36198\n"}
,{"stream_name":"stdout","time":330.775053765,"data":"EDGE_TTA_ACTIVE views= 8 mean_abs_feat_delta= 0.36198\n"}
,{"stream_name":"stdout","time":330.812676704,"data":"SECONDARY_EDGE_TTA_ACTIVE views= 8 weight= 0.75 mean_abs_feat_delta= 0.236219\n"}
,{"stream_name":"stdout","time":331.015114603,"data":"SECONDARY_EDGE_TTA_ACTIVE views= 8 weight= 0.75 mean_abs_feat_delta= 0.236219\n"}
,{"stream_name":"stdout","time":331.466010707,"data":"SECONDARY_EDGE_TTA_ACTIVE views= 8 weight= 0.75 mean_abs_feat_delta= 0.280181\n"}
,{"stream_name":"stdout","time":331.668639116,"data":"SECONDARY_EDGE_TTA_ACTIVE views= 8 weight= 0.75 mean_abs_feat_delta= 0.280181\n"}
,{"stream_name":"stdout","time":331.828246585,"data":"EDGE_TTA_ACTIVE views= 8 mean_abs_feat_delta= 0.325156\n"}
,{"stream_name":"stdout","time":332.030700585,"data":"EDGE_TTA_ACTIVE views= 8 mean_abs_feat_delta= 0.325156\n"}
,{"stream_name":"stdout","time":332.480598654,"data":"EDGE_TTA_ACTIVE views= 8 mean_abs_feat_delta= 0.365963\n"}
,{"stream_name":"stdout","time":332.68278935,"data":"EDGE_TTA_ACTIVE views= 8 mean_abs_feat_delta= 0.365963\n"}
,{"stream_name":"stdout","time":332.740314095,"data":"SECONDARY_EDGE_TTA_ACTIVE views= 8 weight= 0.75 mean_abs_feat_delta= 0.234985\n"}
,{"stream_name":"stdout","time":332.94281126,"data":"SECONDARY_EDGE_TTA_ACTIVE views= 8 weight= 0.75 mean_abs_feat_delta= 0.234985\n"}
,{"stream_name":"stdout","time":333.377292189,"data":"SECONDARY_EDGE_TTA_ACTIVE views= 8 weight= 0.75 mean_abs_feat_delta= 0.284381\n"}
,{"stream_name":"stdout","time":333.381321258,"data":"BIOHUB_RETENTION_GUARD {\"blended_candidates\": 273, \"dataset\": \"44b6_0b24845f\", \"frame\": 26, \"minimum_retention\": 0.9, \"primary_candidates\": 309, \"retention\": 0.883495145631068, \"use_primary\": true}\n"}
,{"stream_name":"stdout","time":333.579890922,"data":"SECONDARY_EDGE_TTA_ACTIVE views= 8 weight= 0.75 mean_abs_feat_delta= 0.284381\n"}
,{"stream_name":"stdout","time":333.579949713,"data":"BIOHUB_RETENTION_GUARD {\"blended_candidates\": 273, \"dataset\": \"44b6_0b24845f\", \"frame\": 26, \"minimum_retention\": 0.9, \"primary_candidates\": 309, \"retention\": 0.883495145631068, \"use_primary\": true}\n"}
,{"stream_name":"stdout","time":333.743101584,"data":"EDGE_TTA_ACTIVE views= 8 mean_abs_feat_delta= 0.328005\n"}
,{"stream_name":"stdout","time":333.94523731,"data":"EDGE_TTA_ACTIVE views= 8 mean_abs_feat_delta= 0.328005\n"}
,{"stream_name":"stdout","time":334.385482359,"data":"EDGE_TTA_ACTIVE views= 8 mean_abs_feat_delta= 0.369614\n"}
,{"stream_name":"stdout","time":334.603709168,"data":"EDGE_TTA_ACTIVE views= 8 mean_abs_feat_delta= 0.369614\n"}
,{"stream_name":"stdout","time":334.655518423,"data":"SECONDARY_EDGE_TTA_ACTIVE views= 8 weight= 0.75 mean_abs_feat_delta= 0.230623\n"}
,{"stream_name":"stdout","time":334.858026694,"data":"SECONDARY_EDGE_TTA_ACTIVE views= 8 weight= 0.75 mean_abs_feat_delta= 0.230623\n"}
,{"stream_name":"stdout","time":335.284085434,"data":"SECONDARY_EDGE_TTA_ACTIVE views= 8 weight= 0.75 mean_abs_feat_delta= 0.289602\n"}
,{"stream_name":"stdout","time":335.288173337,"data":"BIOHUB_RETENTION_GUARD {\"blended_candidates\": 258, \"dataset\": \"44b6_0b24845f\", \"frame\": 27, \"minimum_retention\": 0.9, \"primary_candidates\": 302, \"retention\": 0.8543046357615894, \"use_primary\": true}\n"}
,{"stream_name":"stdout","time":335.486674467,"data":"SECONDARY_EDGE_TTA_ACTIVE views= 8 weight= 0.75 mean_abs_feat_delta= 0.289602\n"}
,{"stream_name":"stdout","time":335.486709553,"data":"BIOHUB_RETENTION_GUARD {\"blended_candidates\": 258, \"dataset\": \"44b6_0b24845f\", \"frame\": 27, \"minimum_retention\": 0.9, \"primary_candidates\": 302, \"retention\": 0.8543046357615894, \"use_primary\": true}\n"}
,{"stream_name":"stdout","time":335.689981055,"data":"EDGE_TTA_ACTIVE views= 8 mean_abs_feat_delta= 0.332057\n"}
,{"stream_name":"stdout","time":335.892606971,"data":"EDGE_TTA_ACTIVE views= 8 mean_abs_feat_delta= 0.332057\n"}
,{"stream_name":"stdout","time":336.323377549,"data":"EDGE_TTA_ACTIVE views= 8 mean_abs_feat_delta= 0.365619\n"}
,{"stream_name":"stdout","time":336.525706694,"data":"EDGE_TTA_ACTIVE views= 8 mean_abs_feat_delta= 0.365619\n"}
,{"stream_name":"stdout","time":336.606051769,"data":"SECONDARY_EDGE_TTA_ACTIVE views= 8 weight= 0.75 mean_abs_feat_delta= 0.233514\n"}
,{"stream_name":"stdout","time":336.808329472,"data":"SECONDARY_EDGE_TTA_ACTIVE views= 8 weight= 0.75 mean_abs_feat_delta= 0.233514\n"}
,{"stream_name":"stdout","time":337.225440405,"data":"SECONDARY_EDGE_TTA_ACTIVE views= 8 weight= 0.75 mean_abs_feat_delta= 0.291319\n"}
,{"stream_name":"stdout","time":337.427806816,"data":"SECONDARY_EDGE_TTA_ACTIVE views= 8 weight= 0.75 mean_abs_feat_delta= 0.291319\n"}
,{"stream_name":"stdout","time":337.672041328,"data":"EDGE_TTA_ACTIVE views= 8 mean_abs_feat_delta= 0.327244\n"}
,{"stream_name":"stdout","time":337.874393595,"data":"EDGE_TTA_ACTIVE views= 8 mean_abs_feat_delta= 0.327244\n"}
,{"stream_name":"stdout","time":338.238273726,"data":"EDGE_TTA_ACTIVE views= 8 mean_abs_feat_delta= 0.366332\n"}
,{"stream_name":"stdout","time":338.440519505,"data":"EDGE_TTA_ACTIVE views= 8 mean_abs_feat_delta= 0.366332\n"}
,{"stream_name":"stdout","time":338.590878907,"data":"SECONDARY_EDGE_TTA_ACTIVE views= 8 weight= 0.75 mean_abs_feat_delta= 0.236419\n"}
,{"stream_name":"stdout","time":338.793275133,"data":"SECONDARY_EDGE_TTA_ACTIVE views= 8 weight= 0.75 mean_abs_feat_delta= 0.236419\n"}
,{"stream_name":"stdout","time":339.138350923,"data":"SECONDARY_EDGE_TTA_ACTIVE views= 8 weight= 0.75 mean_abs_feat_delta= 0.283865\n"}
,{"stream_name":"stdout","time":339.340674889,"data":"SECONDARY_EDGE_TTA_ACTIVE views= 8 weight= 0.75 mean_abs_feat_delta= 0.283865\n"}
,{"stream_name":"stdout","time":339.624299043,"data":"EDGE_TTA_ACTIVE views= 8 mean_abs_feat_delta= 0.331491\n"}
,{"stream_name":"stdout","time":339.826827917,"data":"EDGE_TTA_ACTIVE views= 8 mean_abs_feat_delta= 0.331491\n"}
,{"stream_name":"stdout","time":340.150309361,"data":"EDGE_TTA_ACTIVE views= 8 mean_abs_feat_delta= 0.364134\n"}
,{"stream_name":"stdout","time":340.352608197,"data":"EDGE_TTA_ACTIVE views= 8 mean_abs_feat_delta= 0.364134\n"}
,{"stream_name":"stdout","time":340.544375878,"data":"SECONDARY_EDGE_TTA_ACTIVE views= 8 weight= 0.75 mean_abs_feat_delta= 0.240106\n"}
,{"stream_name":"stdout","time":340.746755121,"data":"SECONDARY_EDGE_TTA_ACTIVE views= 8 weight= 0.75 mean_abs_feat_delta= 0.240106\n"}
,{"stream_name":"stdout","time":341.045876655,"data":"SECONDARY_EDGE_TTA_ACTIVE views= 8 weight= 0.75 mean_abs_feat_delta= 0.282155\n"}
,{"stream_name":"stdout","time":341.248337749,"data":"SECONDARY_EDGE_TTA_ACTIVE views= 8 weight= 0.75 mean_abs_feat_delta= 0.282155\n"}
,{"stream_name":"stdout","time":341.589241774,"data":"EDGE_TTA_ACTIVE views= 8 mean_abs_feat_delta= 0.332767\n"}
,{"stream_name":"stdout","time":341.791641254,"data":"EDGE_TTA_ACTIVE views= 8 mean_abs_feat_delta= 0.332767\n"}
,{"stream_name":"stdout","time":342.077413883,"data":"EDGE_TTA_ACTIVE views= 8 mean_abs_feat_delta= 0.359711\n"}
,{"stream_name":"stdout","time":342.279526667,"data":"EDGE_TTA_ACTIVE views= 8 mean_abs_feat_delta= 0.359711\n"}
,{"stream_name":"stdout","time":342.51453323,"data":"SECONDARY_EDGE_TTA_ACTIVE views= 8 weight= 0.75 mean_abs_feat_delta= 0.251196\n"}
,{"stream_name":"stdout","time":342.716853198,"data":"SECONDARY_EDGE_TTA_ACTIVE views= 8 weight= 0.75 mean_abs_feat_delta= 0.251196\n"}
,{"stream_name":"stdout","time":342.983296031,"data":"SECONDARY_EDGE_TTA_ACTIVE views= 8 weight= 0.75 mean_abs_feat_delta= 0.283753\n"}
,{"stream_name":"stdout","time":343.185876662,"data":"SECONDARY_EDGE_TTA_ACTIVE views= 8 weight= 0.75 mean_abs_feat_delta= 0.283753\n"}
,{"stream_name":"stdout","time":343.596665718,"data":"EDGE_TTA_ACTIVE views= 8 mean_abs_feat_delta= 0.333532\n"}
,{"stream_name":"stdout","time":343.79909878,"data":"EDGE_TTA_ACTIVE views= 8 mean_abs_feat_delta= 0.333532\n"}
,{"stream_name":"stdout","time":344.006299083,"data":"EDGE_TTA_ACTIVE views= 8 mean_abs_feat_delta= 0.362505\n"}
,{"stream_name":"stdout","time":344.208789242,"data":"EDGE_TTA_ACTIVE views= 8 mean_abs_feat_delta= 0.362505\n"}
,{"stream_name":"stdout","time":344.526491077,"data":"SECONDARY_EDGE_TTA_ACTIVE views= 8 weight= 0.75 mean_abs_feat_delta= 0.251416\n"}
,{"stream_name":"stdout","time":344.728762827,"data":"SECONDARY_EDGE_TTA_ACTIVE views= 8 weight= 0.75 mean_abs_feat_delta= 0.251416\n"}
,{"stream_name":"stdout","time":344.917872324,"data":"SECONDARY_EDGE_TTA_ACTIVE views= 8 weight= 0.75 mean_abs_feat_delta= 0.282429\n"}
,{"stream_name":"stdout","time":344.921969811,"data":"BIOHUB_RETENTION_GUARD {\"blended_candidates\": 249, \"dataset\": \"44b6_0b24845f\", \"frame\": 32, \"minimum_retention\": 0.9, \"primary_candidates\": 293, \"retention\": 0.8498293515358362, \"use_primary\": true}\n"}
,{"stream_name":"stdout","time":345.120250365,"data":"SECONDARY_EDGE_TTA_ACTIVE views= 8 weight= 0.75 mean_abs_feat_delta= 0.282429\n"}
,{"stream_name":"stdout","time":345.120282652,"data":"BIOHUB_RETENTION_GUARD {\"blended_candidates\": 249, \"dataset\": \"44b6_0b24845f\", \"frame\": 32, \"minimum_retention\": 0.9, \"primary_candidates\": 293, \"retention\": 0.8498293515358362, \"use_primary\": true}\n"}
,{"stream_name":"stdout","time":345.552269685,"data":"EDGE_TTA_ACTIVE views= 8 mean_abs_feat_delta= 0.339086\n"}
,{"stream_name":"stdout","time":345.75479011,"data":"EDGE_TTA_ACTIVE views= 8 mean_abs_feat_delta= 0.339086\n"}
,{"stream_name":"stdout","time":345.991036472,"data":"EDGE_TTA_ACTIVE views= 8 mean_abs_feat_delta= 0.364903\n"}
,{"stream_name":"stdout","time":346.193454354,"data":"EDGE_TTA_ACTIVE views= 8 mean_abs_feat_delta= 0.364903\n"}
,{"stream_name":"stdout","time":346.481663523,"data":"SECONDARY_EDGE_TTA_ACTIVE views= 8 weight= 0.75 mean_abs_feat_delta= 0.251129\n"}
,{"stream_name":"stdout","time":346.684026227,"data":"SECONDARY_EDGE_TTA_ACTIVE views= 8 weight= 0.75 mean_abs_feat_delta= 0.251129\n"}
,{"stream_name":"stdout","time":346.902304678,"data":"SECONDARY_EDGE_TTA_ACTIVE views= 8 weight= 0.75 mean_abs_feat_delta= 0.280468\n"}
,{"stream_name":"stdout","time":346.906448593,"data":"BIOHUB_RETENTION_GUARD {\"blended_candidates\": 234, \"dataset\": \"44b6_0b24845f\", \"frame\": 33, \"minimum_retention\": 0.9, \"primary_candidates\": 276, \"retention\": 0.8478260869565217, \"use_primary\": true}\n"}
,{"stream_name":"stdout","time":347.104886788,"data":"SECONDARY_EDGE_TTA_ACTIVE views= 8 weight= 0.75 mean_abs_feat_delta= 0.280468\n"}
,{"stream_name":"stdout","time":347.10492141,"data":"BIOHUB_RETENTION_GUARD {\"blended_candidates\": 234, \"dataset\": \"44b6_0b24845f\", \"frame\": 33, \"minimum_retention\": 0.9, \"primary_candidates\": 276, \"retention\": 0.8478260869565217, \"use_primary\": true}\n"}
,{"stream_name":"stdout","time":347.528300807,"data":"EDGE_TTA_ACTIVE views= 8 mean_abs_feat_delta= 0.336421\n"}
,{"stream_name":"stdout","time":347.730694758,"data":"EDGE_TTA_ACTIVE views= 8 mean_abs_feat_delta= 0.336421\n"}
,{"stream_name":"stdout","time":347.915687905,"data":"EDGE_TTA_ACTIVE views= 8 mean_abs_feat_delta= 0.364198\n"}
,{"stream_name":"stdout","time":348.118067188,"data":"EDGE_TTA_ACTIVE views= 8 mean_abs_feat_delta= 0.364198\n"}
,{"stream_name":"stdout","time":348.460995837,"data":"SECONDARY_EDGE_TTA_ACTIVE views= 8 weight= 0.75 mean_abs_feat_delta= 0.248917\n"}
,{"stream_name":"stdout","time":348.663630384,"data":"SECONDARY_EDGE_TTA_ACTIVE views= 8 weight= 0.75 mean_abs_feat_delta= 0.248917\n"}
,{"stream_name":"stdout","time":348.827073426,"data":"SECONDARY_EDGE_TTA_ACTIVE views= 8 weight= 0.75 mean_abs_feat_delta= 0.273313\n"}
,{"stream_name":"stdout","time":349.029597641,"data":"SECONDARY_EDGE_TTA_ACTIVE views= 8 weight= 0.75 mean_abs_feat_delta= 0.273313\n"}
,{"stream_name":"stdout","time":349.494358445,"data":"EDGE_TTA_ACTIVE views= 8 mean_abs_feat_delta= 0.329875\n"}
,{"stream_name":"stdout","time":349.69678206,"data":"EDGE_TTA_ACTIVE views= 8 mean_abs_feat_delta= 0.329875\n"}
,{"stream_name":"stdout","time":349.865830776,"data":"EDGE_TTA_ACTIVE views= 8 mean_abs_feat_delta= 0.362852\n"}
,{"stream_name":"stdout","time":350.068078819,"data":"EDGE_TTA_ACTIVE views= 8 mean_abs_feat_delta= 0.362852\n"}
,{"stream_name":"stdout","time":350.450753143,"data":"SECONDARY_EDGE_TTA_ACTIVE views= 8 weight= 0.75 mean_abs_feat_delta= 0.248317\n"}
,{"stream_name":"stdout","time":350.653155089,"data":"SECONDARY_EDGE_TTA_ACTIVE views= 8 weight= 0.75 mean_abs_feat_delta= 0.248317\n"}
,{"stream_name":"stdout","time":350.777761565,"data":"SECONDARY_EDGE_TTA_ACTIVE views= 8 weight= 0.75 mean_abs_feat_delta= 0.27435\n"}
,{"stream_name":"stdout","time":350.98018584,"data":"SECONDARY_EDGE_TTA_ACTIVE views= 8 weight= 0.75 mean_abs_feat_delta= 0.27435\n"}
,{"stream_name":"stdout","time":351.498256907,"data":"EDGE_TTA_ACTIVE views= 8 mean_abs_feat_delta= 0.328572\n"}
,{"stream_name":"stdout","time":351.700771036,"data":"EDGE_TTA_ACTIVE views= 8 mean_abs_feat_delta= 0.328572\n"}
,{"stream_name":"stdout","time":351.810767314,"data":"EDGE_TTA_ACTIVE views= 8 mean_abs_feat_delta= 0.373852\n"}
,{"stream_name":"stdout","time":352.013232305,"data":"EDGE_TTA_ACTIVE views= 8 mean_abs_feat_delta= 0.373852\n"}
,{"stream_name":"stdout","time":352.43688584,"data":"SECONDARY_EDGE_TTA_ACTIVE views= 8 weight= 0.75 mean_abs_feat_delta= 0.247468\n"}
,{"stream_name":"stdout","time":352.639490938,"data":"SECONDARY_EDGE_TTA_ACTIVE views= 8 weight= 0.75 mean_abs_feat_delta= 0.247468\n"}
,{"stream_name":"stdout","time":352.727188949,"data":"SECONDARY_EDGE_TTA_ACTIVE views= 8 weight= 0.75 mean_abs_feat_delta= 0.28122\n"}
,{"stream_name":"stdout","time":352.92954556,"data":"SECONDARY_EDGE_TTA_ACTIVE views= 8 weight= 0.75 mean_abs_feat_delta= 0.28122\n"}
,{"stream_name":"stdout","time":353.483308791,"data":"EDGE_TTA_ACTIVE views= 8 mean_abs_feat_delta= 0.326071\n"}
,{"stream_name":"stdout","time":353.685663955,"data":"EDGE_TTA_ACTIVE views= 8 mean_abs_feat_delta= 0.326071\n"}
,{"stream_name":"stdout","time":353.799914994,"data":"EDGE_TTA_ACTIVE views= 8 mean_abs_feat_delta= 0.368966\n"}
,{"stream_name":"stdout","time":354.002360237,"data":"EDGE_TTA_ACTIVE views= 8 mean_abs_feat_delta= 0.368966\n"}
,{"stream_name":"stdout","time":354.424654882,"data":"SECONDARY_EDGE_TTA_ACTIVE views= 8 weight= 0.75 mean_abs_feat_delta= 0.246968\n"}
,{"stream_name":"stdout","time":354.627093546,"data":"SECONDARY_EDGE_TTA_ACTIVE views= 8 weight= 0.75 mean_abs_feat_delta= 0.246968\n"}
,{"stream_name":"stdout","time":354.713180149,"data":"SECONDARY_EDGE_TTA_ACTIVE views= 8 weight= 0.75 mean_abs_feat_delta= 0.277064\n"}
,{"stream_name":"stdout","time":354.915557524,"data":"SECONDARY_EDGE_TTA_ACTIVE views= 8 weight= 0.75 mean_abs_feat_delta= 0.277064\n"}
,{"stream_name":"stdout","time":355.469850581,"data":"EDGE_TTA_ACTIVE views= 8 mean_abs_feat_delta= 0.328178\n"}
,{"stream_name":"stdout","time":355.672417463,"data":"EDGE_TTA_ACTIVE views= 8 mean_abs_feat_delta= 0.328178\n"}
,{"stream_name":"stdout","time":355.785018281,"data":"EDGE_TTA_ACTIVE views= 8 mean_abs_feat_delta= 0.366559\n"}
,{"stream_name":"stdout","time":355.987495707,"data":"EDGE_TTA_ACTIVE views= 8 mean_abs_feat_delta= 0.366559\n"}
,{"stream_name":"stdout","time":356.418415669,"data":"SECONDARY_EDGE_TTA_ACTIVE views= 8 weight= 0.75 mean_abs_feat_delta= 0.250361\n"}
,{"stream_name":"stdout","time":356.621047726,"data":"SECONDARY_EDGE_TTA_ACTIVE views= 8 weight= 0.75 mean_abs_feat_delta= 0.250361\n"}
,{"stream_name":"stdout","time":356.702000649,"data":"SECONDARY_EDGE_TTA_ACTIVE views= 8 weight= 0.75 mean_abs_feat_delta= 0.274933\n"}
,{"stream_name":"stdout","time":356.904614992,"data":"SECONDARY_EDGE_TTA_ACTIVE views= 8 weight= 0.75 mean_abs_feat_delta= 0.274933\n"}
,{"stream_name":"stdout","time":357.47513667,"data":"EDGE_TTA_ACTIVE views= 8 mean_abs_feat_delta= 0.331242\n"}
,{"stream_name":"stdout","time":357.677577179,"data":"EDGE_TTA_ACTIVE views= 8 mean_abs_feat_delta= 0.331242\n"}
,{"stream_name":"stdout","time":357.74108692,"data":"EDGE_TTA_ACTIVE views= 8 mean_abs_feat_delta= 0.370597\n"}
,{"stream_name":"stdout","time":357.943492678,"data":"EDGE_TTA_ACTIVE views= 8 mean_abs_feat_delta= 0.370597\n"}
,{"stream_name":"stdout","time":358.429664665,"data":"SECONDARY_EDGE_TTA_ACTIVE views= 8 weight= 0.75 mean_abs_feat_delta= 0.24375\n"}
,{"stream_name":"stdout","time":358.63202604,"data":"SECONDARY_EDGE_TTA_ACTIVE views= 8 weight= 0.75 mean_abs_feat_delta= 0.24375\n"}
,{"stream_name":"stdout","time":358.662647871,"data":"SECONDARY_EDGE_TTA_ACTIVE views= 8 weight= 0.75 mean_abs_feat_delta= 0.278308\n"}
,{"stream_name":"stdout","time":358.865062259,"data":"SECONDARY_EDGE_TTA_ACTIVE views= 8 weight= 0.75 mean_abs_feat_delta= 0.278308\n"}
,{"stream_name":"stdout","time":359.477216578,"data":"EDGE_TTA_ACTIVE views= 8 mean_abs_feat_delta= 0.332742\n"}
,{"stream_name":"stdout","time":359.679648547,"data":"EDGE_TTA_ACTIVE views= 8 mean_abs_feat_delta= 0.332742\n"}
,{"stream_name":"stdout","time":359.700614509,"data":"EDGE_TTA_ACTIVE views= 8 mean_abs_feat_delta= 0.372674\n"}
,{"stream_name":"stdout","time":359.902857735,"data":"EDGE_TTA_ACTIVE views= 8 mean_abs_feat_delta= 0.372674\n"}
,{"stream_name":"stdout","time":360.430380338,"data":"SECONDARY_EDGE_TTA_ACTIVE views= 8 weight= 0.75 mean_abs_feat_delta= 0.239566\n"}
,{"stream_name":"stdout","time":360.632792538,"data":"SECONDARY_EDGE_TTA_ACTIVE views= 8 weight= 0.75 mean_abs_feat_delta= 0.239566\n"}
,{"stream_name":"stdout","time":360.638483401,"data":"SECONDARY_EDGE_TTA_ACTIVE views= 8 weight= 0.75 mean_abs_feat_delta= 0.285352\n"}
,{"stream_name":"stdout","time":360.840884427,"data":"SECONDARY_EDGE_TTA_ACTIVE views= 8 weight= 0.75 mean_abs_feat_delta= 0.285352\n"}
,{"stream_name":"stdout","time":361.483833758,"data":"EDGE_TTA_ACTIVE views= 8 mean_abs_feat_delta= 0.325998\n"}
,{"stream_name":"stdout","time":361.686336182,"data":"EDGE_TTA_ACTIVE views= 8 mean_abs_feat_delta= 0.325998\n"}
,{"stream_name":"stdout","time":361.700159782,"data":"EDGE_TTA_ACTIVE views= 8 mean_abs_feat_delta= 0.367938\n"}
,{"stream_name":"stdout","time":361.903856881,"data":"EDGE_TTA_ACTIVE views= 8 mean_abs_feat_delta= 0.367938\n"}
,{"stream_name":"stdout","time":362.44028365,"data":"SECONDARY_EDGE_TTA_ACTIVE views= 8 weight= 0.75 mean_abs_feat_delta= 0.242074\n"}
,{"stream_name":"stdout","time":362.628126674,"data":"SECONDARY_EDGE_TTA_ACTIVE views= 8 weight= 0.75 mean_abs_feat_delta= 0.280788\n"}
,{"stream_name":"stdout","time":362.642554523,"data":"SECONDARY_EDGE_TTA_ACTIVE views= 8 weight= 0.75 mean_abs_feat_delta= 0.242074\n"}
,{"stream_name":"stdout","time":362.642584456,"data":"SECONDARY_EDGE_TTA_ACTIVE views= 8 weight= 0.75 mean_abs_feat_delta= 0.280788\n"}
,{"stream_name":"stdout","time":363.522596468,"data":"EDGE_TTA_ACTIVE views= 8 mean_abs_feat_delta= 0.326187\n"}
,{"stream_name":"stdout","time":363.697504454,"data":"EDGE_TTA_ACTIVE views= 8 mean_abs_feat_delta= 0.364834\n"}
,{"stream_name":"stdout","time":363.724951278,"data":"EDGE_TTA_ACTIVE views= 8 mean_abs_feat_delta= 0.326187\n"}
,{"stream_name":"stdout","time":363.724977348,"data":"EDGE_TTA_ACTIVE views= 8 mean_abs_feat_delta= 0.364834\n"}
,{"stream_name":"stdout","time":364.482293574,"data":"SECONDARY_EDGE_TTA_ACTIVE views= 8 weight= 0.75 mean_abs_feat_delta= 0.24388\n"}
,{"stream_name":"stdout","time":364.626221005,"data":"SECONDARY_EDGE_TTA_ACTIVE views= 8 weight= 0.75 mean_abs_feat_delta= 0.282166\n"}
,{"stream_name":"stdout","time":364.704581777,"data":"SECONDARY_EDGE_TTA_ACTIVE views= 8 weight= 0.75 mean_abs_feat_delta= 0.24388\n"}
,{"stream_name":"stdout","time":364.704637994,"data":"SECONDARY_EDGE_TTA_ACTIVE views= 8 weight= 0.75 mean_abs_feat_delta= 0.282166\n"}
,{"stream_name":"stdout","time":365.542512089,"data":"EDGE_TTA_ACTIVE views= 8 mean_abs_feat_delta= 0.329641\n"}
,{"stream_name":"stdout","time":365.696599057,"data":"EDGE_TTA_ACTIVE views= 8 mean_abs_feat_delta= 0.36801\n"}
,{"stream_name":"stdout","time":365.745019229,"data":"EDGE_TTA_ACTIVE views= 8 mean_abs_feat_delta= 0.329641\n"}
,{"stream_name":"stdout","time":365.745071185,"data":"EDGE_TTA_ACTIVE views= 8 mean_abs_feat_delta= 0.36801\n"}
,{"stream_name":"stdout","time":366.501745451,"data":"SECONDARY_EDGE_TTA_ACTIVE views= 8 weight= 0.75 mean_abs_feat_delta= 0.242396\n"}
,{"stream_name":"stdout","time":366.625354508,"data":"SECONDARY_EDGE_TTA_ACTIVE views= 8 weight= 0.75 mean_abs_feat_delta= 0.283823\n"}
,{"stream_name":"stdout","time":366.704144185,"data":"SECONDARY_EDGE_TTA_ACTIVE views= 8 weight= 0.75 mean_abs_feat_delta= 0.242396\n"}
,{"stream_name":"stdout","time":366.704170506,"data":"SECONDARY_EDGE_TTA_ACTIVE views= 8 weight= 0.75 mean_abs_feat_delta= 0.283823\n"}
,{"stream_name":"stdout","time":367.557680895,"data":"EDGE_TTA_ACTIVE views= 8 mean_abs_feat_delta= 0.331184\n"}
,{"stream_name":"stdout","time":367.661851013,"data":"EDGE_TTA_ACTIVE views= 8 mean_abs_feat_delta= 0.367877\n"}
,{"stream_name":"stdout","time":367.760371811,"data":"EDGE_TTA_ACTIVE views= 8 mean_abs_feat_delta= 0.331184\n"}
,{"stream_name":"stdout","time":367.760438397,"data":"EDGE_TTA_ACTIVE views= 8 mean_abs_feat_delta= 0.367877\n"}
,{"stream_name":"stdout","time":368.527486327,"data":"SECONDARY_EDGE_TTA_ACTIVE views= 8 weight= 0.75 mean_abs_feat_delta= 0.24245\n"}
,{"stream_name":"stdout","time":368.595810973,"data":"SECONDARY_EDGE_TTA_ACTIVE views= 8 weight= 0.75 mean_abs_feat_delta= 0.281373\n"}
,{"stream_name":"stdout","time":368.730034853,"data":"SECONDARY_EDGE_TTA_ACTIVE views= 8 weight= 0.75 mean_abs_feat_delta= 0.24245\n"}
,{"stream_name":"stdout","time":368.730072749,"data":"SECONDARY_EDGE_TTA_ACTIVE views= 8 weight= 0.75 mean_abs_feat_delta= 0.281373\n"}
,{"stream_name":"stdout","time":369.619805444,"data":"EDGE_TTA_ACTIVE views= 8 mean_abs_feat_delta= 0.330506\n"}
,{"stream_name":"stdout","time":369.66619711,"data":"EDGE_TTA_ACTIVE views= 8 mean_abs_feat_delta= 0.368248\n"}
,{"stream_name":"stdout","time":369.822187907,"data":"EDGE_TTA_ACTIVE views= 8 mean_abs_feat_delta= 0.330506\n"}
,{"stream_name":"stdout","time":369.822215627,"data":"EDGE_TTA_ACTIVE views= 8 mean_abs_feat_delta= 0.368248\n"}
,{"stream_name":"stdout","time":370.595015017,"data":"SECONDARY_EDGE_TTA_ACTIVE views= 8 weight= 0.75 mean_abs_feat_delta= 0.246663\n"}
,{"stream_name":"stdout","time":370.59979041,"data":"SECONDARY_EDGE_TTA_ACTIVE views= 8 weight= 0.75 mean_abs_feat_delta= 0.281151\n"}
,{"stream_name":"stdout","time":370.797464282,"data":"SECONDARY_EDGE_TTA_ACTIVE views= 8 weight= 0.75 mean_abs_feat_delta= 0.246663\n"}
,{"stream_name":"stdout","time":370.797499417,"data":"SECONDARY_EDGE_TTA_ACTIVE views= 8 weight= 0.75 mean_abs_feat_delta= 0.281151\n"}
,{"stream_name":"stdout","time":371.654900675,"data":"EDGE_TTA_ACTIVE views= 8 mean_abs_feat_delta= 0.366473\n"}
,{"stream_name":"stdout","time":371.690491326,"data":"EDGE_TTA_ACTIVE views= 8 mean_abs_feat_delta= 0.326851\n"}
,{"stream_name":"stdout","time":371.857104986,"data":"EDGE_TTA_ACTIVE views= 8 mean_abs_feat_delta= 0.366473\n"}
,{"stream_name":"stdout","time":371.857131072,"data":"EDGE_TTA_ACTIVE views= 8 mean_abs_feat_delta= 0.326851\n"}
,{"stream_name":"stdout","time":372.594593677,"data":"SECONDARY_EDGE_TTA_ACTIVE views= 8 weight= 0.75 mean_abs_feat_delta= 0.288338\n"}
,{"stream_name":"stdout","time":372.667521005,"data":"SECONDARY_EDGE_TTA_ACTIVE views= 8 weight= 0.75 mean_abs_feat_delta= 0.248161\n"}
,{"stream_name":"stdout","time":372.79657125,"data":"SECONDARY_EDGE_TTA_ACTIVE views= 8 weight= 0.75 mean_abs_feat_delta= 0.288338\n"}
,{"stream_name":"stdout","time":372.796606167,"data":"SECONDARY_EDGE_TTA_ACTIVE views= 8 weight= 0.75 mean_abs_feat_delta= 0.248161\n"}
,{"stream_name":"stdout","time":373.646346442,"data":"EDGE_TTA_ACTIVE views= 8 mean_abs_feat_delta= 0.369227\n"}
,{"stream_name":"stdout","time":373.755927121,"data":"EDGE_TTA_ACTIVE views= 8 mean_abs_feat_delta= 0.32759\n"}
,{"stream_name":"stdout","time":373.848701581,"data":"EDGE_TTA_ACTIVE views= 8 mean_abs_feat_delta= 0.369227\n"}
,{"stream_name":"stdout","time":373.848769145,"data":"EDGE_TTA_ACTIVE views= 8 mean_abs_feat_delta= 0.32759\n"}
,{"stream_name":"stdout","time":374.584194153,"data":"SECONDARY_EDGE_TTA_ACTIVE views= 8 weight= 0.75 mean_abs_feat_delta= 0.292434\n"}
,{"stream_name":"stdout","time":374.588050083,"data":"BIOHUB_RETENTION_GUARD {\"blended_candidates\": 264, \"dataset\": \"44b6_0b24845f\", \"frame\": 47, \"minimum_retention\": 0.9, \"primary_candidates\": 307, \"retention\": 0.8599348534201955, \"use_primary\": true}\n"}
,{"stream_name":"stdout","time":374.735756499,"data":"SECONDARY_EDGE_TTA_ACTIVE views= 8 weight= 0.75 mean_abs_feat_delta= 0.244572\n"}
,{"stream_name":"stdout","time":374.786470174,"data":"SECONDARY_EDGE_TTA_ACTIVE views= 8 weight= 0.75 mean_abs_feat_delta= 0.292434\n"}
,{"stream_name":"stdout","time":374.786499293,"data":"BIOHUB_RETENTION_GUARD {\"blended_candidates\": 264, \"dataset\": \"44b6_0b24845f\", \"frame\": 47, \"minimum_retention\": 0.9, \"primary_candidates\": 307, \"retention\": 0.8599348534201955, \"use_primary\": true}\n"}
,{"stream_name":"stdout","time":374.786506667,"data":"SECONDARY_EDGE_TTA_ACTIVE views= 8 weight= 0.75 mean_abs_feat_delta= 0.244572\n"}
,{"stream_name":"stdout","time":375.663968467,"data":"EDGE_TTA_ACTIVE views= 8 mean_abs_feat_delta= 0.376915\n"}
,{"stream_name":"stdout","time":375.848971389,"data":"EDGE_TTA_ACTIVE views= 8 mean_abs_feat_delta= 0.323605\n"}
,{"stream_name":"stdout","time":375.866689753,"data":"EDGE_TTA_ACTIVE views= 8 mean_abs_feat_delta= 0.376915\n"}
,{"stream_name":"stdout","time":375.86676657,"data":"EDGE_TTA_ACTIVE views= 8 mean_abs_feat_delta= 0.323605\n"}
,{"stream_name":"stdout","time":376.606044987,"data":"SECONDARY_EDGE_TTA_ACTIVE views= 8 weight= 0.75 mean_abs_feat_delta= 0.288129\n"}
,{"stream_name":"stdout","time":376.808510343,"data":"SECONDARY_EDGE_TTA_ACTIVE views= 8 weight= 0.75 mean_abs_feat_delta= 0.288129\n"}
,{"stream_name":"stdout","time":376.82976942,"data":"SECONDARY_EDGE_TTA_ACTIVE views= 8 weight= 0.75 mean_abs_feat_delta= 0.244253\n"}
,{"stream_name":"stdout","time":377.031794678,"data":"SECONDARY_EDGE_TTA_ACTIVE views= 8 weight= 0.75 mean_abs_feat_delta= 0.244253\n"}
,{"stream_name":"stdout","time":377.655883004,"data":"EDGE_TTA_ACTIVE views= 8 mean_abs_feat_delta= 0.373149\n"}
,{"stream_name":"stdout","time":377.858326561,"data":"EDGE_TTA_ACTIVE views= 8 mean_abs_feat_delta= 0.373149\n"}
,{"stream_name":"stdout","time":377.906316137,"data":"EDGE_TTA_ACTIVE views= 8 mean_abs_feat_delta= 0.332571\n"}
,{"stream_name":"stdout","time":378.108584138,"data":"EDGE_TTA_ACTIVE views= 8 mean_abs_feat_delta= 0.332571\n"}
,{"stream_name":"stdout","time":378.599989973,"data":"SECONDARY_EDGE_TTA_ACTIVE views= 8 weight= 0.75 mean_abs_feat_delta= 0.299885\n"}
,{"stream_name":"stdout","time":378.802384304,"data":"SECONDARY_EDGE_TTA_ACTIVE views= 8 weight= 0.75 mean_abs_feat_delta= 0.299885\n"}
,{"stream_name":"stdout","time":378.879692879,"data":"SECONDARY_EDGE_TTA_ACTIVE views= 8 weight= 0.75 mean_abs_feat_delta= 0.251298\n"}
,{"stream_name":"stdout","time":379.081868255,"data":"SECONDARY_EDGE_TTA_ACTIVE views= 8 weight= 0.75 mean_abs_feat_delta= 0.251298\n"}
,{"stream_name":"stdout","time":379.650342103,"data":"EDGE_TTA_ACTIVE views= 8 mean_abs_feat_delta= 0.373289\n"}
,{"stream_name":"stdout","time":379.853008173,"data":"EDGE_TTA_ACTIVE views= 8 mean_abs_feat_delta= 0.373289\n"}
,{"stream_name":"stdout","time":379.99287221,"data":"EDGE_TTA_ACTIVE views= 8 mean_abs_feat_delta= 0.328319\n"}
,{"stream_name":"stdout","time":380.19532154,"data":"EDGE_TTA_ACTIVE views= 8 mean_abs_feat_delta= 0.328319\n"}
,{"stream_name":"stdout","time":380.600674679,"data":"SECONDARY_EDGE_TTA_ACTIVE views= 8 weight= 0.75 mean_abs_feat_delta= 0.305548\n"}
,{"stream_name":"stdout","time":380.604771529,"data":"BIOHUB_RETENTION_GUARD {\"blended_candidates\": 253, \"dataset\": \"44b6_0b24845f\", \"frame\": 50, \"minimum_retention\": 0.9, \"primary_candidates\": 285, \"retention\": 0.887719298245614, \"use_primary\": true}\n"}
,{"stream_name":"stdout","time":380.803065603,"data":"SECONDARY_EDGE_TTA_ACTIVE views= 8 weight= 0.75 mean_abs_feat_delta= 0.305548\n"}
,{"stream_name":"stdout","time":380.803117464,"data":"BIOHUB_RETENTION_GUARD {\"blended_candidates\": 253, \"dataset\": \"44b6_0b24845f\", \"frame\": 50, \"minimum_retention\": 0.9, \"primary_candidates\": 285, \"retention\": 0.887719298245614, \"use_primary\": true}\n"}
,{"stream_name":"stdout","time":380.966756576,"data":"SECONDARY_EDGE_TTA_ACTIVE views= 8 weight= 0.75 mean_abs_feat_delta= 0.241945\n"}
,{"stream_name":"stdout","time":381.16917901,"data":"SECONDARY_EDGE_TTA_ACTIVE views= 8 weight= 0.75 mean_abs_feat_delta= 0.241945\n"}
,{"stream_name":"stdout","time":381.682587504,"data":"EDGE_TTA_ACTIVE views= 8 mean_abs_feat_delta= 0.372374\n"}
,{"stream_name":"stdout","time":381.884909898,"data":"EDGE_TTA_ACTIVE views= 8 mean_abs_feat_delta= 0.372374\n"}
,{"stream_name":"stdout","time":382.088112253,"data":"EDGE_TTA_ACTIVE views= 8 mean_abs_feat_delta= 0.327289\n"}
,{"stream_name":"stdout","time":382.290588613,"data":"EDGE_TTA_ACTIVE views= 8 mean_abs_feat_delta= 0.327289\n"}
,{"stream_name":"stdout","time":382.624791716,"data":"SECONDARY_EDGE_TTA_ACTIVE views= 8 weight= 0.75 mean_abs_feat_delta= 0.296505\n"}
,{"stream_name":"stdout","time":382.62896836,"data":"BIOHUB_RETENTION_GUARD {\"blended_candidates\": 321, \"dataset\": \"44b6_0b24845f\", \"frame\": 51, \"minimum_retention\": 0.9, \"primary_candidates\": 361, \"retention\": 0.889196675900277, \"use_primary\": true}\n"}
,{"stream_name":"stdout","time":382.827331064,"data":"SECONDARY_EDGE_TTA_ACTIVE views= 8 weight= 0.75 mean_abs_feat_delta= 0.296505\n"}
,{"stream_name":"stdout","time":382.827383096,"data":"BIOHUB_RETENTION_GUARD {\"blended_candidates\": 321, \"dataset\": \"44b6_0b24845f\", \"frame\": 51, \"minimum_retention\": 0.9, \"primary_candidates\": 361, \"retention\": 0.889196675900277, \"use_primary\": true}\n"}
,{"stream_name":"stdout","time":383.079237435,"data":"SECONDARY_EDGE_TTA_ACTIVE views= 8 weight= 0.75 mean_abs_feat_delta= 0.241039\n"}
,{"stream_name":"stdout","time":383.281681186,"data":"SECONDARY_EDGE_TTA_ACTIVE views= 8 weight= 0.75 mean_abs_feat_delta= 0.241039\n"}
,{"stream_name":"stdout","time":383.694210496,"data":"EDGE_TTA_ACTIVE views= 8 mean_abs_feat_delta= 0.36791\n"}
,{"stream_name":"stdout","time":383.896757833,"data":"EDGE_TTA_ACTIVE views= 8 mean_abs_feat_delta= 0.36791\n"}
,{"stream_name":"stdout","time":384.172942241,"data":"EDGE_TTA_ACTIVE views= 8 mean_abs_feat_delta= 0.337614\n"}
,{"stream_name":"stdout","time":384.375495292,"data":"EDGE_TTA_ACTIVE views= 8 mean_abs_feat_delta= 0.337614\n"}
,{"stream_name":"stdout","time":384.644813397,"data":"SECONDARY_EDGE_TTA_ACTIVE views= 8 weight= 0.75 mean_abs_feat_delta= 0.295986\n"}
,{"stream_name":"stdout","time":384.84723629,"data":"SECONDARY_EDGE_TTA_ACTIVE views= 8 weight= 0.75 mean_abs_feat_delta= 0.295986\n"}
,{"stream_name":"stdout","time":385.165848329,"data":"SECONDARY_EDGE_TTA_ACTIVE views= 8 weight= 0.75 mean_abs_feat_delta= 0.250851\n"}
,{"stream_name":"stdout","time":385.368479381,"data":"SECONDARY_EDGE_TTA_ACTIVE views= 8 weight= 0.75 mean_abs_feat_delta= 0.250851\n"}
,{"stream_name":"stdout","time":385.768989492,"data":"EDGE_TTA_ACTIVE views= 8 mean_abs_feat_delta= 0.370709\n"}
,{"stream_name":"stdout","time":385.971378517,"data":"EDGE_TTA_ACTIVE views= 8 mean_abs_feat_delta= 0.370709\n"}
,{"stream_name":"stdout","time":386.318777595,"data":"EDGE_TTA_ACTIVE views= 8 mean_abs_feat_delta= 0.338693\n"}
,{"stream_name":"stdout","time":386.521061172,"data":"EDGE_TTA_ACTIVE views= 8 mean_abs_feat_delta= 0.338693\n"}
,{"stream_name":"stdout","time":386.722506807,"data":"SECONDARY_EDGE_TTA_ACTIVE views= 8 weight= 0.75 mean_abs_feat_delta= 0.30285\n"}
,{"stream_name":"stdout","time":386.726411053,"data":"BIOHUB_RETENTION_GUARD {\"blended_candidates\": 305, \"dataset\": \"44b6_0b24845f\", \"frame\": 53, \"minimum_retention\": 0.9, \"primary_candidates\": 342, \"retention\": 0.8918128654970761, \"use_primary\": true}\n"}
,{"stream_name":"stdout","time":386.924766811,"data":"SECONDARY_EDGE_TTA_ACTIVE views= 8 weight= 0.75 mean_abs_feat_delta= 0.30285\n"}
,{"stream_name":"stdout","time":386.924800425,"data":"BIOHUB_RETENTION_GUARD {\"blended_candidates\": 305, \"dataset\": \"44b6_0b24845f\", \"frame\": 53, \"minimum_retention\": 0.9, \"primary_candidates\": 342, \"retention\": 0.8918128654970761, \"use_primary\": true}\n"}
,{"stream_name":"stdout","time":387.315433576,"data":"SECONDARY_EDGE_TTA_ACTIVE views= 8 weight= 0.75 mean_abs_feat_delta= 0.253217\n"}
,{"stream_name":"stdout","time":387.517881989,"data":"SECONDARY_EDGE_TTA_ACTIVE views= 8 weight= 0.75 mean_abs_feat_delta= 0.253217\n"}
,{"stream_name":"stdout","time":387.825152658,"data":"EDGE_TTA_ACTIVE views= 8 mean_abs_feat_delta= 0.369503\n"}
,{"stream_name":"stdout","time":388.027469256,"data":"EDGE_TTA_ACTIVE views= 8 mean_abs_feat_delta= 0.369503\n"}
,{"stream_name":"stdout","time":388.43214421,"data":"EDGE_TTA_ACTIVE views= 8 mean_abs_feat_delta= 0.338257\n"}
,{"stream_name":"stdout","time":388.634820588,"data":"EDGE_TTA_ACTIVE views= 8 mean_abs_feat_delta= 0.338257\n"}
,{"stream_name":"stdout","time":388.780769178,"data":"SECONDARY_EDGE_TTA_ACTIVE views= 8 weight= 0.75 mean_abs_feat_delta= 0.30254\n"}
,{"stream_name":"stdout","time":388.784934038,"data":"BIOHUB_RETENTION_GUARD {\"blended_candidates\": 321, \"dataset\": \"44b6_0b24845f\", \"frame\": 54, \"minimum_retention\": 0.9, \"primary_candidates\": 362, \"retention\": 0.8867403314917127, \"use_primary\": true}\n"}
,{"stream_name":"stdout","time":388.983146658,"data":"SECONDARY_EDGE_TTA_ACTIVE views= 8 weight= 0.75 mean_abs_feat_delta= 0.30254\n"}
,{"stream_name":"stdout","time":388.983182587,"data":"BIOHUB_RETENTION_GUARD {\"blended_candidates\": 321, \"dataset\": \"44b6_0b24845f\", \"frame\": 54, \"minimum_retention\": 0.9, \"primary_candidates\": 362, \"retention\": 0.8867403314917127, \"use_primary\": true}\n"}
,{"stream_name":"stdout","time":389.424272845,"data":"SECONDARY_EDGE_TTA_ACTIVE views= 8 weight= 0.75 mean_abs_feat_delta= 0.261342\n"}
,{"stream_name":"stdout","time":389.626976142,"data":"SECONDARY_EDGE_TTA_ACTIVE views= 8 weight= 0.75 mean_abs_feat_delta= 0.261342\n"}
,{"stream_name":"stdout","time":389.882842141,"data":"EDGE_TTA_ACTIVE views= 8 mean_abs_feat_delta= 0.3697\n"}
,{"stream_name":"stdout","time":390.085374822,"data":"EDGE_TTA_ACTIVE views= 8 mean_abs_feat_delta= 0.3697\n"}
,{"stream_name":"stdout","time":390.564454062,"data":"EDGE_TTA_ACTIVE views= 8 mean_abs_feat_delta= 0.33887\n"}
,{"stream_name":"stdout","time":390.767203582,"data":"EDGE_TTA_ACTIVE views= 8 mean_abs_feat_delta= 0.33887\n"}
,{"stream_name":"stdout","time":390.83228602,"data":"SECONDARY_EDGE_TTA_ACTIVE views= 8 weight= 0.75 mean_abs_feat_delta= 0.304896\n"}
,{"stream_name":"stdout","time":391.034539923,"data":"SECONDARY_EDGE_TTA_ACTIVE views= 8 weight= 0.75 mean_abs_feat_delta= 0.304896\n"}
,{"stream_name":"stdout","time":391.555177908,"data":"SECONDARY_EDGE_TTA_ACTIVE views= 8 weight= 0.75 mean_abs_feat_delta= 0.263655\n"}
,{"stream_name":"stdout","time":391.758065027,"data":"SECONDARY_EDGE_TTA_ACTIVE views= 8 weight= 0.75 mean_abs_feat_delta= 0.263655\n"}
,{"stream_name":"stdout","time":391.975627163,"data":"EDGE_TTA_ACTIVE views= 8 mean_abs_feat_delta= 0.37301\n"}
,{"stream_name":"stdout","time":392.178085107,"data":"EDGE_TTA_ACTIVE views= 8 mean_abs_feat_delta= 0.37301\n"}
,{"stream_name":"stdout","time":392.642781654,"data":"EDGE_TTA_ACTIVE views= 8 mean_abs_feat_delta= 0.339106\n"}
,{"stream_name":"stdout","time":392.845304472,"data":"EDGE_TTA_ACTIVE views= 8 mean_abs_feat_delta= 0.339106\n"}
,{"stream_name":"stdout","time":392.922648345,"data":"SECONDARY_EDGE_TTA_ACTIVE views= 8 weight= 0.75 mean_abs_feat_delta= 0.308335\n"}
,{"stream_name":"stdout","time":393.125004539,"data":"SECONDARY_EDGE_TTA_ACTIVE views= 8 weight= 0.75 mean_abs_feat_delta= 0.308335\n"}
,{"stream_name":"stdout","time":393.624432179,"data":"SECONDARY_EDGE_TTA_ACTIVE views= 8 weight= 0.75 mean_abs_feat_delta= 0.264049\n"}
,{"stream_name":"stdout","time":393.826846906,"data":"SECONDARY_EDGE_TTA_ACTIVE views= 8 weight= 0.75 mean_abs_feat_delta= 0.264049\n"}
,{"stream_name":"stdout","time":394.005974302,"data":"EDGE_TTA_ACTIVE views= 8 mean_abs_feat_delta= 0.367347\n"}
,{"stream_name":"stdout","time":394.208614972,"data":"EDGE_TTA_ACTIVE views= 8 mean_abs_feat_delta= 0.367347\n"}
,{"stream_name":"stdout","time":394.706155523,"data":"EDGE_TTA_ACTIVE views= 8 mean_abs_feat_delta= 0.341611\n"}
,{"stream_name":"stdout","time":394.930955788,"data":"EDGE_TTA_ACTIVE views= 8 mean_abs_feat_delta= 0.341611\n"}
,{"stream_name":"stdout","time":394.953268926,"data":"SECONDARY_EDGE_TTA_ACTIVE views= 8 weight= 0.75 mean_abs_feat_delta= 0.3079\n"}
,{"stream_name":"stdout","time":395.155990205,"data":"SECONDARY_EDGE_TTA_ACTIVE views= 8 weight= 0.75 mean_abs_feat_delta= 0.3079\n"}
,{"stream_name":"stdout","time":395.682584986,"data":"SECONDARY_EDGE_TTA_ACTIVE views= 8 weight= 0.75 mean_abs_feat_delta= 0.262185\n"}
,{"stream_name":"stdout","time":395.885033538,"data":"SECONDARY_EDGE_TTA_ACTIVE views= 8 weight= 0.75 mean_abs_feat_delta= 0.262185\n"}
,{"stream_name":"stdout","time":396.022763305,"data":"EDGE_TTA_ACTIVE views= 8 mean_abs_feat_delta= 0.36398\n"}
,{"stream_name":"stdout","time":396.225207877,"data":"EDGE_TTA_ACTIVE views= 8 mean_abs_feat_delta= 0.36398\n"}
,{"stream_name":"stdout","time":396.755308977,"data":"EDGE_TTA_ACTIVE views= 8 mean_abs_feat_delta= 0.346143\n"}
,{"stream_name":"stdout","time":396.957831146,"data":"EDGE_TTA_ACTIVE views= 8 mean_abs_feat_delta= 0.346143\n"}
,{"stream_name":"stdout","time":396.965448482,"data":"SECONDARY_EDGE_TTA_ACTIVE views= 8 weight= 0.75 mean_abs_feat_delta= 0.304751\n"}
,{"stream_name":"stdout","time":396.969622675,"data":"BIOHUB_RETENTION_GUARD {\"blended_candidates\": 263, \"dataset\": \"44b6_0b24845f\", \"frame\": 58, \"minimum_retention\": 0.9, \"primary_candidates\": 312, \"retention\": 0.842948717948718, \"use_primary\": true}\n"}
,{"stream_name":"stdout","time":397.167885307,"data":"SECONDARY_EDGE_TTA_ACTIVE views= 8 weight= 0.75 mean_abs_feat_delta= 0.304751\n"}
,{"stream_name":"stdout","time":397.167920971,"data":"BIOHUB_RETENTION_GUARD {\"blended_candidates\": 263, \"dataset\": \"44b6_0b24845f\", \"frame\": 58, \"minimum_retention\": 0.9, \"primary_candidates\": 312, \"retention\": 0.842948717948718, \"use_primary\": true}\n"}
,{"stream_name":"stdout","time":397.728072946,"data":"SECONDARY_EDGE_TTA_ACTIVE views= 8 weight= 0.75 mean_abs_feat_delta= 0.257653\n"}
,{"stream_name":"stdout","time":397.930750311,"data":"SECONDARY_EDGE_TTA_ACTIVE views= 8 weight= 0.75 mean_abs_feat_delta= 0.257653\n"}
,{"stream_name":"stdout","time":398.077214148,"data":"EDGE_TTA_ACTIVE views= 8 mean_abs_feat_delta= 0.366206\n"}
,{"stream_name":"stdout","time":398.280065624,"data":"EDGE_TTA_ACTIVE views= 8 mean_abs_feat_delta= 0.366206\n"}
,{"stream_name":"stdout","time":398.832904981,"data":"EDGE_TTA_ACTIVE views= 8 mean_abs_feat_delta= 0.340083\n"}
,{"stream_name":"stdout","time":399.015139026,"data":"SECONDARY_EDGE_TTA_ACTIVE views= 8 weight= 0.75 mean_abs_feat_delta= 0.300835\n"}
,{"stream_name":"stdout","time":399.019389394,"data":"BIOHUB_RETENTION_GUARD {\"blended_candidates\": 303, \"dataset\": \"44b6_0b24845f\", \"frame\": 59, \"minimum_retention\": 0.9, \"primary_candidates\": 346, \"retention\": 0.8757225433526011, \"use_primary\": true}\n"}
,{"stream_name":"stdout","time":399.035738558,"data":"EDGE_TTA_ACTIVE views= 8 mean_abs_feat_delta= 0.340083\n"}
,{"stream_name":"stdout","time":399.035757393,"data":"SECONDARY_EDGE_TTA_ACTIVE views= 8 weight= 0.75 mean_abs_feat_delta= 0.300835\n"}
,{"stream_name":"stdout","time":399.03576338,"data":"BIOHUB_RETENTION_GUARD {\"blended_candidates\": 303, \"dataset\": \"44b6_0b24845f\", \"frame\": 59, \"minimum_retention\": 0.9, \"primary_candidates\": 346, \"retention\": 0.8757225433526011, \"use_primary\": true}\n"}
,{"stream_name":"stdout","time":399.811839739,"data":"SECONDARY_EDGE_TTA_ACTIVE views= 8 weight= 0.75 mean_abs_feat_delta= 0.252778\n"}
,{"stream_name":"stdout","time":400.014231525,"data":"SECONDARY_EDGE_TTA_ACTIVE views= 8 weight= 0.75 mean_abs_feat_delta= 0.252778\n"}
,{"stream_name":"stdout","time":400.077815937,"data":"EDGE_TTA_ACTIVE views= 8 mean_abs_feat_delta= 0.36887\n"}
,{"stream_name":"stdout","time":400.28043688,"data":"EDGE_TTA_ACTIVE views= 8 mean_abs_feat_delta= 0.36887\n"}
,{"stream_name":"stdout","time":400.88277801,"data":"EDGE_TTA_ACTIVE views= 8 mean_abs_feat_delta= 0.339203\n"}
,{"stream_name":"stdout","time":401.01210179,"data":"SECONDARY_EDGE_TTA_ACTIVE views= 8 weight= 0.75 mean_abs_feat_delta= 0.300158\n"}
,{"stream_name":"stdout","time":401.016309865,"data":"BIOHUB_RETENTION_GUARD {\"blended_candidates\": 335, \"dataset\": \"44b6_0b24845f\", \"frame\": 60, \"minimum_retention\": 0.9, \"primary_candidates\": 393, \"retention\": 0.8524173027989822, \"use_primary\": true}\n"}
,{"stream_name":"stdout","time":401.085244208,"data":"EDGE_TTA_ACTIVE views= 8 mean_abs_feat_delta= 0.339203\n"}
,{"stream_name":"stdout","time":401.085264975,"data":"SECONDARY_EDGE_TTA_ACTIVE views= 8 weight= 0.75 mean_abs_feat_delta= 0.300158\n"}
,{"stream_name":"stdout","time":401.085269428,"data":"BIOHUB_RETENTION_GUARD {\"blended_candidates\": 335, \"dataset\": \"44b6_0b24845f\", \"frame\": 60, \"minimum_retention\": 0.9, \"primary_candidates\": 393, \"retention\": 0.8524173027989822, \"use_primary\": true}\n"}
,{"stream_name":"stdout","time":401.855510449,"data":"SECONDARY_EDGE_TTA_ACTIVE views= 8 weight= 0.75 mean_abs_feat_delta= 0.255196\n"}
,{"stream_name":"stdout","time":402.058042427,"data":"SECONDARY_EDGE_TTA_ACTIVE views= 8 weight= 0.75 mean_abs_feat_delta= 0.255196\n"}
,{"stream_name":"stdout","time":402.115815441,"data":"EDGE_TTA_ACTIVE views= 8 mean_abs_feat_delta= 0.365386\n"}
,{"stream_name":"stdout","time":402.31839371,"data":"EDGE_TTA_ACTIVE views= 8 mean_abs_feat_delta= 0.365386\n"}
,{"stream_name":"stdout","time":402.963036355,"data":"EDGE_TTA_ACTIVE views= 8 mean_abs_feat_delta= 0.336994\n"}
,{"stream_name":"stdout","time":403.050383027,"data":"SECONDARY_EDGE_TTA_ACTIVE views= 8 weight= 0.75 mean_abs_feat_delta= 0.300168\n"}
,{"stream_name":"stdout","time":403.054643547,"data":"BIOHUB_RETENTION_GUARD {\"blended_candidates\": 275, \"dataset\": \"44b6_0b24845f\", \"frame\": 61, \"minimum_retention\": 0.9, \"primary_candidates\": 333, \"retention\": 0.8258258258258259, \"use_primary\": true}\n"}
,{"stream_name":"stdout","time":403.165699478,"data":"EDGE_TTA_ACTIVE views= 8 mean_abs_feat_delta= 0.336994\n"}
,{"stream_name":"stdout","time":403.165755668,"data":"SECONDARY_EDGE_TTA_ACTIVE views= 8 weight= 0.75 mean_abs_feat_delta= 0.300168\n"}
,{"stream_name":"stdout","time":403.165766647,"data":"BIOHUB_RETENTION_GUARD {\"blended_candidates\": 275, \"dataset\": \"44b6_0b24845f\", \"frame\": 61, \"minimum_retention\": 0.9, \"primary_candidates\": 333, \"retention\": 0.8258258258258259, \"use_primary\": true}\n"}
,{"stream_name":"stdout","time":403.935887845,"data":"SECONDARY_EDGE_TTA_ACTIVE views= 8 weight= 0.75 mean_abs_feat_delta= 0.255652\n"}
,{"stream_name":"stdout","time":404.13861449,"data":"SECONDARY_EDGE_TTA_ACTIVE views= 8 weight= 0.75 mean_abs_feat_delta= 0.255652\n"}
,{"stream_name":"stdout","time":404.164634258,"data":"EDGE_TTA_ACTIVE views= 8 mean_abs_feat_delta= 0.366621\n"}
,{"stream_name":"stdout","time":404.366942805,"data":"EDGE_TTA_ACTIVE views= 8 mean_abs_feat_delta= 0.366621\n"}
,{"stream_name":"stdout","time":405.062595841,"data":"EDGE_TTA_ACTIVE views= 8 mean_abs_feat_delta= 0.342499\n"}
,{"stream_name":"stdout","time":405.09506804,"data":"SECONDARY_EDGE_TTA_ACTIVE views= 8 weight= 0.75 mean_abs_feat_delta= 0.300845\n"}
,{"stream_name":"stdout","time":405.099322203,"data":"BIOHUB_RETENTION_GUARD {\"blended_candidates\": 298, \"dataset\": \"44b6_0b24845f\", \"frame\": 62, \"minimum_retention\": 0.9, \"primary_candidates\": 345, \"retention\": 0.863768115942029, \"use_primary\": true}\n"}
,{"stream_name":"stdout","time":405.265234654,"data":"EDGE_TTA_ACTIVE views= 8 mean_abs_feat_delta= 0.342499\n"}
,{"stream_name":"stdout","time":405.265305317,"data":"SECONDARY_EDGE_TTA_ACTIVE views= 8 weight= 0.75 mean_abs_feat_delta= 0.300845\n"}
,{"stream_name":"stdout","time":405.265311059,"data":"BIOHUB_RETENTION_GUARD {\"blended_candidates\": 298, \"dataset\": \"44b6_0b24845f\", \"frame\": 62, \"minimum_retention\": 0.9, \"primary_candidates\": 345, \"retention\": 0.863768115942029, \"use_primary\": true}\n"}
,{"stream_name":"stdout","time":406.028951283,"data":"SECONDARY_EDGE_TTA_ACTIVE views= 8 weight= 0.75 mean_abs_feat_delta= 0.256616\n"}
,{"stream_name":"stdout","time":406.151460777,"data":"EDGE_TTA_ACTIVE views= 8 mean_abs_feat_delta= 0.373908\n"}
,{"stream_name":"stdout","time":406.231551709,"data":"SECONDARY_EDGE_TTA_ACTIVE views= 8 weight= 0.75 mean_abs_feat_delta= 0.256616\n"}
,{"stream_name":"stdout","time":406.231584387,"data":"EDGE_TTA_ACTIVE views= 8 mean_abs_feat_delta= 0.373908\n"}
,{"stream_name":"stdout","time":407.080987626,"data":"SECONDARY_EDGE_TTA_ACTIVE views= 8 weight= 0.75 mean_abs_feat_delta= 0.303221\n"}
,{"stream_name":"stdout","time":407.113744609,"data":"EDGE_TTA_ACTIVE views= 8 mean_abs_feat_delta= 0.346059\n"}
,{"stream_name":"stdout","time":407.28330999,"data":"SECONDARY_EDGE_TTA_ACTIVE views= 8 weight= 0.75 mean_abs_feat_delta= 0.303221\n"}
,{"stream_name":"stdout","time":407.283341796,"data":"EDGE_TTA_ACTIVE views= 8 mean_abs_feat_delta= 0.346059\n"}
,{"stream_name":"stdout","time":408.074045321,"data":"SECONDARY_EDGE_TTA_ACTIVE views= 8 weight= 0.75 mean_abs_feat_delta= 0.257121\n"}
,{"stream_name":"stdout","time":408.16974372,"data":"EDGE_TTA_ACTIVE views= 8 mean_abs_feat_delta= 0.368494\n"}
,{"stream_name":"stdout","time":408.276571344,"data":"SECONDARY_EDGE_TTA_ACTIVE views= 8 weight= 0.75 mean_abs_feat_delta= 0.257121\n"}
,{"stream_name":"stdout","time":408.27660541,"data":"EDGE_TTA_ACTIVE views= 8 mean_abs_feat_delta= 0.368494\n"}
,{"stream_name":"stdout","time":409.096373177,"data":"SECONDARY_EDGE_TTA_ACTIVE views= 8 weight= 0.75 mean_abs_feat_delta= 0.299317\n"}
,{"stream_name":"stdout","time":409.10046621,"data":"BIOHUB_RETENTION_GUARD {\"blended_candidates\": 295, \"dataset\": \"44b6_0b24845f\", \"frame\": 64, \"minimum_retention\": 0.9, \"primary_candidates\": 344, \"retention\": 0.8575581395348837, \"use_primary\": true}\n"}
,{"stream_name":"stdout","time":409.142201406,"data":"EDGE_TTA_ACTIVE views= 8 mean_abs_feat_delta= 0.346159\n"}
,{"stream_name":"stdout","time":409.299136729,"data":"SECONDARY_EDGE_TTA_ACTIVE views= 8 weight= 0.75 mean_abs_feat_delta= 0.299317\n"}
,{"stream_name":"stdout","time":409.299192489,"data":"BIOHUB_RETENTION_GUARD {\"blended_candidates\": 295, \"dataset\": \"44b6_0b24845f\", \"frame\": 64, \"minimum_retention\": 0.9, \"primary_candidates\": 344, \"retention\": 0.8575581395348837, \"use_primary\": true}\n"}
,{"stream_name":"stdout","time":409.2991994,"data":"EDGE_TTA_ACTIVE views= 8 mean_abs_feat_delta= 0.346159\n"}
,{"stream_name":"stdout","time":410.101245817,"data":"SECONDARY_EDGE_TTA_ACTIVE views= 8 weight= 0.75 mean_abs_feat_delta= 0.257896\n"}
,{"stream_name":"stdout","time":410.179025322,"data":"EDGE_TTA_ACTIVE views= 8 mean_abs_feat_delta= 0.370026\n"}
,{"stream_name":"stdout","time":410.303714738,"data":"SECONDARY_EDGE_TTA_ACTIVE views= 8 weight= 0.75 mean_abs_feat_delta= 0.257896\n"}
,{"stream_name":"stdout","time":410.303788825,"data":"EDGE_TTA_ACTIVE views= 8 mean_abs_feat_delta= 0.370026\n"}
,{"stream_name":"stdout","time":411.10741185,"data":"SECONDARY_EDGE_TTA_ACTIVE views= 8 weight= 0.75 mean_abs_feat_delta= 0.299955\n"}
,{"stream_name":"stdout","time":411.112523683,"data":"BIOHUB_RETENTION_GUARD {\"blended_candidates\": 335, \"dataset\": \"44b6_0b24845f\", \"frame\": 65, \"minimum_retention\": 0.9, \"primary_candidates\": 378, \"retention\": 0.8862433862433863, \"use_primary\": true}\n"}
,{"stream_name":"stdout","time":411.274256235,"data":"EDGE_TTA_ACTIVE views= 8 mean_abs_feat_delta= 0.345426\n"}
,{"stream_name":"stdout","time":411.310828936,"data":"SECONDARY_EDGE_TTA_ACTIVE views= 8 weight= 0.75 mean_abs_feat_delta= 0.299955\n"}
,{"stream_name":"stdout","time":411.310856081,"data":"BIOHUB_RETENTION_GUARD {\"blended_candidates\": 335, \"dataset\": \"44b6_0b24845f\", \"frame\": 65, \"minimum_retention\": 0.9, \"primary_candidates\": 378, \"retention\": 0.8862433862433863, \"use_primary\": true}\n"}
,{"stream_name":"stdout","time":411.310861739,"data":"EDGE_TTA_ACTIVE views= 8 mean_abs_feat_delta= 0.345426\n"}
,{"stream_name":"stdout","time":412.201438343,"data":"EDGE_TTA_ACTIVE views= 8 mean_abs_feat_delta= 0.369253\n"}
,{"stream_name":"stdout","time":412.229815215,"data":"SECONDARY_EDGE_TTA_ACTIVE views= 8 weight= 0.75 mean_abs_feat_delta= 0.259858\n"}
,{"stream_name":"stdout","time":412.404220539,"data":"EDGE_TTA_ACTIVE views= 8 mean_abs_feat_delta= 0.369253\n"}
,{"stream_name":"stdout","time":412.404252294,"data":"SECONDARY_EDGE_TTA_ACTIVE views= 8 weight= 0.75 mean_abs_feat_delta= 0.259858\n"}
,{"stream_name":"stdout","time":413.128287159,"data":"SECONDARY_EDGE_TTA_ACTIVE views= 8 weight= 0.75 mean_abs_feat_delta= 0.296912\n"}
,{"stream_name":"stdout","time":413.132439098,"data":"BIOHUB_RETENTION_GUARD {\"blended_candidates\": 324, \"dataset\": \"44b6_0b24845f\", \"frame\": 66, \"minimum_retention\": 0.9, \"primary_candidates\": 375, \"retention\": 0.864, \"use_primary\": true}\n"}
,{"stream_name":"stdout","time":413.326150746,"data":"EDGE_TTA_ACTIVE views= 8 mean_abs_feat_delta= 0.344989\n"}
,{"stream_name":"stdout","time":413.331193942,"data":"SECONDARY_EDGE_TTA_ACTIVE views= 8 weight= 0.75 mean_abs_feat_delta= 0.296912\n"}
,{"stream_name":"stdout","time":413.33121087,"data":"BIOHUB_RETENTION_GUARD {\"blended_candidates\": 324, \"dataset\": \"44b6_0b24845f\", \"frame\": 66, \"minimum_retention\": 0.9, \"primary_candidates\": 375, \"retention\": 0.864, \"use_primary\": true}\n"}
,{"stream_name":"stdout","time":413.331217405,"data":"EDGE_TTA_ACTIVE views= 8 mean_abs_feat_delta= 0.344989\n"}
,{"stream_name":"stdout","time":414.185520122,"data":"EDGE_TTA_ACTIVE views= 8 mean_abs_feat_delta= 0.365768\n"}
,{"stream_name":"stdout","time":414.284174546,"data":"SECONDARY_EDGE_TTA_ACTIVE views= 8 weight= 0.75 mean_abs_feat_delta= 0.25507\n"}
,{"stream_name":"stdout","time":414.3877617,"data":"EDGE_TTA_ACTIVE views= 8 mean_abs_feat_delta= 0.365768\n"}
,{"stream_name":"stdout","time":414.387794788,"data":"SECONDARY_EDGE_TTA_ACTIVE views= 8 weight= 0.75 mean_abs_feat_delta= 0.25507\n"}
,{"stream_name":"stdout","time":415.110043294,"data":"SECONDARY_EDGE_TTA_ACTIVE views= 8 weight= 0.75 mean_abs_feat_delta= 0.291366\n"}
,{"stream_name":"stdout","time":415.312525324,"data":"SECONDARY_EDGE_TTA_ACTIVE views= 8 weight= 0.75 mean_abs_feat_delta= 0.291366\n"}
,{"stream_name":"stdout","time":415.345033175,"data":"EDGE_TTA_ACTIVE views= 8 mean_abs_feat_delta= 0.343404\n"}
,{"stream_name":"stdout","time":415.547629222,"data":"EDGE_TTA_ACTIVE views= 8 mean_abs_feat_delta= 0.343404\n"}
,{"stream_name":"stdout","time":416.150587995,"data":"EDGE_TTA_ACTIVE views= 8 mean_abs_feat_delta= 0.365075\n"}
,{"stream_name":"stdout","time":416.300010472,"data":"SECONDARY_EDGE_TTA_ACTIVE views= 8 weight= 0.75 mean_abs_feat_delta= 0.262098\n"}
,{"stream_name":"stdout","time":416.353123363,"data":"EDGE_TTA_ACTIVE views= 8 mean_abs_feat_delta= 0.365075\n"}
,{"stream_name":"stdout","time":416.353157762,"data":"SECONDARY_EDGE_TTA_ACTIVE views= 8 weight= 0.75 mean_abs_feat_delta= 0.262098\n"}
,{"stream_name":"stdout","time":417.074120268,"data":"SECONDARY_EDGE_TTA_ACTIVE views= 8 weight= 0.75 mean_abs_feat_delta= 0.293296\n"}
,{"stream_name":"stdout","time":417.276868847,"data":"SECONDARY_EDGE_TTA_ACTIVE views= 8 weight= 0.75 mean_abs_feat_delta= 0.293296\n"}
,{"stream_name":"stdout","time":417.356997368,"data":"EDGE_TTA_ACTIVE views= 8 mean_abs_feat_delta= 0.341221\n"}
,{"stream_name":"stdout","time":417.559228444,"data":"EDGE_TTA_ACTIVE views= 8 mean_abs_feat_delta= 0.341221\n"}
,{"stream_name":"stdout","time":418.163626874,"data":"EDGE_TTA_ACTIVE views= 8 mean_abs_feat_delta= 0.366016\n"}
,{"stream_name":"stdout","time":418.310807554,"data":"SECONDARY_EDGE_TTA_ACTIVE views= 8 weight= 0.75 mean_abs_feat_delta= 0.262847\n"}
,{"stream_name":"stdout","time":418.365829419,"data":"EDGE_TTA_ACTIVE views= 8 mean_abs_feat_delta= 0.366016\n"}
,{"stream_name":"stdout","time":418.36585114,"data":"SECONDARY_EDGE_TTA_ACTIVE views= 8 weight= 0.75 mean_abs_feat_delta= 0.262847\n"}
,{"stream_name":"stdout","time":419.08442208,"data":"SECONDARY_EDGE_TTA_ACTIVE views= 8 weight= 0.75 mean_abs_feat_delta= 0.301719\n"}
,{"stream_name":"stdout","time":419.2869261,"data":"SECONDARY_EDGE_TTA_ACTIVE views= 8 weight= 0.75 mean_abs_feat_delta= 0.301719\n"}
,{"stream_name":"stdout","time":419.390636961,"data":"EDGE_TTA_ACTIVE views= 8 mean_abs_feat_delta= 0.343003\n"}
,{"stream_name":"stdout","time":419.593017217,"data":"EDGE_TTA_ACTIVE views= 8 mean_abs_feat_delta= 0.343003\n"}
,{"stream_name":"stdout","time":420.133769656,"data":"EDGE_TTA_ACTIVE views= 8 mean_abs_feat_delta= 0.365231\n"}
,{"stream_name":"stdout","time":420.335938846,"data":"EDGE_TTA_ACTIVE views= 8 mean_abs_feat_delta= 0.365231\n"}
,{"stream_name":"stdout","time":420.345502515,"data":"SECONDARY_EDGE_TTA_ACTIVE views= 8 weight= 0.75 mean_abs_feat_delta= 0.261047\n"}
,{"stream_name":"stdout","time":420.548126775,"data":"SECONDARY_EDGE_TTA_ACTIVE views= 8 weight= 0.75 mean_abs_feat_delta= 0.261047\n"}
,{"stream_name":"stdout","time":421.05476343,"data":"SECONDARY_EDGE_TTA_ACTIVE views= 8 weight= 0.75 mean_abs_feat_delta= 0.301488\n"}
,{"stream_name":"stdout","time":421.05896208,"data":"BIOHUB_RETENTION_GUARD {\"blended_candidates\": 260, \"dataset\": \"44b6_0b24845f\", \"frame\": 70, \"minimum_retention\": 0.9, \"primary_candidates\": 305, \"retention\": 0.8524590163934426, \"use_primary\": true}\n"}
,{"stream_name":"stdout","time":421.257375362,"data":"SECONDARY_EDGE_TTA_ACTIVE views= 8 weight= 0.75 mean_abs_feat_delta= 0.301488\n"}
,{"stream_name":"stdout","time":421.25740321,"data":"BIOHUB_RETENTION_GUARD {\"blended_candidates\": 260, \"dataset\": \"44b6_0b24845f\", \"frame\": 70, \"minimum_retention\": 0.9, \"primary_candidates\": 305, \"retention\": 0.8524590163934426, \"use_primary\": true}\n"}
,{"stream_name":"stdout","time":421.451426335,"data":"EDGE_TTA_ACTIVE views= 8 mean_abs_feat_delta= 0.343125\n"}
,{"stream_name":"stdout","time":421.654003722,"data":"EDGE_TTA_ACTIVE views= 8 mean_abs_feat_delta= 0.343125\n"}
,{"stream_name":"stdout","time":422.165632081,"data":"EDGE_TTA_ACTIVE views= 8 mean_abs_feat_delta= 0.36009\n"}
,{"stream_name":"stdout","time":422.368136973,"data":"EDGE_TTA_ACTIVE views= 8 mean_abs_feat_delta= 0.36009\n"}
,{"stream_name":"stdout","time":422.40291145,"data":"SECONDARY_EDGE_TTA_ACTIVE views= 8 weight= 0.75 mean_abs_feat_delta= 0.257455\n"}
,{"stream_name":"stdout","time":422.605435448,"data":"SECONDARY_EDGE_TTA_ACTIVE views= 8 weight= 0.75 mean_abs_feat_delta= 0.257455\n"}
,{"stream_name":"stdout","time":423.086382168,"data":"SECONDARY_EDGE_TTA_ACTIVE views= 8 weight= 0.75 mean_abs_feat_delta= 0.299423\n"}
,{"stream_name":"stdout","time":423.288938826,"data":"SECONDARY_EDGE_TTA_ACTIVE views= 8 weight= 0.75 mean_abs_feat_delta= 0.299423\n"}
,{"stream_name":"stdout","time":423.460013565,"data":"EDGE_TTA_ACTIVE views= 8 mean_abs_feat_delta= 0.337095\n"}
,{"stream_name":"stdout","time":423.662214046,"data":"EDGE_TTA_ACTIVE views= 8 mean_abs_feat_delta= 0.337095\n"}
,{"stream_name":"stdout","time":424.122993581,"data":"EDGE_TTA_ACTIVE views= 8 mean_abs_feat_delta= 0.360462\n"}
,{"stream_name":"stdout","time":424.325699819,"data":"EDGE_TTA_ACTIVE views= 8 mean_abs_feat_delta= 0.360462\n"}
,{"stream_name":"stdout","time":424.410935421,"data":"SECONDARY_EDGE_TTA_ACTIVE views= 8 weight= 0.75 mean_abs_feat_delta= 0.254838\n"}
,{"stream_name":"stdout","time":424.613249638,"data":"SECONDARY_EDGE_TTA_ACTIVE views= 8 weight= 0.75 mean_abs_feat_delta= 0.254838\n"}
,{"stream_name":"stdout","time":425.047164985,"data":"SECONDARY_EDGE_TTA_ACTIVE views= 8 weight= 0.75 mean_abs_feat_delta= 0.301712\n"}
,{"stream_name":"stdout","time":425.276386683,"data":"SECONDARY_EDGE_TTA_ACTIVE views= 8 weight= 0.75 mean_abs_feat_delta= 0.301712\n"}
,{"stream_name":"stdout","time":425.497824808,"data":"EDGE_TTA_ACTIVE views= 8 mean_abs_feat_delta= 0.337123\n"}
,{"stream_name":"stdout","time":425.700504887,"data":"EDGE_TTA_ACTIVE views= 8 mean_abs_feat_delta= 0.337123\n"}
,{"stream_name":"stdout","time":426.076281181,"data":"EDGE_TTA_ACTIVE views= 8 mean_abs_feat_delta= 0.359757\n"}
,{"stream_name":"stdout","time":426.278691936,"data":"EDGE_TTA_ACTIVE views= 8 mean_abs_feat_delta= 0.359757\n"}
,{"stream_name":"stdout","time":426.449537686,"data":"SECONDARY_EDGE_TTA_ACTIVE views= 8 weight= 0.75 mean_abs_feat_delta= 0.260524\n"}
,{"stream_name":"stdout","time":426.652122595,"data":"SECONDARY_EDGE_TTA_ACTIVE views= 8 weight= 0.75 mean_abs_feat_delta= 0.260524\n"}
,{"stream_name":"stdout","time":426.999314222,"data":"SECONDARY_EDGE_TTA_ACTIVE views= 8 weight= 0.75 mean_abs_feat_delta= 0.305584\n"}
,{"stream_name":"stdout","time":427.003587723,"data":"BIOHUB_RETENTION_GUARD {\"blended_candidates\": 197, \"dataset\": \"44b6_0b24845f\", \"frame\": 73, \"minimum_retention\": 0.9, \"primary_candidates\": 262, \"retention\": 0.7519083969465649, \"use_primary\": true}\n"}
,{"stream_name":"stdout","time":427.202846456,"data":"SECONDARY_EDGE_TTA_ACTIVE views= 8 weight= 0.75 mean_abs_feat_delta= 0.305584\n"}
,{"stream_name":"stdout","time":427.202879065,"data":"BIOHUB_RETENTION_GUARD {\"blended_candidates\": 197, \"dataset\": \"44b6_0b24845f\", \"frame\": 73, \"minimum_retention\": 0.9, \"primary_candidates\": 262, \"retention\": 0.7519083969465649, \"use_primary\": true}\n"}
,{"stream_name":"stdout","time":427.511857293,"data":"EDGE_TTA_ACTIVE views= 8 mean_abs_feat_delta= 0.338112\n"}
,{"stream_name":"stdout","time":427.714337045,"data":"EDGE_TTA_ACTIVE views= 8 mean_abs_feat_delta= 0.338112\n"}
,{"stream_name":"stdout","time":428.074506641,"data":"EDGE_TTA_ACTIVE views= 8 mean_abs_feat_delta= 0.368022\n"}
,{"stream_name":"stdout","time":428.276762484,"data":"EDGE_TTA_ACTIVE views= 8 mean_abs_feat_delta= 0.368022\n"}
,{"stream_name":"stdout","time":428.463056011,"data":"SECONDARY_EDGE_TTA_ACTIVE views= 8 weight= 0.75 mean_abs_feat_delta= 0.262847\n"}
,{"stream_name":"stdout","time":428.665418625,"data":"SECONDARY_EDGE_TTA_ACTIVE views= 8 weight= 0.75 mean_abs_feat_delta= 0.262847\n"}
,{"stream_name":"stdout","time":428.995328532,"data":"SECONDARY_EDGE_TTA_ACTIVE views= 8 weight= 0.75 mean_abs_feat_delta= 0.304789\n"}
,{"stream_name":"stdout","time":428.999373353,"data":"BIOHUB_RETENTION_GUARD {\"blended_candidates\": 224, \"dataset\": \"44b6_0b24845f\", \"frame\": 74, \"minimum_retention\": 0.9, \"primary_candidates\": 291, \"retention\": 0.7697594501718213, \"use_primary\": true}\n"}
,{"stream_name":"stdout","time":429.197686463,"data":"SECONDARY_EDGE_TTA_ACTIVE views= 8 weight= 0.75 mean_abs_feat_delta= 0.304789\n"}
,{"stream_name":"stdout","time":429.19775729,"data":"BIOHUB_RETENTION_GUARD {\"blended_candidates\": 224, \"dataset\": \"44b6_0b24845f\", \"frame\": 74, \"minimum_retention\": 0.9, \"primary_candidates\": 291, \"retention\": 0.7697594501718213, \"use_primary\": true}\n"}
,{"stream_name":"stdout","time":429.513989367,"data":"EDGE_TTA_ACTIVE views= 8 mean_abs_feat_delta= 0.338704\n"}
,{"stream_name":"stdout","time":429.716547853,"data":"EDGE_TTA_ACTIVE views= 8 mean_abs_feat_delta= 0.338704\n"}
,{"stream_name":"stdout","time":430.024533303,"data":"EDGE_TTA_ACTIVE views= 8 mean_abs_feat_delta= 0.358754\n"}
,{"stream_name":"stdout","time":430.227114538,"data":"EDGE_TTA_ACTIVE views= 8 mean_abs_feat_delta= 0.358754\n"}
,{"stream_name":"stdout","time":430.467772682,"data":"SECONDARY_EDGE_TTA_ACTIVE views= 8 weight= 0.75 mean_abs_feat_delta= 0.260131\n"}
,{"stream_name":"stdout","time":430.670306733,"data":"SECONDARY_EDGE_TTA_ACTIVE views= 8 weight= 0.75 mean_abs_feat_delta= 0.260131\n"}
,{"stream_name":"stdout","time":430.94502051,"data":"SECONDARY_EDGE_TTA_ACTIVE views= 8 weight= 0.75 mean_abs_feat_delta= 0.299735\n"}
,{"stream_name":"stdout","time":430.949092439,"data":"BIOHUB_RETENTION_GUARD {\"blended_candidates\": 325, \"dataset\": \"44b6_0b24845f\", \"frame\": 75, \"minimum_retention\": 0.9, \"primary_candidates\": 374, \"retention\": 0.8689839572192514, \"use_primary\": true}\n"}
,{"stream_name":"stdout","time":431.147550904,"data":"SECONDARY_EDGE_TTA_ACTIVE views= 8 weight= 0.75 mean_abs_feat_delta= 0.299735\n"}
,{"stream_name":"stdout","time":431.147577726,"data":"BIOHUB_RETENTION_GUARD {\"blended_candidates\": 325, \"dataset\": \"44b6_0b24845f\", \"frame\": 75, \"minimum_retention\": 0.9, \"primary_candidates\": 374, \"retention\": 0.8689839572192514, \"use_primary\": true}\n"}
,{"stream_name":"stdout","time":431.516887834,"data":"EDGE_TTA_ACTIVE views= 8 mean_abs_feat_delta= 0.340176\n"}
,{"stream_name":"stdout","time":431.719167967,"data":"EDGE_TTA_ACTIVE views= 8 mean_abs_feat_delta= 0.340176\n"}
,{"stream_name":"stdout","time":432.018503219,"data":"EDGE_TTA_ACTIVE views= 8 mean_abs_feat_delta= 0.358919\n"}
,{"stream_name":"stdout","time":432.221153526,"data":"EDGE_TTA_ACTIVE views= 8 mean_abs_feat_delta= 0.358919\n"}
,{"stream_name":"stdout","time":432.469330311,"data":"SECONDARY_EDGE_TTA_ACTIVE views= 8 weight= 0.75 mean_abs_feat_delta= 0.256523\n"}
,{"stream_name":"stdout","time":432.671780443,"data":"SECONDARY_EDGE_TTA_ACTIVE views= 8 weight= 0.75 mean_abs_feat_delta= 0.256523\n"}
,{"stream_name":"stdout","time":432.939455247,"data":"SECONDARY_EDGE_TTA_ACTIVE views= 8 weight= 0.75 mean_abs_feat_delta= 0.295727\n"}
,{"stream_name":"stdout","time":432.944173964,"data":"BIOHUB_RETENTION_GUARD {\"blended_candidates\": 321, \"dataset\": \"44b6_0b24845f\", \"frame\": 76, \"minimum_retention\": 0.9, \"primary_candidates\": 379, \"retention\": 0.8469656992084432, \"use_primary\": true}\n"}
,{"stream_name":"stdout","time":433.141730276,"data":"SECONDARY_EDGE_TTA_ACTIVE views= 8 weight= 0.75 mean_abs_feat_delta= 0.295727\n"}
,{"stream_name":"stdout","time":433.141760305,"data":"BIOHUB_RETENTION_GUARD {\"blended_candidates\": 321, \"dataset\": \"44b6_0b24845f\", \"frame\": 76, \"minimum_retention\": 0.9, \"primary_candidates\": 379, \"retention\": 0.8469656992084432, \"use_primary\": true}\n"}
,{"stream_name":"stdout","time":433.522298936,"data":"EDGE_TTA_ACTIVE views= 8 mean_abs_feat_delta= 0.346094\n"}
,{"stream_name":"stdout","time":433.724623639,"data":"EDGE_TTA_ACTIVE views= 8 mean_abs_feat_delta= 0.346094\n"}
,{"stream_name":"stdout","time":434.01683368,"data":"EDGE_TTA_ACTIVE views= 8 mean_abs_feat_delta= 0.361097\n"}
,{"stream_name":"stdout","time":434.21919835,"data":"EDGE_TTA_ACTIVE views= 8 mean_abs_feat_delta= 0.361097\n"}
,{"stream_name":"stdout","time":434.476177468,"data":"SECONDARY_EDGE_TTA_ACTIVE views= 8 weight= 0.75 mean_abs_feat_delta= 0.265074\n"}
,{"stream_name":"stdout","time":434.678606295,"data":"SECONDARY_EDGE_TTA_ACTIVE views= 8 weight= 0.75 mean_abs_feat_delta= 0.265074\n"}
,{"stream_name":"stdout","time":434.939447943,"data":"SECONDARY_EDGE_TTA_ACTIVE views= 8 weight= 0.75 mean_abs_feat_delta= 0.301815\n"}
,{"stream_name":"stdout","time":434.943482778,"data":"BIOHUB_RETENTION_GUARD {\"blended_candidates\": 243, \"dataset\": \"44b6_0b24845f\", \"frame\": 77, \"minimum_retention\": 0.9, \"primary_candidates\": 331, \"retention\": 0.7341389728096677, \"use_primary\": true}\n"}
,{"stream_name":"stdout","time":435.141678645,"data":"SECONDARY_EDGE_TTA_ACTIVE views= 8 weight= 0.75 mean_abs_feat_delta= 0.301815\n"}
,{"stream_name":"stdout","time":435.141705848,"data":"BIOHUB_RETENTION_GUARD {\"blended_candidates\": 243, \"dataset\": \"44b6_0b24845f\", \"frame\": 77, \"minimum_retention\": 0.9, \"primary_candidates\": 331, \"retention\": 0.7341389728096677, \"use_primary\": true}\n"}
,{"stream_name":"stdout","time":435.525562429,"data":"EDGE_TTA_ACTIVE views= 8 mean_abs_feat_delta= 0.348292\n"}
,{"stream_name":"stdout","time":435.728337964,"data":"EDGE_TTA_ACTIVE views= 8 mean_abs_feat_delta= 0.348292\n"}
,{"stream_name":"stdout","time":435.988818057,"data":"EDGE_TTA_ACTIVE views= 8 mean_abs_feat_delta= 0.36529\n"}
,{"stream_name":"stdout","time":436.191145192,"data":"EDGE_TTA_ACTIVE views= 8 mean_abs_feat_delta= 0.36529\n"}
,{"stream_name":"stdout","time":436.480227421,"data":"SECONDARY_EDGE_TTA_ACTIVE views= 8 weight= 0.75 mean_abs_feat_delta= 0.26712\n"}
,{"stream_name":"stdout","time":436.68271171,"data":"SECONDARY_EDGE_TTA_ACTIVE views= 8 weight= 0.75 mean_abs_feat_delta= 0.26712\n"}
,{"stream_name":"stdout","time":436.913194406,"data":"SECONDARY_EDGE_TTA_ACTIVE views= 8 weight= 0.75 mean_abs_feat_delta= 0.305391\n"}
,{"stream_name":"stdout","time":436.917325131,"data":"BIOHUB_RETENTION_GUARD {\"blended_candidates\": 284, \"dataset\": \"44b6_0b24845f\", \"frame\": 78, \"minimum_retention\": 0.9, \"primary_candidates\": 392, \"retention\": 0.7244897959183674, \"use_primary\": true}\n"}
,{"stream_name":"stdout","time":437.115633035,"data":"SECONDARY_EDGE_TTA_ACTIVE views= 8 weight= 0.75 mean_abs_feat_delta= 0.305391\n"}
,{"stream_name":"stdout","time":437.115662938,"data":"BIOHUB_RETENTION_GUARD {\"blended_candidates\": 284, \"dataset\": \"44b6_0b24845f\", \"frame\": 78, \"minimum_retention\": 0.9, \"primary_candidates\": 392, \"retention\": 0.7244897959183674, \"use_primary\": true}\n"}
,{"stream_name":"stdout","time":437.535611219,"data":"EDGE_TTA_ACTIVE views= 8 mean_abs_feat_delta= 0.344312\n"}
,{"stream_name":"stdout","time":437.738146206,"data":"EDGE_TTA_ACTIVE views= 8 mean_abs_feat_delta= 0.344312\n"}
,{"stream_name":"stdout","time":437.991006282,"data":"EDGE_TTA_ACTIVE views= 8 mean_abs_feat_delta= 0.365892\n"}
,{"stream_name":"stdout","time":438.193219878,"data":"EDGE_TTA_ACTIVE views= 8 mean_abs_feat_delta= 0.365892\n"}
,{"stream_name":"stdout","time":438.492901441,"data":"SECONDARY_EDGE_TTA_ACTIVE views= 8 weight= 0.75 mean_abs_feat_delta= 0.263739\n"}
,{"stream_name":"stdout","time":438.695504453,"data":"SECONDARY_EDGE_TTA_ACTIVE views= 8 weight= 0.75 mean_abs_feat_delta= 0.263739\n"}
,{"stream_name":"stdout","time":438.914927964,"data":"SECONDARY_EDGE_TTA_ACTIVE views= 8 weight= 0.75 mean_abs_feat_delta= 0.302826\n"}
,{"stream_name":"stdout","time":438.918701304,"data":"BIOHUB_RETENTION_GUARD {\"blended_candidates\": 298, \"dataset\": \"44b6_0b24845f\", \"frame\": 79, \"minimum_retention\": 0.9, \"primary_candidates\": 424, \"retention\": 0.7028301886792453, \"use_primary\": true}\n"}
,{"stream_name":"stdout","time":439.11710018,"data":"SECONDARY_EDGE_TTA_ACTIVE views= 8 weight= 0.75 mean_abs_feat_delta= 0.302826\n"}
,{"stream_name":"stdout","time":439.117129533,"data":"BIOHUB_RETENTION_GUARD {\"blended_candidates\": 298, \"dataset\": \"44b6_0b24845f\", \"frame\": 79, \"minimum_retention\": 0.9, \"primary_candidates\": 424, \"retention\": 0.7028301886792453, \"use_primary\": true}\n"}
,{"stream_name":"stdout","time":439.575707416,"data":"EDGE_TTA_ACTIVE views= 8 mean_abs_feat_delta= 0.341477\n"}
,{"stream_name":"stdout","time":439.77808503,"data":"EDGE_TTA_ACTIVE views= 8 mean_abs_feat_delta= 0.341477\n"}
,{"stream_name":"stdout","time":440.032566539,"data":"EDGE_TTA_ACTIVE views= 8 mean_abs_feat_delta= 0.365633\n"}
,{"stream_name":"stdout","time":440.235008562,"data":"EDGE_TTA_ACTIVE views= 8 mean_abs_feat_delta= 0.365633\n"}
,{"stream_name":"stdout","time":440.534271447,"data":"SECONDARY_EDGE_TTA_ACTIVE views= 8 weight= 0.75 mean_abs_feat_delta= 0.262727\n"}
,{"stream_name":"stdout","time":440.7367972,"data":"SECONDARY_EDGE_TTA_ACTIVE views= 8 weight= 0.75 mean_abs_feat_delta= 0.262727\n"}
,{"stream_name":"stdout","time":440.959782913,"data":"SECONDARY_EDGE_TTA_ACTIVE views= 8 weight= 0.75 mean_abs_feat_delta= 0.303473\n"}
,{"stream_name":"stdout","time":440.963809478,"data":"BIOHUB_RETENTION_GUARD {\"blended_candidates\": 291, \"dataset\": \"44b6_0b24845f\", \"frame\": 80, \"minimum_retention\": 0.9, \"primary_candidates\": 388, \"retention\": 0.75, \"use_primary\": true}\n"}
,{"stream_name":"stdout","time":441.16230987,"data":"SECONDARY_EDGE_TTA_ACTIVE views= 8 weight= 0.75 mean_abs_feat_delta= 0.303473\n"}
,{"stream_name":"stdout","time":441.162344566,"data":"BIOHUB_RETENTION_GUARD {\"blended_candidates\": 291, \"dataset\": \"44b6_0b24845f\", \"frame\": 80, \"minimum_retention\": 0.9, \"primary_candidates\": 388, \"retention\": 0.75, \"use_primary\": true}\n"}
,{"stream_name":"stdout","time":441.59114788,"data":"EDGE_TTA_ACTIVE views= 8 mean_abs_feat_delta= 0.34091\n"}
,{"stream_name":"stdout","time":441.793569864,"data":"EDGE_TTA_ACTIVE views= 8 mean_abs_feat_delta= 0.34091\n"}
,{"stream_name":"stdout","time":442.035306689,"data":"EDGE_TTA_ACTIVE views= 8 mean_abs_feat_delta= 0.369442\n"}
,{"stream_name":"stdout","time":442.237641719,"data":"EDGE_TTA_ACTIVE views= 8 mean_abs_feat_delta= 0.369442\n"}
,{"stream_name":"stdout","time":442.54905937,"data":"SECONDARY_EDGE_TTA_ACTIVE views= 8 weight= 0.75 mean_abs_feat_delta= 0.256411\n"}
,{"stream_name":"stdout","time":442.751500007,"data":"SECONDARY_EDGE_TTA_ACTIVE views= 8 weight= 0.75 mean_abs_feat_delta= 0.256411\n"}
,{"stream_name":"stdout","time":442.959633908,"data":"SECONDARY_EDGE_TTA_ACTIVE views= 8 weight= 0.75 mean_abs_feat_delta= 0.308215\n"}
,{"stream_name":"stdout","time":442.963809584,"data":"BIOHUB_RETENTION_GUARD {\"blended_candidates\": 294, \"dataset\": \"44b6_0b24845f\", \"frame\": 81, \"minimum_retention\": 0.9, \"primary_candidates\": 382, \"retention\": 0.7696335078534031, \"use_primary\": true}\n"}
,{"stream_name":"stdout","time":443.161825387,"data":"SECONDARY_EDGE_TTA_ACTIVE views= 8 weight= 0.75 mean_abs_feat_delta= 0.308215\n"}
,{"stream_name":"stdout","time":443.161881829,"data":"BIOHUB_RETENTION_GUARD {\"blended_candidates\": 294, \"dataset\": \"44b6_0b24845f\", \"frame\": 81, \"minimum_retention\": 0.9, \"primary_candidates\": 382, \"retention\": 0.7696335078534031, \"use_primary\": true}\n"}
,{"stream_name":"stdout","time":443.611167345,"data":"EDGE_TTA_ACTIVE views= 8 mean_abs_feat_delta= 0.337156\n"}
,{"stream_name":"stdout","time":443.814111979,"data":"EDGE_TTA_ACTIVE views= 8 mean_abs_feat_delta= 0.337156\n"}
,{"stream_name":"stdout","time":444.046934489,"data":"EDGE_TTA_ACTIVE views= 8 mean_abs_feat_delta= 0.373979\n"}
,{"stream_name":"stdout","time":444.249171664,"data":"EDGE_TTA_ACTIVE views= 8 mean_abs_feat_delta= 0.373979\n"}
,{"stream_name":"stdout","time":444.565952622,"data":"SECONDARY_EDGE_TTA_ACTIVE views= 8 weight= 0.75 mean_abs_feat_delta= 0.260031\n"}
,{"stream_name":"stdout","time":444.768478673,"data":"SECONDARY_EDGE_TTA_ACTIVE views= 8 weight= 0.75 mean_abs_feat_delta= 0.260031\n"}
,{"stream_name":"stdout","time":444.973347708,"data":"SECONDARY_EDGE_TTA_ACTIVE views= 8 weight= 0.75 mean_abs_feat_delta= 0.312577\n"}
,{"stream_name":"stdout","time":444.977338965,"data":"BIOHUB_RETENTION_GUARD {\"blended_candidates\": 277, \"dataset\": \"44b6_0b24845f\", \"frame\": 82, \"minimum_retention\": 0.9, \"primary_candidates\": 385, \"retention\": 0.7194805194805195, \"use_primary\": true}\n"}
,{"stream_name":"stdout","time":445.175784861,"data":"SECONDARY_EDGE_TTA_ACTIVE views= 8 weight= 0.75 mean_abs_feat_delta= 0.312577\n"}
,{"stream_name":"stdout","time":445.175814741,"data":"BIOHUB_RETENTION_GUARD {\"blended_candidates\": 277, \"dataset\": \"44b6_0b24845f\", \"frame\": 82, \"minimum_retention\": 0.9, \"primary_candidates\": 385, \"retention\": 0.7194805194805195, \"use_primary\": true}\n"}
,{"stream_name":"stdout","time":445.632993966,"data":"EDGE_TTA_ACTIVE views= 8 mean_abs_feat_delta= 0.339841\n"}
,{"stream_name":"stdout","time":445.835506988,"data":"EDGE_TTA_ACTIVE views= 8 mean_abs_feat_delta= 0.339841\n"}
,{"stream_name":"stdout","time":446.037658452,"data":"EDGE_TTA_ACTIVE views= 8 mean_abs_feat_delta= 0.365009\n"}
,{"stream_name":"stdout","time":446.239986178,"data":"EDGE_TTA_ACTIVE views= 8 mean_abs_feat_delta= 0.365009\n"}
,{"stream_name":"stdout","time":446.595446468,"data":"SECONDARY_EDGE_TTA_ACTIVE views= 8 weight= 0.75 mean_abs_feat_delta= 0.262153\n"}
,{"stream_name":"stdout","time":446.797897339,"data":"SECONDARY_EDGE_TTA_ACTIVE views= 8 weight= 0.75 mean_abs_feat_delta= 0.262153\n"}
,{"stream_name":"stdout","time":446.967326968,"data":"SECONDARY_EDGE_TTA_ACTIVE views= 8 weight= 0.75 mean_abs_feat_delta= 0.311063\n"}
,{"stream_name":"stdout","time":446.971523128,"data":"BIOHUB_RETENTION_GUARD {\"blended_candidates\": 268, \"dataset\": \"44b6_0b24845f\", \"frame\": 83, \"minimum_retention\": 0.9, \"primary_candidates\": 379, \"retention\": 0.7071240105540897, \"use_primary\": true}\n"}
,{"stream_name":"stdout","time":447.169905029,"data":"SECONDARY_EDGE_TTA_ACTIVE views= 8 weight= 0.75 mean_abs_feat_delta= 0.311063\n"}
,{"stream_name":"stdout","time":447.169964194,"data":"BIOHUB_RETENTION_GUARD {\"blended_candidates\": 268, \"dataset\": \"44b6_0b24845f\", \"frame\": 83, \"minimum_retention\": 0.9, \"primary_candidates\": 379, \"retention\": 0.7071240105540897, \"use_primary\": true}\n"}
,{"stream_name":"stdout","time":447.711620103,"data":"EDGE_TTA_ACTIVE views= 8 mean_abs_feat_delta= 0.34054\n"}
,{"stream_name":"stdout","time":447.914139286,"data":"EDGE_TTA_ACTIVE views= 8 mean_abs_feat_delta= 0.34054\n"}
,{"stream_name":"stdout","time":448.030888681,"data":"EDGE_TTA_ACTIVE views= 8 mean_abs_feat_delta= 0.36654\n"}
,{"stream_name":"stdout","time":448.233431647,"data":"EDGE_TTA_ACTIVE views= 8 mean_abs_feat_delta= 0.36654\n"}
,{"stream_name":"stdout","time":448.675957943,"data":"SECONDARY_EDGE_TTA_ACTIVE views= 8 weight= 0.75 mean_abs_feat_delta= 0.258925\n"}
,{"stream_name":"stdout","time":448.87842989,"data":"SECONDARY_EDGE_TTA_ACTIVE views= 8 weight= 0.75 mean_abs_feat_delta= 0.258925\n"}
,{"stream_name":"stdout","time":448.961088357,"data":"SECONDARY_EDGE_TTA_ACTIVE views= 8 weight= 0.75 mean_abs_feat_delta= 0.311139\n"}
,{"stream_name":"stdout","time":448.96509984,"data":"BIOHUB_RETENTION_GUARD {\"blended_candidates\": 287, \"dataset\": \"44b6_0b24845f\", \"frame\": 84, \"minimum_retention\": 0.9, \"primary_candidates\": 361, \"retention\": 0.7950138504155124, \"use_primary\": true}\n"}
,{"stream_name":"stdout","time":449.163517875,"data":"SECONDARY_EDGE_TTA_ACTIVE views= 8 weight= 0.75 mean_abs_feat_delta= 0.311139\n"}
,{"stream_name":"stdout","time":449.163548794,"data":"BIOHUB_RETENTION_GUARD {\"blended_candidates\": 287, \"dataset\": \"44b6_0b24845f\", \"frame\": 84, \"minimum_retention\": 0.9, \"primary_candidates\": 361, \"retention\": 0.7950138504155124, \"use_primary\": true}\n"}
,{"stream_name":"stdout","time":449.739963142,"data":"EDGE_TTA_ACTIVE views= 8 mean_abs_feat_delta= 0.345761\n"}
,{"stream_name":"stdout","time":449.942341085,"data":"EDGE_TTA_ACTIVE views= 8 mean_abs_feat_delta= 0.345761\n"}
,{"stream_name":"stdout","time":450.016514707,"data":"EDGE_TTA_ACTIVE views= 8 mean_abs_feat_delta= 0.364996\n"}
,{"stream_name":"stdout","time":450.218941134,"data":"EDGE_TTA_ACTIVE views= 8 mean_abs_feat_delta= 0.364996\n"}
,{"stream_name":"stdout","time":450.703429669,"data":"SECONDARY_EDGE_TTA_ACTIVE views= 8 weight= 0.75 mean_abs_feat_delta= 0.260799\n"}
,{"stream_name":"stdout","time":450.905744516,"data":"SECONDARY_EDGE_TTA_ACTIVE views= 8 weight= 0.75 mean_abs_feat_delta= 0.260799\n"}
,{"stream_name":"stdout","time":450.94539508,"data":"SECONDARY_EDGE_TTA_ACTIVE views= 8 weight= 0.75 mean_abs_feat_delta= 0.312248\n"}
,{"stream_name":"stdout","time":450.94957639,"data":"BIOHUB_RETENTION_GUARD {\"blended_candidates\": 198, \"dataset\": \"44b6_0b24845f\", \"frame\": 85, \"minimum_retention\": 0.9, \"primary_candidates\": 294, \"retention\": 0.673469387755102, \"use_primary\": true}\n"}
,{"stream_name":"stdout","time":451.149970127,"data":"SECONDARY_EDGE_TTA_ACTIVE views= 8 weight= 0.75 mean_abs_feat_delta= 0.312248\n"}
,{"stream_name":"stdout","time":451.150016853,"data":"BIOHUB_RETENTION_GUARD {\"blended_candidates\": 198, \"dataset\": \"44b6_0b24845f\", \"frame\": 85, \"minimum_retention\": 0.9, \"primary_candidates\": 294, \"retention\": 0.673469387755102, \"use_primary\": true}\n"}
,{"stream_name":"stdout","time":451.790244485,"data":"EDGE_TTA_ACTIVE views= 8 mean_abs_feat_delta= 0.34535\n"}
,{"stream_name":"stdout","time":451.981278906,"data":"EDGE_TTA_ACTIVE views= 8 mean_abs_feat_delta= 0.364819\n"}
,{"stream_name":"stdout","time":451.992830587,"data":"EDGE_TTA_ACTIVE views= 8 mean_abs_feat_delta= 0.34535\n"}
,{"stream_name":"stdout","time":451.992856068,"data":"EDGE_TTA_ACTIVE views= 8 mean_abs_feat_delta= 0.364819\n"}
,{"stream_name":"stdout","time":452.753790555,"data":"SECONDARY_EDGE_TTA_ACTIVE views= 8 weight= 0.75 mean_abs_feat_delta= 0.261693\n"}
,{"stream_name":"stdout","time":452.913420962,"data":"SECONDARY_EDGE_TTA_ACTIVE views= 8 weight= 0.75 mean_abs_feat_delta= 0.317294\n"}
,{"stream_name":"stdout","time":452.917556801,"data":"BIOHUB_RETENTION_GUARD {\"blended_candidates\": 169, \"dataset\": \"44b6_0b24845f\", \"frame\": 86, \"minimum_retention\": 0.9, \"primary_candidates\": 282, \"retention\": 0.599290780141844, \"use_primary\": true}\n"}
,{"stream_name":"stdout","time":452.956262536,"data":"SECONDARY_EDGE_TTA_ACTIVE views= 8 weight= 0.75 mean_abs_feat_delta= 0.261693\n"}
,{"stream_name":"stdout","time":452.956285899,"data":"SECONDARY_EDGE_TTA_ACTIVE views= 8 weight= 0.75 mean_abs_feat_delta= 0.317294\n"}
,{"stream_name":"stdout","time":452.956291212,"data":"BIOHUB_RETENTION_GUARD {\"blended_candidates\": 169, \"dataset\": \"44b6_0b24845f\", \"frame\": 86, \"minimum_retention\": 0.9, \"primary_candidates\": 282, \"retention\": 0.599290780141844, \"use_primary\": true}\n"}
,{"stream_name":"stdout","time":453.82770964,"data":"EDGE_TTA_ACTIVE views= 8 mean_abs_feat_delta= 0.345018\n"}
,{"stream_name":"stdout","time":453.990602264,"data":"EDGE_TTA_ACTIVE views= 8 mean_abs_feat_delta= 0.360555\n"}
,{"stream_name":"stdout","time":454.029883227,"data":"EDGE_TTA_ACTIVE views= 8 mean_abs_feat_delta= 0.345018\n"}
,{"stream_name":"stdout","time":454.029906485,"data":"EDGE_TTA_ACTIVE views= 8 mean_abs_feat_delta= 0.360555\n"}
,{"stream_name":"stdout","time":454.795248166,"data":"SECONDARY_EDGE_TTA_ACTIVE views= 8 weight= 0.75 mean_abs_feat_delta= 0.264586\n"}
,{"stream_name":"stdout","time":454.922911164,"data":"SECONDARY_EDGE_TTA_ACTIVE views= 8 weight= 0.75 mean_abs_feat_delta= 0.318325\n"}
,{"stream_name":"stdout","time":454.927077288,"data":"BIOHUB_RETENTION_GUARD {\"blended_candidates\": 232, \"dataset\": \"44b6_0b24845f\", \"frame\": 87, \"minimum_retention\": 0.9, \"primary_candidates\": 323, \"retention\": 0.718266253869969, \"use_primary\": true}\n"}
,{"stream_name":"stdout","time":454.997528535,"data":"SECONDARY_EDGE_TTA_ACTIVE views= 8 weight= 0.75 mean_abs_feat_delta= 0.264586\n"}
,{"stream_name":"stdout","time":454.997551011,"data":"SECONDARY_EDGE_TTA_ACTIVE views= 8 weight= 0.75 mean_abs_feat_delta= 0.318325\n"}
,{"stream_name":"stdout","time":454.997556671,"data":"BIOHUB_RETENTION_GUARD {\"blended_candidates\": 232, \"dataset\": \"44b6_0b24845f\", \"frame\": 87, \"minimum_retention\": 0.9, \"primary_candidates\": 323, \"retention\": 0.718266253869969, \"use_primary\": true}\n"}
,{"stream_name":"stdout","time":455.855868273,"data":"EDGE_TTA_ACTIVE views= 8 mean_abs_feat_delta= 0.339492\n"}
,{"stream_name":"stdout","time":455.963756187,"data":"EDGE_TTA_ACTIVE views= 8 mean_abs_feat_delta= 0.367991\n"}
,{"stream_name":"stdout","time":456.085489422,"data":"EDGE_TTA_ACTIVE views= 8 mean_abs_feat_delta= 0.339492\n"}
,{"stream_name":"stdout","time":456.085518458,"data":"EDGE_TTA_ACTIVE views= 8 mean_abs_feat_delta= 0.367991\n"}
,{"stream_name":"stdout","time":456.827869348,"data":"SECONDARY_EDGE_TTA_ACTIVE views= 8 weight= 0.75 mean_abs_feat_delta= 0.262994\n"}
,{"stream_name":"stdout","time":456.894804822,"data":"SECONDARY_EDGE_TTA_ACTIVE views= 8 weight= 0.75 mean_abs_feat_delta= 0.319785\n"}
,{"stream_name":"stdout","time":456.899334928,"data":"BIOHUB_RETENTION_GUARD {\"blended_candidates\": 287, \"dataset\": \"44b6_0b24845f\", \"frame\": 88, \"minimum_retention\": 0.9, \"primary_candidates\": 363, \"retention\": 0.790633608815427, \"use_primary\": true}\n"}
,{"stream_name":"stdout","time":457.028687629,"data":"SECONDARY_EDGE_TTA_ACTIVE views= 8 weight= 0.75 mean_abs_feat_delta= 0.262994\n"}
,{"stream_name":"stdout","time":457.028733908,"data":"SECONDARY_EDGE_TTA_ACTIVE views= 8 weight= 0.75 mean_abs_feat_delta= 0.319785\n"}
,{"stream_name":"stdout","time":457.028741653,"data":"BIOHUB_RETENTION_GUARD {\"blended_candidates\": 287, \"dataset\": \"44b6_0b24845f\", \"frame\": 88, \"minimum_retention\": 0.9, \"primary_candidates\": 363, \"retention\": 0.790633608815427, \"use_primary\": true}\n"}
,{"stream_name":"stdout","time":457.902151135,"data":"EDGE_TTA_ACTIVE views= 8 mean_abs_feat_delta= 0.333718\n"}
,{"stream_name":"stdout","time":457.969087592,"data":"EDGE_TTA_ACTIVE views= 8 mean_abs_feat_delta= 0.374613\n"}
,{"stream_name":"stdout","time":458.104625529,"data":"EDGE_TTA_ACTIVE views= 8 mean_abs_feat_delta= 0.333718\n"}
,{"stream_name":"stdout","time":458.104647547,"data":"EDGE_TTA_ACTIVE views= 8 mean_abs_feat_delta= 0.374613\n"}
,{"stream_name":"stdout","time":458.873543632,"data":"SECONDARY_EDGE_TTA_ACTIVE views= 8 weight= 0.75 mean_abs_feat_delta= 0.257147\n"}
,{"stream_name":"stdout","time":458.901909456,"data":"SECONDARY_EDGE_TTA_ACTIVE views= 8 weight= 0.75 mean_abs_feat_delta= 0.325312\n"}
,{"stream_name":"stdout","time":458.90593827,"data":"BIOHUB_RETENTION_GUARD {\"blended_candidates\": 219, \"dataset\": \"44b6_0b24845f\", \"frame\": 89, \"minimum_retention\": 0.9, \"primary_candidates\": 322, \"retention\": 0.6801242236024845, \"use_primary\": true}\n"}
,{"stream_name":"stdout","time":459.075965145,"data":"SECONDARY_EDGE_TTA_ACTIVE views= 8 weight= 0.75 mean_abs_feat_delta= 0.257147\n"}
,{"stream_name":"stdout","time":459.076020889,"data":"SECONDARY_EDGE_TTA_ACTIVE views= 8 weight= 0.75 mean_abs_feat_delta= 0.325312\n"}
,{"stream_name":"stdout","time":459.076044675,"data":"BIOHUB_RETENTION_GUARD {\"blended_candidates\": 219, \"dataset\": \"44b6_0b24845f\", \"frame\": 89, \"minimum_retention\": 0.9, \"primary_candidates\": 322, \"retention\": 0.6801242236024845, \"use_primary\": true}\n"}
,{"stream_name":"stdout","time":459.944938474,"data":"EDGE_TTA_ACTIVE views= 8 mean_abs_feat_delta= 0.334199\n"}
,{"stream_name":"stdout","time":460.014772982,"data":"EDGE_TTA_ACTIVE views= 8 mean_abs_feat_delta= 0.362102\n"}
,{"stream_name":"stdout","time":460.147237128,"data":"EDGE_TTA_ACTIVE views= 8 mean_abs_feat_delta= 0.334199\n"}
,{"stream_name":"stdout","time":460.147262328,"data":"EDGE_TTA_ACTIVE views= 8 mean_abs_feat_delta= 0.362102\n"}
,{"stream_name":"stdout","time":460.91743072,"data":"SECONDARY_EDGE_TTA_ACTIVE views= 8 weight= 0.75 mean_abs_feat_delta= 0.259374\n"}
,{"stream_name":"stdout","time":460.94911548,"data":"SECONDARY_EDGE_TTA_ACTIVE views= 8 weight= 0.75 mean_abs_feat_delta= 0.321967\n"}
,{"stream_name":"stdout","time":460.953230233,"data":"BIOHUB_RETENTION_GUARD {\"blended_candidates\": 175, \"dataset\": \"44b6_0b24845f\", \"frame\": 90, \"minimum_retention\": 0.9, \"primary_candidates\": 269, \"retention\": 0.6505576208178439, \"use_primary\": true}\n"}
,{"stream_name":"stdout","time":461.121132324,"data":"SECONDARY_EDGE_TTA_ACTIVE views= 8 weight= 0.75 mean_abs_feat_delta= 0.259374\n"}
,{"stream_name":"stdout","time":461.121182195,"data":"SECONDARY_EDGE_TTA_ACTIVE views= 8 weight= 0.75 mean_abs_feat_delta= 0.321967\n"}
,{"stream_name":"stdout","time":461.121187563,"data":"BIOHUB_RETENTION_GUARD {\"blended_candidates\": 175, \"dataset\": \"44b6_0b24845f\", \"frame\": 90, \"minimum_retention\": 0.9, \"primary_candidates\": 269, \"retention\": 0.6505576208178439, \"use_primary\": true}\n"}
,{"stream_name":"stdout","time":461.98602949,"data":"EDGE_TTA_ACTIVE views= 8 mean_abs_feat_delta= 0.338008\n"}
,{"stream_name":"stdout","time":461.992693309,"data":"EDGE_TTA_ACTIVE views= 8 mean_abs_feat_delta= 0.362535\n"}
,{"stream_name":"stdout","time":462.188313221,"data":"EDGE_TTA_ACTIVE views= 8 mean_abs_feat_delta= 0.338008\n"}
,{"stream_name":"stdout","time":462.188343941,"data":"EDGE_TTA_ACTIVE views= 8 mean_abs_feat_delta= 0.362535\n"}
,{"stream_name":"stdout","time":462.925609052,"data":"SECONDARY_EDGE_TTA_ACTIVE views= 8 weight= 0.75 mean_abs_feat_delta= 0.320952\n"}
,{"stream_name":"stdout","time":462.929457161,"data":"BIOHUB_RETENTION_GUARD {\"blended_candidates\": 136, \"dataset\": \"44b6_0b24845f\", \"frame\": 91, \"minimum_retention\": 0.9, \"primary_candidates\": 237, \"retention\": 0.5738396624472574, \"use_primary\": true}\n"}
,{"stream_name":"stdout","time":462.960644495,"data":"SECONDARY_EDGE_TTA_ACTIVE views= 8 weight= 0.75 mean_abs_feat_delta= 0.257413\n"}
,{"stream_name":"stdout","time":463.128273233,"data":"SECONDARY_EDGE_TTA_ACTIVE views= 8 weight= 0.75 mean_abs_feat_delta= 0.320952\n"}
,{"stream_name":"stdout","time":463.128303835,"data":"BIOHUB_RETENTION_GUARD {\"blended_candidates\": 136, \"dataset\": \"44b6_0b24845f\", \"frame\": 91, \"minimum_retention\": 0.9, \"primary_candidates\": 237, \"retention\": 0.5738396624472574, \"use_primary\": true}\n"}
,{"stream_name":"stdout","time":463.128320856,"data":"SECONDARY_EDGE_TTA_ACTIVE views= 8 weight= 0.75 mean_abs_feat_delta= 0.257413\n"}
,{"stream_name":"stdout","time":463.962235572,"data":"EDGE_TTA_ACTIVE views= 8 mean_abs_feat_delta= 0.36442\n"}
,{"stream_name":"stdout","time":464.035426971,"data":"EDGE_TTA_ACTIVE views= 8 mean_abs_feat_delta= 0.338144\n"}
,{"stream_name":"stdout","time":464.164652629,"data":"EDGE_TTA_ACTIVE views= 8 mean_abs_feat_delta= 0.36442\n"}
,{"stream_name":"stdout","time":464.164779099,"data":"EDGE_TTA_ACTIVE views= 8 mean_abs_feat_delta= 0.338144\n"}
,{"stream_name":"stdout","time":464.896131271,"data":"SECONDARY_EDGE_TTA_ACTIVE views= 8 weight= 0.75 mean_abs_feat_delta= 0.322162\n"}
,{"stream_name":"stdout","time":464.900141224,"data":"BIOHUB_RETENTION_GUARD {\"blended_candidates\": 151, \"dataset\": \"44b6_0b24845f\", \"frame\": 92, \"minimum_retention\": 0.9, \"primary_candidates\": 286, \"retention\": 0.527972027972028, \"use_primary\": true}\n"}
,{"stream_name":"stdout","time":465.007644665,"data":"SECONDARY_EDGE_TTA_ACTIVE views= 8 weight= 0.75 mean_abs_feat_delta= 0.257555\n"}
,{"stream_name":"stdout","time":465.09912486,"data":"SECONDARY_EDGE_TTA_ACTIVE views= 8 weight= 0.75 mean_abs_feat_delta= 0.322162\n"}
,{"stream_name":"stdout","time":465.099229451,"data":"BIOHUB_RETENTION_GUARD {\"blended_candidates\": 151, \"dataset\": \"44b6_0b24845f\", \"frame\": 92, \"minimum_retention\": 0.9, \"primary_candidates\": 286, \"retention\": 0.527972027972028, \"use_primary\": true}\n"}
,{"stream_name":"stdout","time":465.099241911,"data":"SECONDARY_EDGE_TTA_ACTIVE views= 8 weight= 0.75 mean_abs_feat_delta= 0.257555\n"}
,{"stream_name":"stdout","time":465.959351645,"data":"EDGE_TTA_ACTIVE views= 8 mean_abs_feat_delta= 0.357811\n"}
,{"stream_name":"stdout","time":466.080596077,"data":"EDGE_TTA_ACTIVE views= 8 mean_abs_feat_delta= 0.336404\n"}
,{"stream_name":"stdout","time":466.161635722,"data":"EDGE_TTA_ACTIVE views= 8 mean_abs_feat_delta= 0.357811\n"}
,{"stream_name":"stdout","time":466.161676447,"data":"EDGE_TTA_ACTIVE views= 8 mean_abs_feat_delta= 0.336404\n"}
,{"stream_name":"stdout","time":466.892095084,"data":"SECONDARY_EDGE_TTA_ACTIVE views= 8 weight= 0.75 mean_abs_feat_delta= 0.314236\n"}
,{"stream_name":"stdout","time":466.896199493,"data":"BIOHUB_RETENTION_GUARD {\"blended_candidates\": 133, \"dataset\": \"44b6_0b24845f\", \"frame\": 93, \"minimum_retention\": 0.9, \"primary_candidates\": 253, \"retention\": 0.525691699604743, \"use_primary\": true}\n"}
,{"stream_name":"stdout","time":467.054387372,"data":"SECONDARY_EDGE_TTA_ACTIVE views= 8 weight= 0.75 mean_abs_feat_delta= 0.253368\n"}
,{"stream_name":"stdout","time":467.094674481,"data":"SECONDARY_EDGE_TTA_ACTIVE views= 8 weight= 0.75 mean_abs_feat_delta= 0.314236\n"}
,{"stream_name":"stdout","time":467.094704833,"data":"BIOHUB_RETENTION_GUARD {\"blended_candidates\": 133, \"dataset\": \"44b6_0b24845f\", \"frame\": 93, \"minimum_retention\": 0.9, \"primary_candidates\": 253, \"retention\": 0.525691699604743, \"use_primary\": true}\n"}
,{"stream_name":"stdout","time":467.094711379,"data":"SECONDARY_EDGE_TTA_ACTIVE views= 8 weight= 0.75 mean_abs_feat_delta= 0.253368\n"}
,{"stream_name":"stdout","time":467.990019196,"data":"EDGE_TTA_ACTIVE views= 8 mean_abs_feat_delta= 0.3551\n"}
,{"stream_name":"stdout","time":468.179491173,"data":"EDGE_TTA_ACTIVE views= 8 mean_abs_feat_delta= 0.336923\n"}
,{"stream_name":"stdout","time":468.192664276,"data":"EDGE_TTA_ACTIVE views= 8 mean_abs_feat_delta= 0.3551\n"}
,{"stream_name":"stdout","time":468.192679566,"data":"EDGE_TTA_ACTIVE views= 8 mean_abs_feat_delta= 0.336923\n"}
,{"stream_name":"stdout","time":468.927494046,"data":"SECONDARY_EDGE_TTA_ACTIVE views= 8 weight= 0.75 mean_abs_feat_delta= 0.314665\n"}
,{"stream_name":"stdout","time":468.931709365,"data":"BIOHUB_RETENTION_GUARD {\"blended_candidates\": 168, \"dataset\": \"44b6_0b24845f\", \"frame\": 94, \"minimum_retention\": 0.9, \"primary_candidates\": 290, \"retention\": 0.5793103448275863, \"use_primary\": true}\n"}
,{"stream_name":"stdout","time":469.129987513,"data":"SECONDARY_EDGE_TTA_ACTIVE views= 8 weight= 0.75 mean_abs_feat_delta= 0.314665\n"}
,{"stream_name":"stdout","time":469.130020392,"data":"BIOHUB_RETENTION_GUARD {\"blended_candidates\": 168, \"dataset\": \"44b6_0b24845f\", \"frame\": 94, \"minimum_retention\": 0.9, \"primary_candidates\": 290, \"retention\": 0.5793103448275863, \"use_primary\": true}\n"}
,{"stream_name":"stdout","time":469.158386077,"data":"SECONDARY_EDGE_TTA_ACTIVE views= 8 weight= 0.75 mean_abs_feat_delta= 0.253968\n"}
,{"stream_name":"stdout","time":469.360829927,"data":"SECONDARY_EDGE_TTA_ACTIVE views= 8 weight= 0.75 mean_abs_feat_delta= 0.253968\n"}
,{"stream_name":"stdout","time":469.975016945,"data":"EDGE_TTA_ACTIVE views= 8 mean_abs_feat_delta= 0.362482\n"}
,{"stream_name":"stdout","time":470.177551477,"data":"EDGE_TTA_ACTIVE views= 8 mean_abs_feat_delta= 0.362482\n"}
,{"stream_name":"stdout","time":470.231539712,"data":"EDGE_TTA_ACTIVE views= 8 mean_abs_feat_delta= 0.340204\n"}
,{"stream_name":"stdout","time":470.43408435,"data":"EDGE_TTA_ACTIVE views= 8 mean_abs_feat_delta= 0.340204\n"}
,{"stream_name":"stdout","time":470.91092127,"data":"SECONDARY_EDGE_TTA_ACTIVE views= 8 weight= 0.75 mean_abs_feat_delta= 0.321701\n"}
,{"stream_name":"stdout","time":470.915023767,"data":"BIOHUB_RETENTION_GUARD {\"blended_candidates\": 140, \"dataset\": \"44b6_0b24845f\", \"frame\": 95, \"minimum_retention\": 0.9, \"primary_candidates\": 309, \"retention\": 0.45307443365695793, \"use_primary\": true}\n"}
,{"stream_name":"stdout","time":471.113771333,"data":"SECONDARY_EDGE_TTA_ACTIVE views= 8 weight= 0.75 mean_abs_feat_delta= 0.321701\n"}
,{"stream_name":"stdout","time":471.113809098,"data":"BIOHUB_RETENTION_GUARD {\"blended_candidates\": 140, \"dataset\": \"44b6_0b24845f\", \"frame\": 95, \"minimum_retention\": 0.9, \"primary_candidates\": 309, \"retention\": 0.45307443365695793, \"use_primary\": true}\n"}
,{"stream_name":"stdout","time":471.205028062,"data":"SECONDARY_EDGE_TTA_ACTIVE views= 8 weight= 0.75 mean_abs_feat_delta= 0.25869\n"}
,{"stream_name":"stdout","time":471.407234178,"data":"SECONDARY_EDGE_TTA_ACTIVE views= 8 weight= 0.75 mean_abs_feat_delta= 0.25869\n"}
,{"stream_name":"stdout","time":471.960608506,"data":"EDGE_TTA_ACTIVE views= 8 mean_abs_feat_delta= 0.358614\n"}
,{"stream_name":"stdout","time":472.162974278,"data":"EDGE_TTA_ACTIVE views= 8 mean_abs_feat_delta= 0.358614\n"}
,{"stream_name":"stdout","time":472.274763309,"data":"EDGE_TTA_ACTIVE views= 8 mean_abs_feat_delta= 0.343273\n"}
,{"stream_name":"stdout","time":472.477039771,"data":"EDGE_TTA_ACTIVE views= 8 mean_abs_feat_delta= 0.343273\n"}
,{"stream_name":"stdout","time":472.89539009,"data":"SECONDARY_EDGE_TTA_ACTIVE views= 8 weight= 0.75 mean_abs_feat_delta= 0.325788\n"}
,{"stream_name":"stdout","time":472.899284707,"data":"BIOHUB_RETENTION_GUARD {\"blended_candidates\": 124, \"dataset\": \"44b6_0b24845f\", \"frame\": 96, \"minimum_retention\": 0.9, \"primary_candidates\": 273, \"retention\": 0.4542124542124542, \"use_primary\": true}\n"}
,{"stream_name":"stdout","time":473.097597906,"data":"SECONDARY_EDGE_TTA_ACTIVE views= 8 weight= 0.75 mean_abs_feat_delta= 0.325788\n"}
,{"stream_name":"stdout","time":473.097655748,"data":"BIOHUB_RETENTION_GUARD {\"blended_candidates\": 124, \"dataset\": \"44b6_0b24845f\", \"frame\": 96, \"minimum_retention\": 0.9, \"primary_candidates\": 273, \"retention\": 0.4542124542124542, \"use_primary\": true}\n"}
,{"stream_name":"stdout","time":473.247451851,"data":"SECONDARY_EDGE_TTA_ACTIVE views= 8 weight= 0.75 mean_abs_feat_delta= 0.249107\n"}
,{"stream_name":"stdout","time":473.449597523,"data":"SECONDARY_EDGE_TTA_ACTIVE views= 8 weight= 0.75 mean_abs_feat_delta= 0.249107\n"}
,{"stream_name":"stdout","time":473.944423426,"data":"EDGE_TTA_ACTIVE views= 8 mean_abs_feat_delta= 0.354717\n"}
,{"stream_name":"stdout","time":474.146663992,"data":"EDGE_TTA_ACTIVE views= 8 mean_abs_feat_delta= 0.354717\n"}
,{"stream_name":"stdout","time":474.338650259,"data":"EDGE_TTA_ACTIVE views= 8 mean_abs_feat_delta= 0.340039\n"}
,{"stream_name":"stdout","time":474.540788242,"data":"EDGE_TTA_ACTIVE views= 8 mean_abs_feat_delta= 0.340039\n"}
,{"stream_name":"stdout","time":474.879481381,"data":"SECONDARY_EDGE_TTA_ACTIVE views= 8 weight= 0.75 mean_abs_feat_delta= 0.328691\n"}
,{"stream_name":"stdout","time":474.883588659,"data":"BIOHUB_RETENTION_GUARD {\"blended_candidates\": 181, \"dataset\": \"44b6_0b24845f\", \"frame\": 97, \"minimum_retention\": 0.9, \"primary_candidates\": 328, \"retention\": 0.551829268292683, \"use_primary\": true}\n"}
,{"stream_name":"stdout","time":475.081740846,"data":"SECONDARY_EDGE_TTA_ACTIVE views= 8 weight= 0.75 mean_abs_feat_delta= 0.328691\n"}
,{"stream_name":"stdout","time":475.081775361,"data":"BIOHUB_RETENTION_GUARD {\"blended_candidates\": 181, \"dataset\": \"44b6_0b24845f\", \"frame\": 97, \"minimum_retention\": 0.9, \"primary_candidates\": 328, \"retention\": 0.551829268292683, \"use_primary\": true}\n"}
,{"stream_name":"stdout","time":475.312141294,"data":"SECONDARY_EDGE_TTA_ACTIVE views= 8 weight= 0.75 mean_abs_feat_delta= 0.250998\n"}
,{"stream_name":"stdout","time":475.51442875,"data":"SECONDARY_EDGE_TTA_ACTIVE views= 8 weight= 0.75 mean_abs_feat_delta= 0.250998\n"}
,{"stream_name":"stdout","time":475.925649026,"data":"EDGE_TTA_ACTIVE views= 8 mean_abs_feat_delta= 0.362901\n"}
,{"stream_name":"stdout","time":476.128151251,"data":"EDGE_TTA_ACTIVE views= 8 mean_abs_feat_delta= 0.362901\n"}
,{"stream_name":"stdout","time":476.438296721,"data":"EDGE_TTA_ACTIVE views= 8 mean_abs_feat_delta= 0.338922\n"}
,{"stream_name":"stdout","time":476.640690708,"data":"EDGE_TTA_ACTIVE views= 8 mean_abs_feat_delta= 0.338922\n"}
,{"stream_name":"stdout","time":476.864875876,"data":"SECONDARY_EDGE_TTA_ACTIVE views= 8 weight= 0.75 mean_abs_feat_delta= 0.327921\n"}
,{"stream_name":"stdout","time":476.86880979,"data":"BIOHUB_RETENTION_GUARD {\"blended_candidates\": 153, \"dataset\": \"44b6_0b24845f\", \"frame\": 98, \"minimum_retention\": 0.9, \"primary_candidates\": 295, \"retention\": 0.5186440677966102, \"use_primary\": true}\n"}
,{"stream_name":"stdout","time":477.067133255,"data":"SECONDARY_EDGE_TTA_ACTIVE views= 8 weight= 0.75 mean_abs_feat_delta= 0.327921\n"}
,{"stream_name":"stdout","time":477.067174527,"data":"BIOHUB_RETENTION_GUARD {\"blended_candidates\": 153, \"dataset\": \"44b6_0b24845f\", \"frame\": 98, \"minimum_retention\": 0.9, \"primary_candidates\": 295, \"retention\": 0.5186440677966102, \"use_primary\": true}\n"}
,{"stream_name":"stdout","time":477.417571322,"data":"SECONDARY_EDGE_TTA_ACTIVE views= 8 weight= 0.75 mean_abs_feat_delta= 0.249091\n"}
,{"stream_name":"stdout","time":477.619773018,"data":"SECONDARY_EDGE_TTA_ACTIVE views= 8 weight= 0.75 mean_abs_feat_delta= 0.249091\n"}
,{"stream_name":"stdout","time":477.914303093,"data":"EDGE_TTA_ACTIVE views= 8 mean_abs_feat_delta= 0.362405\n"}
,{"stream_name":"stdout","time":478.116577867,"data":"EDGE_TTA_ACTIVE views= 8 mean_abs_feat_delta= 0.362405\n"}
,{"stream_name":"stdout","time":478.550796958,"data":"EDGE_TTA_ACTIVE views= 8 mean_abs_feat_delta= 0.342488\n"}
,{"stream_name":"stdout","time":478.753081563,"data":"EDGE_TTA_ACTIVE views= 8 mean_abs_feat_delta= 0.342488\n"}
,{"stream_name":"stdout","time":478.851525057,"data":"SECONDARY_EDGE_TTA_ACTIVE views= 8 weight= 0.75 mean_abs_feat_delta= 0.328126\n"}
,{"stream_name":"stdout","time":478.855714779,"data":"BIOHUB_RETENTION_GUARD {\"blended_candidates\": 111, \"dataset\": \"44b6_0b24845f\", \"frame\": 99, \"minimum_retention\": 0.9, \"primary_candidates\": 224, \"retention\": 0.4955357142857143, \"use_primary\": true}\n"}
,{"stream_name":"stdout","time":479.054239831,"data":"SECONDARY_EDGE_TTA_ACTIVE views= 8 weight= 0.75 mean_abs_feat_delta= 0.328126\n"}
,{"stream_name":"stdout","time":479.054274337,"data":"BIOHUB_RETENTION_GUARD {\"blended_candidates\": 111, \"dataset\": \"44b6_0b24845f\", \"frame\": 99, \"minimum_retention\": 0.9, \"primary_candidates\": 224, \"retention\": 0.4955357142857143, \"use_primary\": true}\n"}
,{"stream_name":"stdout","time":479.523026523,"data":"SECONDARY_EDGE_TTA_ACTIVE views= 8 weight= 0.75 mean_abs_feat_delta= 0.25058\n"}
,{"stream_name":"stdout","time":479.72577984,"data":"SECONDARY_EDGE_TTA_ACTIVE views= 8 weight= 0.75 mean_abs_feat_delta= 0.25058\n"}
,{"stream_name":"stdout","time":480.592884493,"data":"EDGE_TTA_ACTIVE views= 8 mean_abs_feat_delta= 0.341683\n"}
,{"stream_name":"stdout","time":480.797959342,"data":"EDGE_TTA_ACTIVE views= 8 mean_abs_feat_delta= 0.341683\n"}
,{"stream_name":"stdout","time":481.567128781,"data":"SECONDARY_EDGE_TTA_ACTIVE views= 8 weight= 0.75 mean_abs_feat_delta= 0.25428\n"}
,{"stream_name":"stdout","time":481.769594975,"data":"SECONDARY_EDGE_TTA_ACTIVE views= 8 weight= 0.75 mean_abs_feat_delta= 0.25428\n"}
,{"stream_name":"stdout","time":500.95110686,"data":"EDGE_TTA_ACTIVE views= 8 mean_abs_feat_delta= 0.336457\n"}
,{"stream_name":"stdout","time":501.193171627,"data":"EDGE_TTA_ACTIVE views= 8 mean_abs_feat_delta= 0.336457\n"}
,{"stream_name":"stdout","time":501.865191254,"data":"SECONDARY_EDGE_TTA_ACTIVE views= 8 weight= 0.75 mean_abs_feat_delta= 0.229228\n"}
,{"stream_name":"stdout","time":502.067715409,"data":"SECONDARY_EDGE_TTA_ACTIVE views= 8 weight= 0.75 mean_abs_feat_delta= 0.229228\n"}
,{"stream_name":"stdout","time":503.11721649,"data":"EDGE_TTA_ACTIVE views= 8 mean_abs_feat_delta= 0.33652\n"}
,{"stream_name":"stdout","time":503.31984432,"data":"EDGE_TTA_ACTIVE views= 8 mean_abs_feat_delta= 0.33652\n"}
,{"stream_name":"stdout","time":504.036583192,"data":"SECONDARY_EDGE_TTA_ACTIVE views= 8 weight= 0.75 mean_abs_feat_delta= 0.231364\n"}
,{"stream_name":"stdout","time":504.239179134,"data":"SECONDARY_EDGE_TTA_ACTIVE views= 8 weight= 0.75 mean_abs_feat_delta= 0.231364\n"}
,{"stream_name":"stdout","time":505.311962268,"data":"EDGE_TTA_ACTIVE views= 8 mean_abs_feat_delta= 0.334504\n"}
,{"stream_name":"stdout","time":505.514991152,"data":"EDGE_TTA_ACTIVE views= 8 mean_abs_feat_delta= 0.334504\n"}
,{"stream_name":"stdout","time":506.235228234,"data":"SECONDARY_EDGE_TTA_ACTIVE views= 8 weight= 0.75 mean_abs_feat_delta= 0.231505\n"}
,{"stream_name":"stdout","time":506.437795376,"data":"SECONDARY_EDGE_TTA_ACTIVE views= 8 weight= 0.75 mean_abs_feat_delta= 0.231505\n"}
,{"stream_name":"stdout","time":507.514922084,"data":"EDGE_TTA_ACTIVE views= 8 mean_abs_feat_delta= 0.331503\n"}
,{"stream_name":"stdout","time":507.717100255,"data":"EDGE_TTA_ACTIVE views= 8 mean_abs_feat_delta= 0.331503\n"}
,{"stream_name":"stdout","time":508.154763189,"data":"EDGE_TTA_ACTIVE views= 8 mean_abs_feat_delta= 0.353265\n"}
,{"stream_name":"stdout","time":508.357376262,"data":"EDGE_TTA_ACTIVE views= 8 mean_abs_feat_delta= 0.353265\n"}
,{"stream_name":"stdout","time":508.442964125,"data":"SECONDARY_EDGE_TTA_ACTIVE views= 8 weight= 0.75 mean_abs_feat_delta= 0.233103\n"}
,{"stream_name":"stdout","time":508.645286987,"data":"SECONDARY_EDGE_TTA_ACTIVE views= 8 weight= 0.75 mean_abs_feat_delta= 0.233103\n"}
,{"stream_name":"stdout","time":509.106673506,"data":"SECONDARY_EDGE_TTA_ACTIVE views= 8 weight= 0.75 mean_abs_feat_delta= 0.229197\n"}
,{"stream_name":"stdout","time":509.309141813,"data":"SECONDARY_EDGE_TTA_ACTIVE views= 8 weight= 0.75 mean_abs_feat_delta= 0.229197\n"}
,{"stream_name":"stdout","time":509.695282477,"data":"EDGE_TTA_ACTIVE views= 8 mean_abs_feat_delta= 0.334571\n"}
,{"stream_name":"stdout","time":509.897779309,"data":"EDGE_TTA_ACTIVE views= 8 mean_abs_feat_delta= 0.334571\n"}
,{"stream_name":"stdout","time":510.135693271,"data":"EDGE_TTA_ACTIVE views= 8 mean_abs_feat_delta= 0.356556\n"}
,{"stream_name":"stdout","time":510.338029895,"data":"EDGE_TTA_ACTIVE views= 8 mean_abs_feat_delta= 0.356556\n"}
,{"stream_name":"stdout","time":510.625208406,"data":"SECONDARY_EDGE_TTA_ACTIVE views= 8 weight= 0.75 mean_abs_feat_delta= 0.230713\n"}
,{"stream_name":"stdout","time":510.827568498,"data":"SECONDARY_EDGE_TTA_ACTIVE views= 8 weight= 0.75 mean_abs_feat_delta= 0.230713\n"}
,{"stream_name":"stdout","time":511.094463455,"data":"SECONDARY_EDGE_TTA_ACTIVE views= 8 weight= 0.75 mean_abs_feat_delta= 0.228531\n"}
,{"stream_name":"stdout","time":511.29700602,"data":"SECONDARY_EDGE_TTA_ACTIVE views= 8 weight= 0.75 mean_abs_feat_delta= 0.228531\n"}
,{"stream_name":"stdout","time":511.893604754,"data":"EDGE_TTA_ACTIVE views= 8 mean_abs_feat_delta= 0.333844\n"}
,{"stream_name":"stdout","time":512.09603787,"data":"EDGE_TTA_ACTIVE views= 8 mean_abs_feat_delta= 0.333844\n"}
,{"stream_name":"stdout","time":512.165385372,"data":"EDGE_TTA_ACTIVE views= 8 mean_abs_feat_delta= 0.359353\n"}
,{"stream_name":"stdout","time":512.368070414,"data":"EDGE_TTA_ACTIVE views= 8 mean_abs_feat_delta= 0.359353\n"}
,{"stream_name":"stdout","time":512.828362983,"data":"SECONDARY_EDGE_TTA_ACTIVE views= 8 weight= 0.75 mean_abs_feat_delta= 0.228063\n"}
,{"stream_name":"stdout","time":513.030805288,"data":"SECONDARY_EDGE_TTA_ACTIVE views= 8 weight= 0.75 mean_abs_feat_delta= 0.228063\n"}
,{"stream_name":"stdout","time":513.127449769,"data":"SECONDARY_EDGE_TTA_ACTIVE views= 8 weight= 0.75 mean_abs_feat_delta= 0.232233\n"}
,{"stream_name":"stdout","time":513.329770662,"data":"SECONDARY_EDGE_TTA_ACTIVE views= 8 weight= 0.75 mean_abs_feat_delta= 0.232233\n"}
,{"stream_name":"stdout","time":514.095660458,"data":"EDGE_TTA_ACTIVE views= 8 mean_abs_feat_delta= 0.333957\n"}
,{"stream_name":"stdout","time":514.215608194,"data":"EDGE_TTA_ACTIVE views= 8 mean_abs_feat_delta= 0.361838\n"}
,{"stream_name":"stdout","time":514.298220494,"data":"EDGE_TTA_ACTIVE views= 8 mean_abs_feat_delta= 0.333957\n"}
,{"stream_name":"stdout","time":514.298308618,"data":"EDGE_TTA_ACTIVE views= 8 mean_abs_feat_delta= 0.361838\n"}
,{"stream_name":"stdout","time":515.032414343,"data":"SECONDARY_EDGE_TTA_ACTIVE views= 8 weight= 0.75 mean_abs_feat_delta= 0.23148\n"}
,{"stream_name":"stdout","time":515.176602774,"data":"SECONDARY_EDGE_TTA_ACTIVE views= 8 weight= 0.75 mean_abs_feat_delta= 0.231136\n"}
,{"stream_name":"stdout","time":515.234502425,"data":"SECONDARY_EDGE_TTA_ACTIVE views= 8 weight= 0.75 mean_abs_feat_delta= 0.23148\n"}
,{"stream_name":"stdout","time":515.234535064,"data":"SECONDARY_EDGE_TTA_ACTIVE views= 8 weight= 0.75 mean_abs_feat_delta= 0.231136\n"}
,{"stream_name":"stdout","time":516.250465892,"data":"EDGE_TTA_ACTIVE views= 8 mean_abs_feat_delta= 0.349332\n"}
,{"stream_name":"stdout","time":516.366833238,"data":"EDGE_TTA_ACTIVE views= 8 mean_abs_feat_delta= 0.333005\n"}
,{"stream_name":"stdout","time":516.452755026,"data":"EDGE_TTA_ACTIVE views= 8 mean_abs_feat_delta= 0.349332\n"}
,{"stream_name":"stdout","time":516.452777804,"data":"EDGE_TTA_ACTIVE views= 8 mean_abs_feat_delta= 0.333005\n"}
,{"stream_name":"stdout","time":517.221390784,"data":"SECONDARY_EDGE_TTA_ACTIVE views= 8 weight= 0.75 mean_abs_feat_delta= 0.237962\n"}
,{"stream_name":"stdout","time":517.306259855,"data":"SECONDARY_EDGE_TTA_ACTIVE views= 8 weight= 0.75 mean_abs_feat_delta= 0.226861\n"}
,{"stream_name":"stdout","time":517.423713003,"data":"SECONDARY_EDGE_TTA_ACTIVE views= 8 weight= 0.75 mean_abs_feat_delta= 0.237962\n"}
,{"stream_name":"stdout","time":517.423755535,"data":"SECONDARY_EDGE_TTA_ACTIVE views= 8 weight= 0.75 mean_abs_feat_delta= 0.226861\n"}
,{"stream_name":"stdout","time":518.275396643,"data":"EDGE_TTA_ACTIVE views= 8 mean_abs_feat_delta= 0.36765\n"}
,{"stream_name":"stdout","time":518.477836216,"data":"EDGE_TTA_ACTIVE views= 8 mean_abs_feat_delta= 0.36765\n"}
,{"stream_name":"stdout","time":518.577814521,"data":"EDGE_TTA_ACTIVE views= 8 mean_abs_feat_delta= 0.335609\n"}
,{"stream_name":"stdout","time":518.780121914,"data":"EDGE_TTA_ACTIVE views= 8 mean_abs_feat_delta= 0.335609\n"}
,{"stream_name":"stdout","time":519.253252687,"data":"SECONDARY_EDGE_TTA_ACTIVE views= 8 weight= 0.75 mean_abs_feat_delta= 0.23324\n"}
,{"stream_name":"stdout","time":519.455846032,"data":"SECONDARY_EDGE_TTA_ACTIVE views= 8 weight= 0.75 mean_abs_feat_delta= 0.23324\n"}
,{"stream_name":"stdout","time":519.522567784,"data":"SECONDARY_EDGE_TTA_ACTIVE views= 8 weight= 0.75 mean_abs_feat_delta= 0.226753\n"}
,{"stream_name":"stdout","time":519.724660886,"data":"SECONDARY_EDGE_TTA_ACTIVE views= 8 weight= 0.75 mean_abs_feat_delta= 0.226753\n"}
,{"stream_name":"stdout","time":520.29293318,"data":"EDGE_TTA_ACTIVE views= 8 mean_abs_feat_delta= 0.37095\n"}
,{"stream_name":"stdout","time":520.495166084,"data":"EDGE_TTA_ACTIVE views= 8 mean_abs_feat_delta= 0.37095\n"}
,{"stream_name":"stdout","time":520.816959678,"data":"EDGE_TTA_ACTIVE views= 8 mean_abs_feat_delta= 0.338411\n"}
,{"stream_name":"stdout","time":521.01947541,"data":"EDGE_TTA_ACTIVE views= 8 mean_abs_feat_delta= 0.338411\n"}
,{"stream_name":"stdout","time":521.266006914,"data":"SECONDARY_EDGE_TTA_ACTIVE views= 8 weight= 0.75 mean_abs_feat_delta= 0.233703\n"}
,{"stream_name":"stdout","time":521.468521935,"data":"SECONDARY_EDGE_TTA_ACTIVE views= 8 weight= 0.75 mean_abs_feat_delta= 0.233703\n"}
,{"stream_name":"stdout","time":521.769948106,"data":"SECONDARY_EDGE_TTA_ACTIVE views= 8 weight= 0.75 mean_abs_feat_delta= 0.229067\n"}
,{"stream_name":"stdout","time":521.972461631,"data":"SECONDARY_EDGE_TTA_ACTIVE views= 8 weight= 0.75 mean_abs_feat_delta= 0.229067\n"}
,{"stream_name":"stdout","time":522.31725117,"data":"EDGE_TTA_ACTIVE views= 8 mean_abs_feat_delta= 0.362298\n"}
,{"stream_name":"stdout","time":522.519577075,"data":"EDGE_TTA_ACTIVE views= 8 mean_abs_feat_delta= 0.362298\n"}
,{"stream_name":"stdout","time":523.074950087,"data":"EDGE_TTA_ACTIVE views= 8 mean_abs_feat_delta= 0.33357\n"}
,{"stream_name":"stdout","time":523.277386733,"data":"EDGE_TTA_ACTIVE views= 8 mean_abs_feat_delta= 0.33357\n"}
,{"stream_name":"stdout","time":523.292782146,"data":"SECONDARY_EDGE_TTA_ACTIVE views= 8 weight= 0.75 mean_abs_feat_delta= 0.23047\n"}
,{"stream_name":"stdout","time":523.495273806,"data":"SECONDARY_EDGE_TTA_ACTIVE views= 8 weight= 0.75 mean_abs_feat_delta= 0.23047\n"}
,{"stream_name":"stdout","time":524.04913627,"data":"SECONDARY_EDGE_TTA_ACTIVE views= 8 weight= 0.75 mean_abs_feat_delta= 0.224805\n"}
,{"stream_name":"stdout","time":524.25152499,"data":"SECONDARY_EDGE_TTA_ACTIVE views= 8 weight= 0.75 mean_abs_feat_delta= 0.224805\n"}
,{"stream_name":"stdout","time":524.370277394,"data":"EDGE_TTA_ACTIVE views= 8 mean_abs_feat_delta= 0.357762\n"}
,{"stream_name":"stdout","time":524.572534858,"data":"EDGE_TTA_ACTIVE views= 8 mean_abs_feat_delta= 0.357762\n"}
,{"stream_name":"stdout","time":525.338699399,"data":"EDGE_TTA_ACTIVE views= 8 mean_abs_feat_delta= 0.328392\n"}
,{"stream_name":"stdout","time":525.358932371,"data":"SECONDARY_EDGE_TTA_ACTIVE views= 8 weight= 0.75 mean_abs_feat_delta= 0.222866\n"}
,{"stream_name":"stdout","time":525.541091265,"data":"EDGE_TTA_ACTIVE views= 8 mean_abs_feat_delta= 0.328392\n"}
,{"stream_name":"stdout","time":525.541124152,"data":"SECONDARY_EDGE_TTA_ACTIVE views= 8 weight= 0.75 mean_abs_feat_delta= 0.222866\n"}
,{"stream_name":"stdout","time":526.299843175,"data":"SECONDARY_EDGE_TTA_ACTIVE views= 8 weight= 0.75 mean_abs_feat_delta= 0.22475\n"}
,{"stream_name":"stdout","time":526.429238651,"data":"EDGE_TTA_ACTIVE views= 8 mean_abs_feat_delta= 0.360193\n"}
,{"stream_name":"stdout","time":526.502231046,"data":"SECONDARY_EDGE_TTA_ACTIVE views= 8 weight= 0.75 mean_abs_feat_delta= 0.22475\n"}
,{"stream_name":"stdout","time":526.502262963,"data":"EDGE_TTA_ACTIVE views= 8 mean_abs_feat_delta= 0.360193\n"}
,{"stream_name":"stdout","time":527.421933243,"data":"SECONDARY_EDGE_TTA_ACTIVE views= 8 weight= 0.75 mean_abs_feat_delta= 0.223297\n"}
,{"stream_name":"stdout","time":527.624712393,"data":"SECONDARY_EDGE_TTA_ACTIVE views= 8 weight= 0.75 mean_abs_feat_delta= 0.223297\n"}
,{"stream_name":"stdout","time":527.637711704,"data":"EDGE_TTA_ACTIVE views= 8 mean_abs_feat_delta= 0.329088\n"}
,{"stream_name":"stdout","time":527.839828749,"data":"EDGE_TTA_ACTIVE views= 8 mean_abs_feat_delta= 0.329088\n"}
,{"stream_name":"stdout","time":528.495538119,"data":"EDGE_TTA_ACTIVE views= 8 mean_abs_feat_delta= 0.35856\n"}
,{"stream_name":"stdout","time":528.604786764,"data":"SECONDARY_EDGE_TTA_ACTIVE views= 8 weight= 0.75 mean_abs_feat_delta= 0.223629\n"}
,{"stream_name":"stdout","time":528.697851658,"data":"EDGE_TTA_ACTIVE views= 8 mean_abs_feat_delta= 0.35856\n"}
,{"stream_name":"stdout","time":528.697877084,"data":"SECONDARY_EDGE_TTA_ACTIVE views= 8 weight= 0.75 mean_abs_feat_delta= 0.223629\n"}
,{"stream_name":"stdout","time":529.494032951,"data":"SECONDARY_EDGE_TTA_ACTIVE views= 8 weight= 0.75 mean_abs_feat_delta= 0.226482\n"}
,{"stream_name":"stdout","time":529.696485925,"data":"SECONDARY_EDGE_TTA_ACTIVE views= 8 weight= 0.75 mean_abs_feat_delta= 0.226482\n"}
,{"stream_name":"stdout","time":529.917040952,"data":"EDGE_TTA_ACTIVE views= 8 mean_abs_feat_delta= 0.331454\n"}
,{"stream_name":"stdout","time":530.119166826,"data":"EDGE_TTA_ACTIVE views= 8 mean_abs_feat_delta= 0.331454\n"}
,{"stream_name":"stdout","time":530.564449937,"data":"EDGE_TTA_ACTIVE views= 8 mean_abs_feat_delta= 0.365065\n"}
,{"stream_name":"stdout","time":530.76680896,"data":"EDGE_TTA_ACTIVE views= 8 mean_abs_feat_delta= 0.365065\n"}
,{"stream_name":"stdout","time":530.879286305,"data":"SECONDARY_EDGE_TTA_ACTIVE views= 8 weight= 0.75 mean_abs_feat_delta= 0.221381\n"}
,{"stream_name":"stdout","time":531.08168744,"data":"SECONDARY_EDGE_TTA_ACTIVE views= 8 weight= 0.75 mean_abs_feat_delta= 0.221381\n"}
,{"stream_name":"stdout","time":531.561507086,"data":"SECONDARY_EDGE_TTA_ACTIVE views= 8 weight= 0.75 mean_abs_feat_delta= 0.229453\n"}
,{"stream_name":"stdout","time":531.798871469,"data":"SECONDARY_EDGE_TTA_ACTIVE views= 8 weight= 0.75 mean_abs_feat_delta= 0.229453\n"}
,{"stream_name":"stdout","time":532.242058446,"data":"EDGE_TTA_ACTIVE views= 8 mean_abs_feat_delta= 0.332081\n"}
,{"stream_name":"stdout","time":532.4445585,"data":"EDGE_TTA_ACTIVE views= 8 mean_abs_feat_delta= 0.332081\n"}
,{"stream_name":"stdout","time":532.654330403,"data":"EDGE_TTA_ACTIVE views= 8 mean_abs_feat_delta= 0.353373\n"}
,{"stream_name":"stdout","time":532.856778522,"data":"EDGE_TTA_ACTIVE views= 8 mean_abs_feat_delta= 0.353373\n"}
,{"stream_name":"stdout","time":533.207643637,"data":"SECONDARY_EDGE_TTA_ACTIVE views= 8 weight= 0.75 mean_abs_feat_delta= 0.220825\n"}
,{"stream_name":"stdout","time":533.410592303,"data":"SECONDARY_EDGE_TTA_ACTIVE views= 8 weight= 0.75 mean_abs_feat_delta= 0.220825\n"}
,{"stream_name":"stdout","time":533.651755304,"data":"SECONDARY_EDGE_TTA_ACTIVE views= 8 weight= 0.75 mean_abs_feat_delta= 0.233899\n"}
,{"stream_name":"stdout","time":533.853912219,"data":"SECONDARY_EDGE_TTA_ACTIVE views= 8 weight= 0.75 mean_abs_feat_delta= 0.233899\n"}
,{"stream_name":"stdout","time":534.517843427,"data":"EDGE_TTA_ACTIVE views= 8 mean_abs_feat_delta= 0.331331\n"}
,{"stream_name":"stdout","time":534.720304547,"data":"EDGE_TTA_ACTIVE views= 8 mean_abs_feat_delta= 0.331331\n"}
,{"stream_name":"stdout","time":534.742800704,"data":"EDGE_TTA_ACTIVE views= 8 mean_abs_feat_delta= 0.366767\n"}
,{"stream_name":"stdout","time":534.94524424,"data":"EDGE_TTA_ACTIVE views= 8 mean_abs_feat_delta= 0.366767\n"}
,{"stream_name":"stdout","time":535.478640719,"data":"SECONDARY_EDGE_TTA_ACTIVE views= 8 weight= 0.75 mean_abs_feat_delta= 0.220942\n"}
,{"stream_name":"stdout","time":535.681076342,"data":"SECONDARY_EDGE_TTA_ACTIVE views= 8 weight= 0.75 mean_abs_feat_delta= 0.220942\n"}
,{"stream_name":"stdout","time":535.737707427,"data":"SECONDARY_EDGE_TTA_ACTIVE views= 8 weight= 0.75 mean_abs_feat_delta= 0.228562\n"}
,{"stream_name":"stdout","time":535.940222704,"data":"SECONDARY_EDGE_TTA_ACTIVE views= 8 weight= 0.75 mean_abs_feat_delta= 0.228562\n"}
,{"stream_name":"stdout","time":536.799148688,"data":"EDGE_TTA_ACTIVE views= 8 mean_abs_feat_delta= 0.360859\n"}
,{"stream_name":"stdout","time":536.812587845,"data":"EDGE_TTA_ACTIVE views= 8 mean_abs_feat_delta= 0.331316\n"}
,{"stream_name":"stdout","time":537.00153512,"data":"EDGE_TTA_ACTIVE views= 8 mean_abs_feat_delta= 0.360859\n"}
,{"stream_name":"stdout","time":537.001566082,"data":"EDGE_TTA_ACTIVE views= 8 mean_abs_feat_delta= 0.331316\n"}
,{"stream_name":"stdout","time":537.775863967,"data":"SECONDARY_EDGE_TTA_ACTIVE views= 8 weight= 0.75 mean_abs_feat_delta= 0.220064\n"}
,{"stream_name":"stdout","time":537.787230238,"data":"SECONDARY_EDGE_TTA_ACTIVE views= 8 weight= 0.75 mean_abs_feat_delta= 0.229373\n"}
,{"stream_name":"stdout","time":537.978258634,"data":"SECONDARY_EDGE_TTA_ACTIVE views= 8 weight= 0.75 mean_abs_feat_delta= 0.220064\n"}
,{"stream_name":"stdout","time":537.978289009,"data":"SECONDARY_EDGE_TTA_ACTIVE views= 8 weight= 0.75 mean_abs_feat_delta= 0.229373\n"}
,{"stream_name":"stdout","time":538.83309706,"data":"EDGE_TTA_ACTIVE views= 8 mean_abs_feat_delta= 0.358711\n"}
,{"stream_name":"stdout","time":539.035680364,"data":"EDGE_TTA_ACTIVE views= 8 mean_abs_feat_delta= 0.358711\n"}
,{"stream_name":"stdout","time":539.153714489,"data":"EDGE_TTA_ACTIVE views= 8 mean_abs_feat_delta= 0.331281\n"}
,{"stream_name":"stdout","time":539.356017604,"data":"EDGE_TTA_ACTIVE views= 8 mean_abs_feat_delta= 0.331281\n"}
,{"stream_name":"stdout","time":539.821807016,"data":"SECONDARY_EDGE_TTA_ACTIVE views= 8 weight= 0.75 mean_abs_feat_delta= 0.228983\n"}
,{"stream_name":"stdout","time":540.024209669,"data":"SECONDARY_EDGE_TTA_ACTIVE views= 8 weight= 0.75 mean_abs_feat_delta= 0.228983\n"}
,{"stream_name":"stdout","time":540.104417786,"data":"SECONDARY_EDGE_TTA_ACTIVE views= 8 weight= 0.75 mean_abs_feat_delta= 0.219385\n"}
,{"stream_name":"stdout","time":540.306980289,"data":"SECONDARY_EDGE_TTA_ACTIVE views= 8 weight= 0.75 mean_abs_feat_delta= 0.219385\n"}
,{"stream_name":"stdout","time":540.858067748,"data":"EDGE_TTA_ACTIVE views= 8 mean_abs_feat_delta= 0.357908\n"}
,{"stream_name":"stdout","time":541.060789963,"data":"EDGE_TTA_ACTIVE views= 8 mean_abs_feat_delta= 0.357908\n"}
,{"stream_name":"stdout","time":541.424269877,"data":"EDGE_TTA_ACTIVE views= 8 mean_abs_feat_delta= 0.332495\n"}
,{"stream_name":"stdout","time":541.62695978,"data":"EDGE_TTA_ACTIVE views= 8 mean_abs_feat_delta= 0.332495\n"}
,{"stream_name":"stdout","time":541.829597446,"data":"SECONDARY_EDGE_TTA_ACTIVE views= 8 weight= 0.75 mean_abs_feat_delta= 0.22723\n"}
,{"stream_name":"stdout","time":542.031966486,"data":"SECONDARY_EDGE_TTA_ACTIVE views= 8 weight= 0.75 mean_abs_feat_delta= 0.22723\n"}
,{"stream_name":"stdout","time":542.370492016,"data":"SECONDARY_EDGE_TTA_ACTIVE views= 8 weight= 0.75 mean_abs_feat_delta= 0.221891\n"}
,{"stream_name":"stdout","time":542.573036143,"data":"SECONDARY_EDGE_TTA_ACTIVE views= 8 weight= 0.75 mean_abs_feat_delta= 0.221891\n"}
,{"stream_name":"stdout","time":542.861030028,"data":"EDGE_TTA_ACTIVE views= 8 mean_abs_feat_delta= 0.36076\n"}
,{"stream_name":"stdout","time":543.063540173,"data":"EDGE_TTA_ACTIVE views= 8 mean_abs_feat_delta= 0.36076\n"}
,{"stream_name":"stdout","time":543.686734039,"data":"EDGE_TTA_ACTIVE views= 8 mean_abs_feat_delta= 0.326164\n"}
,{"stream_name":"stdout","time":543.833346179,"data":"SECONDARY_EDGE_TTA_ACTIVE views= 8 weight= 0.75 mean_abs_feat_delta= 0.227184\n"}
,{"stream_name":"stdout","time":543.889163391,"data":"EDGE_TTA_ACTIVE views= 8 mean_abs_feat_delta= 0.326164\n"}
,{"stream_name":"stdout","time":543.889188726,"data":"SECONDARY_EDGE_TTA_ACTIVE views= 8 weight= 0.75 mean_abs_feat_delta= 0.227184\n"}
,{"stream_name":"stdout","time":544.627981073,"data":"SECONDARY_EDGE_TTA_ACTIVE views= 8 weight= 0.75 mean_abs_feat_delta= 0.22287\n"}
,{"stream_name":"stdout","time":544.830438583,"data":"SECONDARY_EDGE_TTA_ACTIVE views= 8 weight= 0.75 mean_abs_feat_delta= 0.22287\n"}
,{"stream_name":"stdout","time":544.902634283,"data":"EDGE_TTA_ACTIVE views= 8 mean_abs_feat_delta= 0.363026\n"}
,{"stream_name":"stdout","time":545.105118185,"data":"EDGE_TTA_ACTIVE views= 8 mean_abs_feat_delta= 0.363026\n"}
,{"stream_name":"stdout","time":545.874673407,"data":"SECONDARY_EDGE_TTA_ACTIVE views= 8 weight= 0.75 mean_abs_feat_delta= 0.228674\n"}
,{"stream_name":"stdout","time":545.913413024,"data":"EDGE_TTA_ACTIVE views= 8 mean_abs_feat_delta= 0.3318\n"}
,{"stream_name":"stdout","time":546.076976577,"data":"SECONDARY_EDGE_TTA_ACTIVE views= 8 weight= 0.75 mean_abs_feat_delta= 0.228674\n"}
,{"stream_name":"stdout","time":546.077008714,"data":"EDGE_TTA_ACTIVE views= 8 mean_abs_feat_delta= 0.3318\n"}
,{"stream_name":"stdout","time":546.849222163,"data":"SECONDARY_EDGE_TTA_ACTIVE views= 8 weight= 0.75 mean_abs_feat_delta= 0.226905\n"}
,{"stream_name":"stdout","time":546.946934192,"data":"EDGE_TTA_ACTIVE views= 8 mean_abs_feat_delta= 0.36528\n"}
,{"stream_name":"stdout","time":547.051744965,"data":"SECONDARY_EDGE_TTA_ACTIVE views= 8 weight= 0.75 mean_abs_feat_delta= 0.226905\n"}
,{"stream_name":"stdout","time":547.051778272,"data":"EDGE_TTA_ACTIVE views= 8 mean_abs_feat_delta= 0.36528\n"}
,{"stream_name":"stdout","time":547.917540381,"data":"SECONDARY_EDGE_TTA_ACTIVE views= 8 weight= 0.75 mean_abs_feat_delta= 0.22969\n"}
,{"stream_name":"stdout","time":548.119907912,"data":"SECONDARY_EDGE_TTA_ACTIVE views= 8 weight= 0.75 mean_abs_feat_delta= 0.22969\n"}
,{"stream_name":"stdout","time":548.170241232,"data":"EDGE_TTA_ACTIVE views= 8 mean_abs_feat_delta= 0.332454\n"}
,{"stream_name":"stdout","time":548.372592914,"data":"EDGE_TTA_ACTIVE views= 8 mean_abs_feat_delta= 0.332454\n"}
,{"stream_name":"stdout","time":548.965536655,"data":"EDGE_TTA_ACTIVE views= 8 mean_abs_feat_delta= 0.365255\n"}
,{"stream_name":"stdout","time":549.104240958,"data":"SECONDARY_EDGE_TTA_ACTIVE views= 8 weight= 0.75 mean_abs_feat_delta= 0.227329\n"}
,{"stream_name":"stdout","time":549.167842782,"data":"EDGE_TTA_ACTIVE views= 8 mean_abs_feat_delta= 0.365255\n"}
,{"stream_name":"stdout","time":549.167866743,"data":"SECONDARY_EDGE_TTA_ACTIVE views= 8 weight= 0.75 mean_abs_feat_delta= 0.227329\n"}
,{"stream_name":"stdout","time":549.927743093,"data":"SECONDARY_EDGE_TTA_ACTIVE views= 8 weight= 0.75 mean_abs_feat_delta= 0.227887\n"}
,{"stream_name":"stdout","time":550.130036364,"data":"SECONDARY_EDGE_TTA_ACTIVE views= 8 weight= 0.75 mean_abs_feat_delta= 0.227887\n"}
,{"stream_name":"stdout","time":550.382774616,"data":"EDGE_TTA_ACTIVE views= 8 mean_abs_feat_delta= 0.329795\n"}
,{"stream_name":"stdout","time":550.58495426,"data":"EDGE_TTA_ACTIVE views= 8 mean_abs_feat_delta= 0.329795\n"}
,{"stream_name":"stdout","time":550.956445383,"data":"EDGE_TTA_ACTIVE views= 8 mean_abs_feat_delta= 0.364292\n"}
,{"stream_name":"stdout","time":551.159471175,"data":"EDGE_TTA_ACTIVE views= 8 mean_abs_feat_delta= 0.364292\n"}
,{"stream_name":"stdout","time":551.313703104,"data":"SECONDARY_EDGE_TTA_ACTIVE views= 8 weight= 0.75 mean_abs_feat_delta= 0.227094\n"}
,{"stream_name":"stdout","time":551.515979082,"data":"SECONDARY_EDGE_TTA_ACTIVE views= 8 weight= 0.75 mean_abs_feat_delta= 0.227094\n"}
,{"stream_name":"stdout","time":551.928855074,"data":"SECONDARY_EDGE_TTA_ACTIVE views= 8 weight= 0.75 mean_abs_feat_delta= 0.229597\n"}
,{"stream_name":"stdout","time":552.1314213,"data":"SECONDARY_EDGE_TTA_ACTIVE views= 8 weight= 0.75 mean_abs_feat_delta= 0.229597\n"}
,{"stream_name":"stdout","time":552.591166077,"data":"EDGE_TTA_ACTIVE views= 8 mean_abs_feat_delta= 0.330008\n"}
,{"stream_name":"stdout","time":552.793712215,"data":"EDGE_TTA_ACTIVE views= 8 mean_abs_feat_delta= 0.330008\n"}
,{"stream_name":"stdout","time":552.952116896,"data":"EDGE_TTA_ACTIVE views= 8 mean_abs_feat_delta= 0.369457\n"}
,{"stream_name":"stdout","time":553.154531465,"data":"EDGE_TTA_ACTIVE views= 8 mean_abs_feat_delta= 0.369457\n"}
,{"stream_name":"stdout","time":553.517663695,"data":"SECONDARY_EDGE_TTA_ACTIVE views= 8 weight= 0.75 mean_abs_feat_delta= 0.228038\n"}
,{"stream_name":"stdout","time":553.720198812,"data":"SECONDARY_EDGE_TTA_ACTIVE views= 8 weight= 0.75 mean_abs_feat_delta= 0.228038\n"}
,{"stream_name":"stdout","time":553.912375475,"data":"SECONDARY_EDGE_TTA_ACTIVE views= 8 weight= 0.75 mean_abs_feat_delta= 0.229355\n"}
,{"stream_name":"stdout","time":554.114705991,"data":"SECONDARY_EDGE_TTA_ACTIVE views= 8 weight= 0.75 mean_abs_feat_delta= 0.229355\n"}
,{"stream_name":"stdout","time":554.778738099,"data":"EDGE_TTA_ACTIVE views= 8 mean_abs_feat_delta= 0.327924\n"}
,{"stream_name":"stdout","time":554.933859212,"data":"EDGE_TTA_ACTIVE views= 8 mean_abs_feat_delta= 0.366989\n"}
,{"stream_name":"stdout","time":554.981060172,"data":"EDGE_TTA_ACTIVE views= 8 mean_abs_feat_delta= 0.327924\n"}
,{"stream_name":"stdout","time":554.981080509,"data":"EDGE_TTA_ACTIVE views= 8 mean_abs_feat_delta= 0.366989\n"}
,{"stream_name":"stdout","time":555.705141244,"data":"SECONDARY_EDGE_TTA_ACTIVE views= 8 weight= 0.75 mean_abs_feat_delta= 0.226869\n"}
,{"stream_name":"stdout","time":555.889084315,"data":"SECONDARY_EDGE_TTA_ACTIVE views= 8 weight= 0.75 mean_abs_feat_delta= 0.228164\n"}
,{"stream_name":"stdout","time":555.90770029,"data":"SECONDARY_EDGE_TTA_ACTIVE views= 8 weight= 0.75 mean_abs_feat_delta= 0.226869\n"}
,{"stream_name":"stdout","time":555.907748785,"data":"SECONDARY_EDGE_TTA_ACTIVE views= 8 weight= 0.75 mean_abs_feat_delta= 0.228164\n"}
,{"stream_name":"stdout","time":556.913186669,"data":"EDGE_TTA_ACTIVE views= 8 mean_abs_feat_delta= 0.364738\n"}
,{"stream_name":"stdout","time":557.028199578,"data":"EDGE_TTA_ACTIVE views= 8 mean_abs_feat_delta= 0.324294\n"}
,{"stream_name":"stdout","time":557.11568662,"data":"EDGE_TTA_ACTIVE views= 8 mean_abs_feat_delta= 0.364738\n"}
,{"stream_name":"stdout","time":557.115730925,"data":"EDGE_TTA_ACTIVE views= 8 mean_abs_feat_delta= 0.324294\n"}
,{"stream_name":"stdout","time":557.865008381,"data":"SECONDARY_EDGE_TTA_ACTIVE views= 8 weight= 0.75 mean_abs_feat_delta= 0.230204\n"}
,{"stream_name":"stdout","time":557.952646858,"data":"SECONDARY_EDGE_TTA_ACTIVE views= 8 weight= 0.75 mean_abs_feat_delta= 0.219975\n"}
,{"stream_name":"stdout","time":558.067304475,"data":"SECONDARY_EDGE_TTA_ACTIVE views= 8 weight= 0.75 mean_abs_feat_delta= 0.230204\n"}
,{"stream_name":"stdout","time":558.067334709,"data":"SECONDARY_EDGE_TTA_ACTIVE views= 8 weight= 0.75 mean_abs_feat_delta= 0.219975\n"}
,{"stream_name":"stdout","time":558.883242689,"data":"EDGE_TTA_ACTIVE views= 8 mean_abs_feat_delta= 0.368159\n"}
,{"stream_name":"stdout","time":559.085675125,"data":"EDGE_TTA_ACTIVE views= 8 mean_abs_feat_delta= 0.368159\n"}
,{"stream_name":"stdout","time":559.226407155,"data":"EDGE_TTA_ACTIVE views= 8 mean_abs_feat_delta= 0.329966\n"}
,{"stream_name":"stdout","time":559.42902721,"data":"EDGE_TTA_ACTIVE views= 8 mean_abs_feat_delta= 0.329966\n"}
,{"stream_name":"stdout","time":559.836054686,"data":"SECONDARY_EDGE_TTA_ACTIVE views= 8 weight= 0.75 mean_abs_feat_delta= 0.229792\n"}
,{"stream_name":"stdout","time":560.03815579,"data":"SECONDARY_EDGE_TTA_ACTIVE views= 8 weight= 0.75 mean_abs_feat_delta= 0.229792\n"}
,{"stream_name":"stdout","time":560.147288065,"data":"SECONDARY_EDGE_TTA_ACTIVE views= 8 weight= 0.75 mean_abs_feat_delta= 0.22725\n"}
,{"stream_name":"stdout","time":560.349635122,"data":"SECONDARY_EDGE_TTA_ACTIVE views= 8 weight= 0.75 mean_abs_feat_delta= 0.22725\n"}
,{"stream_name":"stdout","time":560.852886064,"data":"EDGE_TTA_ACTIVE views= 8 mean_abs_feat_delta= 0.370711\n"}
,{"stream_name":"stdout","time":561.055401776,"data":"EDGE_TTA_ACTIVE views= 8 mean_abs_feat_delta= 0.370711\n"}
,{"stream_name":"stdout","time":561.448402911,"data":"EDGE_TTA_ACTIVE views= 8 mean_abs_feat_delta= 0.322964\n"}
,{"stream_name":"stdout","time":561.65097168,"data":"EDGE_TTA_ACTIVE views= 8 mean_abs_feat_delta= 0.322964\n"}
,{"stream_name":"stdout","time":561.802025621,"data":"SECONDARY_EDGE_TTA_ACTIVE views= 8 weight= 0.75 mean_abs_feat_delta= 0.231598\n"}
,{"stream_name":"stdout","time":562.04153398,"data":"SECONDARY_EDGE_TTA_ACTIVE views= 8 weight= 0.75 mean_abs_feat_delta= 0.231598\n"}
,{"stream_name":"stdout","time":562.366846826,"data":"SECONDARY_EDGE_TTA_ACTIVE views= 8 weight= 0.75 mean_abs_feat_delta= 0.225732\n"}
,{"stream_name":"stdout","time":562.569256561,"data":"SECONDARY_EDGE_TTA_ACTIVE views= 8 weight= 0.75 mean_abs_feat_delta= 0.225732\n"}
,{"stream_name":"stdout","time":562.860424539,"data":"EDGE_TTA_ACTIVE views= 8 mean_abs_feat_delta= 0.360618\n"}
,{"stream_name":"stdout","time":563.06273023,"data":"EDGE_TTA_ACTIVE views= 8 mean_abs_feat_delta= 0.360618\n"}
,{"stream_name":"stdout","time":563.658693357,"data":"EDGE_TTA_ACTIVE views= 8 mean_abs_feat_delta= 0.329623\n"}
,{"stream_name":"stdout","time":563.810487468,"data":"SECONDARY_EDGE_TTA_ACTIVE views= 8 weight= 0.75 mean_abs_feat_delta= 0.237748\n"}
,{"stream_name":"stdout","time":563.860824256,"data":"EDGE_TTA_ACTIVE views= 8 mean_abs_feat_delta= 0.329623\n"}
,{"stream_name":"stdout","time":563.86084686,"data":"SECONDARY_EDGE_TTA_ACTIVE views= 8 weight= 0.75 mean_abs_feat_delta= 0.237748\n"}
,{"stream_name":"stdout","time":564.578356337,"data":"SECONDARY_EDGE_TTA_ACTIVE views= 8 weight= 0.75 mean_abs_feat_delta= 0.229625\n"}
,{"stream_name":"stdout","time":564.781006754,"data":"SECONDARY_EDGE_TTA_ACTIVE views= 8 weight= 0.75 mean_abs_feat_delta= 0.229625\n"}
,{"stream_name":"stdout","time":564.822882849,"data":"EDGE_TTA_ACTIVE views= 8 mean_abs_feat_delta= 0.372812\n"}
,{"stream_name":"stdout","time":565.025357256,"data":"EDGE_TTA_ACTIVE views= 8 mean_abs_feat_delta= 0.372812\n"}
,{"stream_name":"stdout","time":565.772349648,"data":"SECONDARY_EDGE_TTA_ACTIVE views= 8 weight= 0.75 mean_abs_feat_delta= 0.229174\n"}
,{"stream_name":"stdout","time":565.86393056,"data":"EDGE_TTA_ACTIVE views= 8 mean_abs_feat_delta= 0.33189\n"}
,{"stream_name":"stdout","time":565.974734036,"data":"SECONDARY_EDGE_TTA_ACTIVE views= 8 weight= 0.75 mean_abs_feat_delta= 0.229174\n"}
,{"stream_name":"stdout","time":565.974767348,"data":"EDGE_TTA_ACTIVE views= 8 mean_abs_feat_delta= 0.33189\n"}
,{"stream_name":"stdout","time":566.783262752,"data":"SECONDARY_EDGE_TTA_ACTIVE views= 8 weight= 0.75 mean_abs_feat_delta= 0.229021\n"}
,{"stream_name":"stdout","time":566.84270907,"data":"EDGE_TTA_ACTIVE views= 8 mean_abs_feat_delta= 0.374406\n"}
,{"stream_name":"stdout","time":566.985447103,"data":"SECONDARY_EDGE_TTA_ACTIVE views= 8 weight= 0.75 mean_abs_feat_delta= 0.229021\n"}
,{"stream_name":"stdout","time":566.985474583,"data":"EDGE_TTA_ACTIVE views= 8 mean_abs_feat_delta= 0.374406\n"}
,{"stream_name":"stdout","time":567.786969819,"data":"SECONDARY_EDGE_TTA_ACTIVE views= 8 weight= 0.75 mean_abs_feat_delta= 0.23239\n"}
,{"stream_name":"stdout","time":567.989363188,"data":"SECONDARY_EDGE_TTA_ACTIVE views= 8 weight= 0.75 mean_abs_feat_delta= 0.23239\n"}
,{"stream_name":"stdout","time":568.043327564,"data":"EDGE_TTA_ACTIVE views= 8 mean_abs_feat_delta= 0.328077\n"}
,{"stream_name":"stdout","time":568.245650807,"data":"EDGE_TTA_ACTIVE views= 8 mean_abs_feat_delta= 0.328077\n"}
,{"stream_name":"stdout","time":568.796930871,"data":"EDGE_TTA_ACTIVE views= 8 mean_abs_feat_delta= 0.3777\n"}
,{"stream_name":"stdout","time":568.965513095,"data":"SECONDARY_EDGE_TTA_ACTIVE views= 8 weight= 0.75 mean_abs_feat_delta= 0.229917\n"}
,{"stream_name":"stdout","time":568.999510054,"data":"EDGE_TTA_ACTIVE views= 8 mean_abs_feat_delta= 0.3777\n"}
,{"stream_name":"stdout","time":568.999533588,"data":"SECONDARY_EDGE_TTA_ACTIVE views= 8 weight= 0.75 mean_abs_feat_delta= 0.229917\n"}
,{"stream_name":"stdout","time":569.74462905,"data":"SECONDARY_EDGE_TTA_ACTIVE views= 8 weight= 0.75 mean_abs_feat_delta= 0.233543\n"}
,{"stream_name":"stdout","time":569.947290267,"data":"SECONDARY_EDGE_TTA_ACTIVE views= 8 weight= 0.75 mean_abs_feat_delta= 0.233543\n"}
,{"stream_name":"stdout","time":570.233761413,"data":"EDGE_TTA_ACTIVE views= 8 mean_abs_feat_delta= 0.330658\n"}
,{"stream_name":"stdout","time":570.436248697,"data":"EDGE_TTA_ACTIVE views= 8 mean_abs_feat_delta= 0.330658\n"}
,{"stream_name":"stdout","time":570.762096505,"data":"EDGE_TTA_ACTIVE views= 8 mean_abs_feat_delta= 0.376339\n"}
,{"stream_name":"stdout","time":570.964545657,"data":"EDGE_TTA_ACTIVE views= 8 mean_abs_feat_delta= 0.376339\n"}
,{"stream_name":"stdout","time":571.151302428,"data":"SECONDARY_EDGE_TTA_ACTIVE views= 8 weight= 0.75 mean_abs_feat_delta= 0.232737\n"}
,{"stream_name":"stdout","time":571.353395442,"data":"SECONDARY_EDGE_TTA_ACTIVE views= 8 weight= 0.75 mean_abs_feat_delta= 0.232737\n"}
,{"stream_name":"stdout","time":571.707205114,"data":"SECONDARY_EDGE_TTA_ACTIVE views= 8 weight= 0.75 mean_abs_feat_delta= 0.230711\n"}
,{"stream_name":"stdout","time":571.909424599,"data":"SECONDARY_EDGE_TTA_ACTIVE views= 8 weight= 0.75 mean_abs_feat_delta= 0.230711\n"}
,{"stream_name":"stdout","time":572.455398729,"data":"EDGE_TTA_ACTIVE views= 8 mean_abs_feat_delta= 0.330195\n"}
,{"stream_name":"stdout","time":572.657747602,"data":"EDGE_TTA_ACTIVE views= 8 mean_abs_feat_delta= 0.330195\n"}
,{"stream_name":"stdout","time":572.746469755,"data":"EDGE_TTA_ACTIVE views= 8 mean_abs_feat_delta= 0.369146\n"}
,{"stream_name":"stdout","time":572.948965402,"data":"EDGE_TTA_ACTIVE views= 8 mean_abs_feat_delta= 0.369146\n"}
,{"stream_name":"stdout","time":573.374400223,"data":"SECONDARY_EDGE_TTA_ACTIVE views= 8 weight= 0.75 mean_abs_feat_delta= 0.227525\n"}
,{"stream_name":"stdout","time":573.576858321,"data":"SECONDARY_EDGE_TTA_ACTIVE views= 8 weight= 0.75 mean_abs_feat_delta= 0.227525\n"}
,{"stream_name":"stdout","time":573.691220297,"data":"SECONDARY_EDGE_TTA_ACTIVE views= 8 weight= 0.75 mean_abs_feat_delta= 0.230076\n"}
,{"stream_name":"stdout","time":573.893964935,"data":"SECONDARY_EDGE_TTA_ACTIVE views= 8 weight= 0.75 mean_abs_feat_delta= 0.230076\n"}
,{"stream_name":"stdout","time":574.657622642,"data":"EDGE_TTA_ACTIVE views= 8 mean_abs_feat_delta= 0.332086\n"}
,{"stream_name":"stdout","time":574.708470849,"data":"EDGE_TTA_ACTIVE views= 8 mean_abs_feat_delta= 0.367025\n"}
,{"stream_name":"stdout","time":574.860267086,"data":"EDGE_TTA_ACTIVE views= 8 mean_abs_feat_delta= 0.332086\n"}
,{"stream_name":"stdout","time":574.860294599,"data":"EDGE_TTA_ACTIVE views= 8 mean_abs_feat_delta= 0.367025\n"}
,{"stream_name":"stdout","time":575.576037499,"data":"SECONDARY_EDGE_TTA_ACTIVE views= 8 weight= 0.75 mean_abs_feat_delta= 0.228923\n"}
,{"stream_name":"stdout","time":575.653287284,"data":"SECONDARY_EDGE_TTA_ACTIVE views= 8 weight= 0.75 mean_abs_feat_delta= 0.23\n"}
,{"stream_name":"stdout","time":575.778488555,"data":"SECONDARY_EDGE_TTA_ACTIVE views= 8 weight= 0.75 mean_abs_feat_delta= 0.228923\n"}
,{"stream_name":"stdout","time":575.778523164,"data":"SECONDARY_EDGE_TTA_ACTIVE views= 8 weight= 0.75 mean_abs_feat_delta= 0.23\n"}
,{"stream_name":"stdout","time":576.678547343,"data":"EDGE_TTA_ACTIVE views= 8 mean_abs_feat_delta= 0.371094\n"}
,{"stream_name":"stdout","time":576.841001254,"data":"EDGE_TTA_ACTIVE views= 8 mean_abs_feat_delta= 0.334902\n"}
,{"stream_name":"stdout","time":576.880771752,"data":"EDGE_TTA_ACTIVE views= 8 mean_abs_feat_delta= 0.371094\n"}
,{"stream_name":"stdout","time":576.880805994,"data":"EDGE_TTA_ACTIVE views= 8 mean_abs_feat_delta= 0.334902\n"}
,{"stream_name":"stdout","time":577.623993057,"data":"SECONDARY_EDGE_TTA_ACTIVE views= 8 weight= 0.75 mean_abs_feat_delta= 0.231427\n"}
,{"stream_name":"stdout","time":577.763711394,"data":"SECONDARY_EDGE_TTA_ACTIVE views= 8 weight= 0.75 mean_abs_feat_delta= 0.234703\n"}
,{"stream_name":"stdout","time":577.82643026,"data":"SECONDARY_EDGE_TTA_ACTIVE views= 8 weight= 0.75 mean_abs_feat_delta= 0.231427\n"}
,{"stream_name":"stdout","time":577.826454607,"data":"SECONDARY_EDGE_TTA_ACTIVE views= 8 weight= 0.75 mean_abs_feat_delta= 0.234703\n"}
,{"stream_name":"stdout","time":578.6692287,"data":"EDGE_TTA_ACTIVE views= 8 mean_abs_feat_delta= 0.375255\n"}
,{"stream_name":"stdout","time":578.872012677,"data":"EDGE_TTA_ACTIVE views= 8 mean_abs_feat_delta= 0.375255\n"}
,{"stream_name":"stdout","time":579.058266477,"data":"EDGE_TTA_ACTIVE views= 8 mean_abs_feat_delta= 0.331026\n"}
,{"stream_name":"stdout","time":579.260932604,"data":"EDGE_TTA_ACTIVE views= 8 mean_abs_feat_delta= 0.331026\n"}
,{"stream_name":"stdout","time":579.613314918,"data":"SECONDARY_EDGE_TTA_ACTIVE views= 8 weight= 0.75 mean_abs_feat_delta= 0.229981\n"}
,{"stream_name":"stdout","time":579.815748127,"data":"SECONDARY_EDGE_TTA_ACTIVE views= 8 weight= 0.75 mean_abs_feat_delta= 0.229981\n"}
,{"stream_name":"stdout","time":579.978010324,"data":"SECONDARY_EDGE_TTA_ACTIVE views= 8 weight= 0.75 mean_abs_feat_delta= 0.228868\n"}
,{"stream_name":"stdout","time":580.180422056,"data":"SECONDARY_EDGE_TTA_ACTIVE views= 8 weight= 0.75 mean_abs_feat_delta= 0.228868\n"}
,{"stream_name":"stdout","time":580.659350654,"data":"EDGE_TTA_ACTIVE views= 8 mean_abs_feat_delta= 0.373994\n"}
,{"stream_name":"stdout","time":580.862096206,"data":"EDGE_TTA_ACTIVE views= 8 mean_abs_feat_delta= 0.373994\n"}
,{"stream_name":"stdout","time":581.24552562,"data":"EDGE_TTA_ACTIVE views= 8 mean_abs_feat_delta= 0.33352\n"}
,{"stream_name":"stdout","time":581.447700156,"data":"EDGE_TTA_ACTIVE views= 8 mean_abs_feat_delta= 0.33352\n"}
,{"stream_name":"stdout","time":581.606213887,"data":"SECONDARY_EDGE_TTA_ACTIVE views= 8 weight= 0.75 mean_abs_feat_delta= 0.229437\n"}
,{"stream_name":"stdout","time":581.808905605,"data":"SECONDARY_EDGE_TTA_ACTIVE views= 8 weight= 0.75 mean_abs_feat_delta= 0.229437\n"}
,{"stream_name":"stdout","time":582.169589672,"data":"SECONDARY_EDGE_TTA_ACTIVE views= 8 weight= 0.75 mean_abs_feat_delta= 0.229406\n"}
,{"stream_name":"stdout","time":582.372083687,"data":"SECONDARY_EDGE_TTA_ACTIVE views= 8 weight= 0.75 mean_abs_feat_delta= 0.229406\n"}
,{"stream_name":"stdout","time":582.61959888,"data":"EDGE_TTA_ACTIVE views= 8 mean_abs_feat_delta= 0.366011\n"}
,{"stream_name":"stdout","time":582.822279712,"data":"EDGE_TTA_ACTIVE views= 8 mean_abs_feat_delta= 0.366011\n"}
,{"stream_name":"stdout","time":583.427872445,"data":"EDGE_TTA_ACTIVE views= 8 mean_abs_feat_delta= 0.333668\n"}
,{"stream_name":"stdout","time":583.571299533,"data":"SECONDARY_EDGE_TTA_ACTIVE views= 8 weight= 0.75 mean_abs_feat_delta= 0.229485\n"}
,{"stream_name":"stdout","time":583.629945185,"data":"EDGE_TTA_ACTIVE views= 8 mean_abs_feat_delta= 0.333668\n"}
,{"stream_name":"stdout","time":583.629971063,"data":"SECONDARY_EDGE_TTA_ACTIVE views= 8 weight= 0.75 mean_abs_feat_delta= 0.229485\n"}
,{"stream_name":"stdout","time":584.348907,"data":"SECONDARY_EDGE_TTA_ACTIVE views= 8 weight= 0.75 mean_abs_feat_delta= 0.228734\n"}
,{"stream_name":"stdout","time":584.551489652,"data":"SECONDARY_EDGE_TTA_ACTIVE views= 8 weight= 0.75 mean_abs_feat_delta= 0.228734\n"}
,{"stream_name":"stdout","time":584.594138281,"data":"EDGE_TTA_ACTIVE views= 8 mean_abs_feat_delta= 0.364698\n"}
,{"stream_name":"stdout","time":584.79667572,"data":"EDGE_TTA_ACTIVE views= 8 mean_abs_feat_delta= 0.364698\n"}
,{"stream_name":"stdout","time":585.547278845,"data":"SECONDARY_EDGE_TTA_ACTIVE views= 8 weight= 0.75 mean_abs_feat_delta= 0.234306\n"}
,{"stream_name":"stdout","time":585.605659146,"data":"EDGE_TTA_ACTIVE views= 8 mean_abs_feat_delta= 0.326117\n"}
,{"stream_name":"stdout","time":585.749805756,"data":"SECONDARY_EDGE_TTA_ACTIVE views= 8 weight= 0.75 mean_abs_feat_delta= 0.234306\n"}
,{"stream_name":"stdout","time":585.749833758,"data":"EDGE_TTA_ACTIVE views= 8 mean_abs_feat_delta= 0.326117\n"}
,{"stream_name":"stdout","time":586.528156043,"data":"SECONDARY_EDGE_TTA_ACTIVE views= 8 weight= 0.75 mean_abs_feat_delta= 0.227258\n"}
,{"stream_name":"stdout","time":586.604656406,"data":"EDGE_TTA_ACTIVE views= 8 mean_abs_feat_delta= 0.366732\n"}
,{"stream_name":"stdout","time":586.730816739,"data":"SECONDARY_EDGE_TTA_ACTIVE views= 8 weight= 0.75 mean_abs_feat_delta= 0.227258\n"}
,{"stream_name":"stdout","time":586.730843563,"data":"EDGE_TTA_ACTIVE views= 8 mean_abs_feat_delta= 0.366732\n"}
,{"stream_name":"stdout","time":587.56078594,"data":"SECONDARY_EDGE_TTA_ACTIVE views= 8 weight= 0.75 mean_abs_feat_delta= 0.235733\n"}
,{"stream_name":"stdout","time":587.763133661,"data":"SECONDARY_EDGE_TTA_ACTIVE views= 8 weight= 0.75 mean_abs_feat_delta= 0.235733\n"}
,{"stream_name":"stdout","time":587.787901173,"data":"EDGE_TTA_ACTIVE views= 8 mean_abs_feat_delta= 0.327201\n"}
,{"stream_name":"stdout","time":587.989967402,"data":"EDGE_TTA_ACTIVE views= 8 mean_abs_feat_delta= 0.327201\n"}
,{"stream_name":"stdout","time":588.580603811,"data":"EDGE_TTA_ACTIVE views= 8 mean_abs_feat_delta= 0.370041\n"}
,{"stream_name":"stdout","time":588.708963058,"data":"SECONDARY_EDGE_TTA_ACTIVE views= 8 weight= 0.75 mean_abs_feat_delta= 0.232919\n"}
,{"stream_name":"stdout","time":588.783036246,"data":"EDGE_TTA_ACTIVE views= 8 mean_abs_feat_delta= 0.370041\n"}
,{"stream_name":"stdout","time":588.783063384,"data":"SECONDARY_EDGE_TTA_ACTIVE views= 8 weight= 0.75 mean_abs_feat_delta= 0.232919\n"}
,{"stream_name":"stdout","time":589.533441759,"data":"SECONDARY_EDGE_TTA_ACTIVE views= 8 weight= 0.75 mean_abs_feat_delta= 0.231775\n"}
,{"stream_name":"stdout","time":589.735866362,"data":"SECONDARY_EDGE_TTA_ACTIVE views= 8 weight= 0.75 mean_abs_feat_delta= 0.231775\n"}
,{"stream_name":"stdout","time":589.997897535,"data":"EDGE_TTA_ACTIVE views= 8 mean_abs_feat_delta= 0.330095\n"}
,{"stream_name":"stdout","time":590.200212246,"data":"EDGE_TTA_ACTIVE views= 8 mean_abs_feat_delta= 0.330095\n"}
,{"stream_name":"stdout","time":590.559678871,"data":"EDGE_TTA_ACTIVE views= 8 mean_abs_feat_delta= 0.367914\n"}
,{"stream_name":"stdout","time":590.762032995,"data":"EDGE_TTA_ACTIVE views= 8 mean_abs_feat_delta= 0.367914\n"}
,{"stream_name":"stdout","time":590.922569943,"data":"SECONDARY_EDGE_TTA_ACTIVE views= 8 weight= 0.75 mean_abs_feat_delta= 0.237762\n"}
,{"stream_name":"stdout","time":591.126102815,"data":"SECONDARY_EDGE_TTA_ACTIVE views= 8 weight= 0.75 mean_abs_feat_delta= 0.237762\n"}
,{"stream_name":"stdout","time":591.525087702,"data":"SECONDARY_EDGE_TTA_ACTIVE views= 8 weight= 0.75 mean_abs_feat_delta= 0.227854\n"}
,{"stream_name":"stdout","time":591.727447444,"data":"SECONDARY_EDGE_TTA_ACTIVE views= 8 weight= 0.75 mean_abs_feat_delta= 0.227854\n"}
,{"stream_name":"stdout","time":592.286685827,"data":"EDGE_TTA_ACTIVE views= 8 mean_abs_feat_delta= 0.333419\n"}
,{"stream_name":"stdout","time":592.527704125,"data":"EDGE_TTA_ACTIVE views= 8 mean_abs_feat_delta= 0.333419\n"}
,{"stream_name":"stdout","time":592.554665688,"data":"EDGE_TTA_ACTIVE views= 8 mean_abs_feat_delta= 0.352519\n"}
,{"stream_name":"stdout","time":592.756705598,"data":"EDGE_TTA_ACTIVE views= 8 mean_abs_feat_delta= 0.352519\n"}
,{"stream_name":"stdout","time":593.212604647,"data":"SECONDARY_EDGE_TTA_ACTIVE views= 8 weight= 0.75 mean_abs_feat_delta= 0.238631\n"}
,{"stream_name":"stdout","time":593.415023002,"data":"SECONDARY_EDGE_TTA_ACTIVE views= 8 weight= 0.75 mean_abs_feat_delta= 0.238631\n"}
,{"stream_name":"stdout","time":593.516543606,"data":"SECONDARY_EDGE_TTA_ACTIVE views= 8 weight= 0.75 mean_abs_feat_delta= 0.232249\n"}
,{"stream_name":"stdout","time":593.520627655,"data":"BIOHUB_RETENTION_GUARD {\"blended_candidates\": 66, \"dataset\": \"6bba_05b6850b\", \"frame\": 43, \"minimum_retention\": 0.9, \"primary_candidates\": 74, \"retention\": 0.8918918918918919, \"use_primary\": true}\n"}
,{"stream_name":"stdout","time":593.719103256,"data":"SECONDARY_EDGE_TTA_ACTIVE views= 8 weight= 0.75 mean_abs_feat_delta= 0.232249\n"}
,{"stream_name":"stdout","time":593.719135282,"data":"BIOHUB_RETENTION_GUARD {\"blended_candidates\": 66, \"dataset\": \"6bba_05b6850b\", \"frame\": 43, \"minimum_retention\": 0.9, \"primary_candidates\": 74, \"retention\": 0.8918918918918919, \"use_primary\": true}\n"}
,{"stream_name":"stdout","time":594.480843308,"data":"EDGE_TTA_ACTIVE views= 8 mean_abs_feat_delta= 0.338616\n"}
,{"stream_name":"stdout","time":594.550603601,"data":"EDGE_TTA_ACTIVE views= 8 mean_abs_feat_delta= 0.36891\n"}
,{"stream_name":"stdout","time":594.683335206,"data":"EDGE_TTA_ACTIVE views= 8 mean_abs_feat_delta= 0.338616\n"}
,{"stream_name":"stdout","time":594.683361319,"data":"EDGE_TTA_ACTIVE views= 8 mean_abs_feat_delta= 0.36891\n"}
,{"stream_name":"stdout","time":595.408528009,"data":"SECONDARY_EDGE_TTA_ACTIVE views= 8 weight= 0.75 mean_abs_feat_delta= 0.236776\n"}
,{"stream_name":"stdout","time":595.508582097,"data":"SECONDARY_EDGE_TTA_ACTIVE views= 8 weight= 0.75 mean_abs_feat_delta= 0.226463\n"}
,{"stream_name":"stdout","time":595.610927114,"data":"SECONDARY_EDGE_TTA_ACTIVE views= 8 weight= 0.75 mean_abs_feat_delta= 0.236776\n"}
,{"stream_name":"stdout","time":595.610959564,"data":"SECONDARY_EDGE_TTA_ACTIVE views= 8 weight= 0.75 mean_abs_feat_delta= 0.226463\n"}
,{"stream_name":"stdout","time":596.573267244,"data":"EDGE_TTA_ACTIVE views= 8 mean_abs_feat_delta= 0.372785\n"}
,{"stream_name":"stdout","time":596.725074331,"data":"EDGE_TTA_ACTIVE views= 8 mean_abs_feat_delta= 0.335349\n"}
,{"stream_name":"stdout","time":596.775500719,"data":"EDGE_TTA_ACTIVE views= 8 mean_abs_feat_delta= 0.372785\n"}
,{"stream_name":"stdout","time":596.775521437,"data":"EDGE_TTA_ACTIVE views= 8 mean_abs_feat_delta= 0.335349\n"}
,{"stream_name":"stdout","time":597.535386805,"data":"SECONDARY_EDGE_TTA_ACTIVE views= 8 weight= 0.75 mean_abs_feat_delta= 0.232529\n"}
,{"stream_name":"stdout","time":597.655167291,"data":"SECONDARY_EDGE_TTA_ACTIVE views= 8 weight= 0.75 mean_abs_feat_delta= 0.233805\n"}
,{"stream_name":"stdout","time":597.737360509,"data":"SECONDARY_EDGE_TTA_ACTIVE views= 8 weight= 0.75 mean_abs_feat_delta= 0.232529\n"}
,{"stream_name":"stdout","time":597.737400567,"data":"SECONDARY_EDGE_TTA_ACTIVE views= 8 weight= 0.75 mean_abs_feat_delta= 0.233805\n"}
,{"stream_name":"stdout","time":598.57454165,"data":"EDGE_TTA_ACTIVE views= 8 mean_abs_feat_delta= 0.372432\n"}
,{"stream_name":"stdout","time":598.777072492,"data":"EDGE_TTA_ACTIVE views= 8 mean_abs_feat_delta= 0.372432\n"}
,{"stream_name":"stdout","time":598.909107974,"data":"EDGE_TTA_ACTIVE views= 8 mean_abs_feat_delta= 0.337635\n"}
,{"stream_name":"stdout","time":599.111449722,"data":"EDGE_TTA_ACTIVE views= 8 mean_abs_feat_delta= 0.337635\n"}
,{"stream_name":"stdout","time":599.539817971,"data":"SECONDARY_EDGE_TTA_ACTIVE views= 8 weight= 0.75 mean_abs_feat_delta= 0.234792\n"}
,{"stream_name":"stdout","time":599.742263785,"data":"SECONDARY_EDGE_TTA_ACTIVE views= 8 weight= 0.75 mean_abs_feat_delta= 0.234792\n"}
,{"stream_name":"stdout","time":599.841118382,"data":"SECONDARY_EDGE_TTA_ACTIVE views= 8 weight= 0.75 mean_abs_feat_delta= 0.2393\n"}
,{"stream_name":"stdout","time":600.043471143,"data":"SECONDARY_EDGE_TTA_ACTIVE views= 8 weight= 0.75 mean_abs_feat_delta= 0.2393\n"}
,{"stream_name":"stdout","time":600.572306727,"data":"EDGE_TTA_ACTIVE views= 8 mean_abs_feat_delta= 0.371331\n"}
,{"stream_name":"stdout","time":600.774822807,"data":"EDGE_TTA_ACTIVE views= 8 mean_abs_feat_delta= 0.371331\n"}
,{"stream_name":"stdout","time":601.091368898,"data":"EDGE_TTA_ACTIVE views= 8 mean_abs_feat_delta= 0.336677\n"}
,{"stream_name":"stdout","time":601.294060117,"data":"EDGE_TTA_ACTIVE views= 8 mean_abs_feat_delta= 0.336677\n"}
,{"stream_name":"stdout","time":601.543305832,"data":"SECONDARY_EDGE_TTA_ACTIVE views= 8 weight= 0.75 mean_abs_feat_delta= 0.233309\n"}
,{"stream_name":"stdout","time":601.745631884,"data":"SECONDARY_EDGE_TTA_ACTIVE views= 8 weight= 0.75 mean_abs_feat_delta= 0.233309\n"}
,{"stream_name":"stdout","time":602.026529784,"data":"SECONDARY_EDGE_TTA_ACTIVE views= 8 weight= 0.75 mean_abs_feat_delta= 0.241418\n"}
,{"stream_name":"stdout","time":602.229060496,"data":"SECONDARY_EDGE_TTA_ACTIVE views= 8 weight= 0.75 mean_abs_feat_delta= 0.241418\n"}
,{"stream_name":"stdout","time":602.57697542,"data":"EDGE_TTA_ACTIVE views= 8 mean_abs_feat_delta= 0.369641\n"}
,{"stream_name":"stdout","time":602.77970324,"data":"EDGE_TTA_ACTIVE views= 8 mean_abs_feat_delta= 0.369641\n"}
,{"stream_name":"stdout","time":603.296313055,"data":"EDGE_TTA_ACTIVE views= 8 mean_abs_feat_delta= 0.334169\n"}
,{"stream_name":"stdout","time":603.498955982,"data":"EDGE_TTA_ACTIVE views= 8 mean_abs_feat_delta= 0.334169\n"}
,{"stream_name":"stdout","time":603.548420865,"data":"SECONDARY_EDGE_TTA_ACTIVE views= 8 weight= 0.75 mean_abs_feat_delta= 0.231091\n"}
,{"stream_name":"stdout","time":603.750660902,"data":"SECONDARY_EDGE_TTA_ACTIVE views= 8 weight= 0.75 mean_abs_feat_delta= 0.231091\n"}
,{"stream_name":"stdout","time":604.233433398,"data":"SECONDARY_EDGE_TTA_ACTIVE views= 8 weight= 0.75 mean_abs_feat_delta= 0.240548\n"}
,{"stream_name":"stdout","time":604.43588846,"data":"SECONDARY_EDGE_TTA_ACTIVE views= 8 weight= 0.75 mean_abs_feat_delta= 0.240548\n"}
,{"stream_name":"stdout","time":604.58120428,"data":"EDGE_TTA_ACTIVE views= 8 mean_abs_feat_delta= 0.371647\n"}
,{"stream_name":"stdout","time":604.783597035,"data":"EDGE_TTA_ACTIVE views= 8 mean_abs_feat_delta= 0.371647\n"}
,{"stream_name":"stdout","time":605.467225181,"data":"EDGE_TTA_ACTIVE views= 8 mean_abs_feat_delta= 0.334586\n"}
,{"stream_name":"stdout","time":605.553626221,"data":"SECONDARY_EDGE_TTA_ACTIVE views= 8 weight= 0.75 mean_abs_feat_delta= 0.231415\n"}
,{"stream_name":"stdout","time":605.669402233,"data":"EDGE_TTA_ACTIVE views= 8 mean_abs_feat_delta= 0.334586\n"}
,{"stream_name":"stdout","time":605.66943678,"data":"SECONDARY_EDGE_TTA_ACTIVE views= 8 weight= 0.75 mean_abs_feat_delta= 0.231415\n"}
,{"stream_name":"stdout","time":606.405078067,"data":"SECONDARY_EDGE_TTA_ACTIVE views= 8 weight= 0.75 mean_abs_feat_delta= 0.239217\n"}
,{"stream_name":"stdout","time":606.604104743,"data":"EDGE_TTA_ACTIVE views= 8 mean_abs_feat_delta= 0.368025\n"}
,{"stream_name":"stdout","time":606.607278844,"data":"SECONDARY_EDGE_TTA_ACTIVE views= 8 weight= 0.75 mean_abs_feat_delta= 0.239217\n"}
,{"stream_name":"stdout","time":606.607300745,"data":"EDGE_TTA_ACTIVE views= 8 mean_abs_feat_delta= 0.368025\n"}
,{"stream_name":"stdout","time":607.57840516,"data":"SECONDARY_EDGE_TTA_ACTIVE views= 8 weight= 0.75 mean_abs_feat_delta= 0.232042\n"}
,{"stream_name":"stdout","time":607.71309257,"data":"EDGE_TTA_ACTIVE views= 8 mean_abs_feat_delta= 0.333591\n"}
,{"stream_name":"stdout","time":607.780647931,"data":"SECONDARY_EDGE_TTA_ACTIVE views= 8 weight= 0.75 mean_abs_feat_delta= 0.232042\n"}
,{"stream_name":"stdout","time":607.780670298,"data":"EDGE_TTA_ACTIVE views= 8 mean_abs_feat_delta= 0.333591\n"}
,{"stream_name":"stdout","time":608.610858551,"data":"EDGE_TTA_ACTIVE views= 8 mean_abs_feat_delta= 0.362922\n"}
,{"stream_name":"stdout","time":608.649677506,"data":"SECONDARY_EDGE_TTA_ACTIVE views= 8 weight= 0.75 mean_abs_feat_delta= 0.238117\n"}
,{"stream_name":"stdout","time":608.813274196,"data":"EDGE_TTA_ACTIVE views= 8 mean_abs_feat_delta= 0.362922\n"}
,{"stream_name":"stdout","time":608.813297735,"data":"SECONDARY_EDGE_TTA_ACTIVE views= 8 weight= 0.75 mean_abs_feat_delta= 0.238117\n"}
,{"stream_name":"stdout","time":609.583571298,"data":"SECONDARY_EDGE_TTA_ACTIVE views= 8 weight= 0.75 mean_abs_feat_delta= 0.232766\n"}
,{"stream_name":"stdout","time":609.785921006,"data":"SECONDARY_EDGE_TTA_ACTIVE views= 8 weight= 0.75 mean_abs_feat_delta= 0.232766\n"}
,{"stream_name":"stdout","time":609.90487863,"data":"EDGE_TTA_ACTIVE views= 8 mean_abs_feat_delta= 0.333424\n"}
,{"stream_name":"stdout","time":610.107278007,"data":"EDGE_TTA_ACTIVE views= 8 mean_abs_feat_delta= 0.333424\n"}
,{"stream_name":"stdout","time":610.634769683,"data":"EDGE_TTA_ACTIVE views= 8 mean_abs_feat_delta= 0.352705\n"}
,{"stream_name":"stdout","time":610.837306022,"data":"EDGE_TTA_ACTIVE views= 8 mean_abs_feat_delta= 0.352705\n"}
,{"stream_name":"stdout","time":610.842809547,"data":"SECONDARY_EDGE_TTA_ACTIVE views= 8 weight= 0.75 mean_abs_feat_delta= 0.241111\n"}
,{"stream_name":"stdout","time":611.045132617,"data":"SECONDARY_EDGE_TTA_ACTIVE views= 8 weight= 0.75 mean_abs_feat_delta= 0.241111\n"}
,{"stream_name":"stdout","time":611.609847209,"data":"SECONDARY_EDGE_TTA_ACTIVE views= 8 weight= 0.75 mean_abs_feat_delta= 0.235979\n"}
,{"stream_name":"stdout","time":611.81222285,"data":"SECONDARY_EDGE_TTA_ACTIVE views= 8 weight= 0.75 mean_abs_feat_delta= 0.235979\n"}
,{"stream_name":"stdout","time":612.147735714,"data":"EDGE_TTA_ACTIVE views= 8 mean_abs_feat_delta= 0.329672\n"}
,{"stream_name":"stdout","time":612.350139006,"data":"EDGE_TTA_ACTIVE views= 8 mean_abs_feat_delta= 0.329672\n"}
,{"stream_name":"stdout","time":612.659615897,"data":"EDGE_TTA_ACTIVE views= 8 mean_abs_feat_delta= 0.336896\n"}
,{"stream_name":"stdout","time":612.862022317,"data":"EDGE_TTA_ACTIVE views= 8 mean_abs_feat_delta= 0.336896\n"}
,{"stream_name":"stdout","time":613.088324011,"data":"SECONDARY_EDGE_TTA_ACTIVE views= 8 weight= 0.75 mean_abs_feat_delta= 0.233408\n"}
,{"stream_name":"stdout","time":613.290876,"data":"SECONDARY_EDGE_TTA_ACTIVE views= 8 weight= 0.75 mean_abs_feat_delta= 0.233408\n"}
,{"stream_name":"stdout","time":613.632580477,"data":"SECONDARY_EDGE_TTA_ACTIVE views= 8 weight= 0.75 mean_abs_feat_delta= 0.241376\n"}
,{"stream_name":"stdout","time":613.835044952,"data":"SECONDARY_EDGE_TTA_ACTIVE views= 8 weight= 0.75 mean_abs_feat_delta= 0.241376\n"}
,{"stream_name":"stdout","time":614.333677989,"data":"EDGE_TTA_ACTIVE views= 8 mean_abs_feat_delta= 0.330847\n"}
,{"stream_name":"stdout","time":614.535990884,"data":"EDGE_TTA_ACTIVE views= 8 mean_abs_feat_delta= 0.330847\n"}
,{"stream_name":"stdout","time":614.704211584,"data":"EDGE_TTA_ACTIVE views= 8 mean_abs_feat_delta= 0.34476\n"}
,{"stream_name":"stdout","time":614.906620386,"data":"EDGE_TTA_ACTIVE views= 8 mean_abs_feat_delta= 0.34476\n"}
,{"stream_name":"stdout","time":615.274470303,"data":"SECONDARY_EDGE_TTA_ACTIVE views= 8 weight= 0.75 mean_abs_feat_delta= 0.236893\n"}
,{"stream_name":"stdout","time":615.476813387,"data":"SECONDARY_EDGE_TTA_ACTIVE views= 8 weight= 0.75 mean_abs_feat_delta= 0.236893\n"}
,{"stream_name":"stdout","time":615.678032328,"data":"SECONDARY_EDGE_TTA_ACTIVE views= 8 weight= 0.75 mean_abs_feat_delta= 0.233304\n"}
,{"stream_name":"stdout","time":615.880573251,"data":"SECONDARY_EDGE_TTA_ACTIVE views= 8 weight= 0.75 mean_abs_feat_delta= 0.233304\n"}
,{"stream_name":"stdout","time":616.540961497,"data":"EDGE_TTA_ACTIVE views= 8 mean_abs_feat_delta= 0.332545\n"}
,{"stream_name":"stdout","time":616.731312683,"data":"EDGE_TTA_ACTIVE views= 8 mean_abs_feat_delta= 0.351291\n"}
,{"stream_name":"stdout","time":616.743118469,"data":"EDGE_TTA_ACTIVE views= 8 mean_abs_feat_delta= 0.332545\n"}
,{"stream_name":"stdout","time":616.743150663,"data":"EDGE_TTA_ACTIVE views= 8 mean_abs_feat_delta= 0.351291\n"}
,{"stream_name":"stdout","time":617.483173426,"data":"SECONDARY_EDGE_TTA_ACTIVE views= 8 weight= 0.75 mean_abs_feat_delta= 0.244446\n"}
,{"stream_name":"stdout","time":617.68528218,"data":"SECONDARY_EDGE_TTA_ACTIVE views= 8 weight= 0.75 mean_abs_feat_delta= 0.244446\n"}
,{"stream_name":"stdout","time":617.702872188,"data":"SECONDARY_EDGE_TTA_ACTIVE views= 8 weight= 0.75 mean_abs_feat_delta= 0.237349\n"}
,{"stream_name":"stdout","time":617.90532395,"data":"SECONDARY_EDGE_TTA_ACTIVE views= 8 weight= 0.75 mean_abs_feat_delta= 0.237349\n"}
,{"stream_name":"stdout","time":618.737601904,"data":"EDGE_TTA_ACTIVE views= 8 mean_abs_feat_delta= 0.333406\n"}
,{"stream_name":"stdout","time":618.79478646,"data":"EDGE_TTA_ACTIVE views= 8 mean_abs_feat_delta= 0.350787\n"}
,{"stream_name":"stdout","time":618.939963351,"data":"EDGE_TTA_ACTIVE views= 8 mean_abs_feat_delta= 0.333406\n"}
,{"stream_name":"stdout","time":618.940020097,"data":"EDGE_TTA_ACTIVE views= 8 mean_abs_feat_delta= 0.350787\n"}
,{"stream_name":"stdout","time":619.674190714,"data":"SECONDARY_EDGE_TTA_ACTIVE views= 8 weight= 0.75 mean_abs_feat_delta= 0.249633\n"}
,{"stream_name":"stdout","time":619.766811727,"data":"SECONDARY_EDGE_TTA_ACTIVE views= 8 weight= 0.75 mean_abs_feat_delta= 0.237192\n"}
,{"stream_name":"stdout","time":619.876589937,"data":"SECONDARY_EDGE_TTA_ACTIVE views= 8 weight= 0.75 mean_abs_feat_delta= 0.249633\n"}
,{"stream_name":"stdout","time":619.876620051,"data":"SECONDARY_EDGE_TTA_ACTIVE views= 8 weight= 0.75 mean_abs_feat_delta= 0.237192\n"}
,{"stream_name":"stdout","time":620.800113583,"data":"EDGE_TTA_ACTIVE views= 8 mean_abs_feat_delta= 0.352459\n"}
,{"stream_name":"stdout","time":620.905509734,"data":"EDGE_TTA_ACTIVE views= 8 mean_abs_feat_delta= 0.33416\n"}
,{"stream_name":"stdout","time":621.002523668,"data":"EDGE_TTA_ACTIVE views= 8 mean_abs_feat_delta= 0.352459\n"}
,{"stream_name":"stdout","time":621.002545323,"data":"EDGE_TTA_ACTIVE views= 8 mean_abs_feat_delta= 0.33416\n"}
,{"stream_name":"stdout","time":621.772326386,"data":"SECONDARY_EDGE_TTA_ACTIVE views= 8 weight= 0.75 mean_abs_feat_delta= 0.23579\n"}
,{"stream_name":"stdout","time":621.840754803,"data":"SECONDARY_EDGE_TTA_ACTIVE views= 8 weight= 0.75 mean_abs_feat_delta= 0.246702\n"}
,{"stream_name":"stdout","time":621.974851507,"data":"SECONDARY_EDGE_TTA_ACTIVE views= 8 weight= 0.75 mean_abs_feat_delta= 0.23579\n"}
,{"stream_name":"stdout","time":621.974884506,"data":"SECONDARY_EDGE_TTA_ACTIVE views= 8 weight= 0.75 mean_abs_feat_delta= 0.246702\n"}
,{"stream_name":"stdout","time":622.822173741,"data":"EDGE_TTA_ACTIVE views= 8 mean_abs_feat_delta= 0.343926\n"}
,{"stream_name":"stdout","time":623.066488546,"data":"EDGE_TTA_ACTIVE views= 8 mean_abs_feat_delta= 0.343926\n"}
,{"stream_name":"stdout","time":623.097363303,"data":"EDGE_TTA_ACTIVE views= 8 mean_abs_feat_delta= 0.335015\n"}
,{"stream_name":"stdout","time":623.299738208,"data":"EDGE_TTA_ACTIVE views= 8 mean_abs_feat_delta= 0.335015\n"}
,{"stream_name":"stdout","time":623.79593386,"data":"SECONDARY_EDGE_TTA_ACTIVE views= 8 weight= 0.75 mean_abs_feat_delta= 0.245733\n"}
,{"stream_name":"stdout","time":623.998418275,"data":"SECONDARY_EDGE_TTA_ACTIVE views= 8 weight= 0.75 mean_abs_feat_delta= 0.245733\n"}
,{"stream_name":"stdout","time":624.036805745,"data":"SECONDARY_EDGE_TTA_ACTIVE views= 8 weight= 0.75 mean_abs_feat_delta= 0.239557\n"}
,{"stream_name":"stdout","time":624.239177345,"data":"SECONDARY_EDGE_TTA_ACTIVE views= 8 weight= 0.75 mean_abs_feat_delta= 0.239557\n"}
,{"stream_name":"stdout","time":624.828407059,"data":"EDGE_TTA_ACTIVE views= 8 mean_abs_feat_delta= 0.361961\n"}
,{"stream_name":"stdout","time":625.030900518,"data":"EDGE_TTA_ACTIVE views= 8 mean_abs_feat_delta= 0.361961\n"}
,{"stream_name":"stdout","time":625.265602472,"data":"EDGE_TTA_ACTIVE views= 8 mean_abs_feat_delta= 0.342511\n"}
,{"stream_name":"stdout","time":625.467918198,"data":"EDGE_TTA_ACTIVE views= 8 mean_abs_feat_delta= 0.342511\n"}
,{"stream_name":"stdout","time":625.798657829,"data":"SECONDARY_EDGE_TTA_ACTIVE views= 8 weight= 0.75 mean_abs_feat_delta= 0.237609\n"}
,{"stream_name":"stdout","time":626.001121754,"data":"SECONDARY_EDGE_TTA_ACTIVE views= 8 weight= 0.75 mean_abs_feat_delta= 0.237609\n"}
,{"stream_name":"stdout","time":626.203233414,"data":"SECONDARY_EDGE_TTA_ACTIVE views= 8 weight= 0.75 mean_abs_feat_delta= 0.238104\n"}
,{"stream_name":"stdout","time":626.405614047,"data":"SECONDARY_EDGE_TTA_ACTIVE views= 8 weight= 0.75 mean_abs_feat_delta= 0.238104\n"}
,{"stream_name":"stdout","time":626.868109949,"data":"EDGE_TTA_ACTIVE views= 8 mean_abs_feat_delta= 0.359198\n"}
,{"stream_name":"stdout","time":627.070858105,"data":"EDGE_TTA_ACTIVE views= 8 mean_abs_feat_delta= 0.359198\n"}
,{"stream_name":"stdout","time":627.426898795,"data":"EDGE_TTA_ACTIVE views= 8 mean_abs_feat_delta= 0.342159\n"}
,{"stream_name":"stdout","time":627.629274362,"data":"EDGE_TTA_ACTIVE views= 8 mean_abs_feat_delta= 0.342159\n"}
,{"stream_name":"stdout","time":627.843383208,"data":"SECONDARY_EDGE_TTA_ACTIVE views= 8 weight= 0.75 mean_abs_feat_delta= 0.24975\n"}
,{"stream_name":"stdout","time":628.04598235,"data":"SECONDARY_EDGE_TTA_ACTIVE views= 8 weight= 0.75 mean_abs_feat_delta= 0.24975\n"}
,{"stream_name":"stdout","time":628.36219247,"data":"SECONDARY_EDGE_TTA_ACTIVE views= 8 weight= 0.75 mean_abs_feat_delta= 0.239919\n"}
,{"stream_name":"stdout","time":628.564505061,"data":"SECONDARY_EDGE_TTA_ACTIVE views= 8 weight= 0.75 mean_abs_feat_delta= 0.239919\n"}
,{"stream_name":"stdout","time":628.917014233,"data":"EDGE_TTA_ACTIVE views= 8 mean_abs_feat_delta= 0.364122\n"}
,{"stream_name":"stdout","time":629.119768272,"data":"EDGE_TTA_ACTIVE views= 8 mean_abs_feat_delta= 0.364122\n"}
,{"stream_name":"stdout","time":629.591924813,"data":"EDGE_TTA_ACTIVE views= 8 mean_abs_feat_delta= 0.340811\n"}
,{"stream_name":"stdout","time":629.79429153,"data":"EDGE_TTA_ACTIVE views= 8 mean_abs_feat_delta= 0.340811\n"}
,{"stream_name":"stdout","time":629.88932942,"data":"SECONDARY_EDGE_TTA_ACTIVE views= 8 weight= 0.75 mean_abs_feat_delta= 0.23735\n"}
,{"stream_name":"stdout","time":630.091620086,"data":"SECONDARY_EDGE_TTA_ACTIVE views= 8 weight= 0.75 mean_abs_feat_delta= 0.23735\n"}
,{"stream_name":"stdout","time":630.527273613,"data":"SECONDARY_EDGE_TTA_ACTIVE views= 8 weight= 0.75 mean_abs_feat_delta= 0.238456\n"}
,{"stream_name":"stdout","time":630.729668573,"data":"SECONDARY_EDGE_TTA_ACTIVE views= 8 weight= 0.75 mean_abs_feat_delta= 0.238456\n"}
,{"stream_name":"stdout","time":630.935873743,"data":"EDGE_TTA_ACTIVE views= 8 mean_abs_feat_delta= 0.357428\n"}
,{"stream_name":"stdout","time":631.13844717,"data":"EDGE_TTA_ACTIVE views= 8 mean_abs_feat_delta= 0.357428\n"}
,{"stream_name":"stdout","time":631.780856966,"data":"EDGE_TTA_ACTIVE views= 8 mean_abs_feat_delta= 0.349582\n"}
,{"stream_name":"stdout","time":631.911508405,"data":"SECONDARY_EDGE_TTA_ACTIVE views= 8 weight= 0.75 mean_abs_feat_delta= 0.239857\n"}
,{"stream_name":"stdout","time":631.983186767,"data":"EDGE_TTA_ACTIVE views= 8 mean_abs_feat_delta= 0.349582\n"}
,{"stream_name":"stdout","time":631.983215966,"data":"SECONDARY_EDGE_TTA_ACTIVE views= 8 weight= 0.75 mean_abs_feat_delta= 0.239857\n"}
,{"stream_name":"stdout","time":632.715904774,"data":"SECONDARY_EDGE_TTA_ACTIVE views= 8 weight= 0.75 mean_abs_feat_delta= 0.237938\n"}
,{"stream_name":"stdout","time":632.917982142,"data":"SECONDARY_EDGE_TTA_ACTIVE views= 8 weight= 0.75 mean_abs_feat_delta= 0.237938\n"}
,{"stream_name":"stdout","time":632.97968969,"data":"EDGE_TTA_ACTIVE views= 8 mean_abs_feat_delta= 0.343652\n"}
,{"stream_name":"stdout","time":633.182285934,"data":"EDGE_TTA_ACTIVE views= 8 mean_abs_feat_delta= 0.343652\n"}
,{"stream_name":"stdout","time":633.953214106,"data":"SECONDARY_EDGE_TTA_ACTIVE views= 8 weight= 0.75 mean_abs_feat_delta= 0.246472\n"}
,{"stream_name":"stdout","time":633.975967864,"data":"EDGE_TTA_ACTIVE views= 8 mean_abs_feat_delta= 0.350508\n"}
,{"stream_name":"stdout","time":634.155707525,"data":"SECONDARY_EDGE_TTA_ACTIVE views= 8 weight= 0.75 mean_abs_feat_delta= 0.246472\n"}
,{"stream_name":"stdout","time":634.155754703,"data":"EDGE_TTA_ACTIVE views= 8 mean_abs_feat_delta= 0.350508\n"}
,{"stream_name":"stdout","time":634.908897175,"data":"SECONDARY_EDGE_TTA_ACTIVE views= 8 weight= 0.75 mean_abs_feat_delta= 0.242027\n"}
,{"stream_name":"stdout","time":635.011707914,"data":"EDGE_TTA_ACTIVE views= 8 mean_abs_feat_delta= 0.355033\n"}
,{"stream_name":"stdout","time":635.11142376,"data":"SECONDARY_EDGE_TTA_ACTIVE views= 8 weight= 0.75 mean_abs_feat_delta= 0.242027\n"}
,{"stream_name":"stdout","time":635.111460264,"data":"EDGE_TTA_ACTIVE views= 8 mean_abs_feat_delta= 0.355033\n"}
,{"stream_name":"stdout","time":635.981764195,"data":"SECONDARY_EDGE_TTA_ACTIVE views= 8 weight= 0.75 mean_abs_feat_delta= 0.23837\n"}
,{"stream_name":"stdout","time":636.162032047,"data":"EDGE_TTA_ACTIVE views= 8 mean_abs_feat_delta= 0.347721\n"}
,{"stream_name":"stdout","time":636.184214537,"data":"SECONDARY_EDGE_TTA_ACTIVE views= 8 weight= 0.75 mean_abs_feat_delta= 0.23837\n"}
,{"stream_name":"stdout","time":636.184240689,"data":"EDGE_TTA_ACTIVE views= 8 mean_abs_feat_delta= 0.347721\n"}
,{"stream_name":"stdout","time":637.013896181,"data":"EDGE_TTA_ACTIVE views= 8 mean_abs_feat_delta= 0.351347\n"}
,{"stream_name":"stdout","time":637.091395539,"data":"SECONDARY_EDGE_TTA_ACTIVE views= 8 weight= 0.75 mean_abs_feat_delta= 0.244117\n"}
,{"stream_name":"stdout","time":637.216365161,"data":"EDGE_TTA_ACTIVE views= 8 mean_abs_feat_delta= 0.351347\n"}
,{"stream_name":"stdout","time":637.216398178,"data":"SECONDARY_EDGE_TTA_ACTIVE views= 8 weight= 0.75 mean_abs_feat_delta= 0.244117\n"}
,{"stream_name":"stdout","time":637.986429009,"data":"SECONDARY_EDGE_TTA_ACTIVE views= 8 weight= 0.75 mean_abs_feat_delta= 0.23794\n"}
,{"stream_name":"stdout","time":638.188910135,"data":"SECONDARY_EDGE_TTA_ACTIVE views= 8 weight= 0.75 mean_abs_feat_delta= 0.23794\n"}
,{"stream_name":"stdout","time":638.317866431,"data":"EDGE_TTA_ACTIVE views= 8 mean_abs_feat_delta= 0.347752\n"}
,{"stream_name":"stdout","time":638.520182927,"data":"EDGE_TTA_ACTIVE views= 8 mean_abs_feat_delta= 0.347752\n"}
,{"stream_name":"stdout","time":639.018163854,"data":"EDGE_TTA_ACTIVE views= 8 mean_abs_feat_delta= 0.353252\n"}
,{"stream_name":"stdout","time":639.220627343,"data":"EDGE_TTA_ACTIVE views= 8 mean_abs_feat_delta= 0.353252\n"}
,{"stream_name":"stdout","time":639.250987329,"data":"SECONDARY_EDGE_TTA_ACTIVE views= 8 weight= 0.75 mean_abs_feat_delta= 0.243325\n"}
,{"stream_name":"stdout","time":639.453512904,"data":"SECONDARY_EDGE_TTA_ACTIVE views= 8 weight= 0.75 mean_abs_feat_delta= 0.243325\n"}
,{"stream_name":"stdout","time":639.98916582,"data":"SECONDARY_EDGE_TTA_ACTIVE views= 8 weight= 0.75 mean_abs_feat_delta= 0.237401\n"}
,{"stream_name":"stdout","time":640.191807403,"data":"SECONDARY_EDGE_TTA_ACTIVE views= 8 weight= 0.75 mean_abs_feat_delta= 0.237401\n"}
,{"stream_name":"stdout","time":640.471276996,"data":"EDGE_TTA_ACTIVE views= 8 mean_abs_feat_delta= 0.347648\n"}
,{"stream_name":"stdout","time":640.67349587,"data":"EDGE_TTA_ACTIVE views= 8 mean_abs_feat_delta= 0.347648\n"}
,{"stream_name":"stdout","time":641.022910044,"data":"EDGE_TTA_ACTIVE views= 8 mean_abs_feat_delta= 0.33905\n"}
,{"stream_name":"stdout","time":641.22542117,"data":"EDGE_TTA_ACTIVE views= 8 mean_abs_feat_delta= 0.33905\n"}
,{"stream_name":"stdout","time":641.401474054,"data":"SECONDARY_EDGE_TTA_ACTIVE views= 8 weight= 0.75 mean_abs_feat_delta= 0.244042\n"}
,{"stream_name":"stdout","time":641.603649067,"data":"SECONDARY_EDGE_TTA_ACTIVE views= 8 weight= 0.75 mean_abs_feat_delta= 0.244042\n"}
,{"stream_name":"stdout","time":641.987174065,"data":"SECONDARY_EDGE_TTA_ACTIVE views= 8 weight= 0.75 mean_abs_feat_delta= 0.245673\n"}
,{"stream_name":"stdout","time":642.189629873,"data":"SECONDARY_EDGE_TTA_ACTIVE views= 8 weight= 0.75 mean_abs_feat_delta= 0.245673\n"}
,{"stream_name":"stdout","time":642.673131656,"data":"EDGE_TTA_ACTIVE views= 8 mean_abs_feat_delta= 0.350568\n"}
,{"stream_name":"stdout","time":642.875669428,"data":"EDGE_TTA_ACTIVE views= 8 mean_abs_feat_delta= 0.350568\n"}
,{"stream_name":"stdout","time":643.014075293,"data":"EDGE_TTA_ACTIVE views= 8 mean_abs_feat_delta= 0.354422\n"}
,{"stream_name":"stdout","time":643.216460681,"data":"EDGE_TTA_ACTIVE views= 8 mean_abs_feat_delta= 0.354422\n"}
,{"stream_name":"stdout","time":643.604758988,"data":"SECONDARY_EDGE_TTA_ACTIVE views= 8 weight= 0.75 mean_abs_feat_delta= 0.24973\n"}
,{"stream_name":"stdout","time":643.807129468,"data":"SECONDARY_EDGE_TTA_ACTIVE views= 8 weight= 0.75 mean_abs_feat_delta= 0.24973\n"}
,{"stream_name":"stdout","time":643.975344894,"data":"SECONDARY_EDGE_TTA_ACTIVE views= 8 weight= 0.75 mean_abs_feat_delta= 0.235875\n"}
,{"stream_name":"stdout","time":644.177780958,"data":"SECONDARY_EDGE_TTA_ACTIVE views= 8 weight= 0.75 mean_abs_feat_delta= 0.235875\n"}
,{"stream_name":"stdout","time":644.820198808,"data":"EDGE_TTA_ACTIVE views= 8 mean_abs_feat_delta= 0.339277\n"}
,{"stream_name":"stdout","time":644.998753045,"data":"EDGE_TTA_ACTIVE views= 8 mean_abs_feat_delta= 0.359708\n"}
,{"stream_name":"stdout","time":645.022530986,"data":"EDGE_TTA_ACTIVE views= 8 mean_abs_feat_delta= 0.339277\n"}
,{"stream_name":"stdout","time":645.022550323,"data":"EDGE_TTA_ACTIVE views= 8 mean_abs_feat_delta= 0.359708\n"}
,{"stream_name":"stdout","time":645.75031707,"data":"SECONDARY_EDGE_TTA_ACTIVE views= 8 weight= 0.75 mean_abs_feat_delta= 0.239339\n"}
,{"stream_name":"stdout","time":645.952662659,"data":"SECONDARY_EDGE_TTA_ACTIVE views= 8 weight= 0.75 mean_abs_feat_delta= 0.239339\n"}
,{"stream_name":"stdout","time":645.961007219,"data":"SECONDARY_EDGE_TTA_ACTIVE views= 8 weight= 0.75 mean_abs_feat_delta= 0.241531\n"}
,{"stream_name":"stdout","time":646.163303941,"data":"SECONDARY_EDGE_TTA_ACTIVE views= 8 weight= 0.75 mean_abs_feat_delta= 0.241531\n"}
,{"stream_name":"stdout","time":646.967561209,"data":"EDGE_TTA_ACTIVE views= 8 mean_abs_feat_delta= 0.341866\n"}
,{"stream_name":"stdout","time":646.996128028,"data":"EDGE_TTA_ACTIVE views= 8 mean_abs_feat_delta= 0.359515\n"}
,{"stream_name":"stdout","time":647.170275419,"data":"EDGE_TTA_ACTIVE views= 8 mean_abs_feat_delta= 0.341866\n"}
,{"stream_name":"stdout","time":647.170307137,"data":"EDGE_TTA_ACTIVE views= 8 mean_abs_feat_delta= 0.359515\n"}
,{"stream_name":"stdout","time":647.898389643,"data":"SECONDARY_EDGE_TTA_ACTIVE views= 8 weight= 0.75 mean_abs_feat_delta= 0.244666\n"}
,{"stream_name":"stdout","time":647.962781758,"data":"SECONDARY_EDGE_TTA_ACTIVE views= 8 weight= 0.75 mean_abs_feat_delta= 0.238654\n"}
,{"stream_name":"stdout","time":648.100654691,"data":"SECONDARY_EDGE_TTA_ACTIVE views= 8 weight= 0.75 mean_abs_feat_delta= 0.244666\n"}
,{"stream_name":"stdout","time":648.100683912,"data":"SECONDARY_EDGE_TTA_ACTIVE views= 8 weight= 0.75 mean_abs_feat_delta= 0.238654\n"}
,{"stream_name":"stdout","time":648.997586508,"data":"EDGE_TTA_ACTIVE views= 8 mean_abs_feat_delta= 0.356987\n"}
,{"stream_name":"stdout","time":649.159735709,"data":"EDGE_TTA_ACTIVE views= 8 mean_abs_feat_delta= 0.344401\n"}
,{"stream_name":"stdout","time":649.199896017,"data":"EDGE_TTA_ACTIVE views= 8 mean_abs_feat_delta= 0.356987\n"}
,{"stream_name":"stdout","time":649.199917703,"data":"EDGE_TTA_ACTIVE views= 8 mean_abs_feat_delta= 0.344401\n"}
,{"stream_name":"stdout","time":649.958612765,"data":"SECONDARY_EDGE_TTA_ACTIVE views= 8 weight= 0.75 mean_abs_feat_delta= 0.235897\n"}
,{"stream_name":"stdout","time":650.086615376,"data":"SECONDARY_EDGE_TTA_ACTIVE views= 8 weight= 0.75 mean_abs_feat_delta= 0.244039\n"}
,{"stream_name":"stdout","time":650.16090116,"data":"SECONDARY_EDGE_TTA_ACTIVE views= 8 weight= 0.75 mean_abs_feat_delta= 0.235897\n"}
,{"stream_name":"stdout","time":650.16093008,"data":"SECONDARY_EDGE_TTA_ACTIVE views= 8 weight= 0.75 mean_abs_feat_delta= 0.244039\n"}
,{"stream_name":"stdout","time":651.011183799,"data":"EDGE_TTA_ACTIVE views= 8 mean_abs_feat_delta= 0.358806\n"}
,{"stream_name":"stdout","time":651.213822175,"data":"EDGE_TTA_ACTIVE views= 8 mean_abs_feat_delta= 0.358806\n"}
,{"stream_name":"stdout","time":651.353595185,"data":"EDGE_TTA_ACTIVE views= 8 mean_abs_feat_delta= 0.341738\n"}
,{"stream_name":"stdout","time":651.556463,"data":"EDGE_TTA_ACTIVE views= 8 mean_abs_feat_delta= 0.341738\n"}
,{"stream_name":"stdout","time":651.979793933,"data":"SECONDARY_EDGE_TTA_ACTIVE views= 8 weight= 0.75 mean_abs_feat_delta= 0.232787\n"}
,{"stream_name":"stdout","time":652.182273099,"data":"SECONDARY_EDGE_TTA_ACTIVE views= 8 weight= 0.75 mean_abs_feat_delta= 0.232787\n"}
,{"stream_name":"stdout","time":652.281329032,"data":"SECONDARY_EDGE_TTA_ACTIVE views= 8 weight= 0.75 mean_abs_feat_delta= 0.245322\n"}
,{"stream_name":"stdout","time":652.483702593,"data":"SECONDARY_EDGE_TTA_ACTIVE views= 8 weight= 0.75 mean_abs_feat_delta= 0.245322\n"}
,{"stream_name":"stdout","time":653.033550762,"data":"EDGE_TTA_ACTIVE views= 8 mean_abs_feat_delta= 0.360605\n"}
,{"stream_name":"stdout","time":653.280674393,"data":"EDGE_TTA_ACTIVE views= 8 mean_abs_feat_delta= 0.360605\n"}
,{"stream_name":"stdout","time":653.517437378,"data":"EDGE_TTA_ACTIVE views= 8 mean_abs_feat_delta= 0.339738\n"}
,{"stream_name":"stdout","time":653.719770445,"data":"EDGE_TTA_ACTIVE views= 8 mean_abs_feat_delta= 0.339738\n"}
,{"stream_name":"stdout","time":653.995063389,"data":"SECONDARY_EDGE_TTA_ACTIVE views= 8 weight= 0.75 mean_abs_feat_delta= 0.235419\n"}
,{"stream_name":"stdout","time":654.197520918,"data":"SECONDARY_EDGE_TTA_ACTIVE views= 8 weight= 0.75 mean_abs_feat_delta= 0.235419\n"}
,{"stream_name":"stdout","time":654.445286953,"data":"SECONDARY_EDGE_TTA_ACTIVE views= 8 weight= 0.75 mean_abs_feat_delta= 0.2464\n"}
,{"stream_name":"stdout","time":654.647598574,"data":"SECONDARY_EDGE_TTA_ACTIVE views= 8 weight= 0.75 mean_abs_feat_delta= 0.2464\n"}
,{"stream_name":"stdout","time":655.082565914,"data":"EDGE_TTA_ACTIVE views= 8 mean_abs_feat_delta= 0.35888\n"}
,{"stream_name":"stdout","time":655.285035111,"data":"EDGE_TTA_ACTIVE views= 8 mean_abs_feat_delta= 0.35888\n"}
,{"stream_name":"stdout","time":655.710054334,"data":"EDGE_TTA_ACTIVE views= 8 mean_abs_feat_delta= 0.336334\n"}
,{"stream_name":"stdout","time":655.912270663,"data":"EDGE_TTA_ACTIVE views= 8 mean_abs_feat_delta= 0.336334\n"}
,{"stream_name":"stdout","time":656.041321134,"data":"SECONDARY_EDGE_TTA_ACTIVE views= 8 weight= 0.75 mean_abs_feat_delta= 0.232021\n"}
,{"stream_name":"stdout","time":656.243839841,"data":"SECONDARY_EDGE_TTA_ACTIVE views= 8 weight= 0.75 mean_abs_feat_delta= 0.232021\n"}
,{"stream_name":"stdout","time":656.635563406,"data":"SECONDARY_EDGE_TTA_ACTIVE views= 8 weight= 0.75 mean_abs_feat_delta= 0.244837\n"}
,{"stream_name":"stdout","time":656.838102561,"data":"SECONDARY_EDGE_TTA_ACTIVE views= 8 weight= 0.75 mean_abs_feat_delta= 0.244837\n"}
,{"stream_name":"stdout","time":657.069699734,"data":"EDGE_TTA_ACTIVE views= 8 mean_abs_feat_delta= 0.364525\n"}
,{"stream_name":"stdout","time":657.271960989,"data":"EDGE_TTA_ACTIVE views= 8 mean_abs_feat_delta= 0.364525\n"}
,{"stream_name":"stdout","time":657.880504091,"data":"EDGE_TTA_ACTIVE views= 8 mean_abs_feat_delta= 0.336552\n"}
,{"stream_name":"stdout","time":658.028853185,"data":"SECONDARY_EDGE_TTA_ACTIVE views= 8 weight= 0.75 mean_abs_feat_delta= 0.235438\n"}
,{"stream_name":"stdout","time":658.082792382,"data":"EDGE_TTA_ACTIVE views= 8 mean_abs_feat_delta= 0.336552\n"}
,{"stream_name":"stdout","time":658.082816614,"data":"SECONDARY_EDGE_TTA_ACTIVE views= 8 weight= 0.75 mean_abs_feat_delta= 0.235438\n"}
,{"stream_name":"stdout","time":658.808553677,"data":"SECONDARY_EDGE_TTA_ACTIVE views= 8 weight= 0.75 mean_abs_feat_delta= 0.249715\n"}
,{"stream_name":"stdout","time":659.011106163,"data":"SECONDARY_EDGE_TTA_ACTIVE views= 8 weight= 0.75 mean_abs_feat_delta= 0.249715\n"}
,{"stream_name":"stdout","time":659.087183333,"data":"EDGE_TTA_ACTIVE views= 8 mean_abs_feat_delta= 0.367055\n"}
,{"stream_name":"stdout","time":659.289830824,"data":"EDGE_TTA_ACTIVE views= 8 mean_abs_feat_delta= 0.367055\n"}
,{"stream_name":"stdout","time":660.05176764,"data":"SECONDARY_EDGE_TTA_ACTIVE views= 8 weight= 0.75 mean_abs_feat_delta= 0.238512\n"}
,{"stream_name":"stdout","time":660.073248731,"data":"EDGE_TTA_ACTIVE views= 8 mean_abs_feat_delta= 0.336751\n"}
,{"stream_name":"stdout","time":660.254415092,"data":"SECONDARY_EDGE_TTA_ACTIVE views= 8 weight= 0.75 mean_abs_feat_delta= 0.238512\n"}
,{"stream_name":"stdout","time":660.254451682,"data":"EDGE_TTA_ACTIVE views= 8 mean_abs_feat_delta= 0.336751\n"}
,{"stream_name":"stdout","time":661.000127961,"data":"SECONDARY_EDGE_TTA_ACTIVE views= 8 weight= 0.75 mean_abs_feat_delta= 0.246366\n"}
,{"stream_name":"stdout","time":661.085678152,"data":"EDGE_TTA_ACTIVE views= 8 mean_abs_feat_delta= 0.351417\n"}
,{"stream_name":"stdout","time":661.202520891,"data":"SECONDARY_EDGE_TTA_ACTIVE views= 8 weight= 0.75 mean_abs_feat_delta= 0.246366\n"}
,{"stream_name":"stdout","time":661.20254308,"data":"EDGE_TTA_ACTIVE views= 8 mean_abs_feat_delta= 0.351417\n"}
,{"stream_name":"stdout","time":662.051658674,"data":"SECONDARY_EDGE_TTA_ACTIVE views= 8 weight= 0.75 mean_abs_feat_delta= 0.246384\n"}
,{"stream_name":"stdout","time":662.254297618,"data":"SECONDARY_EDGE_TTA_ACTIVE views= 8 weight= 0.75 mean_abs_feat_delta= 0.246384\n"}
,{"stream_name":"stdout","time":662.281142561,"data":"EDGE_TTA_ACTIVE views= 8 mean_abs_feat_delta= 0.342229\n"}
,{"stream_name":"stdout","time":662.483327271,"data":"EDGE_TTA_ACTIVE views= 8 mean_abs_feat_delta= 0.342229\n"}
,{"stream_name":"stdout","time":663.105533511,"data":"EDGE_TTA_ACTIVE views= 8 mean_abs_feat_delta= 0.363487\n"}
,{"stream_name":"stdout","time":663.21061841,"data":"SECONDARY_EDGE_TTA_ACTIVE views= 8 weight= 0.75 mean_abs_feat_delta= 0.250553\n"}
,{"stream_name":"stdout","time":663.307867951,"data":"EDGE_TTA_ACTIVE views= 8 mean_abs_feat_delta= 0.363487\n"}
,{"stream_name":"stdout","time":663.307891171,"data":"SECONDARY_EDGE_TTA_ACTIVE views= 8 weight= 0.75 mean_abs_feat_delta= 0.250553\n"}
,{"stream_name":"stdout","time":664.063395038,"data":"SECONDARY_EDGE_TTA_ACTIVE views= 8 weight= 0.75 mean_abs_feat_delta= 0.234938\n"}
,{"stream_name":"stdout","time":664.266109283,"data":"SECONDARY_EDGE_TTA_ACTIVE views= 8 weight= 0.75 mean_abs_feat_delta= 0.234938\n"}
,{"stream_name":"stdout","time":664.434943589,"data":"EDGE_TTA_ACTIVE views= 8 mean_abs_feat_delta= 0.34433\n"}
,{"stream_name":"stdout","time":664.637371652,"data":"EDGE_TTA_ACTIVE views= 8 mean_abs_feat_delta= 0.34433\n"}
,{"stream_name":"stdout","time":665.090984617,"data":"EDGE_TTA_ACTIVE views= 8 mean_abs_feat_delta= 0.361591\n"}
,{"stream_name":"stdout","time":665.293707419,"data":"EDGE_TTA_ACTIVE views= 8 mean_abs_feat_delta= 0.361591\n"}
,{"stream_name":"stdout","time":665.363587186,"data":"SECONDARY_EDGE_TTA_ACTIVE views= 8 weight= 0.75 mean_abs_feat_delta= 0.253052\n"}
,{"stream_name":"stdout","time":665.566234851,"data":"SECONDARY_EDGE_TTA_ACTIVE views= 8 weight= 0.75 mean_abs_feat_delta= 0.253052\n"}
,{"stream_name":"stdout","time":666.050165524,"data":"SECONDARY_EDGE_TTA_ACTIVE views= 8 weight= 0.75 mean_abs_feat_delta= 0.237752\n"}
,{"stream_name":"stdout","time":666.252667231,"data":"SECONDARY_EDGE_TTA_ACTIVE views= 8 weight= 0.75 mean_abs_feat_delta= 0.237752\n"}
,{"stream_name":"stdout","time":666.554809098,"data":"EDGE_TTA_ACTIVE views= 8 mean_abs_feat_delta= 0.338919\n"}
,{"stream_name":"stdout","time":666.757287877,"data":"EDGE_TTA_ACTIVE views= 8 mean_abs_feat_delta= 0.338919\n"}
,{"stream_name":"stdout","time":667.074926531,"data":"EDGE_TTA_ACTIVE views= 8 mean_abs_feat_delta= 0.35878\n"}
,{"stream_name":"stdout","time":667.277355225,"data":"EDGE_TTA_ACTIVE views= 8 mean_abs_feat_delta= 0.35878\n"}
,{"stream_name":"stdout","time":667.482975822,"data":"SECONDARY_EDGE_TTA_ACTIVE views= 8 weight= 0.75 mean_abs_feat_delta= 0.249056\n"}
,{"stream_name":"stdout","time":667.685214772,"data":"SECONDARY_EDGE_TTA_ACTIVE views= 8 weight= 0.75 mean_abs_feat_delta= 0.249056\n"}
,{"stream_name":"stdout","time":668.033813418,"data":"SECONDARY_EDGE_TTA_ACTIVE views= 8 weight= 0.75 mean_abs_feat_delta= 0.23573\n"}
,{"stream_name":"stdout","time":668.236340458,"data":"SECONDARY_EDGE_TTA_ACTIVE views= 8 weight= 0.75 mean_abs_feat_delta= 0.23573\n"}
,{"stream_name":"stdout","time":668.684681838,"data":"EDGE_TTA_ACTIVE views= 8 mean_abs_feat_delta= 0.334467\n"}
,{"stream_name":"stdout","time":668.887070469,"data":"EDGE_TTA_ACTIVE views= 8 mean_abs_feat_delta= 0.334467\n"}
,{"stream_name":"stdout","time":669.0872544,"data":"EDGE_TTA_ACTIVE views= 8 mean_abs_feat_delta= 0.361252\n"}
,{"stream_name":"stdout","time":669.289557862,"data":"EDGE_TTA_ACTIVE views= 8 mean_abs_feat_delta= 0.361252\n"}
,{"stream_name":"stdout","time":669.6107648,"data":"SECONDARY_EDGE_TTA_ACTIVE views= 8 weight= 0.75 mean_abs_feat_delta= 0.249429\n"}
,{"stream_name":"stdout","time":669.813711715,"data":"SECONDARY_EDGE_TTA_ACTIVE views= 8 weight= 0.75 mean_abs_feat_delta= 0.249429\n"}
,{"stream_name":"stdout","time":670.053856222,"data":"SECONDARY_EDGE_TTA_ACTIVE views= 8 weight= 0.75 mean_abs_feat_delta= 0.235636\n"}
,{"stream_name":"stdout","time":670.256442889,"data":"SECONDARY_EDGE_TTA_ACTIVE views= 8 weight= 0.75 mean_abs_feat_delta= 0.235636\n"}
,{"stream_name":"stdout","time":670.834391956,"data":"EDGE_TTA_ACTIVE views= 8 mean_abs_feat_delta= 0.334048\n"}
,{"stream_name":"stdout","time":671.036784465,"data":"EDGE_TTA_ACTIVE views= 8 mean_abs_feat_delta= 0.334048\n"}
,{"stream_name":"stdout","time":671.081889628,"data":"EDGE_TTA_ACTIVE views= 8 mean_abs_feat_delta= 0.357825\n"}
,{"stream_name":"stdout","time":671.28441624,"data":"EDGE_TTA_ACTIVE views= 8 mean_abs_feat_delta= 0.357825\n"}
,{"stream_name":"stdout","time":671.760945016,"data":"SECONDARY_EDGE_TTA_ACTIVE views= 8 weight= 0.75 mean_abs_feat_delta= 0.246018\n"}
,{"stream_name":"stdout","time":671.963328114,"data":"SECONDARY_EDGE_TTA_ACTIVE views= 8 weight= 0.75 mean_abs_feat_delta= 0.246018\n"}
,{"stream_name":"stdout","time":672.041868734,"data":"SECONDARY_EDGE_TTA_ACTIVE views= 8 weight= 0.75 mean_abs_feat_delta= 0.23299\n"}
,{"stream_name":"stdout","time":672.244176267,"data":"SECONDARY_EDGE_TTA_ACTIVE views= 8 weight= 0.75 mean_abs_feat_delta= 0.23299\n"}
,{"stream_name":"stdout","time":673.013120725,"data":"EDGE_TTA_ACTIVE views= 8 mean_abs_feat_delta= 0.334845\n"}
,{"stream_name":"stdout","time":673.07440184,"data":"EDGE_TTA_ACTIVE views= 8 mean_abs_feat_delta= 0.356818\n"}
,{"stream_name":"stdout","time":673.21556195,"data":"EDGE_TTA_ACTIVE views= 8 mean_abs_feat_delta= 0.334845\n"}
,{"stream_name":"stdout","time":673.215587178,"data":"EDGE_TTA_ACTIVE views= 8 mean_abs_feat_delta= 0.356818\n"}
,{"stream_name":"stdout","time":673.940671421,"data":"SECONDARY_EDGE_TTA_ACTIVE views= 8 weight= 0.75 mean_abs_feat_delta= 0.244333\n"}
,{"stream_name":"stdout","time":674.040454692,"data":"SECONDARY_EDGE_TTA_ACTIVE views= 8 weight= 0.75 mean_abs_feat_delta= 0.232458\n"}
,{"stream_name":"stdout","time":674.143070902,"data":"SECONDARY_EDGE_TTA_ACTIVE views= 8 weight= 0.75 mean_abs_feat_delta= 0.244333\n"}
,{"stream_name":"stdout","time":674.143130499,"data":"SECONDARY_EDGE_TTA_ACTIVE views= 8 weight= 0.75 mean_abs_feat_delta= 0.232458\n"}
,{"stream_name":"stdout","time":675.069159495,"data":"EDGE_TTA_ACTIVE views= 8 mean_abs_feat_delta= 0.358323\n"}
,{"stream_name":"stdout","time":675.147789541,"data":"EDGE_TTA_ACTIVE views= 8 mean_abs_feat_delta= 0.334767\n"}
,{"stream_name":"stdout","time":675.271587001,"data":"EDGE_TTA_ACTIVE views= 8 mean_abs_feat_delta= 0.358323\n"}
,{"stream_name":"stdout","time":675.271616131,"data":"EDGE_TTA_ACTIVE views= 8 mean_abs_feat_delta= 0.334767\n"}
,{"stream_name":"stdout","time":676.034757306,"data":"SECONDARY_EDGE_TTA_ACTIVE views= 8 weight= 0.75 mean_abs_feat_delta= 0.232166\n"}
,{"stream_name":"stdout","time":676.077633621,"data":"SECONDARY_EDGE_TTA_ACTIVE views= 8 weight= 0.75 mean_abs_feat_delta= 0.248241\n"}
,{"stream_name":"stdout","time":676.237458748,"data":"SECONDARY_EDGE_TTA_ACTIVE views= 8 weight= 0.75 mean_abs_feat_delta= 0.232166\n"}
,{"stream_name":"stdout","time":676.237517664,"data":"SECONDARY_EDGE_TTA_ACTIVE views= 8 weight= 0.75 mean_abs_feat_delta= 0.248241\n"}
,{"stream_name":"stdout","time":677.067436436,"data":"EDGE_TTA_ACTIVE views= 8 mean_abs_feat_delta= 0.352135\n"}
,{"stream_name":"stdout","time":677.269881232,"data":"EDGE_TTA_ACTIVE views= 8 mean_abs_feat_delta= 0.352135\n"}
,{"stream_name":"stdout","time":677.27956236,"data":"EDGE_TTA_ACTIVE views= 8 mean_abs_feat_delta= 0.330452\n"}
,{"stream_name":"stdout","time":677.481857817,"data":"EDGE_TTA_ACTIVE views= 8 mean_abs_feat_delta= 0.330452\n"}
,{"stream_name":"stdout","time":678.03376244,"data":"SECONDARY_EDGE_TTA_ACTIVE views= 8 weight= 0.75 mean_abs_feat_delta= 0.232609\n"}
,{"stream_name":"stdout","time":678.207187787,"data":"SECONDARY_EDGE_TTA_ACTIVE views= 8 weight= 0.75 mean_abs_feat_delta= 0.239474\n"}
,{"stream_name":"stdout","time":678.236377498,"data":"SECONDARY_EDGE_TTA_ACTIVE views= 8 weight= 0.75 mean_abs_feat_delta= 0.232609\n"}
,{"stream_name":"stdout","time":678.236403639,"data":"SECONDARY_EDGE_TTA_ACTIVE views= 8 weight= 0.75 mean_abs_feat_delta= 0.239474\n"}
,{"stream_name":"stdout","time":679.094043654,"data":"EDGE_TTA_ACTIVE views= 8 mean_abs_feat_delta= 0.351911\n"}
,{"stream_name":"stdout","time":679.296764095,"data":"EDGE_TTA_ACTIVE views= 8 mean_abs_feat_delta= 0.351911\n"}
,{"stream_name":"stdout","time":679.398313217,"data":"EDGE_TTA_ACTIVE views= 8 mean_abs_feat_delta= 0.33197\n"}
,{"stream_name":"stdout","time":679.600809653,"data":"EDGE_TTA_ACTIVE views= 8 mean_abs_feat_delta= 0.33197\n"}
,{"stream_name":"stdout","time":680.06427995,"data":"SECONDARY_EDGE_TTA_ACTIVE views= 8 weight= 0.75 mean_abs_feat_delta= 0.232939\n"}
,{"stream_name":"stdout","time":680.266787101,"data":"SECONDARY_EDGE_TTA_ACTIVE views= 8 weight= 0.75 mean_abs_feat_delta= 0.232939\n"}
,{"stream_name":"stdout","time":680.332003816,"data":"SECONDARY_EDGE_TTA_ACTIVE views= 8 weight= 0.75 mean_abs_feat_delta= 0.247447\n"}
,{"stream_name":"stdout","time":680.53458905,"data":"SECONDARY_EDGE_TTA_ACTIVE views= 8 weight= 0.75 mean_abs_feat_delta= 0.247447\n"}
,{"stream_name":"stdout","time":681.108067625,"data":"EDGE_TTA_ACTIVE views= 8 mean_abs_feat_delta= 0.356519\n"}
,{"stream_name":"stdout","time":681.310880143,"data":"EDGE_TTA_ACTIVE views= 8 mean_abs_feat_delta= 0.356519\n"}
,{"stream_name":"stdout","time":681.529868731,"data":"EDGE_TTA_ACTIVE views= 8 mean_abs_feat_delta= 0.33369\n"}
,{"stream_name":"stdout","time":681.73251793,"data":"EDGE_TTA_ACTIVE views= 8 mean_abs_feat_delta= 0.33369\n"}
,{"stream_name":"stdout","time":682.072309551,"data":"SECONDARY_EDGE_TTA_ACTIVE views= 8 weight= 0.75 mean_abs_feat_delta= 0.231872\n"}
,{"stream_name":"stdout","time":682.274694223,"data":"SECONDARY_EDGE_TTA_ACTIVE views= 8 weight= 0.75 mean_abs_feat_delta= 0.231872\n"}
,{"stream_name":"stdout","time":682.458232026,"data":"SECONDARY_EDGE_TTA_ACTIVE views= 8 weight= 0.75 mean_abs_feat_delta= 0.242876\n"}
,{"stream_name":"stdout","time":682.660654823,"data":"SECONDARY_EDGE_TTA_ACTIVE views= 8 weight= 0.75 mean_abs_feat_delta= 0.242876\n"}
,{"stream_name":"stdout","time":683.137601855,"data":"EDGE_TTA_ACTIVE views= 8 mean_abs_feat_delta= 0.353385\n"}
,{"stream_name":"stdout","time":683.387650622,"data":"EDGE_TTA_ACTIVE views= 8 mean_abs_feat_delta= 0.353385\n"}
,{"stream_name":"stdout","time":683.65323616,"data":"EDGE_TTA_ACTIVE views= 8 mean_abs_feat_delta= 0.335249\n"}
,{"stream_name":"stdout","time":683.855883481,"data":"EDGE_TTA_ACTIVE views= 8 mean_abs_feat_delta= 0.335249\n"}
,{"stream_name":"stdout","time":684.101118551,"data":"SECONDARY_EDGE_TTA_ACTIVE views= 8 weight= 0.75 mean_abs_feat_delta= 0.232685\n"}
,{"stream_name":"stdout","time":684.303581824,"data":"SECONDARY_EDGE_TTA_ACTIVE views= 8 weight= 0.75 mean_abs_feat_delta= 0.232685\n"}
,{"stream_name":"stdout","time":684.584275656,"data":"SECONDARY_EDGE_TTA_ACTIVE views= 8 weight= 0.75 mean_abs_feat_delta= 0.249719\n"}
,{"stream_name":"stdout","time":684.786781783,"data":"SECONDARY_EDGE_TTA_ACTIVE views= 8 weight= 0.75 mean_abs_feat_delta= 0.249719\n"}
,{"stream_name":"stdout","time":685.139426837,"data":"EDGE_TTA_ACTIVE views= 8 mean_abs_feat_delta= 0.351229\n"}
,{"stream_name":"stdout","time":685.342110404,"data":"EDGE_TTA_ACTIVE views= 8 mean_abs_feat_delta= 0.351229\n"}
,{"stream_name":"stdout","time":685.821807678,"data":"EDGE_TTA_ACTIVE views= 8 mean_abs_feat_delta= 0.33665\n"}
,{"stream_name":"stdout","time":686.024330744,"data":"EDGE_TTA_ACTIVE views= 8 mean_abs_feat_delta= 0.33665\n"}
,{"stream_name":"stdout","time":686.105218833,"data":"SECONDARY_EDGE_TTA_ACTIVE views= 8 weight= 0.75 mean_abs_feat_delta= 0.233018\n"}
,{"stream_name":"stdout","time":686.307780242,"data":"SECONDARY_EDGE_TTA_ACTIVE views= 8 weight= 0.75 mean_abs_feat_delta= 0.233018\n"}
,{"stream_name":"stdout","time":686.754291752,"data":"SECONDARY_EDGE_TTA_ACTIVE views= 8 weight= 0.75 mean_abs_feat_delta= 0.250474\n"}
,{"stream_name":"stdout","time":686.956772187,"data":"SECONDARY_EDGE_TTA_ACTIVE views= 8 weight= 0.75 mean_abs_feat_delta= 0.250474\n"}
,{"stream_name":"stdout","time":687.163917596,"data":"EDGE_TTA_ACTIVE views= 8 mean_abs_feat_delta= 0.350705\n"}
,{"stream_name":"stdout","time":687.36608225,"data":"EDGE_TTA_ACTIVE views= 8 mean_abs_feat_delta= 0.350705\n"}
,{"stream_name":"stdout","time":687.970202675,"data":"EDGE_TTA_ACTIVE views= 8 mean_abs_feat_delta= 0.338336\n"}
,{"stream_name":"stdout","time":688.131640567,"data":"SECONDARY_EDGE_TTA_ACTIVE views= 8 weight= 0.75 mean_abs_feat_delta= 0.234885\n"}
,{"stream_name":"stdout","time":688.172566574,"data":"EDGE_TTA_ACTIVE views= 8 mean_abs_feat_delta= 0.338336\n"}
,{"stream_name":"stdout","time":688.172591572,"data":"SECONDARY_EDGE_TTA_ACTIVE views= 8 weight= 0.75 mean_abs_feat_delta= 0.234885\n"}
,{"stream_name":"stdout","time":688.903552633,"data":"SECONDARY_EDGE_TTA_ACTIVE views= 8 weight= 0.75 mean_abs_feat_delta= 0.243806\n"}
,{"stream_name":"stdout","time":689.106043774,"data":"SECONDARY_EDGE_TTA_ACTIVE views= 8 weight= 0.75 mean_abs_feat_delta= 0.243806\n"}
,{"stream_name":"stdout","time":689.200397473,"data":"EDGE_TTA_ACTIVE views= 8 mean_abs_feat_delta= 0.353278\n"}
,{"stream_name":"stdout","time":689.402827165,"data":"EDGE_TTA_ACTIVE views= 8 mean_abs_feat_delta= 0.353278\n"}
,{"stream_name":"stdout","time":690.118269598,"data":"EDGE_TTA_ACTIVE views= 8 mean_abs_feat_delta= 0.337788\n"}
,{"stream_name":"stdout","time":690.171847458,"data":"SECONDARY_EDGE_TTA_ACTIVE views= 8 weight= 0.75 mean_abs_feat_delta= 0.232744\n"}
,{"stream_name":"stdout","time":690.320485311,"data":"EDGE_TTA_ACTIVE views= 8 mean_abs_feat_delta= 0.337788\n"}
,{"stream_name":"stdout","time":690.320519521,"data":"SECONDARY_EDGE_TTA_ACTIVE views= 8 weight= 0.75 mean_abs_feat_delta= 0.232744\n"}
,{"stream_name":"stdout","time":691.050548851,"data":"SECONDARY_EDGE_TTA_ACTIVE views= 8 weight= 0.75 mean_abs_feat_delta= 0.245508\n"}
,{"stream_name":"stdout","time":691.253050246,"data":"SECONDARY_EDGE_TTA_ACTIVE views= 8 weight= 0.75 mean_abs_feat_delta= 0.245508\n"}
,{"stream_name":"stdout","time":691.269112536,"data":"EDGE_TTA_ACTIVE views= 8 mean_abs_feat_delta= 0.358064\n"}
,{"stream_name":"stdout","time":691.47194229,"data":"EDGE_TTA_ACTIVE views= 8 mean_abs_feat_delta= 0.358064\n"}
,{"stream_name":"stdout","time":692.241375631,"data":"SECONDARY_EDGE_TTA_ACTIVE views= 8 weight= 0.75 mean_abs_feat_delta= 0.229484\n"}
,{"stream_name":"stdout","time":692.274188678,"data":"EDGE_TTA_ACTIVE views= 8 mean_abs_feat_delta= 0.325091\n"}
,{"stream_name":"stdout","time":692.443774792,"data":"SECONDARY_EDGE_TTA_ACTIVE views= 8 weight= 0.75 mean_abs_feat_delta= 0.229484\n"}
,{"stream_name":"stdout","time":692.443807105,"data":"EDGE_TTA_ACTIVE views= 8 mean_abs_feat_delta= 0.325091\n"}
,{"stream_name":"stdout","time":693.206956249,"data":"SECONDARY_EDGE_TTA_ACTIVE views= 8 weight= 0.75 mean_abs_feat_delta= 0.241957\n"}
,{"stream_name":"stdout","time":693.297842701,"data":"EDGE_TTA_ACTIVE views= 8 mean_abs_feat_delta= 0.35946\n"}
,{"stream_name":"stdout","time":693.409461885,"data":"SECONDARY_EDGE_TTA_ACTIVE views= 8 weight= 0.75 mean_abs_feat_delta= 0.241957\n"}
,{"stream_name":"stdout","time":693.409507345,"data":"EDGE_TTA_ACTIVE views= 8 mean_abs_feat_delta= 0.35946\n"}
,{"stream_name":"stdout","time":694.266387106,"data":"SECONDARY_EDGE_TTA_ACTIVE views= 8 weight= 0.75 mean_abs_feat_delta= 0.231302\n"}
,{"stream_name":"stdout","time":694.419588537,"data":"EDGE_TTA_ACTIVE views= 8 mean_abs_feat_delta= 0.32712\n"}
,{"stream_name":"stdout","time":694.469028061,"data":"SECONDARY_EDGE_TTA_ACTIVE views= 8 weight= 0.75 mean_abs_feat_delta= 0.231302\n"}
,{"stream_name":"stdout","time":694.469085266,"data":"EDGE_TTA_ACTIVE views= 8 mean_abs_feat_delta= 0.32712\n"}
,{"stream_name":"stdout","time":695.318207217,"data":"EDGE_TTA_ACTIVE views= 8 mean_abs_feat_delta= 0.357537\n"}
,{"stream_name":"stdout","time":695.350768967,"data":"SECONDARY_EDGE_TTA_ACTIVE views= 8 weight= 0.75 mean_abs_feat_delta= 0.252361\n"}
,{"stream_name":"stdout","time":695.520873378,"data":"EDGE_TTA_ACTIVE views= 8 mean_abs_feat_delta= 0.357537\n"}
,{"stream_name":"stdout","time":695.520908238,"data":"SECONDARY_EDGE_TTA_ACTIVE views= 8 weight= 0.75 mean_abs_feat_delta= 0.252361\n"}
,{"stream_name":"stdout","time":696.289469546,"data":"SECONDARY_EDGE_TTA_ACTIVE views= 8 weight= 0.75 mean_abs_feat_delta= 0.233885\n"}
,{"stream_name":"stdout","time":696.492047847,"data":"SECONDARY_EDGE_TTA_ACTIVE views= 8 weight= 0.75 mean_abs_feat_delta= 0.233885\n"}
,{"stream_name":"stdout","time":696.563093844,"data":"EDGE_TTA_ACTIVE views= 8 mean_abs_feat_delta= 0.323213\n"}
,{"stream_name":"stdout","time":696.765496216,"data":"EDGE_TTA_ACTIVE views= 8 mean_abs_feat_delta= 0.323213\n"}
,{"stream_name":"stdout","time":697.323266508,"data":"EDGE_TTA_ACTIVE views= 8 mean_abs_feat_delta= 0.357561\n"}
,{"stream_name":"stdout","time":697.491934487,"data":"SECONDARY_EDGE_TTA_ACTIVE views= 8 weight= 0.75 mean_abs_feat_delta= 0.245152\n"}
,{"stream_name":"stdout","time":697.525828927,"data":"EDGE_TTA_ACTIVE views= 8 mean_abs_feat_delta= 0.357561\n"}
,{"stream_name":"stdout","time":697.525864917,"data":"SECONDARY_EDGE_TTA_ACTIVE views= 8 weight= 0.75 mean_abs_feat_delta= 0.245152\n"}
,{"stream_name":"stdout","time":698.294068048,"data":"SECONDARY_EDGE_TTA_ACTIVE views= 8 weight= 0.75 mean_abs_feat_delta= 0.235923\n"}
,{"stream_name":"stdout","time":698.496324623,"data":"SECONDARY_EDGE_TTA_ACTIVE views= 8 weight= 0.75 mean_abs_feat_delta= 0.235923\n"}
,{"stream_name":"stdout","time":698.712923462,"data":"EDGE_TTA_ACTIVE views= 8 mean_abs_feat_delta= 0.321976\n"}
,{"stream_name":"stdout","time":698.915405928,"data":"EDGE_TTA_ACTIVE views= 8 mean_abs_feat_delta= 0.321976\n"}
,{"stream_name":"stdout","time":699.341618894,"data":"EDGE_TTA_ACTIVE views= 8 mean_abs_feat_delta= 0.356691\n"}
,{"stream_name":"stdout","time":699.544118859,"data":"EDGE_TTA_ACTIVE views= 8 mean_abs_feat_delta= 0.356691\n"}
,{"stream_name":"stdout","time":699.644444316,"data":"SECONDARY_EDGE_TTA_ACTIVE views= 8 weight= 0.75 mean_abs_feat_delta= 0.249767\n"}
,{"stream_name":"stdout","time":699.846937174,"data":"SECONDARY_EDGE_TTA_ACTIVE views= 8 weight= 0.75 mean_abs_feat_delta= 0.249767\n"}
,{"stream_name":"stdout","time":700.3124012,"data":"SECONDARY_EDGE_TTA_ACTIVE views= 8 weight= 0.75 mean_abs_feat_delta= 0.236514\n"}
,{"stream_name":"stdout","time":700.514858639,"data":"SECONDARY_EDGE_TTA_ACTIVE views= 8 weight= 0.75 mean_abs_feat_delta= 0.236514\n"}
,{"stream_name":"stdout","time":700.84215172,"data":"EDGE_TTA_ACTIVE views= 8 mean_abs_feat_delta= 0.323768\n"}
,{"stream_name":"stdout","time":701.044532138,"data":"EDGE_TTA_ACTIVE views= 8 mean_abs_feat_delta= 0.323768\n"}
,{"stream_name":"stdout","time":701.347195659,"data":"EDGE_TTA_ACTIVE views= 8 mean_abs_feat_delta= 0.360713\n"}
,{"stream_name":"stdout","time":701.54967008,"data":"EDGE_TTA_ACTIVE views= 8 mean_abs_feat_delta= 0.360713\n"}
,{"stream_name":"stdout","time":701.771947355,"data":"SECONDARY_EDGE_TTA_ACTIVE views= 8 weight= 0.75 mean_abs_feat_delta= 0.251085\n"}
,{"stream_name":"stdout","time":701.974415512,"data":"SECONDARY_EDGE_TTA_ACTIVE views= 8 weight= 0.75 mean_abs_feat_delta= 0.251085\n"}
,{"stream_name":"stdout","time":702.312212051,"data":"SECONDARY_EDGE_TTA_ACTIVE views= 8 weight= 0.75 mean_abs_feat_delta= 0.236886\n"}
,{"stream_name":"stdout","time":702.51451966,"data":"SECONDARY_EDGE_TTA_ACTIVE views= 8 weight= 0.75 mean_abs_feat_delta= 0.236886\n"}
,{"stream_name":"stdout","time":702.947887801,"data":"EDGE_TTA_ACTIVE views= 8 mean_abs_feat_delta= 0.324838\n"}
,{"stream_name":"stdout","time":703.150177341,"data":"EDGE_TTA_ACTIVE views= 8 mean_abs_feat_delta= 0.324838\n"}
,{"stream_name":"stdout","time":703.357750256,"data":"EDGE_TTA_ACTIVE views= 8 mean_abs_feat_delta= 0.361191\n"}
,{"stream_name":"stdout","time":703.560203058,"data":"EDGE_TTA_ACTIVE views= 8 mean_abs_feat_delta= 0.361191\n"}
,{"stream_name":"stdout","time":703.881049477,"data":"SECONDARY_EDGE_TTA_ACTIVE views= 8 weight= 0.75 mean_abs_feat_delta= 0.239244\n"}
,{"stream_name":"stdout","time":704.083361819,"data":"SECONDARY_EDGE_TTA_ACTIVE views= 8 weight= 0.75 mean_abs_feat_delta= 0.239244\n"}
,{"stream_name":"stdout","time":704.329158042,"data":"SECONDARY_EDGE_TTA_ACTIVE views= 8 weight= 0.75 mean_abs_feat_delta= 0.236659\n"}
,{"stream_name":"stdout","time":704.531874633,"data":"SECONDARY_EDGE_TTA_ACTIVE views= 8 weight= 0.75 mean_abs_feat_delta= 0.236659\n"}
,{"stream_name":"stdout","time":705.110255526,"data":"EDGE_TTA_ACTIVE views= 8 mean_abs_feat_delta= 0.323094\n"}
,{"stream_name":"stdout","time":705.312838513,"data":"EDGE_TTA_ACTIVE views= 8 mean_abs_feat_delta= 0.323094\n"}
,{"stream_name":"stdout","time":705.3682872,"data":"EDGE_TTA_ACTIVE views= 8 mean_abs_feat_delta= 0.363957\n"}
,{"stream_name":"stdout","time":705.570687371,"data":"EDGE_TTA_ACTIVE views= 8 mean_abs_feat_delta= 0.363957\n"}
,{"stream_name":"stdout","time":706.043458682,"data":"SECONDARY_EDGE_TTA_ACTIVE views= 8 weight= 0.75 mean_abs_feat_delta= 0.247015\n"}
,{"stream_name":"stdout","time":706.245927167,"data":"SECONDARY_EDGE_TTA_ACTIVE views= 8 weight= 0.75 mean_abs_feat_delta= 0.247015\n"}
,{"stream_name":"stdout","time":706.338946784,"data":"SECONDARY_EDGE_TTA_ACTIVE views= 8 weight= 0.75 mean_abs_feat_delta= 0.238038\n"}
,{"stream_name":"stdout","time":706.541493658,"data":"SECONDARY_EDGE_TTA_ACTIVE views= 8 weight= 0.75 mean_abs_feat_delta= 0.238038\n"}
,{"stream_name":"stdout","time":707.284894798,"data":"EDGE_TTA_ACTIVE views= 8 mean_abs_feat_delta= 0.322603\n"}
,{"stream_name":"stdout","time":707.487665232,"data":"EDGE_TTA_ACTIVE views= 8 mean_abs_feat_delta= 0.322603\n"}
,{"stream_name":"stdout","time":708.21713305,"data":"SECONDARY_EDGE_TTA_ACTIVE views= 8 weight= 0.75 mean_abs_feat_delta= 0.251849\n"}
,{"stream_name":"stdout","time":708.421843411,"data":"SECONDARY_EDGE_TTA_ACTIVE views= 8 weight= 0.75 mean_abs_feat_delta= 0.251849\n"}
,{"stream_name":"stdout","time":709.489696455,"data":"EDGE_TTA_ACTIVE views= 8 mean_abs_feat_delta= 0.325152\n"}
,{"stream_name":"stdout","time":709.692364913,"data":"EDGE_TTA_ACTIVE views= 8 mean_abs_feat_delta= 0.325152\n"}
,{"stream_name":"stdout","time":710.424060464,"data":"SECONDARY_EDGE_TTA_ACTIVE views= 8 weight= 0.75 mean_abs_feat_delta= 0.251093\n"}
,{"stream_name":"stdout","time":710.626695291,"data":"SECONDARY_EDGE_TTA_ACTIVE views= 8 weight= 0.75 mean_abs_feat_delta= 0.251093\n"}
,{"stream_name":"stdout","time":711.433317672,"data":"Saved 2 predictions to /kaggle/working/tracking_repo/predictions/unknown/unet_transformer_gpu0/split_0\n"}
,{"stream_name":"stdout","time":711.621549275,"data":"EDGE_TTA_ACTIVE views= 8 mean_abs_feat_delta= 0.328347\n"}
,{"stream_name":"stdout","time":711.636320326,"data":"Saved 2 predictions to /kaggle/working/tracking_repo/predictions/unknown/unet_transformer_gpu0/split_0\n"}
,{"stream_name":"stdout","time":711.636381181,"data":"EDGE_TTA_ACTIVE views= 8 mean_abs_feat_delta= 0.328347\n"}
,{"stream_name":"stdout","time":712.55295513,"data":"SECONDARY_EDGE_TTA_ACTIVE views= 8 weight= 0.75 mean_abs_feat_delta= 0.244661\n"}
,{"stream_name":"stdout","time":712.755586701,"data":"SECONDARY_EDGE_TTA_ACTIVE views= 8 weight= 0.75 mean_abs_feat_delta= 0.244661\n"}
,{"stream_name":"stdout","time":713.746515592,"data":"EDGE_TTA_ACTIVE views= 8 mean_abs_feat_delta= 0.328262\n"}
,{"stream_name":"stdout","time":713.986949565,"data":"EDGE_TTA_ACTIVE views= 8 mean_abs_feat_delta= 0.328262\n"}
,{"stream_name":"stdout","time":714.67893909,"data":"SECONDARY_EDGE_TTA_ACTIVE views= 8 weight= 0.75 mean_abs_feat_delta= 0.243635\n"}
,{"stream_name":"stdout","time":714.88121644,"data":"SECONDARY_EDGE_TTA_ACTIVE views= 8 weight= 0.75 mean_abs_feat_delta= 0.243635\n"}
,{"stream_name":"stdout","time":715.88564925,"data":"EDGE_TTA_ACTIVE views= 8 mean_abs_feat_delta= 0.327618\n"}
,{"stream_name":"stdout","time":716.087641612,"data":"EDGE_TTA_ACTIVE views= 8 mean_abs_feat_delta= 0.327618\n"}
,{"stream_name":"stdout","time":716.820438021,"data":"SECONDARY_EDGE_TTA_ACTIVE views= 8 weight= 0.75 mean_abs_feat_delta= 0.248058\n"}
,{"stream_name":"stdout","time":717.023193606,"data":"SECONDARY_EDGE_TTA_ACTIVE views= 8 weight= 0.75 mean_abs_feat_delta= 0.248058\n"}
,{"stream_name":"stdout","time":798.915567746,"data":"Saved 2 predictions to /kaggle/working/tracking_repo/predictions/unknown/unet_transformer_gpu1/split_0\n"}
,{"stream_name":"stdout","time":799.152067839,"data":"Saved 2 predictions to /kaggle/working/tracking_repo/predictions/unknown/unet_transformer_gpu1/split_0\n"}
,{"stream_name":"stdout","time":800.968843723,"data":"Merged 4 prediction graphs into /kaggle/working/tracking_repo/predictions/unknown/unet_transformer/split_0\n"}
,{"stream_name":"stdout","time":800.968871025,"data":"Prediction completed in 8.77 minutes\n"}
,{"stream_name":"stdout","time":1028.386105762,"data":"Trying DeepCenter add-only gate checkpoint: /kaggle/input/datasets/pilkwang/biohub-deepcenter-unet3d-center-prior-v1/weights/full_frame_center/best.pt\n"}
,{"stream_name":"stdout","time":1028.833205996,"data":"Loaded DeepCenter add-only gate checkpoint: /kaggle/input/datasets/pilkwang/biohub-deepcenter-unet3d-center-prior-v1/weights/full_frame_center/best.pt\n"}
,{"stream_name":"stdout","time":1028.833248309,"data":"DeepCenter checkpoint epoch: 2 best_score: -0.04500306242456039\n"}
,{"stream_name":"stdout","time":1028.833253087,"data":"Found 4 prediction graphs\n"}
,{"stream_name":"stdout","time":1029.085351816,"data":"  [44b6_0113de3b] DENSITY_ADAPTIVE: 258.2 nodes/frame -\u003e middle (tight=6.5 relaxed=9.0 velocity=0.0 bonus=6.0)\n"}
,{"stream_name":"stdout","time":1049.324759267,"data":"  [44b6_0113de3b] after edge-filter+motion-relink: 25822 nodes, 24910 edges\n"}
,{"stream_name":"stdout","time":1050.03263785,"data":"DEEPCENTER_TTA_ACTIVE views= 8 mean_abs_logit_delta= 0.135698\n"}
,{"stream_name":"stdout","time":1052.620280164,"data":"  [44b6_0113de3b] after gap-closing (single-frame + gap2): 25893 nodes, 25041 edges\n"}
,{"stream_name":"stdout","time":1075.967828001,"data":"  [44b6_0113de3b] after safe-division repair: 25893 nodes, 25085 edges (geometric_candidates=173, deepcenter_rejected=119, post_veto_candidates=54, added=44, cap_skipped=0, mutual_nn_rejected=72, divergence_rejected=554)\n"}
,{"stream_name":"stdout","time":1075.967916004,"data":"  [44b6_0113de3b] after division-geometry-filter+prune-isolated: 25888 nodes, 25085 edges\n"}
,{"stream_name":"stdout","time":1075.967925389,"data":"  [44b6_0113de3b] after short-track filtering: 25609 nodes, 24872 edges (components_removed=66)\n"}
,{"stream_name":"stdout","time":1080.867646999,"data":"  [44b6_0113de3b] FINAL: 25609 nodes, 24872 edges\n"}
,{"stream_name":"stdout","time":1097.187993108,"data":"  [44b6_0113de3b] D4R recovery: +23 nodes +75 edges from 21/21 components (budget 120) image_gate=True rejected=16\n"}
,{"stream_name":"stdout","time":1097.827033719,"data":"  [44b6_0b24845f] DENSITY_ADAPTIVE: 224.9 nodes/frame -\u003e middle (tight=6.5 relaxed=9.0 velocity=0.0 bonus=6.0)\n"}
,{"stream_name":"stdout","time":1113.601179329,"data":"  [44b6_0b24845f] after edge-filter+motion-relink: 22491 nodes, 20326 edges\n"}
,{"stream_name":"stdout","time":1130.966681188,"data":"  [44b6_0b24845f] after gap-closing (single-frame + gap2): 22898 nodes, 21064 edges\n"}
,{"stream_name":"stdout","time":1157.258441121,"data":"  [44b6_0b24845f] after safe-division repair: 22898 nodes, 21076 edges (geometric_candidates=227, deepcenter_rejected=214, post_veto_candidates=13, added=12, cap_skipped=0, mutual_nn_rejected=53, divergence_rejected=929)\n"}
,{"stream_name":"stdout","time":1157.258488389,"data":"  [44b6_0b24845f] after division-geometry-filter+prune-isolated: 22888 nodes, 21076 edges\n"}
,{"stream_name":"stdout","time":1157.258496165,"data":"  [44b6_0b24845f] after short-track filtering: 20699 nodes, 19386 edges (components_removed=499)\n"}
,{"stream_name":"stdout","time":1161.281521884,"data":"  [44b6_0b24845f] FINAL: 20699 nodes, 19386 edges\n"}
,{"stream_name":"stdout","time":1172.517806881,"data":"  [44b6_0b24845f] D4R recovery: +0 nodes +90 edges from 27/72 components (budget 120) image_gate=True rejected=27\n"}
,{"stream_name":"stdout","time":1172.93143353,"data":"  [6bba_05b6850b] DENSITY_ADAPTIVE: 63.0 nodes/frame -\u003e low (tight=7.25 relaxed=11.0 velocity=0.5 bonus=3.0)\n"}
,{"stream_name":"stdout","time":1174.376299893,"data":"  [6bba_05b6850b] after edge-filter+motion-relink: 6305 nodes, 6049 edges\n"}
,{"stream_name":"stdout","time":1175.369465195,"data":"  [6bba_05b6850b] after gap-closing (single-frame + gap2): 6334 nodes, 6102 edges\n"}
,{"stream_name":"stdout","time":1181.198347298,"data":"  [6bba_05b6850b] after safe-division repair: 6334 nodes, 6111 edges (geometric_candidates=20, deepcenter_rejected=11, post_veto_candidates=9, added=9, cap_skipped=0, mutual_nn_rejected=5, divergence_rejected=77)\n"}
,{"stream_name":"stdout","time":1181.198377338,"data":"  [6bba_05b6850b] after division-geometry-filter+prune-isolated: 6334 nodes, 6111 edges\n"}
,{"stream_name":"stdout","time":1181.198384002,"data":"  [6bba_05b6850b] after short-track filtering: 6170 nodes, 5984 edges (components_removed=37)\n"}
,{"stream_name":"stdout","time":1182.366748058,"data":"  [6bba_05b6850b] FINAL: 6170 nodes, 5984 edges\n"}
,{"stream_name":"stdout","time":1188.909979827,"data":"  [6bba_05b6850b] D4R recovery: +19 nodes +18 edges from 5/5 components (budget 76) image_gate=True rejected=1\n"}
,{"stream_name":"stdout","time":1189.908044053,"data":"  [6bba_05db0fb1] DENSITY_ADAPTIVE: 706.9 nodes/frame -\u003e high (tight=5.5 relaxed=10.0 velocity=0.5 bonus=1.0)\n"}
,{"stream_name":"stdout","time":1337.294537809,"data":"  [6bba_05db0fb1] after edge-filter+motion-relink: 70687 nodes, 67990 edges\n"}
,{"stream_name":"stdout","time":1353.657386899,"data":"  [6bba_05db0fb1] after gap-closing (single-frame + gap2): 71114 nodes, 68785 edges\n"}
,{"stream_name":"stdout","time":1380.589565624,"data":"  [6bba_05db0fb1] after safe-division repair: 71114 nodes, 68812 edges (geometric_candidates=304, deepcenter_rejected=273, post_veto_candidates=31, added=27, cap_skipped=0, mutual_nn_rejected=256, divergence_rejected=2642)\n"}
,{"stream_name":"stdout","time":1380.589617675,"data":"  [6bba_05db0fb1] after division-geometry-filter+prune-isolated: 71087 nodes, 68812 edges\n"}
,{"stream_name":"stdout","time":1380.589623295,"data":"  [6bba_05db0fb1] after short-track filtering: 70284 nodes, 68196 edges (components_removed=187)\n"}
,{"stream_name":"stdout","time":1393.947248908,"data":"  [6bba_05db0fb1] FINAL: 70284 nodes, 68196 edges\n"}
,{"stream_name":"stdout","time":1403.807617434,"data":"  [6bba_05db0fb1] D4R recovery: +9 nodes +92 edges from 26/44 components (budget 120) image_gate=True rejected=24\n"}
,{"stream_name":"stdout","time":1404.551753491,"data":"Wrote /kaggle/working/submission.csv with 241,291 rows\n"}
,{"stream_name":"stdout","time":1404.551780966,"data":"Node rows: 122,813 | edge rows: 118,478\n"}
,{"stream_name":"stdout","time":1404.551787314,"data":"Wrote /kaggle/working/run_stats.csv\n"}
,{"stream_name":"stdout","time":1405.302466135,"data":"{\n"}
,{"stream_name":"stdout","time":1405.30252502,"data":"  \"configuration\": {\n"}
,{"stream_name":"stdout","time":1405.302532941,"data":"    \"bidirectional_primary_weight\": 0.3,\n"}
,{"stream_name":"stdout","time":1405.302538155,"data":"    \"deepcenter_gap_confirm_min_span_um\": 8.5,\n"}
,{"stream_name":"stdout","time":1405.302543207,"data":"    \"deepcenter_gap_threshold\": 0.25,\n"}
,{"stream_name":"stdout","time":1405.302550917,"data":"    \"detector_threshold\": 0.96875,\n"}
,{"stream_name":"stdout","time":1405.302554341,"data":"    \"edge_candidate_threshold\": 0.48,\n"}
,{"stream_name":"stdout","time":1405.302557524,"data":"    \"fallback_scope\": \"individual_frame\",\n"}
,{"stream_name":"stdout","time":1405.302560892,"data":"    \"gap_close_um\": 5.8,\n"}
,{"stream_name":"stdout","time":1405.302564017,"data":"    \"ilp_appearance_weight\": 0.0,\n"}
,{"stream_name":"stdout","time":1405.302567211,"data":"    \"ilp_disappearance_weight\": 1.5,\n"}
,{"stream_name":"stdout","time":1405.302570454,"data":"    \"minimum_candidate_retention\": 0.9,\n"}
,{"stream_name":"stdout","time":1405.302573696,"data":"    \"secondary_detection_weight\": 0.475,\n"}
,{"stream_name":"stdout","time":1405.302576864,"data":"    \"secondary_edge_weight\": 0.15,\n"}
,{"stream_name":"stdout","time":1405.302579989,"data":"    \"secondary_link_mode\": \"low_margin_consensus\",\n"}
,{"stream_name":"stdout","time":1405.30258322,"data":"    \"secondary_low_margin_max\": 0.35\n"}
,{"stream_name":"stdout","time":1405.302586447,"data":"  },\n"}
,{"stream_name":"stdout","time":1405.302589489,"data":"  \"diagnostics\": {\n"}
,{"stream_name":"stdout","time":1405.302592614,"data":"    \"by_movie\": {\n"}
,{"stream_name":"stdout","time":1405.302595813,"data":"      \"44b6_0113de3b\": {\n"}
,{"stream_name":"stdout","time":1405.302599016,"data":"        \"fallback_frames\": 0,\n"}
,{"stream_name":"stdout","time":1405.302602347,"data":"        \"frames\": 100,\n"}
,{"stream_name":"stdout","time":1405.302605544,"data":"        \"median_retention\": 1.0118578927634045,\n"}
,{"stream_name":"stdout","time":1405.30260913,"data":"        \"minimum_retention\": 0.9926739926739927\n"}
,{"stream_name":"stdout","time":1405.302612516,"data":"      },\n"}
,{"stream_name":"stdout","time":1405.302615617,"data":"      \"44b6_0b24845f\": {\n"}
,{"stream_name":"stdout","time":1405.302618688,"data":"        \"fallback_frames\": 64,\n"}
,{"stream_name":"stdout","time":1405.302622222,"data":"        \"frames\": 100,\n"}
,{"stream_name":"stdout","time":1405.302625364,"data":"        \"median_retention\": 0.8618514846811123,\n"}
,{"stream_name":"stdout","time":1405.302638788,"data":"        \"minimum_retention\": 0.45307443365695793\n"}
,{"stream_name":"stdout","time":1405.302641534,"data":"      },\n"}
,{"stream_name":"stdout","time":1405.302643918,"data":"      \"6bba_05b6850b\": {\n"}
,{"stream_name":"stdout","time":1405.3026463,"data":"        \"fallback_frames\": 1,\n"}
,{"stream_name":"stdout","time":1405.302648657,"data":"        \"frames\": 100,\n"}
,{"stream_name":"stdout","time":1405.302651098,"data":"        \"median_retention\": 1.0137012012012012,\n"}
,{"stream_name":"stdout","time":1405.302653665,"data":"        \"minimum_retention\": 0.8918918918918919\n"}
,{"stream_name":"stdout","time":1405.302656106,"data":"      },\n"}
,{"stream_name":"stdout","time":1405.302658384,"data":"      \"6bba_05db0fb1\": {\n"}
,{"stream_name":"stdout","time":1405.302660723,"data":"        \"fallback_frames\": 0,\n"}
,{"stream_name":"stdout","time":1405.302663139,"data":"        \"frames\": 100,\n"}
,{"stream_name":"stdout","time":1405.302665496,"data":"        \"median_retention\": 1.0110725229826354,\n"}
,{"stream_name":"stdout","time":1405.302667941,"data":"        \"minimum_retention\": 0.9715142428785607\n"}
,{"stream_name":"stdout","time":1405.302670357,"data":"      }\n"}
,{"stream_name":"stdout","time":1405.302672786,"data":"    },\n"}
,{"stream_name":"stdout","time":1405.302675072,"data":"    \"fallback_frames\": 65,\n"}
,{"stream_name":"stdout","time":1405.302677488,"data":"    \"rows\": 400\n"}
,{"stream_name":"stdout","time":1405.302679856,"data":"  },\n"}
,{"stream_name":"stdout","time":1405.302682142,"data":"  \"experiment\": \"harmonic_bidirectional_association_v1\",\n"}
,{"stream_name":"stdout","time":1405.302684686,"data":"  \"hardware\": {\n"}
,{"stream_name":"stdout","time":1405.302687047,"data":"    \"visible_gpu_count\": 2\n"}
,{"stream_name":"stdout","time":1405.302689412,"data":"  },\n"}
,{"stream_name":"stdout","time":1405.302691773,"data":"  \"leaderboard_feedback_used_for_configuration\": true,\n"}
,{"stream_name":"stdout","time":1405.302694346,"data":"  \"method_attribution\": \"fixed-90 dual-seed baseline with harmonic mutual-support association fusion (rule from public CC0 notebook yusuketogashi/no-hack-biohub-cell-another-approch-3rd v18)\",\n"}
,{"stream_name":"stdout","time":1405.302698037,"data":"  \"metric_hack_used\": false,\n"}
,{"stream_name":"stdout","time":1405.302700441,"data":"  \"organizer_labels_used_for_configuration\": false,\n"}
,{"stream_name":"stdout","time":1405.302702904,"data":"  \"parent_experiment\": \"paired_bidirectional_primary_weight020_vs_forward_v1\",\n"}
,{"stream_name":"stdout","time":1405.302705456,"data":"  \"public_output_used\": false,\n"}
,{"stream_name":"stdout","time":1405.302707846,"data":"  \"quality_promotion\": {\n"}
,{"stream_name":"stdout","time":1405.302710256,"data":"    \"execute_push_submit\": \"FORBIDDEN_UNTIL_REQUIRED_CONDITION\",\n"}
,{"stream_name":"stdout","time":1405.30271428,"data":"    \"required_condition\": \"promote=true\",\n"}
,{"stream_name":"stdout","time":1405.302743537,"data":"    \"required_receipt\": \"bidirectional_blend_union13_receipt.json\",\n"}
,{"stream_name":"stdout","time":1405.302750578,"data":"    \"status\": \"candidate_unverified\",\n"}
,{"stream_name":"stdout","time":1405.302754488,"data":"    \"validated_receipt_sha256\": null\n"}
,{"stream_name":"stdout","time":1405.302758092,"data":"  },\n"}
,{"stream_name":"stdout","time":1405.302761461,"data":"  \"source_kernel\": \"raykkretzschmar/biohub-bidirectional-primary-union13-diagnostic-v1\",\n"}
,{"stream_name":"stdout","time":1405.302765326,"data":"  \"source_notebook_sha256\": \"3e65ca691941949196bf417030ea84fccafe16baaec174b2a63540451bb937e8\",\n"}
,{"stream_name":"stdout","time":1405.302777222,"data":"  \"status\": \"clean_graph_audit_pass_candidate_unverified_quality\",\n"}
,{"stream_name":"stdout","time":1405.302780353,"data":"  \"submission\": {\n"}
,{"stream_name":"stdout","time":1405.302782778,"data":"    \"datasets\": [\n"}
,{"stream_name":"stdout","time":1405.302785135,"data":"      \"44b6_0113de3b\",\n"}
,{"stream_name":"stdout","time":1405.302787522,"data":"      \"44b6_0b24845f\",\n"}
,{"stream_name":"stdout","time":1405.302789854,"data":"      \"6bba_05b6850b\",\n"}
,{"stream_name":"stdout","time":1405.302792235,"data":"      \"6bba_05db0fb1\"\n"}
,{"stream_name":"stdout","time":1405.302794596,"data":"    ],\n"}
,{"stream_name":"stdout","time":1405.302796874,"data":"    \"rows\": 241291,\n"}
,{"stream_name":"stdout","time":1405.302799333,"data":"    \"sha256\": \"3f5c8cdca3e3788ca6798d8a8e71f778fadcd401c1369827edd55b5634e670c1\"\n"}
,{"stream_name":"stdout","time":1405.3028019,"data":"  },\n"}
,{"stream_name":"stdout","time":1405.302804148,"data":"  \"topology\": {\n"}
,{"stream_name":"stdout","time":1405.302806512,"data":"    \"44b6_0113de3b\": {\n"}
,{"stream_name":"stdout","time":1405.302808906,"data":"      \"division_parents\": 44,\n"}
,{"stream_name":"stdout","time":1405.30281129,"data":"      \"edges\": 24890,\n"}
,{"stream_name":"stdout","time":1405.302813671,"data":"      \"max_indegree\": 1,\n"}
,{"stream_name":"stdout","time":1405.302816032,"data":"      \"max_outdegree\": 2,\n"}
,{"stream_name":"stdout","time":1405.30281842,"data":"      \"nodes\": 25632\n"}
,{"stream_name":"stdout","time":1405.302820789,"data":"    },\n"}
,{"stream_name":"stdout","time":1405.302823065,"data":"    \"44b6_0b24845f\": {\n"}
,{"stream_name":"stdout","time":1405.302825404,"data":"      \"division_parents\": 12,\n"}
,{"stream_name":"stdout","time":1405.302827754,"data":"      \"edges\": 19386,\n"}
,{"stream_name":"stdout","time":1405.30283013,"data":"      \"max_indegree\": 1,\n"}
,{"stream_name":"stdout","time":1405.302832561,"data":"      \"max_outdegree\": 2,\n"}
,{"stream_name":"stdout","time":1405.302834916,"data":"      \"nodes\": 20699\n"}
,{"stream_name":"stdout","time":1405.302837379,"data":"    },\n"}
,{"stream_name":"stdout","time":1405.3028397,"data":"    \"6bba_05b6850b\": {\n"}
,{"stream_name":"stdout","time":1405.302842015,"data":"      \"division_parents\": 9,\n"}
,{"stream_name":"stdout","time":1405.302844394,"data":"      \"edges\": 5999,\n"}
,{"stream_name":"stdout","time":1405.302846731,"data":"      \"max_indegree\": 1,\n"}
,{"stream_name":"stdout","time":1405.302849074,"data":"      \"max_outdegree\": 2,\n"}
,{"stream_name":"stdout","time":1405.302851425,"data":"      \"nodes\": 6189\n"}
,{"stream_name":"stdout","time":1405.302853768,"data":"    },\n"}
,{"stream_name":"stdout","time":1405.302856052,"data":"    \"6bba_05db0fb1\": {\n"}
,{"stream_name":"stdout","time":1405.302858382,"data":"      \"division_parents\": 27,\n"}
,{"stream_name":"stdout","time":1405.302860726,"data":"      \"edges\": 68203,\n"}
,{"stream_name":"stdout","time":1405.302863082,"data":"      \"max_indegree\": 1,\n"}
,{"stream_name":"stdout","time":1405.302865408,"data":"      \"max_outdegree\": 2,\n"}
,{"stream_name":"stdout","time":1405.30286773,"data":"      \"nodes\": 70293\n"}
,{"stream_name":"stdout","time":1405.302870086,"data":"    }\n"}
,{"stream_name":"stdout","time":1405.302872414,"data":"  }\n"}
,{"stream_name":"stdout","time":1405.302892002,"data":"}\n"}
,{"stream_name":"stdout","time":1405.388210939,"data":"VALIDATOR: disabled (BIOHUB_VALIDATOR_ENABLE=0).\n"}
,{"stream_name":"stdout","time":1405.569208109,"data":"Post-process base configuration (public 0.939):\n"}
,{"stream_name":"stdout","time":1405.569238056,"data":"  SAFE_DIV_MAX_UM                          9.0\n"}
,{"stream_name":"stdout","time":1405.569243496,"data":"  SAFE_DIV_SISTER_MAX_UM                   14.0\n"}
,{"stream_name":"stdout","time":1405.569247534,"data":"  SAFE_DIV_DIVERGE_UM                      2.25\n"}
,{"stream_name":"stdout","time":1405.569251652,"data":"  SAFE_DIV_SISTER_SYMMETRY_TAU             0.6\n"}
,{"stream_name":"stdout","time":1405.569255561,"data":"  SAFE_DIV_EXISTING_CHILD_MAX_UM           10.0\n"}
,{"stream_name":"stdout","time":1405.569259381,"data":"  SAFE_DIV_FRAME_FRAC_CAP                  0.0076\n"}
,{"stream_name":"stdout","time":1405.569263521,"data":"  SAFE_DIV_GLOBAL_FRAC_CAP                 0.00375\n"}
,{"stream_name":"stdout","time":1405.569267221,"data":"  DEEPCENTER_SAFE_DIV_THRESHOLD            0.25\n"}
,{"stream_name":"stdout","time":1405.569270979,"data":"  DEEPCENTER_GAP_THRESHOLD                 0.25\n"}
,{"stream_name":"stdout","time":1405.569274705,"data":"  GAP_CLOSE_UM                             5.0\n"}
,{"stream_name":"stdout","time":1405.569278599,"data":"  OUTPUT_MIN_TRACK_LEN                     6\n"}
,{"stream_name":"stdout","time":1405.569282447,"data":"  SHORT_TRACK_RESCUE_MIN_MEAN_EDGE_PROB    0.88\n"}
,{"stream_name":"stdout","time":1405.569286486,"data":"  MOTION_RELINK_TIGHT_UM                   5.5\n"}
,{"stream_name":"stdout","time":1405.569290495,"data":"  MOTION_RELINK_RELAXED_UM                 10.0\n"}
,{"stream_name":"stdout","time":1405.569294439,"data":"  GAP2_MAX_STEP_UM                         4.4\n"}
,{"stream_name":"stdout","time":1405.569298561,"data":"  GAP2_MAX_TOTAL_UM                        10.2\n"}
,{"stream_name":"stdout","time":1405.569302478,"data":"  MOTION_RELINK_LEARNED_BONUS              1.0\n"}
,{"stream_name":"stdout","time":1405.569306458,"data":"  MOTION_RELINK_VELOCITY_WEIGHT            0.5\n"}
,{"stream_name":"stdout","time":1405.569309634,"data":"  GAP_CLOSE_REUSE_UM                       3.2\n"}
,{"stream_name":"stdout","time":1405.569313004,"data":"  OUTPUT_EDGE_MAX_UM                       14.0\n"}
,{"stream_name":"stdout","time":1405.569320037,"data":"VALIDATOR: disabled or no held-out samples available -- skipping scoring.\n"}
,{"stream_name":"stdout","time":1405.769173306,"data":"SWEEP: validator unavailable -- keeping the base configuration.\n"}
,{"stream_name":"stdout","time":1405.769209017,"data":"Keeping the base submission.csv (public 0.939 configuration).\n"}
,{"stream_name":"stdout","time":1406.012605665,"data":"  44b6_0113de3b: nodes=25632 edges=24890 divisions=44\n"}
,{"stream_name":"stdout","time":1406.012678116,"data":"  44b6_0b24845f: nodes=20699 edges=19386 divisions=12\n"}
,{"stream_name":"stdout","time":1406.012685432,"data":"  6bba_05b6850b: nodes=6189 edges=5999 divisions=9\n"}
,{"stream_name":"stdout","time":1406.012689557,"data":"  6bba_05db0fb1: nodes=70293 edges=68203 divisions=27\n"}
,{"stream_name":"stdout","time":1406.012693337,"data":"Final submission.csv rows=241291  config=base\n"}
,{"stream_name":"stdout","time":1406.082965653,"data":"==============================================================================\n"}
,{"stream_name":"stdout","time":1406.082988386,"data":"PIPELINE MANIFEST -- resolved state, not just config\n"}
,{"stream_name":"stdout","time":1406.082992707,"data":"==============================================================================\n"}
,{"stream_name":"stdout","time":1406.08299673,"data":"Dual-seed ensemble:      requested=True  weights_found=True\n"}
,{"stream_name":"stdout","time":1406.083000639,"data":"Bidirectional fusion:    weight=0.15  active=True  mode=harmonic_probability\n"}
,{"stream_name":"stdout","time":1406.083017006,"data":"DeepCenter veto:         requested=True  loaded=True\n"}
,{"stream_name":"stdout","time":1406.083021182,"data":"  - checkpoint file:     /kaggle/input/datasets/pilkwang/biohub-deepcenter-unet3d-center-prior-v1/weights/full_frame_center/best.pt\n"}
,{"stream_name":"stdout","time":1406.083025482,"data":"  - expected epoch:      2\n"}
,{"stream_name":"stdout","time":1406.083028873,"data":"  - gap veto:            True\n"}
,{"stream_name":"stdout","time":1406.083032481,"data":"  - safe-div veto:       True\n"}
,{"stream_name":"stdout","time":1406.083036282,"data":"Safe-div thresholds:     parent\u003c=9.0um  sister\u003c=14.0um  global_cap=0.00375  frame_cap=0.0076\n"}
,{"stream_name":"stdout","time":1406.083040477,"data":"Validator:               enabled=False  held_out_samples=0  match_radius=7.0um\n"}
,{"stream_name":"stdout","time":1406.083044043,"data":"==============================================================================\n"}
,{"stream_name":"stderr","time":1409.871225679,"data":"/usr/local/lib/python3.12/dist-packages/mistune.py:435: SyntaxWarning: invalid escape sequence '\\|'\n"}
,{"stream_name":"stderr","time":1409.871257557,"data":"  cells[i][c] = re.sub('\\\\\\\\\\|', '|', cell)\n"}
,{"stream_name":"stderr","time":1409.995125768,"data":"/usr/local/lib/python3.12/dist-packages/nbconvert/filters/filter_links.py:36: SyntaxWarning: invalid escape sequence '\\_'\n"}
,{"stream_name":"stderr","time":1409.995163413,"data":"  text = re.sub(r'_', '\\_', text) # Escape underscores in display text\n"}
,{"stream_name":"stderr","time":1410.681497592,"data":"[NbConvertApp] Converting notebook __notebook__.ipynb to notebook\n"}
,{"stream_name":"stderr","time":1411.085424531,"data":"[NbConvertApp] Writing 381253 bytes to __notebook__.ipynb\n"}
,{"stream_name":"stderr","time":1413.533034383,"data":"[NbConvertApp] Converting notebook __notebook__.ipynb to html\n"}
,{"stream_name":"stderr","time":1415.050443318,"data":"[NbConvertApp] Writing 1322862 bytes to __results__.html\n"}
]