[{"stream_name":"stderr","time":7.608021963,"data":"0.00s - Debugger warning: It seems that frozen modules are being used, which may\n"}
,{"stream_name":"stderr","time":7.608085732,"data":"0.00s - make the debugger miss breakpoints. Please pass -Xfrozen_modules=off\n"}
,{"stream_name":"stderr","time":7.608129825,"data":"0.00s - to python to disable frozen modules.\n"}
,{"stream_name":"stderr","time":7.608135593,"data":"0.00s - Note: Debugging will proceed. Set PYDEVD_DISABLE_FILE_VALIDATION=1 to disable this validation.\n"}
,{"stream_name":"stderr","time":8.264836095,"data":"0.00s - Debugger warning: It seems that frozen modules are being used, which may\n"}
,{"stream_name":"stderr","time":8.264878522,"data":"0.00s - make the debugger miss breakpoints. Please pass -Xfrozen_modules=off\n"}
,{"stream_name":"stderr","time":8.264885087,"data":"0.00s - to python to disable frozen modules.\n"}
,{"stream_name":"stderr","time":8.264898096,"data":"0.00s - Note: Debugging will proceed. Set PYDEVD_DISABLE_FILE_VALIDATION=1 to disable this validation.\n"}
,{"stream_name":"stdout","time":10.182851928,"data":"BIOHUB_PRESET: harmonic_v3_division_wide\n"}
,{"stream_name":"stdout","time":10.182913967,"data":"BIOHUB_SCORE_AXIS: public 0.939 base + holdout-selected post-process configuration\n"}
,{"stream_name":"stdout","time":14.387354769,"data":"BIOHUB_D4_DEVICE_GUARD: two CUDA devices confirmed\n"}
,{"stream_name":"stdout","time":14.410544499,"data":"Configuration guard: PASS\n"}
,{"stream_name":"stdout","time":14.410580499,"data":"Baseline: fixed-90 dual-seed clean pipeline (public LB 0.913)\n"}
,{"stream_name":"stdout","time":14.410588275,"data":"Single model-level change: harmonic mutual-support association fusion\n"}
,{"stream_name":"stdout","time":14.410593453,"data":"Reverse-time association weight: 0.200\n"}
,{"stream_name":"stdout","time":15.353702167,"data":"Biohub learned UNet + node-transformer + ILP submission\n"}
,{"stream_name":"stdout","time":15.353734322,"data":"COMP_DIR: /kaggle/input/competitions/biohub-cell-tracking-during-development exists: True\n"}
,{"stream_name":"stdout","time":15.353740139,"data":"TEST_DIR: /kaggle/input/competitions/biohub-cell-tracking-during-development/test exists: True\n"}
,{"stream_name":"stdout","time":15.353744628,"data":"{\n"}
,{"stream_name":"stdout","time":15.35374901,"data":"  \"adaptive_short_track_rescue\": true,\n"}
,{"stream_name":"stdout","time":15.353753518,"data":"  \"allow_artifact_fallback\": false,\n"}
,{"stream_name":"stdout","time":15.353758208,"data":"  \"allow_pip_install\": false,\n"}
,{"stream_name":"stdout","time":15.35376278,"data":"  \"deepcenter_checkpoint_default\": \"/kaggle/input/biohub-deepcenter-unet3d-center-prior-v1/weights/full_frame_center/best.pt\",\n"}
,{"stream_name":"stdout","time":15.353767757,"data":"  \"deepcenter_expected_epoch\": 2,\n"}
,{"stream_name":"stdout","time":15.35377239,"data":"  \"deepcenter_gap_add_gate\": true,\n"}
,{"stream_name":"stdout","time":15.353777327,"data":"  \"deepcenter_gap_confirm_min_span_um\": 8.5,\n"}
,{"stream_name":"stdout","time":15.353782026,"data":"  \"deepcenter_gap_threshold\": 0.25,\n"}
,{"stream_name":"stdout","time":15.353786734,"data":"  \"deepcenter_safe_div_add_gate\": true,\n"}
,{"stream_name":"stdout","time":15.353791798,"data":"  \"deepcenter_safe_div_threshold\": 0.25,\n"}
,{"stream_name":"stdout","time":15.353796235,"data":"  \"det_threshold\": 0.965,\n"}
,{"stream_name":"stdout","time":15.353800535,"data":"  \"div_drop_to_single_if_bad\": true,\n"}
,{"stream_name":"stdout","time":15.353804959,"data":"  \"div_parent_max_um\": 10.5,\n"}
,{"stream_name":"stdout","time":15.353809197,"data":"  \"div_sister_max_um\": 8.0,\n"}
,{"stream_name":"stdout","time":15.353839162,"data":"  \"experiment_tag\": \"selected_101_dual_seed_near_balanced_center_confirmed_synthetic_gap\",\n"}
,{"stream_name":"stdout","time":15.353843805,"data":"  \"gap2_frame_frac_cap\": 0.006,\n"}
,{"stream_name":"stdout","time":15.353847494,"data":"  \"gap2_max_links_abs\": 180,\n"}
,{"stream_name":"stdout","time":15.353851247,"data":"  \"gap2_max_links_frac\": 0.0045,\n"}
,{"stream_name":"stdout","time":15.353854622,"data":"  \"gap2_max_step_um\": 4.4,\n"}
,{"stream_name":"stdout","time":15.353857999,"data":"  \"gap2_max_total_um\": 10.2,\n"}
,{"stream_name":"stdout","time":15.353861359,"data":"  \"gap2_require_context\": true,\n"}
,{"stream_name":"stdout","time":15.353865149,"data":"  \"gap_close_effective_max_gap\": 1,\n"}
,{"stream_name":"stdout","time":15.353868838,"data":"  \"gap_close_max_added_abs\": 2000,\n"}
,{"stream_name":"stdout","time":15.353872399,"data":"  \"gap_close_max_added_frac\": 0.05,\n"}
,{"stream_name":"stdout","time":15.353876237,"data":"  \"gap_close_max_gap\": 2,\n"}
,{"stream_name":"stdout","time":15.353879755,"data":"  \"gap_close_reuse_existing\": true,\n"}
,{"stream_name":"stdout","time":15.353883206999999,"data":"  \"gap_close_reuse_um\": 3.2,\n"}
,{"stream_name":"stdout","time":15.353886785,"data":"  \"gap_close_um\": 5.0,\n"}
,{"stream_name":"stdout","time":15.35389027,"data":"  \"gap_density_adaptive\": true,\n"}
,{"stream_name":"stdout","time":15.35389378,"data":"  \"gap_density_gain\": 0.04,\n"}
,{"stream_name":"stdout","time":15.353897447,"data":"  \"gap_density_max_step_delta_um\": 0.125,\n"}
,{"stream_name":"stdout","time":15.353901018,"data":"  \"gap_density_neighbors\": 3,\n"}
,{"stream_name":"stdout","time":15.353910337,"data":"  \"gap_density_reference_um\": 6.5,\n"}
,{"stream_name":"stdout","time":15.3539138,"data":"  \"gap_refine_max_shift_um\": 3.2,\n"}
,{"stream_name":"stdout","time":15.353917019,"data":"  \"gap_refine_synthetic\": true,\n"}
,{"stream_name":"stdout","time":15.353920401,"data":"  \"gap_refine_win_yx\": 3,\n"}
,{"stream_name":"stdout","time":15.353923857,"data":"  \"gap_refine_win_z\": 1,\n"}
,{"stream_name":"stdout","time":15.353927244,"data":"  \"ilp_appearance_weight\": 0.0,\n"}
,{"stream_name":"stdout","time":15.353930815,"data":"  \"ilp_disappearance_weight\": 2.0,\n"}
,{"stream_name":"stdout","time":15.35393415,"data":"  \"ilp_division_weight\": 1.2,\n"}
,{"stream_name":"stdout","time":15.35393749,"data":"  \"ilp_edge_weight\": -1.0,\n"}
,{"stream_name":"stdout","time":15.353940688,"data":"  \"method\": \"unet_transformer\",\n"}
,{"stream_name":"stdout","time":15.35394407,"data":"  \"motion_relink_learned_bonus\": 1.0,\n"}
,{"stream_name":"stdout","time":15.353947878,"data":"  \"motion_relink_max_frame_nodes\": 2600,\n"}
,{"stream_name":"stdout","time":15.353951717,"data":"  \"motion_relink_relaxed_um\": 10.0,\n"}
,{"stream_name":"stdout","time":15.353955715,"data":"  \"motion_relink_tight_um\": 6.0,\n"}
,{"stream_name":"stdout","time":15.353959323,"data":"  \"motion_relink_velocity_weight\": 0.5,\n"}
,{"stream_name":"stdout","time":15.353962736,"data":"  \"output_division_geometry_filter\": false,\n"}
,{"stream_name":"stdout","time":15.353966193,"data":"  \"output_edge_max_um\": 14.0,\n"}
,{"stream_name":"stdout","time":15.353971855,"data":"  \"output_enforce_next_frame\": true,\n"}
,{"stream_name":"stdout","time":15.353975352,"data":"  \"output_filter_short_tracks\": true,\n"}
,{"stream_name":"stdout","time":15.353978554,"data":"  \"output_gap2_recovery\": true,\n"}
,{"stream_name":"stdout","time":15.353982229,"data":"  \"output_gap_close\": true,\n"}
,{"stream_name":"stdout","time":15.353991805,"data":"  \"output_keep_division_components\": true,\n"}
,{"stream_name":"stdout","time":15.353995892,"data":"  \"output_linefit_smooth\": true,\n"}
,{"stream_name":"stdout","time":15.353999103,"data":"  \"output_linefit_weight\": 0.8,\n"}
,{"stream_name":"stdout","time":15.354002504,"data":"  \"output_linefit_window\": 2,\n"}
,{"stream_name":"stdout","time":15.354006423,"data":"  \"output_min_track_len\": 6,\n"}
,{"stream_name":"stdout","time":15.354010935,"data":"  \"output_motion_relink\": true,\n"}
,{"stream_name":"stdout","time":15.354014137,"data":"  \"output_prune_isolated\": true,\n"}
,{"stream_name":"stdout","time":15.354017733,"data":"  \"output_safe_divisions\": true,\n"}
,{"stream_name":"stdout","time":15.354021238,"data":"  \"output_single_child_repair\": false,\n"}
,{"stream_name":"stdout","time":15.354024855,"data":"  \"output_single_parent_repair\": true,\n"}
,{"stream_name":"stdout","time":15.354028351,"data":"  \"primary_artifact_manifest\": \"/kaggle/input/datasets/pilkwang/biohub-tracking-support-pack-50ep-v1/ARTIFACT_MANIFEST.json\",\n"}
,{"stream_name":"stdout","time":15.35403226,"data":"  \"safe_div_existing_child_max_um\": 10.0,\n"}
,{"stream_name":"stdout","time":15.354035677,"data":"  \"safe_div_frame_frac_cap\": 0.0076,\n"}
,{"stream_name":"stdout","time":15.354039154,"data":"  \"safe_div_global_frac_cap\": 0.00375,\n"}
,{"stream_name":"stdout","time":15.354042534,"data":"  \"safe_div_max_um\": 9.0,\n"}
,{"stream_name":"stdout","time":15.354046083,"data":"  \"safe_div_sister_max_um\": 14.0,\n"}
,{"stream_name":"stdout","time":15.354049720999999,"data":"  \"short_track_rescue_max_mean_edge_dist_um\": 3.0,\n"}
,{"stream_name":"stdout","time":15.354053882,"data":"  \"short_track_rescue_max_nodes_abs\": 120,\n"}
,{"stream_name":"stdout","time":15.354057861,"data":"  \"short_track_rescue_max_nodes_frac\": 0.012,\n"}
,{"stream_name":"stdout","time":15.3540611,"data":"  \"short_track_rescue_min_len\": 4,\n"}
,{"stream_name":"stdout","time":15.354064602,"data":"  \"short_track_rescue_min_mean_edge_prob\": 0.88,\n"}
,{"stream_name":"stdout","time":15.354068369,"data":"  \"short_track_rescue_trigger_removed_frac\": 0.1,\n"}
,{"stream_name":"stdout","time":15.354072035,"data":"  \"slice\": \"\",\n"}
,{"stream_name":"stdout","time":15.354075667,"data":"  \"target_artifact_slug\": \"biohub-tracking-support-pack-50ep-v1\",\n"}
,{"stream_name":"stdout","time":15.354079892,"data":"  \"unet_batch_size\": 4,\n"}
,{"stream_name":"stdout","time":15.354083513,"data":"  \"use_deepcenter_add_only_gate\": true,\n"}
,{"stream_name":"stdout","time":15.354104559,"data":"  \"use_ilp\": true,\n"}
,{"stream_name":"stdout","time":15.354113598,"data":"  \"weights\": \"weights/unet_transformer/split_0/edge_predictor_best.pth\"\n"}
,{"stream_name":"stdout","time":15.354117346,"data":"}\n"}
,{"stream_name":"stdout","time":15.552215633,"data":"ARTIFACTS: /kaggle/input/datasets/pilkwang/biohub-tracking-support-pack-50ep-v1\n"}
,{"stream_name":"stdout","time":15.552245163,"data":"Has offline wheels: True\n"}
,{"stream_name":"stdout","time":15.552252173,"data":"Artifact name: biohub-tracking-support-pack-400ep-snapshot-v1\n"}
,{"stream_name":"stdout","time":15.552257737,"data":"Weight sha256: 12f6881ee3620a831697ca098ff8f48e687a24225f4e048b538deec3562fe771\n"}
,{"stream_name":"stdout","time":15.552263178,"data":"Weight path: weights/unet_transformer/split_0/edge_predictor_best.pth\n"}
,{"stream_name":"stdout","time":16.420537189,"data":"Installing missing packages from offline package dirs: ['polars']\n"}
,{"stream_name":"stdout","time":16.420588254,"data":"Dependency resolver is disabled with --no-deps to avoid replacing Kaggle numpy/scipy in a live kernel.\n"}
,{"stream_name":"stdout","time":16.420593103,"data":"Offline package dirs: ['/kaggle/input/datasets/pilkwang/biohub-tracking-support-pack-50ep-v1/wheels']\n"}
,{"stream_name":"stdout","time":22.223947204,"data":"Offline dependency install succeeded.\n"}
,{"stream_name":"stdout","time":22.223982593,"data":"Installing missing packages from offline package dirs: ['tracksdata', 'zarr', 'pyscipopt', 'geff', 'geff_spec', 'ilpy', 'imagecodecs', 'rustworkx', 'numcodecs', 'donfig', 'bidict']\n"}
,{"stream_name":"stdout","time":22.223990248,"data":"Dependency resolver is disabled with --no-deps to avoid replacing Kaggle numpy/scipy in a live kernel.\n"}
,{"stream_name":"stdout","time":22.223996657,"data":"Offline package dirs: ['/kaggle/input/datasets/pilkwang/biohub-tracking-support-pack-50ep-v1/wheels']\n"}
,{"stream_name":"stdout","time":48.899777312,"data":"Offline dependency install succeeded.\n"}
,{"stream_name":"stderr","time":55.968279068,"data":"/usr/local/lib/python3.12/dist-packages/dask/array/image.py:7: FutureWarning: `find_available_plugins` is deprecated since version 0.25 and will be removed in version 0.27. The plugin infrastructure of `skimage.io` is deprecated. Instead, use `imageio` or other I/O packages directly.\n"}
,{"stream_name":"stderr","time":55.968315525,"data":"  from skimage.io import imread as sk_imread\n"}
,{"stream_name":"stderr","time":55.968322725,"data":"/usr/lib/python3.12/importlib/__init__.py:90: FutureWarning: `reset_plugins` is deprecated since version 0.25 and will be removed in version 0.27. The plugin infrastructure of `skimage.io` is deprecated. Instead, use `imageio` or other I/O packages directly.\n"}
,{"stream_name":"stderr","time":55.968329655,"data":"  return _bootstrap._gcd_import(name[level:], package, level)\n"}
,{"stream_name":"stderr","time":55.968334914,"data":"\n"}
,{"stream_name":"stderr","time":55.968340274,"data":"/usr/local/lib/python3.12/dist-packages/dask/array/image.py:7: FutureWarning: `find_available_plugins` is deprecated since version 0.25 and will be removed in version 0.27. The plugin infrastructure of `skimage.io` is deprecated. Instead, use `imageio` or other I/O packages directly.\n"}
,{"stream_name":"stderr","time":55.968346578,"data":"  from skimage.io import imread as sk_imread\n"}
,{"stream_name":"stderr","time":55.968351715,"data":"/usr/lib/python3.12/importlib/__init__.py:90: FutureWarning: `reset_plugins` is deprecated since version 0.25 and will be removed in version 0.27. The plugin infrastructure of `skimage.io` is deprecated. Instead, use `imageio` or other I/O packages directly.\n"}
,{"stream_name":"stderr","time":55.968357517,"data":"  return _bootstrap._gcd_import(name[level:], package, level)\n"}
,{"stream_name":"stdout","time":56.202169618,"data":"Required graph/Zarr/ILP packages import successfully.\n"}
,{"stream_name":"stdout","time":56.20220823,"data":"Inference repo: /kaggle/working/tracking_repo\n"}
,{"stream_name":"stdout","time":56.202212745,"data":"Weights: /kaggle/working/tracking_repo/weights/unet_transformer/split_0/edge_predictor_best.pth\n"}
,{"stream_name":"stdout","time":56.704037703,"data":"Support repo Python manifest SHA256: 978b626d1fd1e7397435a437dfe68691defe1572fc3c20e61012d7c9b52ed029\n"}
,{"stream_name":"stdout","time":56.704072694,"data":"Primary materialized SHA256: 12f6881ee3620a831697ca098ff8f48e687a24225f4e048b538deec3562fe771\n"}
,{"stream_name":"stdout","time":56.704080744,"data":"DeepCenter materialized SHA256: 8040999a92f6b7bbd98fa8cf458141e045c0f9ad7c936bdb3b18e1f7edafe2a0\n"}
,{"stream_name":"stdout","time":292.832339496,"data":"Secondary artifact: /kaggle/input/datasets/pilkwang/biohub-temporal-unet3d-seed314159-v1\n"}
,{"stream_name":"stdout","time":292.832391174,"data":"Secondary weight: /kaggle/working/secondary_seed_weights/unet_transformer/split_0/edge_predictor_best.pth\n"}
,{"stream_name":"stdout","time":292.832396844,"data":"Secondary SHA256: 9bac2fa0dadc4a6fc1899e0caf187f4b553e0a7cd90ba1261a68b35ffe9e305f\n"}
,{"stream_name":"stdout","time":292.832400918,"data":"Secondary edge-logit weight: 0.15\n"}
,{"stream_name":"stdout","time":292.832411952,"data":"Runtime integrity receipt: /kaggle/working/bidirectional_production_runtime_integrity.json\n"}
,{"stream_name":"stdout","time":293.226383948,"data":"CUDA device: Tesla T4\n"}
,{"stream_name":"stdout","time":293.226412098,"data":"TTA patch applied (400ep spatial D4-style)\n"}
,{"stream_name":"stdout","time":293.226417421,"data":"Calibrated dual-seed runtime patch applied\n"}
,{"stream_name":"stdout","time":293.226427322,"data":"Frozen frame retention guard applied at 0.90\n"}
,{"stream_name":"stdout","time":293.226431133,"data":"Bidirectional harmonic-probability association fusion applied | weight= 0.15\n"}
,{"stream_name":"stdout","time":293.22643408,"data":"Pre-ILP detector-coordinate manifest hook applied\n"}
,{"stream_name":"stdout","time":293.226437403,"data":"EDGE_TTA patch installed and enabled in /kaggle/working/tracking_repo/scripts/predict_unet_transformer.py\n"}
,{"stream_name":"stdout","time":293.226440325,"data":"secondary edge-feature TTA patch installed and enabled\n"}
,{"stream_name":"stdout","time":293.235464591,"data":"PROJECT_D4_CORRECTION: eight unique views; same eight passes\n"}
,{"stream_name":"stdout","time":293.24003204,"data":"Found 4 test videos\n"}
,{"stream_name":"stdout","time":293.240071375,"data":"['44b6_0113de3b', '44b6_0b24845f', '6bba_05b6850b', '6bba_05db0fb1']\n"}
,{"stream_name":"stdout","time":293.24007742,"data":"Launching 2 independent video shards on CUDA devices ['0', '1']\n"}
,{"stream_name":"stdout","time":293.240082434,"data":"GPU shard 0: CUDA_VISIBLE_DEVICES=0 | /usr/bin/python3 scripts/predict_unet_transformer.py --data-dir /kaggle/input/competitions/biohub-cell-tracking-during-development/test --splits kaggle_test_splits_50ep.json --split 0 --weights weights/unet_transformer/split_0/edge_predictor_best.pth --unet-batch-size 4 --det-threshold 0.965 --ilp-edge-weight -1.0 --ilp-appearance-weight 0.0 --ilp-disappearance-weight 2.0 --ilp-division-weight 1.2 --use-ilp --method unet_transformer_gpu0 --slice 0::2\n"}
,{"stream_name":"stdout","time":293.241564415,"data":"GPU shard 1: CUDA_VISIBLE_DEVICES=1 | /usr/bin/python3 scripts/predict_unet_transformer.py --data-dir /kaggle/input/competitions/biohub-cell-tracking-during-development/test --splits kaggle_test_splits_50ep.json --split 0 --weights weights/unet_transformer/split_0/edge_predictor_best.pth --unet-batch-size 4 --det-threshold 0.965 --ilp-edge-weight -1.0 --ilp-appearance-weight 0.0 --ilp-disappearance-weight 2.0 --ilp-division-weight 1.2 --use-ilp --method unet_transformer_gpu1 --slice 1::2\n"}
,{"stream_name":"stderr","time":298.286662007,"data":"/usr/local/lib/python3.12/dist-packages/dask/array/image.py:7: FutureWarning: `find_available_plugins` is deprecated since version 0.25 and will be removed in version 0.27. The plugin infrastructure of `skimage.io` is deprecated. Instead, use `imageio` or other I/O packages directly.\n"}
,{"stream_name":"stderr","time":298.28669999,"data":"  from skimage.io import imread as sk_imread\n"}
,{"stream_name":"stderr","time":298.292058612,"data":"/usr/lib/python3.12/importlib/__init__.py:90: FutureWarning: `reset_plugins` is deprecated since version 0.25 and will be removed in version 0.27. The plugin infrastructure of `skimage.io` is deprecated. Instead, use `imageio` or other I/O packages directly.\n"}
,{"stream_name":"stderr","time":298.292118625,"data":"  return _bootstrap._gcd_import(name[level:], package, level)\n"}
,{"stream_name":"stderr","time":298.352919972,"data":"/usr/local/lib/python3.12/dist-packages/dask/array/image.py:7: FutureWarning: `find_available_plugins` is deprecated since version 0.25 and will be removed in version 0.27. The plugin infrastructure of `skimage.io` is deprecated. Instead, use `imageio` or other I/O packages directly.\n"}
,{"stream_name":"stderr","time":298.35294811,"data":"  from skimage.io import imread as sk_imread\n"}
,{"stream_name":"stderr","time":298.35853708,"data":"/usr/lib/python3.12/importlib/__init__.py:90: FutureWarning: `reset_plugins` is deprecated since version 0.25 and will be removed in version 0.27. The plugin infrastructure of `skimage.io` is deprecated. Instead, use `imageio` or other I/O packages directly.\n"}
,{"stream_name":"stderr","time":298.35857269,"data":"  return _bootstrap._gcd_import(name[level:], package, level)\n"}
,{"stream_name":"stderr","time":298.489570699,"data":"/usr/local/lib/python3.12/dist-packages/dask/array/image.py:7: FutureWarning: `find_available_plugins` is deprecated since version 0.25 and will be removed in version 0.27. The plugin infrastructure of `skimage.io` is deprecated. Instead, use `imageio` or other I/O packages directly.\n"}
,{"stream_name":"stderr","time":298.48960892,"data":"  from skimage.io import imread as sk_imread\n"}
,{"stream_name":"stderr","time":298.489614249,"data":"/usr/lib/python3.12/importlib/__init__.py:90: FutureWarning: `reset_plugins` is deprecated since version 0.25 and will be removed in version 0.27. The plugin infrastructure of `skimage.io` is deprecated. Instead, use `imageio` or other I/O packages directly.\n"}
,{"stream_name":"stderr","time":298.489619836,"data":"  return _bootstrap._gcd_import(name[level:], package, level)\n"}
,{"stream_name":"stderr","time":298.489624824,"data":"/usr/local/lib/python3.12/dist-packages/dask/array/image.py:7: FutureWarning: `find_available_plugins` is deprecated since version 0.25 and will be removed in version 0.27. The plugin infrastructure of `skimage.io` is deprecated. Instead, use `imageio` or other I/O packages directly.\n"}
,{"stream_name":"stderr","time":298.489629912,"data":"  from skimage.io import imread as sk_imread\n"}
,{"stream_name":"stderr","time":298.489634638,"data":"/usr/lib/python3.12/importlib/__init__.py:90: FutureWarning: `reset_plugins` is deprecated since version 0.25 and will be removed in version 0.27. The plugin infrastructure of `skimage.io` is deprecated. Instead, use `imageio` or other I/O packages directly.\n"}
,{"stream_name":"stderr","time":298.489639832,"data":"  return _bootstrap._gcd_import(name[level:], package, level)\n"}
,{"stream_name":"stderr","time":298.489644449,"data":"\n"}
,{"stream_name":"stderr","time":298.489649216,"data":"/usr/local/lib/python3.12/dist-packages/dask/array/image.py:7: FutureWarning: `find_available_plugins` is deprecated since version 0.25 and will be removed in version 0.27. The plugin infrastructure of `skimage.io` is deprecated. Instead, use `imageio` or other I/O packages directly.\n"}
,{"stream_name":"stderr","time":298.489654865,"data":"  from skimage.io import imread as sk_imread\n"}
,{"stream_name":"stderr","time":298.489659202,"data":"/usr/lib/python3.12/importlib/__init__.py:90: FutureWarning: `reset_plugins` is deprecated since version 0.25 and will be removed in version 0.27. The plugin infrastructure of `skimage.io` is deprecated. Instead, use `imageio` or other I/O packages directly.\n"}
,{"stream_name":"stderr","time":298.489663813,"data":"  return _bootstrap._gcd_import(name[level:], package, level)\n"}
,{"stream_name":"stderr","time":298.489669109,"data":"/usr/local/lib/python3.12/dist-packages/dask/array/image.py:7: FutureWarning: `find_available_plugins` is deprecated since version 0.25 and will be removed in version 0.27. The plugin infrastructure of `skimage.io` is deprecated. Instead, use `imageio` or other I/O packages directly.\n"}
,{"stream_name":"stderr","time":298.489686435,"data":"  from skimage.io import imread as sk_imread\n"}
,{"stream_name":"stderr","time":298.489691456,"data":"/usr/lib/python3.12/importlib/__init__.py:90: FutureWarning: `reset_plugins` is deprecated since version 0.25 and will be removed in version 0.27. The plugin infrastructure of `skimage.io` is deprecated. Instead, use `imageio` or other I/O packages directly.\n"}
,{"stream_name":"stderr","time":298.489696752,"data":"  return _bootstrap._gcd_import(name[level:], package, level)\n"}
,{"stream_name":"stdout","time":298.995682851,"data":"Secondary model: /kaggle/working/secondary_seed_weights/unet_transformer/split_0/edge_predictor_best.pth | edge weight=0.150 | detection weight=0.800 | link mode=low_margin_consensus | temperature=1.000 | low-margin max=0.350 | edge threshold=0.480\n"}
,{"stream_name":"stdout","time":298.995717355,"data":"Fold 0: 2 datasets | weights=weights/unet_transformer/split_0/edge_predictor_best.pth | device=cuda | window_size=2 | pool_kernel_um=3.0\n"}
,{"stream_name":"stdout","time":298.996330915,"data":"Secondary model: /kaggle/working/secondary_seed_weights/unet_transformer/split_0/edge_predictor_best.pth | edge weight=0.150 | detection weight=0.800 | link mode=low_margin_consensus | temperature=1.000 | low-margin max=0.350 | edge threshold=0.480\n"}
,{"stream_name":"stdout","time":298.996348992,"data":"Fold 0: 2 datasets | weights=weights/unet_transformer/split_0/edge_predictor_best.pth | device=cuda | window_size=2 | pool_kernel_um=3.0\n"}
,{"stream_name":"stdout","time":299.198271108,"data":"Secondary model: /kaggle/working/secondary_seed_weights/unet_transformer/split_0/edge_predictor_best.pth | edge weight=0.150 | detection weight=0.800 | link mode=low_margin_consensus | temperature=1.000 | low-margin max=0.350 | edge threshold=0.480\n"}
,{"stream_name":"stdout","time":299.198338413,"data":"Fold 0: 2 datasets | weights=weights/unet_transformer/split_0/edge_predictor_best.pth | device=cuda | window_size=2 | pool_kernel_um=3.0\n"}
,{"stream_name":"stdout","time":299.198346028,"data":"Secondary model: /kaggle/working/secondary_seed_weights/unet_transformer/split_0/edge_predictor_best.pth | edge weight=0.150 | detection weight=0.800 | link mode=low_margin_consensus | temperature=1.000 | low-margin max=0.350 | edge threshold=0.480\n"}
,{"stream_name":"stdout","time":299.198350671,"data":"Fold 0: 2 datasets | weights=weights/unet_transformer/split_0/edge_predictor_best.pth | device=cuda | window_size=2 | pool_kernel_um=3.0\n"}
,{"stream_name":"stdout","time":301.029623306,"data":"EDGE_TTA_ACTIVE views= 8 mean_abs_feat_delta= 0.334764\n"}
,{"stream_name":"stdout","time":301.029659406,"data":"EDGE_TTA_ACTIVE views= 8 mean_abs_feat_delta= 0.378905\n"}
,{"stream_name":"stdout","time":301.232000859,"data":"EDGE_TTA_ACTIVE views= 8 mean_abs_feat_delta= 0.334764\n"}
,{"stream_name":"stdout","time":301.232025703,"data":"EDGE_TTA_ACTIVE views= 8 mean_abs_feat_delta= 0.378905\n"}
,{"stream_name":"stdout","time":301.882233347,"data":"SECONDARY_EDGE_TTA_ACTIVE views= 8 weight= 0.75 mean_abs_feat_delta= 0.241296\n"}
,{"stream_name":"stdout","time":301.887160403,"data":"SECONDARY_EDGE_TTA_ACTIVE views= 8 weight= 0.75 mean_abs_feat_delta= 0.302383\n"}
,{"stream_name":"stdout","time":302.021683196,"data":"BIOHUB_RETENTION_GUARD {\"blended_candidates\": 363, \"dataset\": \"44b6_0b24845f\", \"frame\": 0, \"minimum_retention\": 0.9, \"primary_candidates\": 424, \"retention\": 0.8561320754716981, \"use_primary\": true}\n"}
,{"stream_name":"stdout","time":302.023186337,"data":"BIOHUB_RETENTION_GUARD {\"blended_candidates\": 366, \"dataset\": \"44b6_0b24845f\", \"frame\": 1, \"minimum_retention\": 0.9, \"primary_candidates\": 425, \"retention\": 0.8611764705882353, \"use_primary\": true}\n"}
,{"stream_name":"stdout","time":302.084624301,"data":"SECONDARY_EDGE_TTA_ACTIVE views= 8 weight= 0.75 mean_abs_feat_delta= 0.241296\n"}
,{"stream_name":"stdout","time":302.084677983,"data":"SECONDARY_EDGE_TTA_ACTIVE views= 8 weight= 0.75 mean_abs_feat_delta= 0.302383\n"}
,{"stream_name":"stdout","time":302.084684231,"data":"BIOHUB_RETENTION_GUARD {\"blended_candidates\": 363, \"dataset\": \"44b6_0b24845f\", \"frame\": 0, \"minimum_retention\": 0.9, \"primary_candidates\": 424, \"retention\": 0.8561320754716981, \"use_primary\": true}\n"}
,{"stream_name":"stdout","time":302.084690933,"data":"BIOHUB_RETENTION_GUARD {\"blended_candidates\": 366, \"dataset\": \"44b6_0b24845f\", \"frame\": 1, \"minimum_retention\": 0.9, \"primary_candidates\": 425, \"retention\": 0.8611764705882353, \"use_primary\": true}\n"}
,{"stream_name":"stdout","time":306.140591034,"data":"EDGE_TTA_ACTIVE views= 8 mean_abs_feat_delta= 0.379981\n"}
,{"stream_name":"stdout","time":306.149844074,"data":"EDGE_TTA_ACTIVE views= 8 mean_abs_feat_delta= 0.33888\n"}
,{"stream_name":"stdout","time":306.343227319,"data":"EDGE_TTA_ACTIVE views= 8 mean_abs_feat_delta= 0.379981\n"}
,{"stream_name":"stdout","time":306.343254843,"data":"EDGE_TTA_ACTIVE views= 8 mean_abs_feat_delta= 0.33888\n"}
,{"stream_name":"stdout","time":307.00025545,"data":"SECONDARY_EDGE_TTA_ACTIVE views= 8 weight= 0.75 mean_abs_feat_delta= 0.241863\n"}
,{"stream_name":"stdout","time":307.015148595,"data":"SECONDARY_EDGE_TTA_ACTIVE views= 8 weight= 0.75 mean_abs_feat_delta= 0.311038\n"}
,{"stream_name":"stdout","time":307.019185245,"data":"BIOHUB_RETENTION_GUARD {\"blended_candidates\": 310, \"dataset\": \"44b6_0b24845f\", \"frame\": 2, \"minimum_retention\": 0.9, \"primary_candidates\": 375, \"retention\": 0.8266666666666667, \"use_primary\": true}\n"}
,{"stream_name":"stdout","time":307.202906163,"data":"SECONDARY_EDGE_TTA_ACTIVE views= 8 weight= 0.75 mean_abs_feat_delta= 0.241863\n"}
,{"stream_name":"stdout","time":307.202943021,"data":"SECONDARY_EDGE_TTA_ACTIVE views= 8 weight= 0.75 mean_abs_feat_delta= 0.311038\n"}
,{"stream_name":"stdout","time":307.202949186,"data":"BIOHUB_RETENTION_GUARD {\"blended_candidates\": 310, \"dataset\": \"44b6_0b24845f\", \"frame\": 2, \"minimum_retention\": 0.9, \"primary_candidates\": 375, \"retention\": 0.8266666666666667, \"use_primary\": true}\n"}
,{"stream_name":"stdout","time":307.947266111,"data":"EDGE_TTA_ACTIVE views= 8 mean_abs_feat_delta= 0.337225\n"}
,{"stream_name":"stdout","time":308.083297612,"data":"EDGE_TTA_ACTIVE views= 8 mean_abs_feat_delta= 0.372237\n"}
,{"stream_name":"stdout","time":308.150761078,"data":"EDGE_TTA_ACTIVE views= 8 mean_abs_feat_delta= 0.337225\n"}
,{"stream_name":"stdout","time":308.150784408,"data":"EDGE_TTA_ACTIVE views= 8 mean_abs_feat_delta= 0.372237\n"}
,{"stream_name":"stdout","time":308.802025212,"data":"SECONDARY_EDGE_TTA_ACTIVE views= 8 weight= 0.75 mean_abs_feat_delta= 0.241473\n"}
,{"stream_name":"stdout","time":308.957326619,"data":"SECONDARY_EDGE_TTA_ACTIVE views= 8 weight= 0.75 mean_abs_feat_delta= 0.310033\n"}
,{"stream_name":"stdout","time":309.004496005,"data":"SECONDARY_EDGE_TTA_ACTIVE views= 8 weight= 0.75 mean_abs_feat_delta= 0.241473\n"}
,{"stream_name":"stdout","time":309.004520414,"data":"SECONDARY_EDGE_TTA_ACTIVE views= 8 weight= 0.75 mean_abs_feat_delta= 0.310033\n"}
,{"stream_name":"stdout","time":309.762676173,"data":"EDGE_TTA_ACTIVE views= 8 mean_abs_feat_delta= 0.33825\n"}
,{"stream_name":"stdout","time":309.959263879,"data":"EDGE_TTA_ACTIVE views= 8 mean_abs_feat_delta= 0.378541\n"}
,{"stream_name":"stdout","time":309.964830252,"data":"EDGE_TTA_ACTIVE views= 8 mean_abs_feat_delta= 0.33825\n"}
,{"stream_name":"stdout","time":309.964897532,"data":"EDGE_TTA_ACTIVE views= 8 mean_abs_feat_delta= 0.378541\n"}
,{"stream_name":"stdout","time":310.617112536,"data":"SECONDARY_EDGE_TTA_ACTIVE views= 8 weight= 0.75 mean_abs_feat_delta= 0.240817\n"}
,{"stream_name":"stdout","time":310.81977443,"data":"SECONDARY_EDGE_TTA_ACTIVE views= 8 weight= 0.75 mean_abs_feat_delta= 0.240817\n"}
,{"stream_name":"stdout","time":310.834027336,"data":"SECONDARY_EDGE_TTA_ACTIVE views= 8 weight= 0.75 mean_abs_feat_delta= 0.304955\n"}
,{"stream_name":"stdout","time":310.837985217,"data":"BIOHUB_RETENTION_GUARD {\"blended_candidates\": 321, \"dataset\": \"44b6_0b24845f\", \"frame\": 4, \"minimum_retention\": 0.9, \"primary_candidates\": 378, \"retention\": 0.8492063492063492, \"use_primary\": true}\n"}
,{"stream_name":"stdout","time":311.037789817,"data":"SECONDARY_EDGE_TTA_ACTIVE views= 8 weight= 0.75 mean_abs_feat_delta= 0.304955\n"}
,{"stream_name":"stdout","time":311.037823403,"data":"BIOHUB_RETENTION_GUARD {\"blended_candidates\": 321, \"dataset\": \"44b6_0b24845f\", \"frame\": 4, \"minimum_retention\": 0.9, \"primary_candidates\": 378, \"retention\": 0.8492063492063492, \"use_primary\": true}\n"}
,{"stream_name":"stdout","time":311.569813485,"data":"EDGE_TTA_ACTIVE views= 8 mean_abs_feat_delta= 0.339442\n"}
,{"stream_name":"stdout","time":311.772346892,"data":"EDGE_TTA_ACTIVE views= 8 mean_abs_feat_delta= 0.339442\n"}
,{"stream_name":"stdout","time":311.874590979,"data":"EDGE_TTA_ACTIVE views= 8 mean_abs_feat_delta= 0.38179\n"}
,{"stream_name":"stdout","time":312.077061672,"data":"EDGE_TTA_ACTIVE views= 8 mean_abs_feat_delta= 0.38179\n"}
,{"stream_name":"stdout","time":312.427619402,"data":"SECONDARY_EDGE_TTA_ACTIVE views= 8 weight= 0.75 mean_abs_feat_delta= 0.244119\n"}
,{"stream_name":"stdout","time":312.630163475,"data":"SECONDARY_EDGE_TTA_ACTIVE views= 8 weight= 0.75 mean_abs_feat_delta= 0.244119\n"}
,{"stream_name":"stdout","time":312.751976462,"data":"SECONDARY_EDGE_TTA_ACTIVE views= 8 weight= 0.75 mean_abs_feat_delta= 0.312505\n"}
,{"stream_name":"stdout","time":312.756054927,"data":"BIOHUB_RETENTION_GUARD {\"blended_candidates\": 311, \"dataset\": \"44b6_0b24845f\", \"frame\": 5, \"minimum_retention\": 0.9, \"primary_candidates\": 349, \"retention\": 0.8911174785100286, \"use_primary\": true}\n"}
,{"stream_name":"stdout","time":312.954376733,"data":"SECONDARY_EDGE_TTA_ACTIVE views= 8 weight= 0.75 mean_abs_feat_delta= 0.312505\n"}
,{"stream_name":"stdout","time":312.954407013,"data":"BIOHUB_RETENTION_GUARD {\"blended_candidates\": 311, \"dataset\": \"44b6_0b24845f\", \"frame\": 5, \"minimum_retention\": 0.9, \"primary_candidates\": 349, \"retention\": 0.8911174785100286, \"use_primary\": true}\n"}
,{"stream_name":"stdout","time":313.407728171,"data":"EDGE_TTA_ACTIVE views= 8 mean_abs_feat_delta= 0.344274\n"}
,{"stream_name":"stdout","time":313.610137481,"data":"EDGE_TTA_ACTIVE views= 8 mean_abs_feat_delta= 0.344274\n"}
,{"stream_name":"stdout","time":313.788715615,"data":"EDGE_TTA_ACTIVE views= 8 mean_abs_feat_delta= 0.38122\n"}
,{"stream_name":"stdout","time":313.991169142,"data":"EDGE_TTA_ACTIVE views= 8 mean_abs_feat_delta= 0.38122\n"}
,{"stream_name":"stdout","time":314.268911526,"data":"SECONDARY_EDGE_TTA_ACTIVE views= 8 weight= 0.75 mean_abs_feat_delta= 0.242121\n"}
,{"stream_name":"stdout","time":314.471296625,"data":"SECONDARY_EDGE_TTA_ACTIVE views= 8 weight= 0.75 mean_abs_feat_delta= 0.242121\n"}
,{"stream_name":"stdout","time":314.668751564,"data":"SECONDARY_EDGE_TTA_ACTIVE views= 8 weight= 0.75 mean_abs_feat_delta= 0.322813\n"}
,{"stream_name":"stdout","time":314.672951205,"data":"BIOHUB_RETENTION_GUARD {\"blended_candidates\": 317, \"dataset\": \"44b6_0b24845f\", \"frame\": 6, \"minimum_retention\": 0.9, \"primary_candidates\": 383, \"retention\": 0.8276762402088773, \"use_primary\": true}\n"}
,{"stream_name":"stdout","time":314.87115404,"data":"SECONDARY_EDGE_TTA_ACTIVE views= 8 weight= 0.75 mean_abs_feat_delta= 0.322813\n"}
,{"stream_name":"stdout","time":314.871186289,"data":"BIOHUB_RETENTION_GUARD {\"blended_candidates\": 317, \"dataset\": \"44b6_0b24845f\", \"frame\": 6, \"minimum_retention\": 0.9, \"primary_candidates\": 383, \"retention\": 0.8276762402088773, \"use_primary\": true}\n"}
,{"stream_name":"stdout","time":315.284315006,"data":"EDGE_TTA_ACTIVE views= 8 mean_abs_feat_delta= 0.349275\n"}
,{"stream_name":"stdout","time":315.486815758,"data":"EDGE_TTA_ACTIVE views= 8 mean_abs_feat_delta= 0.349275\n"}
,{"stream_name":"stdout","time":315.699245456,"data":"EDGE_TTA_ACTIVE views= 8 mean_abs_feat_delta= 0.38268\n"}
,{"stream_name":"stdout","time":315.901262748,"data":"EDGE_TTA_ACTIVE views= 8 mean_abs_feat_delta= 0.38268\n"}
,{"stream_name":"stdout","time":316.15011746,"data":"SECONDARY_EDGE_TTA_ACTIVE views= 8 weight= 0.75 mean_abs_feat_delta= 0.249359\n"}
,{"stream_name":"stdout","time":316.352181528,"data":"SECONDARY_EDGE_TTA_ACTIVE views= 8 weight= 0.75 mean_abs_feat_delta= 0.249359\n"}
,{"stream_name":"stdout","time":316.583778315,"data":"SECONDARY_EDGE_TTA_ACTIVE views= 8 weight= 0.75 mean_abs_feat_delta= 0.324318\n"}
,{"stream_name":"stdout","time":316.587974931,"data":"BIOHUB_RETENTION_GUARD {\"blended_candidates\": 302, \"dataset\": \"44b6_0b24845f\", \"frame\": 7, \"minimum_retention\": 0.9, \"primary_candidates\": 361, \"retention\": 0.8365650969529086, \"use_primary\": true}\n"}
,{"stream_name":"stdout","time":316.78629006,"data":"SECONDARY_EDGE_TTA_ACTIVE views= 8 weight= 0.75 mean_abs_feat_delta= 0.324318\n"}
,{"stream_name":"stdout","time":316.786314979,"data":"BIOHUB_RETENTION_GUARD {\"blended_candidates\": 302, \"dataset\": \"44b6_0b24845f\", \"frame\": 7, \"minimum_retention\": 0.9, \"primary_candidates\": 361, \"retention\": 0.8365650969529086, \"use_primary\": true}\n"}
,{"stream_name":"stdout","time":317.119927513,"data":"EDGE_TTA_ACTIVE views= 8 mean_abs_feat_delta= 0.349587\n"}
,{"stream_name":"stdout","time":317.322192437,"data":"EDGE_TTA_ACTIVE views= 8 mean_abs_feat_delta= 0.349587\n"}
,{"stream_name":"stdout","time":317.653852407,"data":"EDGE_TTA_ACTIVE views= 8 mean_abs_feat_delta= 0.389949\n"}
,{"stream_name":"stdout","time":317.856126564,"data":"EDGE_TTA_ACTIVE views= 8 mean_abs_feat_delta= 0.389949\n"}
,{"stream_name":"stdout","time":317.986469486,"data":"SECONDARY_EDGE_TTA_ACTIVE views= 8 weight= 0.75 mean_abs_feat_delta= 0.250563\n"}
,{"stream_name":"stdout","time":318.189942777,"data":"SECONDARY_EDGE_TTA_ACTIVE views= 8 weight= 0.75 mean_abs_feat_delta= 0.250563\n"}
,{"stream_name":"stdout","time":318.544140764,"data":"SECONDARY_EDGE_TTA_ACTIVE views= 8 weight= 0.75 mean_abs_feat_delta= 0.317914\n"}
,{"stream_name":"stdout","time":318.54819664,"data":"BIOHUB_RETENTION_GUARD {\"blended_candidates\": 364, \"dataset\": \"44b6_0b24845f\", \"frame\": 8, \"minimum_retention\": 0.9, \"primary_candidates\": 416, \"retention\": 0.875, \"use_primary\": true}\n"}
,{"stream_name":"stdout","time":318.746529141,"data":"SECONDARY_EDGE_TTA_ACTIVE views= 8 weight= 0.75 mean_abs_feat_delta= 0.317914\n"}
,{"stream_name":"stdout","time":318.746602609,"data":"BIOHUB_RETENTION_GUARD {\"blended_candidates\": 364, \"dataset\": \"44b6_0b24845f\", \"frame\": 8, \"minimum_retention\": 0.9, \"primary_candidates\": 416, \"retention\": 0.875, \"use_primary\": true}\n"}
,{"stream_name":"stdout","time":319.039285671,"data":"EDGE_TTA_ACTIVE views= 8 mean_abs_feat_delta= 0.344645\n"}
,{"stream_name":"stdout","time":319.241632774,"data":"EDGE_TTA_ACTIVE views= 8 mean_abs_feat_delta= 0.344645\n"}
,{"stream_name":"stdout","time":319.623818668,"data":"EDGE_TTA_ACTIVE views= 8 mean_abs_feat_delta= 0.3924\n"}
,{"stream_name":"stdout","time":319.826069075,"data":"EDGE_TTA_ACTIVE views= 8 mean_abs_feat_delta= 0.3924\n"}
,{"stream_name":"stdout","time":319.910214822,"data":"SECONDARY_EDGE_TTA_ACTIVE views= 8 weight= 0.75 mean_abs_feat_delta= 0.250314\n"}
,{"stream_name":"stdout","time":320.11272246,"data":"SECONDARY_EDGE_TTA_ACTIVE views= 8 weight= 0.75 mean_abs_feat_delta= 0.250314\n"}
,{"stream_name":"stdout","time":320.509023403,"data":"SECONDARY_EDGE_TTA_ACTIVE views= 8 weight= 0.75 mean_abs_feat_delta= 0.316402\n"}
,{"stream_name":"stdout","time":320.513141056,"data":"BIOHUB_RETENTION_GUARD {\"blended_candidates\": 352, \"dataset\": \"44b6_0b24845f\", \"frame\": 9, \"minimum_retention\": 0.9, \"primary_candidates\": 415, \"retention\": 0.8481927710843373, \"use_primary\": true}\n"}
,{"stream_name":"stdout","time":320.711904695,"data":"SECONDARY_EDGE_TTA_ACTIVE views= 8 weight= 0.75 mean_abs_feat_delta= 0.316402\n"}
,{"stream_name":"stdout","time":320.711973299,"data":"BIOHUB_RETENTION_GUARD {\"blended_candidates\": 352, \"dataset\": \"44b6_0b24845f\", \"frame\": 9, \"minimum_retention\": 0.9, \"primary_candidates\": 415, \"retention\": 0.8481927710843373, \"use_primary\": true}\n"}
,{"stream_name":"stdout","time":320.903514171,"data":"EDGE_TTA_ACTIVE views= 8 mean_abs_feat_delta= 0.345022\n"}
,{"stream_name":"stdout","time":321.106237223,"data":"EDGE_TTA_ACTIVE views= 8 mean_abs_feat_delta= 0.345022\n"}
,{"stream_name":"stdout","time":321.569823013,"data":"EDGE_TTA_ACTIVE views= 8 mean_abs_feat_delta= 0.3864\n"}
,{"stream_name":"stdout","time":321.772382527,"data":"EDGE_TTA_ACTIVE views= 8 mean_abs_feat_delta= 0.3864\n"}
,{"stream_name":"stdout","time":321.774489286,"data":"SECONDARY_EDGE_TTA_ACTIVE views= 8 weight= 0.75 mean_abs_feat_delta= 0.250241\n"}
,{"stream_name":"stdout","time":321.976973673,"data":"SECONDARY_EDGE_TTA_ACTIVE views= 8 weight= 0.75 mean_abs_feat_delta= 0.250241\n"}
,{"stream_name":"stdout","time":322.461498838,"data":"SECONDARY_EDGE_TTA_ACTIVE views= 8 weight= 0.75 mean_abs_feat_delta= 0.330077\n"}
,{"stream_name":"stdout","time":322.465779398,"data":"BIOHUB_RETENTION_GUARD {\"blended_candidates\": 326, \"dataset\": \"44b6_0b24845f\", \"frame\": 10, \"minimum_retention\": 0.9, \"primary_candidates\": 394, \"retention\": 0.8274111675126904, \"use_primary\": true}\n"}
,{"stream_name":"stdout","time":322.664068688,"data":"SECONDARY_EDGE_TTA_ACTIVE views= 8 weight= 0.75 mean_abs_feat_delta= 0.330077\n"}
,{"stream_name":"stdout","time":322.664117567,"data":"BIOHUB_RETENTION_GUARD {\"blended_candidates\": 326, \"dataset\": \"44b6_0b24845f\", \"frame\": 10, \"minimum_retention\": 0.9, \"primary_candidates\": 394, \"retention\": 0.8274111675126904, \"use_primary\": true}\n"}
,{"stream_name":"stdout","time":322.770923867,"data":"EDGE_TTA_ACTIVE views= 8 mean_abs_feat_delta= 0.353174\n"}
,{"stream_name":"stdout","time":322.986664297,"data":"EDGE_TTA_ACTIVE views= 8 mean_abs_feat_delta= 0.353174\n"}
,{"stream_name":"stdout","time":323.517577319,"data":"EDGE_TTA_ACTIVE views= 8 mean_abs_feat_delta= 0.377909\n"}
,{"stream_name":"stdout","time":323.645901348,"data":"SECONDARY_EDGE_TTA_ACTIVE views= 8 weight= 0.75 mean_abs_feat_delta= 0.251866\n"}
,{"stream_name":"stdout","time":323.720043858,"data":"EDGE_TTA_ACTIVE views= 8 mean_abs_feat_delta= 0.377909\n"}
,{"stream_name":"stdout","time":323.720113722,"data":"SECONDARY_EDGE_TTA_ACTIVE views= 8 weight= 0.75 mean_abs_feat_delta= 0.251866\n"}
,{"stream_name":"stdout","time":324.410876635,"data":"SECONDARY_EDGE_TTA_ACTIVE views= 8 weight= 0.75 mean_abs_feat_delta= 0.319012\n"}
,{"stream_name":"stdout","time":324.415423808,"data":"BIOHUB_RETENTION_GUARD {\"blended_candidates\": 363, \"dataset\": \"44b6_0b24845f\", \"frame\": 11, \"minimum_retention\": 0.9, \"primary_candidates\": 432, \"retention\": 0.8402777777777778, \"use_primary\": true}\n"}
,{"stream_name":"stdout","time":324.61365977,"data":"SECONDARY_EDGE_TTA_ACTIVE views= 8 weight= 0.75 mean_abs_feat_delta= 0.319012\n"}
,{"stream_name":"stdout","time":324.613689339,"data":"BIOHUB_RETENTION_GUARD {\"blended_candidates\": 363, \"dataset\": \"44b6_0b24845f\", \"frame\": 11, \"minimum_retention\": 0.9, \"primary_candidates\": 432, \"retention\": 0.8402777777777778, \"use_primary\": true}\n"}
,{"stream_name":"stdout","time":324.652640793,"data":"EDGE_TTA_ACTIVE views= 8 mean_abs_feat_delta= 0.344145\n"}
,{"stream_name":"stdout","time":324.855228027,"data":"EDGE_TTA_ACTIVE views= 8 mean_abs_feat_delta= 0.344145\n"}
,{"stream_name":"stdout","time":325.445614159,"data":"EDGE_TTA_ACTIVE views= 8 mean_abs_feat_delta= 0.38012\n"}
,{"stream_name":"stdout","time":325.528559316,"data":"SECONDARY_EDGE_TTA_ACTIVE views= 8 weight= 0.75 mean_abs_feat_delta= 0.251033\n"}
,{"stream_name":"stdout","time":325.648578024,"data":"EDGE_TTA_ACTIVE views= 8 mean_abs_feat_delta= 0.38012\n"}
,{"stream_name":"stdout","time":325.648611952,"data":"SECONDARY_EDGE_TTA_ACTIVE views= 8 weight= 0.75 mean_abs_feat_delta= 0.251033\n"}
,{"stream_name":"stdout","time":326.340298627,"data":"SECONDARY_EDGE_TTA_ACTIVE views= 8 weight= 0.75 mean_abs_feat_delta= 0.329473\n"}
,{"stream_name":"stdout","time":326.344629428,"data":"BIOHUB_RETENTION_GUARD {\"blended_candidates\": 300, \"dataset\": \"44b6_0b24845f\", \"frame\": 12, \"minimum_retention\": 0.9, \"primary_candidates\": 337, \"retention\": 0.8902077151335311, \"use_primary\": true}\n"}
,{"stream_name":"stdout","time":326.499231296,"data":"EDGE_TTA_ACTIVE views= 8 mean_abs_feat_delta= 0.343955\n"}
,{"stream_name":"stdout","time":326.542785578,"data":"SECONDARY_EDGE_TTA_ACTIVE views= 8 weight= 0.75 mean_abs_feat_delta= 0.329473\n"}
,{"stream_name":"stdout","time":326.542816452,"data":"BIOHUB_RETENTION_GUARD {\"blended_candidates\": 300, \"dataset\": \"44b6_0b24845f\", \"frame\": 12, \"minimum_retention\": 0.9, \"primary_candidates\": 337, \"retention\": 0.8902077151335311, \"use_primary\": true}\n"}
,{"stream_name":"stdout","time":326.542822429,"data":"EDGE_TTA_ACTIVE views= 8 mean_abs_feat_delta= 0.343955\n"}
,{"stream_name":"stdout","time":327.371707922,"data":"EDGE_TTA_ACTIVE views= 8 mean_abs_feat_delta= 0.387206\n"}
,{"stream_name":"stdout","time":327.379761163,"data":"SECONDARY_EDGE_TTA_ACTIVE views= 8 weight= 0.75 mean_abs_feat_delta= 0.246416\n"}
,{"stream_name":"stdout","time":327.574257507,"data":"EDGE_TTA_ACTIVE views= 8 mean_abs_feat_delta= 0.387206\n"}
,{"stream_name":"stdout","time":327.574287356,"data":"SECONDARY_EDGE_TTA_ACTIVE views= 8 weight= 0.75 mean_abs_feat_delta= 0.246416\n"}
,{"stream_name":"stdout","time":328.268818259,"data":"SECONDARY_EDGE_TTA_ACTIVE views= 8 weight= 0.75 mean_abs_feat_delta= 0.325788\n"}
,{"stream_name":"stdout","time":328.273030001,"data":"BIOHUB_RETENTION_GUARD {\"blended_candidates\": 305, \"dataset\": \"44b6_0b24845f\", \"frame\": 13, \"minimum_retention\": 0.9, \"primary_candidates\": 353, \"retention\": 0.8640226628895185, \"use_primary\": true}\n"}
,{"stream_name":"stdout","time":328.411819687,"data":"EDGE_TTA_ACTIVE views= 8 mean_abs_feat_delta= 0.339826\n"}
,{"stream_name":"stdout","time":328.471434691,"data":"SECONDARY_EDGE_TTA_ACTIVE views= 8 weight= 0.75 mean_abs_feat_delta= 0.325788\n"}
,{"stream_name":"stdout","time":328.471466601,"data":"BIOHUB_RETENTION_GUARD {\"blended_candidates\": 305, \"dataset\": \"44b6_0b24845f\", \"frame\": 13, \"minimum_retention\": 0.9, \"primary_candidates\": 353, \"retention\": 0.8640226628895185, \"use_primary\": true}\n"}
,{"stream_name":"stdout","time":328.471473554,"data":"EDGE_TTA_ACTIVE views= 8 mean_abs_feat_delta= 0.339826\n"}
,{"stream_name":"stdout","time":329.291669282,"data":"SECONDARY_EDGE_TTA_ACTIVE views= 8 weight= 0.75 mean_abs_feat_delta= 0.24723\n"}
,{"stream_name":"stdout","time":329.323998503,"data":"EDGE_TTA_ACTIVE views= 8 mean_abs_feat_delta= 0.385922\n"}
,{"stream_name":"stdout","time":329.49421479,"data":"SECONDARY_EDGE_TTA_ACTIVE views= 8 weight= 0.75 mean_abs_feat_delta= 0.24723\n"}
,{"stream_name":"stdout","time":329.494380695,"data":"EDGE_TTA_ACTIVE views= 8 mean_abs_feat_delta= 0.385922\n"}
,{"stream_name":"stdout","time":330.221731638,"data":"SECONDARY_EDGE_TTA_ACTIVE views= 8 weight= 0.75 mean_abs_feat_delta= 0.321221\n"}
,{"stream_name":"stdout","time":330.225801579,"data":"BIOHUB_RETENTION_GUARD {\"blended_candidates\": 309, \"dataset\": \"44b6_0b24845f\", \"frame\": 14, \"minimum_retention\": 0.9, \"primary_candidates\": 351, \"retention\": 0.8803418803418803, \"use_primary\": true}\n"}
,{"stream_name":"stdout","time":330.281832286,"data":"EDGE_TTA_ACTIVE views= 8 mean_abs_feat_delta= 0.340195\n"}
,{"stream_name":"stdout","time":330.424385792,"data":"SECONDARY_EDGE_TTA_ACTIVE views= 8 weight= 0.75 mean_abs_feat_delta= 0.321221\n"}
,{"stream_name":"stdout","time":330.424415313,"data":"BIOHUB_RETENTION_GUARD {\"blended_candidates\": 309, \"dataset\": \"44b6_0b24845f\", \"frame\": 14, \"minimum_retention\": 0.9, \"primary_candidates\": 351, \"retention\": 0.8803418803418803, \"use_primary\": true}\n"}
,{"stream_name":"stdout","time":330.424421304,"data":"EDGE_TTA_ACTIVE views= 8 mean_abs_feat_delta= 0.340195\n"}
,{"stream_name":"stdout","time":331.16800539,"data":"SECONDARY_EDGE_TTA_ACTIVE views= 8 weight= 0.75 mean_abs_feat_delta= 0.248395\n"}
,{"stream_name":"stdout","time":331.28326604,"data":"EDGE_TTA_ACTIVE views= 8 mean_abs_feat_delta= 0.383421\n"}
,{"stream_name":"stdout","time":331.370751966,"data":"SECONDARY_EDGE_TTA_ACTIVE views= 8 weight= 0.75 mean_abs_feat_delta= 0.248395\n"}
,{"stream_name":"stdout","time":331.37078918,"data":"EDGE_TTA_ACTIVE views= 8 mean_abs_feat_delta= 0.383421\n"}
,{"stream_name":"stdout","time":332.180503186,"data":"EDGE_TTA_ACTIVE views= 8 mean_abs_feat_delta= 0.334676\n"}
,{"stream_name":"stdout","time":332.185434042,"data":"SECONDARY_EDGE_TTA_ACTIVE views= 8 weight= 0.75 mean_abs_feat_delta= 0.315824\n"}
,{"stream_name":"stdout","time":332.382988129,"data":"EDGE_TTA_ACTIVE views= 8 mean_abs_feat_delta= 0.334676\n"}
,{"stream_name":"stdout","time":332.383017698,"data":"SECONDARY_EDGE_TTA_ACTIVE views= 8 weight= 0.75 mean_abs_feat_delta= 0.315824\n"}
,{"stream_name":"stdout","time":333.065386432,"data":"SECONDARY_EDGE_TTA_ACTIVE views= 8 weight= 0.75 mean_abs_feat_delta= 0.24312\n"}
,{"stream_name":"stdout","time":333.206272761,"data":"EDGE_TTA_ACTIVE views= 8 mean_abs_feat_delta= 0.389792\n"}
,{"stream_name":"stdout","time":333.268055074,"data":"SECONDARY_EDGE_TTA_ACTIVE views= 8 weight= 0.75 mean_abs_feat_delta= 0.24312\n"}
,{"stream_name":"stdout","time":333.268117407,"data":"EDGE_TTA_ACTIVE views= 8 mean_abs_feat_delta= 0.389792\n"}
,{"stream_name":"stdout","time":334.102303045,"data":"EDGE_TTA_ACTIVE views= 8 mean_abs_feat_delta= 0.337047\n"}
,{"stream_name":"stdout","time":334.110625827,"data":"SECONDARY_EDGE_TTA_ACTIVE views= 8 weight= 0.75 mean_abs_feat_delta= 0.310347\n"}
,{"stream_name":"stdout","time":334.304612354,"data":"EDGE_TTA_ACTIVE views= 8 mean_abs_feat_delta= 0.337047\n"}
,{"stream_name":"stdout","time":334.30464661,"data":"SECONDARY_EDGE_TTA_ACTIVE views= 8 weight= 0.75 mean_abs_feat_delta= 0.310347\n"}
,{"stream_name":"stdout","time":335.004173537,"data":"SECONDARY_EDGE_TTA_ACTIVE views= 8 weight= 0.75 mean_abs_feat_delta= 0.246315\n"}
,{"stream_name":"stdout","time":335.188706957,"data":"EDGE_TTA_ACTIVE views= 8 mean_abs_feat_delta= 0.392596\n"}
,{"stream_name":"stdout","time":335.206953768,"data":"SECONDARY_EDGE_TTA_ACTIVE views= 8 weight= 0.75 mean_abs_feat_delta= 0.246315\n"}
,{"stream_name":"stdout","time":335.206977419,"data":"EDGE_TTA_ACTIVE views= 8 mean_abs_feat_delta= 0.392596\n"}
,{"stream_name":"stdout","time":336.003319114,"data":"EDGE_TTA_ACTIVE views= 8 mean_abs_feat_delta= 0.331493\n"}
,{"stream_name":"stdout","time":336.094725032,"data":"SECONDARY_EDGE_TTA_ACTIVE views= 8 weight= 0.75 mean_abs_feat_delta= 0.312375\n"}
,{"stream_name":"stdout","time":336.099051204,"data":"BIOHUB_RETENTION_GUARD {\"blended_candidates\": 318, \"dataset\": \"44b6_0b24845f\", \"frame\": 17, \"minimum_retention\": 0.9, \"primary_candidates\": 355, \"retention\": 0.895774647887324, \"use_primary\": true}\n"}
,{"stream_name":"stdout","time":336.205526628,"data":"EDGE_TTA_ACTIVE views= 8 mean_abs_feat_delta= 0.331493\n"}
,{"stream_name":"stdout","time":336.205549262,"data":"SECONDARY_EDGE_TTA_ACTIVE views= 8 weight= 0.75 mean_abs_feat_delta= 0.312375\n"}
,{"stream_name":"stdout","time":336.205553585,"data":"BIOHUB_RETENTION_GUARD {\"blended_candidates\": 318, \"dataset\": \"44b6_0b24845f\", \"frame\": 17, \"minimum_retention\": 0.9, \"primary_candidates\": 355, \"retention\": 0.895774647887324, \"use_primary\": true}\n"}
,{"stream_name":"stdout","time":336.890833656,"data":"SECONDARY_EDGE_TTA_ACTIVE views= 8 weight= 0.75 mean_abs_feat_delta= 0.247721\n"}
,{"stream_name":"stdout","time":337.093417612,"data":"SECONDARY_EDGE_TTA_ACTIVE views= 8 weight= 0.75 mean_abs_feat_delta= 0.247721\n"}
,{"stream_name":"stdout","time":337.133442718,"data":"EDGE_TTA_ACTIVE views= 8 mean_abs_feat_delta= 0.387526\n"}
,{"stream_name":"stdout","time":337.335443649,"data":"EDGE_TTA_ACTIVE views= 8 mean_abs_feat_delta= 0.387526\n"}
,{"stream_name":"stdout","time":337.902197233,"data":"EDGE_TTA_ACTIVE views= 8 mean_abs_feat_delta= 0.334496\n"}
,{"stream_name":"stdout","time":338.041609275,"data":"SECONDARY_EDGE_TTA_ACTIVE views= 8 weight= 0.75 mean_abs_feat_delta= 0.303381\n"}
,{"stream_name":"stdout","time":338.104471203,"data":"EDGE_TTA_ACTIVE views= 8 mean_abs_feat_delta= 0.334496\n"}
,{"stream_name":"stdout","time":338.104490526,"data":"SECONDARY_EDGE_TTA_ACTIVE views= 8 weight= 0.75 mean_abs_feat_delta= 0.303381\n"}
,{"stream_name":"stdout","time":338.791146399,"data":"SECONDARY_EDGE_TTA_ACTIVE views= 8 weight= 0.75 mean_abs_feat_delta= 0.250731\n"}
,{"stream_name":"stdout","time":338.994135617,"data":"SECONDARY_EDGE_TTA_ACTIVE views= 8 weight= 0.75 mean_abs_feat_delta= 0.250731\n"}
,{"stream_name":"stdout","time":339.078728086,"data":"EDGE_TTA_ACTIVE views= 8 mean_abs_feat_delta= 0.377737\n"}
,{"stream_name":"stdout","time":339.281148358,"data":"EDGE_TTA_ACTIVE views= 8 mean_abs_feat_delta= 0.377737\n"}
,{"stream_name":"stdout","time":339.81465683,"data":"EDGE_TTA_ACTIVE views= 8 mean_abs_feat_delta= 0.337082\n"}
,{"stream_name":"stdout","time":339.988459483,"data":"SECONDARY_EDGE_TTA_ACTIVE views= 8 weight= 0.75 mean_abs_feat_delta= 0.304837\n"}
,{"stream_name":"stdout","time":340.017219725,"data":"EDGE_TTA_ACTIVE views= 8 mean_abs_feat_delta= 0.337082\n"}
,{"stream_name":"stdout","time":340.01724089,"data":"SECONDARY_EDGE_TTA_ACTIVE views= 8 weight= 0.75 mean_abs_feat_delta= 0.304837\n"}
,{"stream_name":"stdout","time":340.706698565,"data":"SECONDARY_EDGE_TTA_ACTIVE views= 8 weight= 0.75 mean_abs_feat_delta= 0.251546\n"}
,{"stream_name":"stdout","time":340.90899696500003,"data":"SECONDARY_EDGE_TTA_ACTIVE views= 8 weight= 0.75 mean_abs_feat_delta= 0.251546\n"}
,{"stream_name":"stdout","time":341.047033252,"data":"EDGE_TTA_ACTIVE views= 8 mean_abs_feat_delta= 0.376176\n"}
,{"stream_name":"stdout","time":341.24991916,"data":"EDGE_TTA_ACTIVE views= 8 mean_abs_feat_delta= 0.376176\n"}
,{"stream_name":"stdout","time":341.71064357,"data":"EDGE_TTA_ACTIVE views= 8 mean_abs_feat_delta= 0.332993\n"}
,{"stream_name":"stdout","time":341.912945883,"data":"EDGE_TTA_ACTIVE views= 8 mean_abs_feat_delta= 0.332993\n"}
,{"stream_name":"stdout","time":341.961594079,"data":"SECONDARY_EDGE_TTA_ACTIVE views= 8 weight= 0.75 mean_abs_feat_delta= 0.308386\n"}
,{"stream_name":"stdout","time":341.966280833,"data":"BIOHUB_RETENTION_GUARD {\"blended_candidates\": 279, \"dataset\": \"44b6_0b24845f\", \"frame\": 20, \"minimum_retention\": 0.9, \"primary_candidates\": 320, \"retention\": 0.871875, \"use_primary\": true}\n"}
,{"stream_name":"stdout","time":342.164224275,"data":"SECONDARY_EDGE_TTA_ACTIVE views= 8 weight= 0.75 mean_abs_feat_delta= 0.308386\n"}
,{"stream_name":"stdout","time":342.164251043,"data":"BIOHUB_RETENTION_GUARD {\"blended_candidates\": 279, \"dataset\": \"44b6_0b24845f\", \"frame\": 20, \"minimum_retention\": 0.9, \"primary_candidates\": 320, \"retention\": 0.871875, \"use_primary\": true}\n"}
,{"stream_name":"stdout","time":342.607487842,"data":"SECONDARY_EDGE_TTA_ACTIVE views= 8 weight= 0.75 mean_abs_feat_delta= 0.243961\n"}
,{"stream_name":"stdout","time":342.810076154,"data":"SECONDARY_EDGE_TTA_ACTIVE views= 8 weight= 0.75 mean_abs_feat_delta= 0.243961\n"}
,{"stream_name":"stdout","time":343.055576135,"data":"EDGE_TTA_ACTIVE views= 8 mean_abs_feat_delta= 0.374378\n"}
,{"stream_name":"stdout","time":343.258065136,"data":"EDGE_TTA_ACTIVE views= 8 mean_abs_feat_delta= 0.374378\n"}
,{"stream_name":"stdout","time":343.602716744,"data":"EDGE_TTA_ACTIVE views= 8 mean_abs_feat_delta= 0.333975\n"}
,{"stream_name":"stdout","time":343.805206074,"data":"EDGE_TTA_ACTIVE views= 8 mean_abs_feat_delta= 0.333975\n"}
,{"stream_name":"stdout","time":343.973644765,"data":"SECONDARY_EDGE_TTA_ACTIVE views= 8 weight= 0.75 mean_abs_feat_delta= 0.308855\n"}
,{"stream_name":"stdout","time":343.977988837,"data":"BIOHUB_RETENTION_GUARD {\"blended_candidates\": 253, \"dataset\": \"44b6_0b24845f\", \"frame\": 21, \"minimum_retention\": 0.9, \"primary_candidates\": 303, \"retention\": 0.834983498349835, \"use_primary\": true}\n"}
,{"stream_name":"stdout","time":344.17620245,"data":"SECONDARY_EDGE_TTA_ACTIVE views= 8 weight= 0.75 mean_abs_feat_delta= 0.308855\n"}
,{"stream_name":"stdout","time":344.176229553,"data":"BIOHUB_RETENTION_GUARD {\"blended_candidates\": 253, \"dataset\": \"44b6_0b24845f\", \"frame\": 21, \"minimum_retention\": 0.9, \"primary_candidates\": 303, \"retention\": 0.834983498349835, \"use_primary\": true}\n"}
,{"stream_name":"stdout","time":344.500166759,"data":"SECONDARY_EDGE_TTA_ACTIVE views= 8 weight= 0.75 mean_abs_feat_delta= 0.246515\n"}
,{"stream_name":"stdout","time":344.702629624,"data":"SECONDARY_EDGE_TTA_ACTIVE views= 8 weight= 0.75 mean_abs_feat_delta= 0.246515\n"}
,{"stream_name":"stdout","time":345.022181581,"data":"EDGE_TTA_ACTIVE views= 8 mean_abs_feat_delta= 0.375547\n"}
,{"stream_name":"stdout","time":345.224632819,"data":"EDGE_TTA_ACTIVE views= 8 mean_abs_feat_delta= 0.375547\n"}
,{"stream_name":"stdout","time":345.525317249,"data":"EDGE_TTA_ACTIVE views= 8 mean_abs_feat_delta= 0.333691\n"}
,{"stream_name":"stdout","time":345.727795285,"data":"EDGE_TTA_ACTIVE views= 8 mean_abs_feat_delta= 0.333691\n"}
,{"stream_name":"stdout","time":345.942346379,"data":"SECONDARY_EDGE_TTA_ACTIVE views= 8 weight= 0.75 mean_abs_feat_delta= 0.304234\n"}
,{"stream_name":"stdout","time":346.144761318,"data":"SECONDARY_EDGE_TTA_ACTIVE views= 8 weight= 0.75 mean_abs_feat_delta= 0.304234\n"}
,{"stream_name":"stdout","time":346.427276126,"data":"SECONDARY_EDGE_TTA_ACTIVE views= 8 weight= 0.75 mean_abs_feat_delta= 0.246702\n"}
,{"stream_name":"stdout","time":346.629638163,"data":"SECONDARY_EDGE_TTA_ACTIVE views= 8 weight= 0.75 mean_abs_feat_delta= 0.246702\n"}
,{"stream_name":"stdout","time":346.992027234,"data":"EDGE_TTA_ACTIVE views= 8 mean_abs_feat_delta= 0.37902\n"}
,{"stream_name":"stdout","time":347.194380465,"data":"EDGE_TTA_ACTIVE views= 8 mean_abs_feat_delta= 0.37902\n"}
,{"stream_name":"stdout","time":347.44895576,"data":"EDGE_TTA_ACTIVE views= 8 mean_abs_feat_delta= 0.340087\n"}
,{"stream_name":"stdout","time":347.651270049,"data":"EDGE_TTA_ACTIVE views= 8 mean_abs_feat_delta= 0.340087\n"}
,{"stream_name":"stdout","time":347.915001558,"data":"SECONDARY_EDGE_TTA_ACTIVE views= 8 weight= 0.75 mean_abs_feat_delta= 0.302135\n"}
,{"stream_name":"stdout","time":348.119445909,"data":"SECONDARY_EDGE_TTA_ACTIVE views= 8 weight= 0.75 mean_abs_feat_delta= 0.302135\n"}
,{"stream_name":"stdout","time":348.35471285,"data":"SECONDARY_EDGE_TTA_ACTIVE views= 8 weight= 0.75 mean_abs_feat_delta= 0.244351\n"}
,{"stream_name":"stdout","time":348.557112568,"data":"SECONDARY_EDGE_TTA_ACTIVE views= 8 weight= 0.75 mean_abs_feat_delta= 0.244351\n"}
,{"stream_name":"stdout","time":349.006001176,"data":"EDGE_TTA_ACTIVE views= 8 mean_abs_feat_delta= 0.379344\n"}
,{"stream_name":"stdout","time":349.208226395,"data":"EDGE_TTA_ACTIVE views= 8 mean_abs_feat_delta= 0.379344\n"}
,{"stream_name":"stdout","time":349.380962867,"data":"EDGE_TTA_ACTIVE views= 8 mean_abs_feat_delta= 0.339658\n"}
,{"stream_name":"stdout","time":349.583057365,"data":"EDGE_TTA_ACTIVE views= 8 mean_abs_feat_delta= 0.339658\n"}
,{"stream_name":"stdout","time":349.931623278,"data":"SECONDARY_EDGE_TTA_ACTIVE views= 8 weight= 0.75 mean_abs_feat_delta= 0.307807\n"}
,{"stream_name":"stdout","time":349.935679395,"data":"BIOHUB_RETENTION_GUARD {\"blended_candidates\": 253, \"dataset\": \"44b6_0b24845f\", \"frame\": 24, \"minimum_retention\": 0.9, \"primary_candidates\": 294, \"retention\": 0.8605442176870748, \"use_primary\": true}\n"}
,{"stream_name":"stdout","time":350.134026029,"data":"SECONDARY_EDGE_TTA_ACTIVE views= 8 weight= 0.75 mean_abs_feat_delta= 0.307807\n"}
,{"stream_name":"stdout","time":350.134078562,"data":"BIOHUB_RETENTION_GUARD {\"blended_candidates\": 253, \"dataset\": \"44b6_0b24845f\", \"frame\": 24, \"minimum_retention\": 0.9, \"primary_candidates\": 294, \"retention\": 0.8605442176870748, \"use_primary\": true}\n"}
,{"stream_name":"stdout","time":350.289620241,"data":"SECONDARY_EDGE_TTA_ACTIVE views= 8 weight= 0.75 mean_abs_feat_delta= 0.245794\n"}
,{"stream_name":"stdout","time":350.492534191,"data":"SECONDARY_EDGE_TTA_ACTIVE views= 8 weight= 0.75 mean_abs_feat_delta= 0.245794\n"}
,{"stream_name":"stdout","time":351.00920713,"data":"EDGE_TTA_ACTIVE views= 8 mean_abs_feat_delta= 0.381374\n"}
,{"stream_name":"stdout","time":351.211865403,"data":"EDGE_TTA_ACTIVE views= 8 mean_abs_feat_delta= 0.381374\n"}
,{"stream_name":"stdout","time":351.360330703,"data":"EDGE_TTA_ACTIVE views= 8 mean_abs_feat_delta= 0.334859\n"}
,{"stream_name":"stdout","time":351.562842212,"data":"EDGE_TTA_ACTIVE views= 8 mean_abs_feat_delta= 0.334859\n"}
,{"stream_name":"stdout","time":351.942041705,"data":"SECONDARY_EDGE_TTA_ACTIVE views= 8 weight= 0.75 mean_abs_feat_delta= 0.306042\n"}
,{"stream_name":"stdout","time":352.144210107,"data":"SECONDARY_EDGE_TTA_ACTIVE views= 8 weight= 0.75 mean_abs_feat_delta= 0.306042\n"}
,{"stream_name":"stdout","time":352.272380395,"data":"SECONDARY_EDGE_TTA_ACTIVE views= 8 weight= 0.75 mean_abs_feat_delta= 0.245053\n"}
,{"stream_name":"stdout","time":352.474909919,"data":"SECONDARY_EDGE_TTA_ACTIVE views= 8 weight= 0.75 mean_abs_feat_delta= 0.245053\n"}
,{"stream_name":"stdout","time":353.021698467,"data":"EDGE_TTA_ACTIVE views= 8 mean_abs_feat_delta= 0.387782\n"}
,{"stream_name":"stdout","time":353.24086366,"data":"EDGE_TTA_ACTIVE views= 8 mean_abs_feat_delta= 0.387782\n"}
,{"stream_name":"stdout","time":353.269285201,"data":"EDGE_TTA_ACTIVE views= 8 mean_abs_feat_delta= 0.338035\n"}
,{"stream_name":"stdout","time":353.471825284,"data":"EDGE_TTA_ACTIVE views= 8 mean_abs_feat_delta= 0.338035\n"}
,{"stream_name":"stdout","time":353.953657375,"data":"SECONDARY_EDGE_TTA_ACTIVE views= 8 weight= 0.75 mean_abs_feat_delta= 0.309633\n"}
,{"stream_name":"stdout","time":354.156359557,"data":"SECONDARY_EDGE_TTA_ACTIVE views= 8 weight= 0.75 mean_abs_feat_delta= 0.309633\n"}
,{"stream_name":"stdout","time":354.184257092,"data":"SECONDARY_EDGE_TTA_ACTIVE views= 8 weight= 0.75 mean_abs_feat_delta= 0.240094\n"}
,{"stream_name":"stdout","time":354.386853263,"data":"SECONDARY_EDGE_TTA_ACTIVE views= 8 weight= 0.75 mean_abs_feat_delta= 0.240094\n"}
,{"stream_name":"stdout","time":355.050582462,"data":"EDGE_TTA_ACTIVE views= 8 mean_abs_feat_delta= 0.392278\n"}
,{"stream_name":"stdout","time":355.231294834,"data":"EDGE_TTA_ACTIVE views= 8 mean_abs_feat_delta= 0.341059\n"}
,{"stream_name":"stdout","time":355.253158088,"data":"EDGE_TTA_ACTIVE views= 8 mean_abs_feat_delta= 0.392278\n"}
,{"stream_name":"stdout","time":355.253203461,"data":"EDGE_TTA_ACTIVE views= 8 mean_abs_feat_delta= 0.341059\n"}
,{"stream_name":"stdout","time":355.987141403,"data":"SECONDARY_EDGE_TTA_ACTIVE views= 8 weight= 0.75 mean_abs_feat_delta= 0.315204\n"}
,{"stream_name":"stdout","time":356.148444797,"data":"SECONDARY_EDGE_TTA_ACTIVE views= 8 weight= 0.75 mean_abs_feat_delta= 0.242053\n"}
,{"stream_name":"stdout","time":356.189632202,"data":"SECONDARY_EDGE_TTA_ACTIVE views= 8 weight= 0.75 mean_abs_feat_delta= 0.315204\n"}
,{"stream_name":"stdout","time":356.189656206,"data":"SECONDARY_EDGE_TTA_ACTIVE views= 8 weight= 0.75 mean_abs_feat_delta= 0.242053\n"}
,{"stream_name":"stdout","time":357.038422715,"data":"EDGE_TTA_ACTIVE views= 8 mean_abs_feat_delta= 0.386375\n"}
,{"stream_name":"stdout","time":357.163677337,"data":"EDGE_TTA_ACTIVE views= 8 mean_abs_feat_delta= 0.335914\n"}
,{"stream_name":"stdout","time":357.240916901,"data":"EDGE_TTA_ACTIVE views= 8 mean_abs_feat_delta= 0.386375\n"}
,{"stream_name":"stdout","time":357.240940244,"data":"EDGE_TTA_ACTIVE views= 8 mean_abs_feat_delta= 0.335914\n"}
,{"stream_name":"stdout","time":357.976495026,"data":"SECONDARY_EDGE_TTA_ACTIVE views= 8 weight= 0.75 mean_abs_feat_delta= 0.317138\n"}
,{"stream_name":"stdout","time":358.083790349,"data":"SECONDARY_EDGE_TTA_ACTIVE views= 8 weight= 0.75 mean_abs_feat_delta= 0.24398\n"}
,{"stream_name":"stdout","time":358.178992279,"data":"SECONDARY_EDGE_TTA_ACTIVE views= 8 weight= 0.75 mean_abs_feat_delta= 0.317138\n"}
,{"stream_name":"stdout","time":358.179029096,"data":"SECONDARY_EDGE_TTA_ACTIVE views= 8 weight= 0.75 mean_abs_feat_delta= 0.24398\n"}
,{"stream_name":"stdout","time":359.06517054,"data":"EDGE_TTA_ACTIVE views= 8 mean_abs_feat_delta= 0.388311\n"}
,{"stream_name":"stdout","time":359.112472744,"data":"EDGE_TTA_ACTIVE views= 8 mean_abs_feat_delta= 0.340438\n"}
,{"stream_name":"stdout","time":359.267790644,"data":"EDGE_TTA_ACTIVE views= 8 mean_abs_feat_delta= 0.388311\n"}
,{"stream_name":"stdout","time":359.267813919,"data":"EDGE_TTA_ACTIVE views= 8 mean_abs_feat_delta= 0.340438\n"}
,{"stream_name":"stdout","time":360.00819939,"data":"SECONDARY_EDGE_TTA_ACTIVE views= 8 weight= 0.75 mean_abs_feat_delta= 0.310174\n"}
,{"stream_name":"stdout","time":360.034705646,"data":"SECONDARY_EDGE_TTA_ACTIVE views= 8 weight= 0.75 mean_abs_feat_delta= 0.248379\n"}
,{"stream_name":"stdout","time":360.210940785,"data":"SECONDARY_EDGE_TTA_ACTIVE views= 8 weight= 0.75 mean_abs_feat_delta= 0.310174\n"}
,{"stream_name":"stdout","time":360.210996866,"data":"SECONDARY_EDGE_TTA_ACTIVE views= 8 weight= 0.75 mean_abs_feat_delta= 0.248379\n"}
,{"stream_name":"stdout","time":361.081006905,"data":"EDGE_TTA_ACTIVE views= 8 mean_abs_feat_delta= 0.38624\n"}
,{"stream_name":"stdout","time":361.124826292,"data":"EDGE_TTA_ACTIVE views= 8 mean_abs_feat_delta= 0.340111\n"}
,{"stream_name":"stdout","time":361.285134708,"data":"EDGE_TTA_ACTIVE views= 8 mean_abs_feat_delta= 0.38624\n"}
,{"stream_name":"stdout","time":361.285156932,"data":"EDGE_TTA_ACTIVE views= 8 mean_abs_feat_delta= 0.340111\n"}
,{"stream_name":"stdout","time":362.022984995,"data":"SECONDARY_EDGE_TTA_ACTIVE views= 8 weight= 0.75 mean_abs_feat_delta= 0.309339\n"}
,{"stream_name":"stdout","time":362.051433208,"data":"SECONDARY_EDGE_TTA_ACTIVE views= 8 weight= 0.75 mean_abs_feat_delta= 0.259718\n"}
,{"stream_name":"stdout","time":362.226254631,"data":"SECONDARY_EDGE_TTA_ACTIVE views= 8 weight= 0.75 mean_abs_feat_delta= 0.309339\n"}
,{"stream_name":"stdout","time":362.226285007,"data":"SECONDARY_EDGE_TTA_ACTIVE views= 8 weight= 0.75 mean_abs_feat_delta= 0.259718\n"}
,{"stream_name":"stdout","time":363.071461694,"data":"EDGE_TTA_ACTIVE views= 8 mean_abs_feat_delta= 0.339818\n"}
,{"stream_name":"stdout","time":363.14395075,"data":"EDGE_TTA_ACTIVE views= 8 mean_abs_feat_delta= 0.380777\n"}
,{"stream_name":"stdout","time":363.273994098,"data":"EDGE_TTA_ACTIVE views= 8 mean_abs_feat_delta= 0.339818\n"}
,{"stream_name":"stdout","time":363.274019423,"data":"EDGE_TTA_ACTIVE views= 8 mean_abs_feat_delta= 0.380777\n"}
,{"stream_name":"stdout","time":364.001610215,"data":"SECONDARY_EDGE_TTA_ACTIVE views= 8 weight= 0.75 mean_abs_feat_delta= 0.259636\n"}
,{"stream_name":"stdout","time":364.097181298,"data":"SECONDARY_EDGE_TTA_ACTIVE views= 8 weight= 0.75 mean_abs_feat_delta= 0.312704\n"}
,{"stream_name":"stdout","time":364.203934745,"data":"SECONDARY_EDGE_TTA_ACTIVE views= 8 weight= 0.75 mean_abs_feat_delta= 0.259636\n"}
,{"stream_name":"stdout","time":364.20396679,"data":"SECONDARY_EDGE_TTA_ACTIVE views= 8 weight= 0.75 mean_abs_feat_delta= 0.312704\n"}
,{"stream_name":"stdout","time":365.039987757,"data":"EDGE_TTA_ACTIVE views= 8 mean_abs_feat_delta= 0.347364\n"}
,{"stream_name":"stdout","time":365.158174478,"data":"EDGE_TTA_ACTIVE views= 8 mean_abs_feat_delta= 0.382883\n"}
,{"stream_name":"stdout","time":365.242542483,"data":"EDGE_TTA_ACTIVE views= 8 mean_abs_feat_delta= 0.347364\n"}
,{"stream_name":"stdout","time":365.24256746,"data":"EDGE_TTA_ACTIVE views= 8 mean_abs_feat_delta= 0.382883\n"}
,{"stream_name":"stdout","time":365.972028133,"data":"SECONDARY_EDGE_TTA_ACTIVE views= 8 weight= 0.75 mean_abs_feat_delta= 0.259906\n"}
,{"stream_name":"stdout","time":366.113966101,"data":"SECONDARY_EDGE_TTA_ACTIVE views= 8 weight= 0.75 mean_abs_feat_delta= 0.310785\n"}
,{"stream_name":"stdout","time":366.118117443,"data":"BIOHUB_RETENTION_GUARD {\"blended_candidates\": 242, \"dataset\": \"44b6_0b24845f\", \"frame\": 32, \"minimum_retention\": 0.9, \"primary_candidates\": 283, \"retention\": 0.8551236749116607, \"use_primary\": true}\n"}
,{"stream_name":"stdout","time":366.17467294,"data":"SECONDARY_EDGE_TTA_ACTIVE views= 8 weight= 0.75 mean_abs_feat_delta= 0.259906\n"}
,{"stream_name":"stdout","time":366.174697925,"data":"SECONDARY_EDGE_TTA_ACTIVE views= 8 weight= 0.75 mean_abs_feat_delta= 0.310785\n"}
,{"stream_name":"stdout","time":366.174703498,"data":"BIOHUB_RETENTION_GUARD {\"blended_candidates\": 242, \"dataset\": \"44b6_0b24845f\", \"frame\": 32, \"minimum_retention\": 0.9, \"primary_candidates\": 283, \"retention\": 0.8551236749116607, \"use_primary\": true}\n"}
,{"stream_name":"stdout","time":367.094922581,"data":"EDGE_TTA_ACTIVE views= 8 mean_abs_feat_delta= 0.343511\n"}
,{"stream_name":"stdout","time":367.245589409,"data":"EDGE_TTA_ACTIVE views= 8 mean_abs_feat_delta= 0.386914\n"}
,{"stream_name":"stdout","time":367.297615153,"data":"EDGE_TTA_ACTIVE views= 8 mean_abs_feat_delta= 0.343511\n"}
,{"stream_name":"stdout","time":367.297637745,"data":"EDGE_TTA_ACTIVE views= 8 mean_abs_feat_delta= 0.386914\n"}
,{"stream_name":"stdout","time":368.032596332,"data":"SECONDARY_EDGE_TTA_ACTIVE views= 8 weight= 0.75 mean_abs_feat_delta= 0.257674\n"}
,{"stream_name":"stdout","time":368.214786885,"data":"SECONDARY_EDGE_TTA_ACTIVE views= 8 weight= 0.75 mean_abs_feat_delta= 0.309311\n"}
,{"stream_name":"stdout","time":368.219174806,"data":"BIOHUB_RETENTION_GUARD {\"blended_candidates\": 237, \"dataset\": \"44b6_0b24845f\", \"frame\": 33, \"minimum_retention\": 0.9, \"primary_candidates\": 269, \"retention\": 0.8810408921933085, \"use_primary\": true}\n"}
,{"stream_name":"stdout","time":368.235319904,"data":"SECONDARY_EDGE_TTA_ACTIVE views= 8 weight= 0.75 mean_abs_feat_delta= 0.257674\n"}
,{"stream_name":"stdout","time":368.235370965,"data":"SECONDARY_EDGE_TTA_ACTIVE views= 8 weight= 0.75 mean_abs_feat_delta= 0.309311\n"}
,{"stream_name":"stdout","time":368.235376311,"data":"BIOHUB_RETENTION_GUARD {\"blended_candidates\": 237, \"dataset\": \"44b6_0b24845f\", \"frame\": 33, \"minimum_retention\": 0.9, \"primary_candidates\": 269, \"retention\": 0.8810408921933085, \"use_primary\": true}\n"}
,{"stream_name":"stdout","time":369.064760229,"data":"EDGE_TTA_ACTIVE views= 8 mean_abs_feat_delta= 0.337737\n"}
,{"stream_name":"stdout","time":369.267647721,"data":"EDGE_TTA_ACTIVE views= 8 mean_abs_feat_delta= 0.337737\n"}
,{"stream_name":"stdout","time":369.30806402,"data":"EDGE_TTA_ACTIVE views= 8 mean_abs_feat_delta= 0.386181\n"}
,{"stream_name":"stdout","time":369.510414686,"data":"EDGE_TTA_ACTIVE views= 8 mean_abs_feat_delta= 0.386181\n"}
,{"stream_name":"stdout","time":370.007679189,"data":"SECONDARY_EDGE_TTA_ACTIVE views= 8 weight= 0.75 mean_abs_feat_delta= 0.2569\n"}
,{"stream_name":"stdout","time":370.210525199,"data":"SECONDARY_EDGE_TTA_ACTIVE views= 8 weight= 0.75 mean_abs_feat_delta= 0.2569\n"}
,{"stream_name":"stdout","time":370.262956577,"data":"SECONDARY_EDGE_TTA_ACTIVE views= 8 weight= 0.75 mean_abs_feat_delta= 0.30217\n"}
,{"stream_name":"stdout","time":370.465614003,"data":"SECONDARY_EDGE_TTA_ACTIVE views= 8 weight= 0.75 mean_abs_feat_delta= 0.30217\n"}
,{"stream_name":"stdout","time":371.047080042,"data":"EDGE_TTA_ACTIVE views= 8 mean_abs_feat_delta= 0.335524\n"}
,{"stream_name":"stdout","time":371.249720744,"data":"EDGE_TTA_ACTIVE views= 8 mean_abs_feat_delta= 0.335524\n"}
,{"stream_name":"stdout","time":371.387336394,"data":"EDGE_TTA_ACTIVE views= 8 mean_abs_feat_delta= 0.38443\n"}
,{"stream_name":"stdout","time":371.589588441,"data":"EDGE_TTA_ACTIVE views= 8 mean_abs_feat_delta= 0.38443\n"}
,{"stream_name":"stdout","time":371.986018635,"data":"SECONDARY_EDGE_TTA_ACTIVE views= 8 weight= 0.75 mean_abs_feat_delta= 0.256587\n"}
,{"stream_name":"stdout","time":372.188508963,"data":"SECONDARY_EDGE_TTA_ACTIVE views= 8 weight= 0.75 mean_abs_feat_delta= 0.256587\n"}
,{"stream_name":"stdout","time":372.352500819,"data":"SECONDARY_EDGE_TTA_ACTIVE views= 8 weight= 0.75 mean_abs_feat_delta= 0.301884\n"}
,{"stream_name":"stdout","time":372.555074884,"data":"SECONDARY_EDGE_TTA_ACTIVE views= 8 weight= 0.75 mean_abs_feat_delta= 0.301884\n"}
,{"stream_name":"stdout","time":373.02104353,"data":"EDGE_TTA_ACTIVE views= 8 mean_abs_feat_delta= 0.332806\n"}
,{"stream_name":"stdout","time":373.223321343,"data":"EDGE_TTA_ACTIVE views= 8 mean_abs_feat_delta= 0.332806\n"}
,{"stream_name":"stdout","time":373.462316702,"data":"EDGE_TTA_ACTIVE views= 8 mean_abs_feat_delta= 0.394205\n"}
,{"stream_name":"stdout","time":373.664784442,"data":"EDGE_TTA_ACTIVE views= 8 mean_abs_feat_delta= 0.394205\n"}
,{"stream_name":"stdout","time":373.962864165,"data":"SECONDARY_EDGE_TTA_ACTIVE views= 8 weight= 0.75 mean_abs_feat_delta= 0.256741\n"}
,{"stream_name":"stdout","time":374.16529967,"data":"SECONDARY_EDGE_TTA_ACTIVE views= 8 weight= 0.75 mean_abs_feat_delta= 0.256741\n"}
,{"stream_name":"stdout","time":374.422330223,"data":"SECONDARY_EDGE_TTA_ACTIVE views= 8 weight= 0.75 mean_abs_feat_delta= 0.30942\n"}
,{"stream_name":"stdout","time":374.624675035,"data":"SECONDARY_EDGE_TTA_ACTIVE views= 8 weight= 0.75 mean_abs_feat_delta= 0.30942\n"}
,{"stream_name":"stdout","time":375.064493878,"data":"EDGE_TTA_ACTIVE views= 8 mean_abs_feat_delta= 0.335885\n"}
,{"stream_name":"stdout","time":375.266873205,"data":"EDGE_TTA_ACTIVE views= 8 mean_abs_feat_delta= 0.335885\n"}
,{"stream_name":"stdout","time":375.515502339,"data":"EDGE_TTA_ACTIVE views= 8 mean_abs_feat_delta= 0.388321\n"}
,{"stream_name":"stdout","time":375.718044321,"data":"EDGE_TTA_ACTIVE views= 8 mean_abs_feat_delta= 0.388321\n"}
,{"stream_name":"stdout","time":376.009488646,"data":"SECONDARY_EDGE_TTA_ACTIVE views= 8 weight= 0.75 mean_abs_feat_delta= 0.260557\n"}
,{"stream_name":"stdout","time":376.211888082,"data":"SECONDARY_EDGE_TTA_ACTIVE views= 8 weight= 0.75 mean_abs_feat_delta= 0.260557\n"}
,{"stream_name":"stdout","time":376.489438342,"data":"SECONDARY_EDGE_TTA_ACTIVE views= 8 weight= 0.75 mean_abs_feat_delta= 0.30799\n"}
,{"stream_name":"stdout","time":376.691787164,"data":"SECONDARY_EDGE_TTA_ACTIVE views= 8 weight= 0.75 mean_abs_feat_delta= 0.30799\n"}
,{"stream_name":"stdout","time":377.062398537,"data":"EDGE_TTA_ACTIVE views= 8 mean_abs_feat_delta= 0.339913\n"}
,{"stream_name":"stdout","time":377.264628014,"data":"EDGE_TTA_ACTIVE views= 8 mean_abs_feat_delta= 0.339913\n"}
,{"stream_name":"stdout","time":377.580319329,"data":"EDGE_TTA_ACTIVE views= 8 mean_abs_feat_delta= 0.38644\n"}
,{"stream_name":"stdout","time":377.78230537,"data":"EDGE_TTA_ACTIVE views= 8 mean_abs_feat_delta= 0.38644\n"}
,{"stream_name":"stdout","time":378.011182031,"data":"SECONDARY_EDGE_TTA_ACTIVE views= 8 weight= 0.75 mean_abs_feat_delta= 0.254404\n"}
,{"stream_name":"stdout","time":378.213690643,"data":"SECONDARY_EDGE_TTA_ACTIVE views= 8 weight= 0.75 mean_abs_feat_delta= 0.254404\n"}
,{"stream_name":"stdout","time":378.553479118,"data":"SECONDARY_EDGE_TTA_ACTIVE views= 8 weight= 0.75 mean_abs_feat_delta= 0.305875\n"}
,{"stream_name":"stdout","time":378.756020013,"data":"SECONDARY_EDGE_TTA_ACTIVE views= 8 weight= 0.75 mean_abs_feat_delta= 0.305875\n"}
,{"stream_name":"stdout","time":379.061039879,"data":"EDGE_TTA_ACTIVE views= 8 mean_abs_feat_delta= 0.341382\n"}
,{"stream_name":"stdout","time":379.263292834,"data":"EDGE_TTA_ACTIVE views= 8 mean_abs_feat_delta= 0.341382\n"}
,{"stream_name":"stdout","time":379.668565934,"data":"EDGE_TTA_ACTIVE views= 8 mean_abs_feat_delta= 0.390082\n"}
,{"stream_name":"stdout","time":379.870818881,"data":"EDGE_TTA_ACTIVE views= 8 mean_abs_feat_delta= 0.390082\n"}
,{"stream_name":"stdout","time":380.014194709,"data":"SECONDARY_EDGE_TTA_ACTIVE views= 8 weight= 0.75 mean_abs_feat_delta= 0.249494\n"}
,{"stream_name":"stdout","time":380.216550718,"data":"SECONDARY_EDGE_TTA_ACTIVE views= 8 weight= 0.75 mean_abs_feat_delta= 0.249494\n"}
,{"stream_name":"stdout","time":380.64206483,"data":"SECONDARY_EDGE_TTA_ACTIVE views= 8 weight= 0.75 mean_abs_feat_delta= 0.310526\n"}
,{"stream_name":"stdout","time":380.844473173,"data":"SECONDARY_EDGE_TTA_ACTIVE views= 8 weight= 0.75 mean_abs_feat_delta= 0.310526\n"}
,{"stream_name":"stdout","time":381.095341569,"data":"EDGE_TTA_ACTIVE views= 8 mean_abs_feat_delta= 0.334139\n"}
,{"stream_name":"stdout","time":381.297780878,"data":"EDGE_TTA_ACTIVE views= 8 mean_abs_feat_delta= 0.334139\n"}
,{"stream_name":"stdout","time":381.736027155,"data":"EDGE_TTA_ACTIVE views= 8 mean_abs_feat_delta= 0.392075\n"}
,{"stream_name":"stdout","time":381.938261015,"data":"EDGE_TTA_ACTIVE views= 8 mean_abs_feat_delta= 0.392075\n"}
,{"stream_name":"stdout","time":382.053955935,"data":"SECONDARY_EDGE_TTA_ACTIVE views= 8 weight= 0.75 mean_abs_feat_delta= 0.251622\n"}
,{"stream_name":"stdout","time":382.256570151,"data":"SECONDARY_EDGE_TTA_ACTIVE views= 8 weight= 0.75 mean_abs_feat_delta= 0.251622\n"}
,{"stream_name":"stdout","time":382.710900245,"data":"SECONDARY_EDGE_TTA_ACTIVE views= 8 weight= 0.75 mean_abs_feat_delta= 0.319545\n"}
,{"stream_name":"stdout","time":382.913387132,"data":"SECONDARY_EDGE_TTA_ACTIVE views= 8 weight= 0.75 mean_abs_feat_delta= 0.319545\n"}
,{"stream_name":"stdout","time":383.104019379,"data":"EDGE_TTA_ACTIVE views= 8 mean_abs_feat_delta= 0.335063\n"}
,{"stream_name":"stdout","time":383.326295585,"data":"EDGE_TTA_ACTIVE views= 8 mean_abs_feat_delta= 0.335063\n"}
,{"stream_name":"stdout","time":383.806676925,"data":"EDGE_TTA_ACTIVE views= 8 mean_abs_feat_delta= 0.384762\n"}
,{"stream_name":"stdout","time":384.00914938,"data":"EDGE_TTA_ACTIVE views= 8 mean_abs_feat_delta= 0.384762\n"}
,{"stream_name":"stdout","time":384.066309571,"data":"SECONDARY_EDGE_TTA_ACTIVE views= 8 weight= 0.75 mean_abs_feat_delta= 0.252626\n"}
,{"stream_name":"stdout","time":384.268850634,"data":"SECONDARY_EDGE_TTA_ACTIVE views= 8 weight= 0.75 mean_abs_feat_delta= 0.252626\n"}
,{"stream_name":"stdout","time":384.782249902,"data":"SECONDARY_EDGE_TTA_ACTIVE views= 8 weight= 0.75 mean_abs_feat_delta= 0.312601\n"}
,{"stream_name":"stdout","time":384.984702834,"data":"SECONDARY_EDGE_TTA_ACTIVE views= 8 weight= 0.75 mean_abs_feat_delta= 0.312601\n"}
,{"stream_name":"stdout","time":385.182360721,"data":"EDGE_TTA_ACTIVE views= 8 mean_abs_feat_delta= 0.338064\n"}
,{"stream_name":"stdout","time":385.384572475,"data":"EDGE_TTA_ACTIVE views= 8 mean_abs_feat_delta= 0.338064\n"}
,{"stream_name":"stdout","time":385.878170311,"data":"EDGE_TTA_ACTIVE views= 8 mean_abs_feat_delta= 0.38171\n"}
,{"stream_name":"stdout","time":386.080464646,"data":"EDGE_TTA_ACTIVE views= 8 mean_abs_feat_delta= 0.38171\n"}
,{"stream_name":"stdout","time":386.145187792,"data":"SECONDARY_EDGE_TTA_ACTIVE views= 8 weight= 0.75 mean_abs_feat_delta= 0.249674\n"}
,{"stream_name":"stdout","time":386.34824618,"data":"SECONDARY_EDGE_TTA_ACTIVE views= 8 weight= 0.75 mean_abs_feat_delta= 0.249674\n"}
,{"stream_name":"stdout","time":386.85353702,"data":"SECONDARY_EDGE_TTA_ACTIVE views= 8 weight= 0.75 mean_abs_feat_delta= 0.31334\n"}
,{"stream_name":"stdout","time":387.056491347,"data":"SECONDARY_EDGE_TTA_ACTIVE views= 8 weight= 0.75 mean_abs_feat_delta= 0.31334\n"}
,{"stream_name":"stdout","time":387.294302384,"data":"EDGE_TTA_ACTIVE views= 8 mean_abs_feat_delta= 0.339095\n"}
,{"stream_name":"stdout","time":387.496768169,"data":"EDGE_TTA_ACTIVE views= 8 mean_abs_feat_delta= 0.339095\n"}
,{"stream_name":"stdout","time":388.010941183,"data":"EDGE_TTA_ACTIVE views= 8 mean_abs_feat_delta= 0.384752\n"}
,{"stream_name":"stdout","time":388.212898286,"data":"EDGE_TTA_ACTIVE views= 8 mean_abs_feat_delta= 0.384752\n"}
,{"stream_name":"stdout","time":388.264476986,"data":"SECONDARY_EDGE_TTA_ACTIVE views= 8 weight= 0.75 mean_abs_feat_delta= 0.24928\n"}
,{"stream_name":"stdout","time":388.467155218,"data":"SECONDARY_EDGE_TTA_ACTIVE views= 8 weight= 0.75 mean_abs_feat_delta= 0.24928\n"}
,{"stream_name":"stdout","time":388.997142827,"data":"SECONDARY_EDGE_TTA_ACTIVE views= 8 weight= 0.75 mean_abs_feat_delta= 0.315405\n"}
,{"stream_name":"stdout","time":389.200252867,"data":"SECONDARY_EDGE_TTA_ACTIVE views= 8 weight= 0.75 mean_abs_feat_delta= 0.315405\n"}
,{"stream_name":"stdout","time":389.346931996,"data":"EDGE_TTA_ACTIVE views= 8 mean_abs_feat_delta= 0.339328\n"}
,{"stream_name":"stdout","time":389.54930226,"data":"EDGE_TTA_ACTIVE views= 8 mean_abs_feat_delta= 0.339328\n"}
,{"stream_name":"stdout","time":390.102276808,"data":"EDGE_TTA_ACTIVE views= 8 mean_abs_feat_delta= 0.386541\n"}
,{"stream_name":"stdout","time":390.304557239,"data":"EDGE_TTA_ACTIVE views= 8 mean_abs_feat_delta= 0.386541\n"}
,{"stream_name":"stdout","time":390.321724738,"data":"SECONDARY_EDGE_TTA_ACTIVE views= 8 weight= 0.75 mean_abs_feat_delta= 0.253989\n"}
,{"stream_name":"stdout","time":390.523893472,"data":"SECONDARY_EDGE_TTA_ACTIVE views= 8 weight= 0.75 mean_abs_feat_delta= 0.253989\n"}
,{"stream_name":"stdout","time":391.097539974,"data":"SECONDARY_EDGE_TTA_ACTIVE views= 8 weight= 0.75 mean_abs_feat_delta= 0.312127\n"}
,{"stream_name":"stdout","time":391.299724905,"data":"SECONDARY_EDGE_TTA_ACTIVE views= 8 weight= 0.75 mean_abs_feat_delta= 0.312127\n"}
,{"stream_name":"stdout","time":391.500553904,"data":"EDGE_TTA_ACTIVE views= 8 mean_abs_feat_delta= 0.335805\n"}
,{"stream_name":"stdout","time":391.702635857,"data":"EDGE_TTA_ACTIVE views= 8 mean_abs_feat_delta= 0.335805\n"}
,{"stream_name":"stdout","time":392.229689987,"data":"EDGE_TTA_ACTIVE views= 8 mean_abs_feat_delta= 0.388134\n"}
,{"stream_name":"stdout","time":392.432071818,"data":"EDGE_TTA_ACTIVE views= 8 mean_abs_feat_delta= 0.388134\n"}
,{"stream_name":"stdout","time":392.473973209,"data":"SECONDARY_EDGE_TTA_ACTIVE views= 8 weight= 0.75 mean_abs_feat_delta= 0.256927\n"}
,{"stream_name":"stdout","time":392.676926144,"data":"SECONDARY_EDGE_TTA_ACTIVE views= 8 weight= 0.75 mean_abs_feat_delta= 0.256927\n"}
,{"stream_name":"stdout","time":393.231155892,"data":"SECONDARY_EDGE_TTA_ACTIVE views= 8 weight= 0.75 mean_abs_feat_delta= 0.31286\n"}
,{"stream_name":"stdout","time":393.43373353,"data":"SECONDARY_EDGE_TTA_ACTIVE views= 8 weight= 0.75 mean_abs_feat_delta= 0.31286\n"}
,{"stream_name":"stdout","time":393.549106127,"data":"EDGE_TTA_ACTIVE views= 8 mean_abs_feat_delta= 0.335162\n"}
,{"stream_name":"stdout","time":393.751488721,"data":"EDGE_TTA_ACTIVE views= 8 mean_abs_feat_delta= 0.335162\n"}
,{"stream_name":"stdout","time":394.412988893,"data":"EDGE_TTA_ACTIVE views= 8 mean_abs_feat_delta= 0.385185\n"}
,{"stream_name":"stdout","time":394.522836006,"data":"SECONDARY_EDGE_TTA_ACTIVE views= 8 weight= 0.75 mean_abs_feat_delta= 0.253871\n"}
,{"stream_name":"stdout","time":394.615243161,"data":"EDGE_TTA_ACTIVE views= 8 mean_abs_feat_delta= 0.385185\n"}
,{"stream_name":"stdout","time":394.615269261,"data":"SECONDARY_EDGE_TTA_ACTIVE views= 8 weight= 0.75 mean_abs_feat_delta= 0.253871\n"}
,{"stream_name":"stdout","time":395.416582269,"data":"SECONDARY_EDGE_TTA_ACTIVE views= 8 weight= 0.75 mean_abs_feat_delta= 0.321809\n"}
,{"stream_name":"stdout","time":395.619100141,"data":"SECONDARY_EDGE_TTA_ACTIVE views= 8 weight= 0.75 mean_abs_feat_delta= 0.321809\n"}
,{"stream_name":"stdout","time":395.635857242,"data":"EDGE_TTA_ACTIVE views= 8 mean_abs_feat_delta= 0.330028\n"}
,{"stream_name":"stdout","time":395.83836696,"data":"EDGE_TTA_ACTIVE views= 8 mean_abs_feat_delta= 0.330028\n"}
,{"stream_name":"stdout","time":396.542809807,"data":"EDGE_TTA_ACTIVE views= 8 mean_abs_feat_delta= 0.387663\n"}
,{"stream_name":"stdout","time":396.609350235,"data":"SECONDARY_EDGE_TTA_ACTIVE views= 8 weight= 0.75 mean_abs_feat_delta= 0.252962\n"}
,{"stream_name":"stdout","time":396.745274631,"data":"EDGE_TTA_ACTIVE views= 8 mean_abs_feat_delta= 0.387663\n"}
,{"stream_name":"stdout","time":396.745323781,"data":"SECONDARY_EDGE_TTA_ACTIVE views= 8 weight= 0.75 mean_abs_feat_delta= 0.252962\n"}
,{"stream_name":"stdout","time":397.553283078,"data":"SECONDARY_EDGE_TTA_ACTIVE views= 8 weight= 0.75 mean_abs_feat_delta= 0.325092\n"}
,{"stream_name":"stdout","time":397.55752057,"data":"BIOHUB_RETENTION_GUARD {\"blended_candidates\": 269, \"dataset\": \"44b6_0b24845f\", \"frame\": 47, \"minimum_retention\": 0.9, \"primary_candidates\": 306, \"retention\": 0.8790849673202614, \"use_primary\": true}\n"}
,{"stream_name":"stdout","time":397.747650369,"data":"EDGE_TTA_ACTIVE views= 8 mean_abs_feat_delta= 0.339387\n"}
,{"stream_name":"stdout","time":397.755992846,"data":"SECONDARY_EDGE_TTA_ACTIVE views= 8 weight= 0.75 mean_abs_feat_delta= 0.325092\n"}
,{"stream_name":"stdout","time":397.75601618,"data":"BIOHUB_RETENTION_GUARD {\"blended_candidates\": 269, \"dataset\": \"44b6_0b24845f\", \"frame\": 47, \"minimum_retention\": 0.9, \"primary_candidates\": 306, \"retention\": 0.8790849673202614, \"use_primary\": true}\n"}
,{"stream_name":"stdout","time":397.756022744,"data":"EDGE_TTA_ACTIVE views= 8 mean_abs_feat_delta= 0.339387\n"}
,{"stream_name":"stdout","time":398.701448957,"data":"EDGE_TTA_ACTIVE views= 8 mean_abs_feat_delta= 0.396598\n"}
,{"stream_name":"stdout","time":398.726044621,"data":"SECONDARY_EDGE_TTA_ACTIVE views= 8 weight= 0.75 mean_abs_feat_delta= 0.259777\n"}
,{"stream_name":"stdout","time":398.904007871,"data":"EDGE_TTA_ACTIVE views= 8 mean_abs_feat_delta= 0.396598\n"}
,{"stream_name":"stdout","time":398.904040534,"data":"SECONDARY_EDGE_TTA_ACTIVE views= 8 weight= 0.75 mean_abs_feat_delta= 0.259777\n"}
,{"stream_name":"stdout","time":399.71269205,"data":"SECONDARY_EDGE_TTA_ACTIVE views= 8 weight= 0.75 mean_abs_feat_delta= 0.318974\n"}
,{"stream_name":"stdout","time":399.818082229,"data":"EDGE_TTA_ACTIVE views= 8 mean_abs_feat_delta= 0.335525\n"}
,{"stream_name":"stdout","time":399.916931484,"data":"SECONDARY_EDGE_TTA_ACTIVE views= 8 weight= 0.75 mean_abs_feat_delta= 0.318974\n"}
,{"stream_name":"stdout","time":399.916961668,"data":"EDGE_TTA_ACTIVE views= 8 mean_abs_feat_delta= 0.335525\n"}
,{"stream_name":"stdout","time":400.79972962,"data":"SECONDARY_EDGE_TTA_ACTIVE views= 8 weight= 0.75 mean_abs_feat_delta= 0.251673\n"}
,{"stream_name":"stdout","time":400.89478753,"data":"EDGE_TTA_ACTIVE views= 8 mean_abs_feat_delta= 0.391304\n"}
,{"stream_name":"stdout","time":401.002141401,"data":"SECONDARY_EDGE_TTA_ACTIVE views= 8 weight= 0.75 mean_abs_feat_delta= 0.251673\n"}
,{"stream_name":"stdout","time":401.002168054,"data":"EDGE_TTA_ACTIVE views= 8 mean_abs_feat_delta= 0.391304\n"}
,{"stream_name":"stdout","time":401.914977479,"data":"SECONDARY_EDGE_TTA_ACTIVE views= 8 weight= 0.75 mean_abs_feat_delta= 0.333833\n"}
,{"stream_name":"stdout","time":401.92825010399997,"data":"EDGE_TTA_ACTIVE views= 8 mean_abs_feat_delta= 0.335786\n"}
,{"stream_name":"stdout","time":402.117189433,"data":"SECONDARY_EDGE_TTA_ACTIVE views= 8 weight= 0.75 mean_abs_feat_delta= 0.333833\n"}
,{"stream_name":"stdout","time":402.117221929,"data":"EDGE_TTA_ACTIVE views= 8 mean_abs_feat_delta= 0.335786\n"}
,{"stream_name":"stdout","time":402.924045691,"data":"SECONDARY_EDGE_TTA_ACTIVE views= 8 weight= 0.75 mean_abs_feat_delta= 0.250658\n"}
,{"stream_name":"stdout","time":403.108754558,"data":"EDGE_TTA_ACTIVE views= 8 mean_abs_feat_delta= 0.392642\n"}
,{"stream_name":"stdout","time":403.126198405,"data":"SECONDARY_EDGE_TTA_ACTIVE views= 8 weight= 0.75 mean_abs_feat_delta= 0.250658\n"}
,{"stream_name":"stdout","time":403.126221006,"data":"EDGE_TTA_ACTIVE views= 8 mean_abs_feat_delta= 0.392642\n"}
,{"stream_name":"stdout","time":404.026395932,"data":"EDGE_TTA_ACTIVE views= 8 mean_abs_feat_delta= 0.345867\n"}
,{"stream_name":"stdout","time":404.132024092,"data":"SECONDARY_EDGE_TTA_ACTIVE views= 8 weight= 0.75 mean_abs_feat_delta= 0.341369\n"}
,{"stream_name":"stdout","time":404.228528863,"data":"EDGE_TTA_ACTIVE views= 8 mean_abs_feat_delta= 0.345867\n"}
,{"stream_name":"stdout","time":404.228553318,"data":"SECONDARY_EDGE_TTA_ACTIVE views= 8 weight= 0.75 mean_abs_feat_delta= 0.341369\n"}
,{"stream_name":"stdout","time":405.023014463,"data":"SECONDARY_EDGE_TTA_ACTIVE views= 8 weight= 0.75 mean_abs_feat_delta= 0.261732\n"}
,{"stream_name":"stdout","time":405.225626125,"data":"SECONDARY_EDGE_TTA_ACTIVE views= 8 weight= 0.75 mean_abs_feat_delta= 0.261732\n"}
,{"stream_name":"stdout","time":405.299186308,"data":"EDGE_TTA_ACTIVE views= 8 mean_abs_feat_delta= 0.393955\n"}
,{"stream_name":"stdout","time":405.501661967,"data":"EDGE_TTA_ACTIVE views= 8 mean_abs_feat_delta= 0.393955\n"}
,{"stream_name":"stdout","time":406.123507966,"data":"EDGE_TTA_ACTIVE views= 8 mean_abs_feat_delta= 0.346254\n"}
,{"stream_name":"stdout","time":406.32188064,"data":"SECONDARY_EDGE_TTA_ACTIVE views= 8 weight= 0.75 mean_abs_feat_delta= 0.331176\n"}
,{"stream_name":"stdout","time":406.326038849,"data":"EDGE_TTA_ACTIVE views= 8 mean_abs_feat_delta= 0.346254\n"}
,{"stream_name":"stdout","time":406.326057889,"data":"SECONDARY_EDGE_TTA_ACTIVE views= 8 weight= 0.75 mean_abs_feat_delta= 0.331176\n"}
,{"stream_name":"stdout","time":407.124528619,"data":"SECONDARY_EDGE_TTA_ACTIVE views= 8 weight= 0.75 mean_abs_feat_delta= 0.264093\n"}
,{"stream_name":"stdout","time":407.327054775,"data":"SECONDARY_EDGE_TTA_ACTIVE views= 8 weight= 0.75 mean_abs_feat_delta= 0.264093\n"}
,{"stream_name":"stdout","time":407.523078964,"data":"EDGE_TTA_ACTIVE views= 8 mean_abs_feat_delta= 0.388568\n"}
,{"stream_name":"stdout","time":407.725812659,"data":"EDGE_TTA_ACTIVE views= 8 mean_abs_feat_delta= 0.388568\n"}
,{"stream_name":"stdout","time":408.232879794,"data":"EDGE_TTA_ACTIVE views= 8 mean_abs_feat_delta= 0.3463\n"}
,{"stream_name":"stdout","time":408.435705548,"data":"EDGE_TTA_ACTIVE views= 8 mean_abs_feat_delta= 0.3463\n"}
,{"stream_name":"stdout","time":408.552965243,"data":"SECONDARY_EDGE_TTA_ACTIVE views= 8 weight= 0.75 mean_abs_feat_delta= 0.329633\n"}
,{"stream_name":"stdout","time":408.755415672,"data":"SECONDARY_EDGE_TTA_ACTIVE views= 8 weight= 0.75 mean_abs_feat_delta= 0.329633\n"}
,{"stream_name":"stdout","time":409.235981522,"data":"SECONDARY_EDGE_TTA_ACTIVE views= 8 weight= 0.75 mean_abs_feat_delta= 0.27121\n"}
,{"stream_name":"stdout","time":409.43847314,"data":"SECONDARY_EDGE_TTA_ACTIVE views= 8 weight= 0.75 mean_abs_feat_delta= 0.27121\n"}
,{"stream_name":"stdout","time":409.81028986,"data":"EDGE_TTA_ACTIVE views= 8 mean_abs_feat_delta= 0.389207\n"}
,{"stream_name":"stdout","time":410.012483418,"data":"EDGE_TTA_ACTIVE views= 8 mean_abs_feat_delta= 0.389207\n"}
,{"stream_name":"stdout","time":410.369041561,"data":"EDGE_TTA_ACTIVE views= 8 mean_abs_feat_delta= 0.347477\n"}
,{"stream_name":"stdout","time":410.571322391,"data":"EDGE_TTA_ACTIVE views= 8 mean_abs_feat_delta= 0.347477\n"}
,{"stream_name":"stdout","time":410.845204884,"data":"SECONDARY_EDGE_TTA_ACTIVE views= 8 weight= 0.75 mean_abs_feat_delta= 0.338071\n"}
,{"stream_name":"stdout","time":411.048380332,"data":"SECONDARY_EDGE_TTA_ACTIVE views= 8 weight= 0.75 mean_abs_feat_delta= 0.338071\n"}
,{"stream_name":"stdout","time":411.375239241,"data":"SECONDARY_EDGE_TTA_ACTIVE views= 8 weight= 0.75 mean_abs_feat_delta= 0.272934\n"}
,{"stream_name":"stdout","time":411.577477178,"data":"SECONDARY_EDGE_TTA_ACTIVE views= 8 weight= 0.75 mean_abs_feat_delta= 0.272934\n"}
,{"stream_name":"stdout","time":412.116691835,"data":"EDGE_TTA_ACTIVE views= 8 mean_abs_feat_delta= 0.389581\n"}
,{"stream_name":"stdout","time":412.319067391,"data":"EDGE_TTA_ACTIVE views= 8 mean_abs_feat_delta= 0.389581\n"}
,{"stream_name":"stdout","time":412.511837654,"data":"EDGE_TTA_ACTIVE views= 8 mean_abs_feat_delta= 0.346484\n"}
,{"stream_name":"stdout","time":412.714069226,"data":"EDGE_TTA_ACTIVE views= 8 mean_abs_feat_delta= 0.346484\n"}
,{"stream_name":"stdout","time":413.157529587,"data":"SECONDARY_EDGE_TTA_ACTIVE views= 8 weight= 0.75 mean_abs_feat_delta= 0.337105\n"}
,{"stream_name":"stdout","time":413.38213352,"data":"SECONDARY_EDGE_TTA_ACTIVE views= 8 weight= 0.75 mean_abs_feat_delta= 0.337105\n"}
,{"stream_name":"stdout","time":413.521881958,"data":"SECONDARY_EDGE_TTA_ACTIVE views= 8 weight= 0.75 mean_abs_feat_delta= 0.274241\n"}
,{"stream_name":"stdout","time":413.724490697,"data":"SECONDARY_EDGE_TTA_ACTIVE views= 8 weight= 0.75 mean_abs_feat_delta= 0.274241\n"}
,{"stream_name":"stdout","time":414.344880746,"data":"EDGE_TTA_ACTIVE views= 8 mean_abs_feat_delta= 0.389273\n"}
,{"stream_name":"stdout","time":414.547366569,"data":"EDGE_TTA_ACTIVE views= 8 mean_abs_feat_delta= 0.389273\n"}
,{"stream_name":"stdout","time":414.630525852,"data":"EDGE_TTA_ACTIVE views= 8 mean_abs_feat_delta= 0.347995\n"}
,{"stream_name":"stdout","time":414.832883818,"data":"EDGE_TTA_ACTIVE views= 8 mean_abs_feat_delta= 0.347995\n"}
,{"stream_name":"stdout","time":415.387768226,"data":"SECONDARY_EDGE_TTA_ACTIVE views= 8 weight= 0.75 mean_abs_feat_delta= 0.340913\n"}
,{"stream_name":"stdout","time":415.590471988,"data":"SECONDARY_EDGE_TTA_ACTIVE views= 8 weight= 0.75 mean_abs_feat_delta= 0.340913\n"}
,{"stream_name":"stdout","time":415.644508784,"data":"SECONDARY_EDGE_TTA_ACTIVE views= 8 weight= 0.75 mean_abs_feat_delta= 0.272854\n"}
,{"stream_name":"stdout","time":415.847180071,"data":"SECONDARY_EDGE_TTA_ACTIVE views= 8 weight= 0.75 mean_abs_feat_delta= 0.272854\n"}
,{"stream_name":"stdout","time":416.58988062,"data":"EDGE_TTA_ACTIVE views= 8 mean_abs_feat_delta= 0.393226\n"}
,{"stream_name":"stdout","time":416.758131809,"data":"EDGE_TTA_ACTIVE views= 8 mean_abs_feat_delta= 0.353657\n"}
,{"stream_name":"stdout","time":416.792354538,"data":"EDGE_TTA_ACTIVE views= 8 mean_abs_feat_delta= 0.393226\n"}
,{"stream_name":"stdout","time":416.792376372,"data":"EDGE_TTA_ACTIVE views= 8 mean_abs_feat_delta= 0.353657\n"}
,{"stream_name":"stdout","time":417.634609746,"data":"SECONDARY_EDGE_TTA_ACTIVE views= 8 weight= 0.75 mean_abs_feat_delta= 0.343915\n"}
,{"stream_name":"stdout","time":417.780496507,"data":"SECONDARY_EDGE_TTA_ACTIVE views= 8 weight= 0.75 mean_abs_feat_delta= 0.267134\n"}
,{"stream_name":"stdout","time":417.837340975,"data":"SECONDARY_EDGE_TTA_ACTIVE views= 8 weight= 0.75 mean_abs_feat_delta= 0.343915\n"}
,{"stream_name":"stdout","time":417.83737254,"data":"SECONDARY_EDGE_TTA_ACTIVE views= 8 weight= 0.75 mean_abs_feat_delta= 0.267134\n"}
,{"stream_name":"stdout","time":418.832899394,"data":"EDGE_TTA_ACTIVE views= 8 mean_abs_feat_delta= 0.38475\n"}
,{"stream_name":"stdout","time":418.934812064,"data":"EDGE_TTA_ACTIVE views= 8 mean_abs_feat_delta= 0.347717\n"}
,{"stream_name":"stdout","time":419.035278411,"data":"EDGE_TTA_ACTIVE views= 8 mean_abs_feat_delta= 0.38475\n"}
,{"stream_name":"stdout","time":419.035305962,"data":"EDGE_TTA_ACTIVE views= 8 mean_abs_feat_delta= 0.347717\n"}
,{"stream_name":"stdout","time":419.877728976,"data":"SECONDARY_EDGE_TTA_ACTIVE views= 8 weight= 0.75 mean_abs_feat_delta= 0.34165\n"}
,{"stream_name":"stdout","time":419.953583449,"data":"SECONDARY_EDGE_TTA_ACTIVE views= 8 weight= 0.75 mean_abs_feat_delta= 0.261003\n"}
,{"stream_name":"stdout","time":420.080245482,"data":"SECONDARY_EDGE_TTA_ACTIVE views= 8 weight= 0.75 mean_abs_feat_delta= 0.34165\n"}
,{"stream_name":"stdout","time":420.080299883,"data":"SECONDARY_EDGE_TTA_ACTIVE views= 8 weight= 0.75 mean_abs_feat_delta= 0.261003\n"}
,{"stream_name":"stdout","time":421.09963562,"data":"EDGE_TTA_ACTIVE views= 8 mean_abs_feat_delta= 0.380928\n"}
,{"stream_name":"stdout","time":421.129929024,"data":"EDGE_TTA_ACTIVE views= 8 mean_abs_feat_delta= 0.348171\n"}
,{"stream_name":"stdout","time":421.302325777,"data":"EDGE_TTA_ACTIVE views= 8 mean_abs_feat_delta= 0.380928\n"}
,{"stream_name":"stdout","time":421.302356918,"data":"EDGE_TTA_ACTIVE views= 8 mean_abs_feat_delta= 0.348171\n"}
,{"stream_name":"stdout","time":422.142144196,"data":"SECONDARY_EDGE_TTA_ACTIVE views= 8 weight= 0.75 mean_abs_feat_delta= 0.33808\n"}
,{"stream_name":"stdout","time":422.149983653,"data":"SECONDARY_EDGE_TTA_ACTIVE views= 8 weight= 0.75 mean_abs_feat_delta= 0.264063\n"}
,{"stream_name":"stdout","time":422.344758114,"data":"SECONDARY_EDGE_TTA_ACTIVE views= 8 weight= 0.75 mean_abs_feat_delta= 0.33808\n"}
,{"stream_name":"stdout","time":422.34482262,"data":"SECONDARY_EDGE_TTA_ACTIVE views= 8 weight= 0.75 mean_abs_feat_delta= 0.264063\n"}
,{"stream_name":"stdout","time":423.330991703,"data":"EDGE_TTA_ACTIVE views= 8 mean_abs_feat_delta= 0.382884\n"}
,{"stream_name":"stdout","time":423.335858748,"data":"EDGE_TTA_ACTIVE views= 8 mean_abs_feat_delta= 0.34817\n"}
,{"stream_name":"stdout","time":423.533160025,"data":"EDGE_TTA_ACTIVE views= 8 mean_abs_feat_delta= 0.382884\n"}
,{"stream_name":"stdout","time":423.533188556,"data":"EDGE_TTA_ACTIVE views= 8 mean_abs_feat_delta= 0.34817\n"}
,{"stream_name":"stdout","time":424.352806846,"data":"SECONDARY_EDGE_TTA_ACTIVE views= 8 weight= 0.75 mean_abs_feat_delta= 0.26475\n"}
,{"stream_name":"stdout","time":424.375707419,"data":"SECONDARY_EDGE_TTA_ACTIVE views= 8 weight= 0.75 mean_abs_feat_delta= 0.33331\n"}
,{"stream_name":"stdout","time":424.555324038,"data":"SECONDARY_EDGE_TTA_ACTIVE views= 8 weight= 0.75 mean_abs_feat_delta= 0.26475\n"}
,{"stream_name":"stdout","time":424.555356353,"data":"SECONDARY_EDGE_TTA_ACTIVE views= 8 weight= 0.75 mean_abs_feat_delta= 0.33331\n"}
,{"stream_name":"stdout","time":425.494125643,"data":"EDGE_TTA_ACTIVE views= 8 mean_abs_feat_delta= 0.353097\n"}
,{"stream_name":"stdout","time":425.57964806,"data":"EDGE_TTA_ACTIVE views= 8 mean_abs_feat_delta= 0.385537\n"}
,{"stream_name":"stdout","time":425.696784555,"data":"EDGE_TTA_ACTIVE views= 8 mean_abs_feat_delta= 0.353097\n"}
,{"stream_name":"stdout","time":425.696808738,"data":"EDGE_TTA_ACTIVE views= 8 mean_abs_feat_delta= 0.385537\n"}
,{"stream_name":"stdout","time":426.50778779,"data":"SECONDARY_EDGE_TTA_ACTIVE views= 8 weight= 0.75 mean_abs_feat_delta= 0.266224\n"}
,{"stream_name":"stdout","time":426.622508632,"data":"SECONDARY_EDGE_TTA_ACTIVE views= 8 weight= 0.75 mean_abs_feat_delta= 0.330977\n"}
,{"stream_name":"stdout","time":426.710170223,"data":"SECONDARY_EDGE_TTA_ACTIVE views= 8 weight= 0.75 mean_abs_feat_delta= 0.266224\n"}
,{"stream_name":"stdout","time":426.71019966,"data":"SECONDARY_EDGE_TTA_ACTIVE views= 8 weight= 0.75 mean_abs_feat_delta= 0.330977\n"}
,{"stream_name":"stdout","time":427.631917904,"data":"EDGE_TTA_ACTIVE views= 8 mean_abs_feat_delta= 0.355775\n"}
,{"stream_name":"stdout","time":427.812490055,"data":"EDGE_TTA_ACTIVE views= 8 mean_abs_feat_delta= 0.380645\n"}
,{"stream_name":"stdout","time":427.834498197,"data":"EDGE_TTA_ACTIVE views= 8 mean_abs_feat_delta= 0.355775\n"}
,{"stream_name":"stdout","time":427.834517836,"data":"EDGE_TTA_ACTIVE views= 8 mean_abs_feat_delta= 0.380645\n"}
,{"stream_name":"stdout","time":428.646171958,"data":"SECONDARY_EDGE_TTA_ACTIVE views= 8 weight= 0.75 mean_abs_feat_delta= 0.266555\n"}
,{"stream_name":"stdout","time":428.847858893,"data":"SECONDARY_EDGE_TTA_ACTIVE views= 8 weight= 0.75 mean_abs_feat_delta= 0.331267\n"}
,{"stream_name":"stdout","time":428.84789259,"data":"SECONDARY_EDGE_TTA_ACTIVE views= 8 weight= 0.75 mean_abs_feat_delta= 0.266555\n"}
,{"stream_name":"stdout","time":428.851861048,"data":"BIOHUB_RETENTION_GUARD {\"blended_candidates\": 287, \"dataset\": \"44b6_0b24845f\", \"frame\": 61, \"minimum_retention\": 0.9, \"primary_candidates\": 340, \"retention\": 0.8441176470588235, \"use_primary\": true}\n"}
,{"stream_name":"stdout","time":429.050232751,"data":"SECONDARY_EDGE_TTA_ACTIVE views= 8 weight= 0.75 mean_abs_feat_delta= 0.331267\n"}
,{"stream_name":"stdout","time":429.050262717,"data":"BIOHUB_RETENTION_GUARD {\"blended_candidates\": 287, \"dataset\": \"44b6_0b24845f\", \"frame\": 61, \"minimum_retention\": 0.9, \"primary_candidates\": 340, \"retention\": 0.8441176470588235, \"use_primary\": true}\n"}
,{"stream_name":"stdout","time":429.783450881,"data":"EDGE_TTA_ACTIVE views= 8 mean_abs_feat_delta= 0.355828\n"}
,{"stream_name":"stdout","time":429.985864494,"data":"EDGE_TTA_ACTIVE views= 8 mean_abs_feat_delta= 0.355828\n"}
,{"stream_name":"stdout","time":430.058222832,"data":"EDGE_TTA_ACTIVE views= 8 mean_abs_feat_delta= 0.381765\n"}
,{"stream_name":"stdout","time":430.260328128,"data":"EDGE_TTA_ACTIVE views= 8 mean_abs_feat_delta= 0.381765\n"}
,{"stream_name":"stdout","time":430.792954296,"data":"SECONDARY_EDGE_TTA_ACTIVE views= 8 weight= 0.75 mean_abs_feat_delta= 0.267421\n"}
,{"stream_name":"stdout","time":430.995360224,"data":"SECONDARY_EDGE_TTA_ACTIVE views= 8 weight= 0.75 mean_abs_feat_delta= 0.267421\n"}
,{"stream_name":"stdout","time":431.088542106,"data":"SECONDARY_EDGE_TTA_ACTIVE views= 8 weight= 0.75 mean_abs_feat_delta= 0.331865\n"}
,{"stream_name":"stdout","time":431.093997329,"data":"BIOHUB_RETENTION_GUARD {\"blended_candidates\": 307, \"dataset\": \"44b6_0b24845f\", \"frame\": 62, \"minimum_retention\": 0.9, \"primary_candidates\": 350, \"retention\": 0.8771428571428571, \"use_primary\": true}\n"}
,{"stream_name":"stdout","time":431.29364716,"data":"SECONDARY_EDGE_TTA_ACTIVE views= 8 weight= 0.75 mean_abs_feat_delta= 0.331865\n"}
,{"stream_name":"stdout","time":431.293679749,"data":"BIOHUB_RETENTION_GUARD {\"blended_candidates\": 307, \"dataset\": \"44b6_0b24845f\", \"frame\": 62, \"minimum_retention\": 0.9, \"primary_candidates\": 350, \"retention\": 0.8771428571428571, \"use_primary\": true}\n"}
,{"stream_name":"stdout","time":431.905678494,"data":"EDGE_TTA_ACTIVE views= 8 mean_abs_feat_delta= 0.355445\n"}
,{"stream_name":"stdout","time":432.108183239,"data":"EDGE_TTA_ACTIVE views= 8 mean_abs_feat_delta= 0.355445\n"}
,{"stream_name":"stdout","time":432.26219363,"data":"EDGE_TTA_ACTIVE views= 8 mean_abs_feat_delta= 0.388889\n"}
,{"stream_name":"stdout","time":432.464552201,"data":"EDGE_TTA_ACTIVE views= 8 mean_abs_feat_delta= 0.388889\n"}
,{"stream_name":"stdout","time":432.911881475,"data":"SECONDARY_EDGE_TTA_ACTIVE views= 8 weight= 0.75 mean_abs_feat_delta= 0.269455\n"}
,{"stream_name":"stdout","time":433.114172792,"data":"SECONDARY_EDGE_TTA_ACTIVE views= 8 weight= 0.75 mean_abs_feat_delta= 0.269455\n"}
,{"stream_name":"stdout","time":433.290408011,"data":"SECONDARY_EDGE_TTA_ACTIVE views= 8 weight= 0.75 mean_abs_feat_delta= 0.332882\n"}
,{"stream_name":"stdout","time":433.492596285,"data":"SECONDARY_EDGE_TTA_ACTIVE views= 8 weight= 0.75 mean_abs_feat_delta= 0.332882\n"}
,{"stream_name":"stdout","time":434.053646793,"data":"EDGE_TTA_ACTIVE views= 8 mean_abs_feat_delta= 0.353519\n"}
,{"stream_name":"stdout","time":434.256050927,"data":"EDGE_TTA_ACTIVE views= 8 mean_abs_feat_delta= 0.353519\n"}
,{"stream_name":"stdout","time":434.491225256,"data":"EDGE_TTA_ACTIVE views= 8 mean_abs_feat_delta= 0.382067\n"}
,{"stream_name":"stdout","time":434.693505569,"data":"EDGE_TTA_ACTIVE views= 8 mean_abs_feat_delta= 0.382067\n"}
,{"stream_name":"stdout","time":435.054564244,"data":"SECONDARY_EDGE_TTA_ACTIVE views= 8 weight= 0.75 mean_abs_feat_delta= 0.265098\n"}
,{"stream_name":"stdout","time":435.256991765,"data":"SECONDARY_EDGE_TTA_ACTIVE views= 8 weight= 0.75 mean_abs_feat_delta= 0.265098\n"}
,{"stream_name":"stdout","time":435.511310372,"data":"SECONDARY_EDGE_TTA_ACTIVE views= 8 weight= 0.75 mean_abs_feat_delta= 0.326654\n"}
,{"stream_name":"stdout","time":435.515382213,"data":"BIOHUB_RETENTION_GUARD {\"blended_candidates\": 298, \"dataset\": \"44b6_0b24845f\", \"frame\": 64, \"minimum_retention\": 0.9, \"primary_candidates\": 338, \"retention\": 0.8816568047337278, \"use_primary\": true}\n"}
,{"stream_name":"stdout","time":435.713729722,"data":"SECONDARY_EDGE_TTA_ACTIVE views= 8 weight= 0.75 mean_abs_feat_delta= 0.326654\n"}
,{"stream_name":"stdout","time":435.713760176,"data":"BIOHUB_RETENTION_GUARD {\"blended_candidates\": 298, \"dataset\": \"44b6_0b24845f\", \"frame\": 64, \"minimum_retention\": 0.9, \"primary_candidates\": 338, \"retention\": 0.8816568047337278, \"use_primary\": true}\n"}
,{"stream_name":"stdout","time":436.17348247,"data":"EDGE_TTA_ACTIVE views= 8 mean_abs_feat_delta= 0.351912\n"}
,{"stream_name":"stdout","time":436.375870941,"data":"EDGE_TTA_ACTIVE views= 8 mean_abs_feat_delta= 0.351912\n"}
,{"stream_name":"stdout","time":436.652546423,"data":"EDGE_TTA_ACTIVE views= 8 mean_abs_feat_delta= 0.384193\n"}
,{"stream_name":"stdout","time":436.855037485,"data":"EDGE_TTA_ACTIVE views= 8 mean_abs_feat_delta= 0.384193\n"}
,{"stream_name":"stdout","time":437.166770666,"data":"SECONDARY_EDGE_TTA_ACTIVE views= 8 weight= 0.75 mean_abs_feat_delta= 0.272542\n"}
,{"stream_name":"stdout","time":437.369191019,"data":"SECONDARY_EDGE_TTA_ACTIVE views= 8 weight= 0.75 mean_abs_feat_delta= 0.272542\n"}
,{"stream_name":"stdout","time":437.668391097,"data":"SECONDARY_EDGE_TTA_ACTIVE views= 8 weight= 0.75 mean_abs_feat_delta= 0.327978\n"}
,{"stream_name":"stdout","time":437.870989209,"data":"SECONDARY_EDGE_TTA_ACTIVE views= 8 weight= 0.75 mean_abs_feat_delta= 0.327978\n"}
,{"stream_name":"stdout","time":438.289668103,"data":"EDGE_TTA_ACTIVE views= 8 mean_abs_feat_delta= 0.3499\n"}
,{"stream_name":"stdout","time":438.492335033,"data":"EDGE_TTA_ACTIVE views= 8 mean_abs_feat_delta= 0.3499\n"}
,{"stream_name":"stdout","time":438.801063817,"data":"EDGE_TTA_ACTIVE views= 8 mean_abs_feat_delta= 0.38328\n"}
,{"stream_name":"stdout","time":439.003286633,"data":"EDGE_TTA_ACTIVE views= 8 mean_abs_feat_delta= 0.38328\n"}
,{"stream_name":"stdout","time":439.282743336,"data":"SECONDARY_EDGE_TTA_ACTIVE views= 8 weight= 0.75 mean_abs_feat_delta= 0.273501\n"}
,{"stream_name":"stdout","time":439.485177169,"data":"SECONDARY_EDGE_TTA_ACTIVE views= 8 weight= 0.75 mean_abs_feat_delta= 0.273501\n"}
,{"stream_name":"stdout","time":439.817979982,"data":"SECONDARY_EDGE_TTA_ACTIVE views= 8 weight= 0.75 mean_abs_feat_delta= 0.324387\n"}
,{"stream_name":"stdout","time":439.822175629,"data":"BIOHUB_RETENTION_GUARD {\"blended_candidates\": 321, \"dataset\": \"44b6_0b24845f\", \"frame\": 66, \"minimum_retention\": 0.9, \"primary_candidates\": 382, \"retention\": 0.8403141361256544, \"use_primary\": true}\n"}
,{"stream_name":"stdout","time":440.020148552,"data":"SECONDARY_EDGE_TTA_ACTIVE views= 8 weight= 0.75 mean_abs_feat_delta= 0.324387\n"}
,{"stream_name":"stdout","time":440.020176781,"data":"BIOHUB_RETENTION_GUARD {\"blended_candidates\": 321, \"dataset\": \"44b6_0b24845f\", \"frame\": 66, \"minimum_retention\": 0.9, \"primary_candidates\": 382, \"retention\": 0.8403141361256544, \"use_primary\": true}\n"}
,{"stream_name":"stdout","time":440.410426744,"data":"EDGE_TTA_ACTIVE views= 8 mean_abs_feat_delta= 0.352336\n"}
,{"stream_name":"stdout","time":440.613044912,"data":"EDGE_TTA_ACTIVE views= 8 mean_abs_feat_delta= 0.352336\n"}
,{"stream_name":"stdout","time":441.06776009,"data":"EDGE_TTA_ACTIVE views= 8 mean_abs_feat_delta= 0.378289\n"}
,{"stream_name":"stdout","time":441.270217176,"data":"EDGE_TTA_ACTIVE views= 8 mean_abs_feat_delta= 0.378289\n"}
,{"stream_name":"stdout","time":441.399846349,"data":"SECONDARY_EDGE_TTA_ACTIVE views= 8 weight= 0.75 mean_abs_feat_delta= 0.271044\n"}
,{"stream_name":"stdout","time":441.601994678,"data":"SECONDARY_EDGE_TTA_ACTIVE views= 8 weight= 0.75 mean_abs_feat_delta= 0.271044\n"}
,{"stream_name":"stdout","time":442.081726622,"data":"SECONDARY_EDGE_TTA_ACTIVE views= 8 weight= 0.75 mean_abs_feat_delta= 0.319362\n"}
,{"stream_name":"stdout","time":442.283959228,"data":"SECONDARY_EDGE_TTA_ACTIVE views= 8 weight= 0.75 mean_abs_feat_delta= 0.319362\n"}
,{"stream_name":"stdout","time":442.542713501,"data":"EDGE_TTA_ACTIVE views= 8 mean_abs_feat_delta= 0.353385\n"}
,{"stream_name":"stdout","time":442.744994006,"data":"EDGE_TTA_ACTIVE views= 8 mean_abs_feat_delta= 0.353385\n"}
,{"stream_name":"stdout","time":443.239365349,"data":"EDGE_TTA_ACTIVE views= 8 mean_abs_feat_delta= 0.37729\n"}
,{"stream_name":"stdout","time":443.467844236,"data":"EDGE_TTA_ACTIVE views= 8 mean_abs_feat_delta= 0.37729\n"}
,{"stream_name":"stdout","time":443.532502039,"data":"SECONDARY_EDGE_TTA_ACTIVE views= 8 weight= 0.75 mean_abs_feat_delta= 0.266813\n"}
,{"stream_name":"stdout","time":443.734970225,"data":"SECONDARY_EDGE_TTA_ACTIVE views= 8 weight= 0.75 mean_abs_feat_delta= 0.266813\n"}
,{"stream_name":"stdout","time":444.243424306,"data":"SECONDARY_EDGE_TTA_ACTIVE views= 8 weight= 0.75 mean_abs_feat_delta= 0.322003\n"}
,{"stream_name":"stdout","time":444.445336599,"data":"SECONDARY_EDGE_TTA_ACTIVE views= 8 weight= 0.75 mean_abs_feat_delta= 0.322003\n"}
,{"stream_name":"stdout","time":444.622263476,"data":"EDGE_TTA_ACTIVE views= 8 mean_abs_feat_delta= 0.34744\n"}
,{"stream_name":"stdout","time":444.824877451,"data":"EDGE_TTA_ACTIVE views= 8 mean_abs_feat_delta= 0.34744\n"}
,{"stream_name":"stdout","time":445.447860299,"data":"EDGE_TTA_ACTIVE views= 8 mean_abs_feat_delta= 0.377898\n"}
,{"stream_name":"stdout","time":445.603540314,"data":"SECONDARY_EDGE_TTA_ACTIVE views= 8 weight= 0.75 mean_abs_feat_delta= 0.26389\n"}
,{"stream_name":"stdout","time":445.650608417,"data":"EDGE_TTA_ACTIVE views= 8 mean_abs_feat_delta= 0.377898\n"}
,{"stream_name":"stdout","time":445.650677326,"data":"SECONDARY_EDGE_TTA_ACTIVE views= 8 weight= 0.75 mean_abs_feat_delta= 0.26389\n"}
,{"stream_name":"stdout","time":446.452498257,"data":"SECONDARY_EDGE_TTA_ACTIVE views= 8 weight= 0.75 mean_abs_feat_delta= 0.3296\n"}
,{"stream_name":"stdout","time":446.654977321,"data":"SECONDARY_EDGE_TTA_ACTIVE views= 8 weight= 0.75 mean_abs_feat_delta= 0.3296\n"}
,{"stream_name":"stdout","time":446.714523314,"data":"EDGE_TTA_ACTIVE views= 8 mean_abs_feat_delta= 0.347775\n"}
,{"stream_name":"stdout","time":446.916907581,"data":"EDGE_TTA_ACTIVE views= 8 mean_abs_feat_delta= 0.347775\n"}
,{"stream_name":"stdout","time":447.609518431,"data":"EDGE_TTA_ACTIVE views= 8 mean_abs_feat_delta= 0.376297\n"}
,{"stream_name":"stdout","time":447.688004599,"data":"SECONDARY_EDGE_TTA_ACTIVE views= 8 weight= 0.75 mean_abs_feat_delta= 0.270312\n"}
,{"stream_name":"stdout","time":447.81168887,"data":"EDGE_TTA_ACTIVE views= 8 mean_abs_feat_delta= 0.376297\n"}
,{"stream_name":"stdout","time":447.811796463,"data":"SECONDARY_EDGE_TTA_ACTIVE views= 8 weight= 0.75 mean_abs_feat_delta= 0.270312\n"}
,{"stream_name":"stdout","time":448.615415941,"data":"SECONDARY_EDGE_TTA_ACTIVE views= 8 weight= 0.75 mean_abs_feat_delta= 0.328831\n"}
,{"stream_name":"stdout","time":448.619599969,"data":"BIOHUB_RETENTION_GUARD {\"blended_candidates\": 273, \"dataset\": \"44b6_0b24845f\", \"frame\": 70, \"minimum_retention\": 0.9, \"primary_candidates\": 306, \"retention\": 0.8921568627450981, \"use_primary\": true}\n"}
,{"stream_name":"stdout","time":448.80123646,"data":"EDGE_TTA_ACTIVE views= 8 mean_abs_feat_delta= 0.348534\n"}
,{"stream_name":"stdout","time":448.818179843,"data":"SECONDARY_EDGE_TTA_ACTIVE views= 8 weight= 0.75 mean_abs_feat_delta= 0.328831\n"}
,{"stream_name":"stdout","time":448.818200073,"data":"BIOHUB_RETENTION_GUARD {\"blended_candidates\": 273, \"dataset\": \"44b6_0b24845f\", \"frame\": 70, \"minimum_retention\": 0.9, \"primary_candidates\": 306, \"retention\": 0.8921568627450981, \"use_primary\": true}\n"}
,{"stream_name":"stdout","time":448.818206084,"data":"EDGE_TTA_ACTIVE views= 8 mean_abs_feat_delta= 0.348534\n"}
,{"stream_name":"stdout","time":449.77458805,"data":"SECONDARY_EDGE_TTA_ACTIVE views= 8 weight= 0.75 mean_abs_feat_delta= 0.273527\n"}
,{"stream_name":"stdout","time":449.815671485,"data":"EDGE_TTA_ACTIVE views= 8 mean_abs_feat_delta= 0.371869\n"}
,{"stream_name":"stdout","time":449.976925313,"data":"SECONDARY_EDGE_TTA_ACTIVE views= 8 weight= 0.75 mean_abs_feat_delta= 0.273527\n"}
,{"stream_name":"stdout","time":449.976983678,"data":"EDGE_TTA_ACTIVE views= 8 mean_abs_feat_delta= 0.371869\n"}
,{"stream_name":"stdout","time":450.82025651,"data":"SECONDARY_EDGE_TTA_ACTIVE views= 8 weight= 0.75 mean_abs_feat_delta= 0.328105\n"}
,{"stream_name":"stdout","time":450.867277739,"data":"EDGE_TTA_ACTIVE views= 8 mean_abs_feat_delta= 0.348462\n"}
,{"stream_name":"stdout","time":451.025594843,"data":"SECONDARY_EDGE_TTA_ACTIVE views= 8 weight= 0.75 mean_abs_feat_delta= 0.328105\n"}
,{"stream_name":"stdout","time":451.025616219,"data":"EDGE_TTA_ACTIVE views= 8 mean_abs_feat_delta= 0.348462\n"}
,{"stream_name":"stdout","time":451.840275913,"data":"SECONDARY_EDGE_TTA_ACTIVE views= 8 weight= 0.75 mean_abs_feat_delta= 0.270371\n"}
,{"stream_name":"stdout","time":451.997081715,"data":"EDGE_TTA_ACTIVE views= 8 mean_abs_feat_delta= 0.37185\n"}
,{"stream_name":"stdout","time":452.042643265,"data":"SECONDARY_EDGE_TTA_ACTIVE views= 8 weight= 0.75 mean_abs_feat_delta= 0.270371\n"}
,{"stream_name":"stdout","time":452.042669673,"data":"EDGE_TTA_ACTIVE views= 8 mean_abs_feat_delta= 0.37185\n"}
,{"stream_name":"stdout","time":452.996464103,"data":"SECONDARY_EDGE_TTA_ACTIVE views= 8 weight= 0.75 mean_abs_feat_delta= 0.330161\n"}
,{"stream_name":"stdout","time":453.014768828,"data":"EDGE_TTA_ACTIVE views= 8 mean_abs_feat_delta= 0.35016\n"}
,{"stream_name":"stdout","time":453.199235606,"data":"SECONDARY_EDGE_TTA_ACTIVE views= 8 weight= 0.75 mean_abs_feat_delta= 0.330161\n"}
,{"stream_name":"stdout","time":453.199459614,"data":"EDGE_TTA_ACTIVE views= 8 mean_abs_feat_delta= 0.35016\n"}
,{"stream_name":"stdout","time":453.990380084,"data":"SECONDARY_EDGE_TTA_ACTIVE views= 8 weight= 0.75 mean_abs_feat_delta= 0.266024\n"}
,{"stream_name":"stdout","time":454.167996812,"data":"EDGE_TTA_ACTIVE views= 8 mean_abs_feat_delta= 0.369668\n"}
,{"stream_name":"stdout","time":454.192961863,"data":"SECONDARY_EDGE_TTA_ACTIVE views= 8 weight= 0.75 mean_abs_feat_delta= 0.266024\n"}
,{"stream_name":"stdout","time":454.192989704,"data":"EDGE_TTA_ACTIVE views= 8 mean_abs_feat_delta= 0.369668\n"}
,{"stream_name":"stdout","time":455.103539818,"data":"EDGE_TTA_ACTIVE views= 8 mean_abs_feat_delta= 0.357555\n"}
,{"stream_name":"stdout","time":455.165849201,"data":"SECONDARY_EDGE_TTA_ACTIVE views= 8 weight= 0.75 mean_abs_feat_delta= 0.331179\n"}
,{"stream_name":"stdout","time":455.170078903,"data":"BIOHUB_RETENTION_GUARD {\"blended_candidates\": 202, \"dataset\": \"44b6_0b24845f\", \"frame\": 73, \"minimum_retention\": 0.9, \"primary_candidates\": 261, \"retention\": 0.7739463601532567, \"use_primary\": true}\n"}
,{"stream_name":"stdout","time":455.305812509,"data":"EDGE_TTA_ACTIVE views= 8 mean_abs_feat_delta= 0.357555\n"}
,{"stream_name":"stdout","time":455.305843687,"data":"SECONDARY_EDGE_TTA_ACTIVE views= 8 weight= 0.75 mean_abs_feat_delta= 0.331179\n"}
,{"stream_name":"stdout","time":455.305848281,"data":"BIOHUB_RETENTION_GUARD {\"blended_candidates\": 202, \"dataset\": \"44b6_0b24845f\", \"frame\": 73, \"minimum_retention\": 0.9, \"primary_candidates\": 261, \"retention\": 0.7739463601532567, \"use_primary\": true}\n"}
,{"stream_name":"stdout","time":456.076321055,"data":"SECONDARY_EDGE_TTA_ACTIVE views= 8 weight= 0.75 mean_abs_feat_delta= 0.275095\n"}
,{"stream_name":"stdout","time":456.278723132,"data":"SECONDARY_EDGE_TTA_ACTIVE views= 8 weight= 0.75 mean_abs_feat_delta= 0.275095\n"}
,{"stream_name":"stdout","time":456.327932352,"data":"EDGE_TTA_ACTIVE views= 8 mean_abs_feat_delta= 0.377998\n"}
,{"stream_name":"stdout","time":456.530171291,"data":"EDGE_TTA_ACTIVE views= 8 mean_abs_feat_delta= 0.377998\n"}
,{"stream_name":"stdout","time":457.183967767,"data":"EDGE_TTA_ACTIVE views= 8 mean_abs_feat_delta= 0.358559\n"}
,{"stream_name":"stdout","time":457.326292129,"data":"SECONDARY_EDGE_TTA_ACTIVE views= 8 weight= 0.75 mean_abs_feat_delta= 0.330446\n"}
,{"stream_name":"stdout","time":457.330445359,"data":"BIOHUB_RETENTION_GUARD {\"blended_candidates\": 231, \"dataset\": \"44b6_0b24845f\", \"frame\": 74, \"minimum_retention\": 0.9, \"primary_candidates\": 297, \"retention\": 0.7777777777777778, \"use_primary\": true}\n"}
,{"stream_name":"stdout","time":457.38634135,"data":"EDGE_TTA_ACTIVE views= 8 mean_abs_feat_delta= 0.358559\n"}
,{"stream_name":"stdout","time":457.386361092,"data":"SECONDARY_EDGE_TTA_ACTIVE views= 8 weight= 0.75 mean_abs_feat_delta= 0.330446\n"}
,{"stream_name":"stdout","time":457.386366516,"data":"BIOHUB_RETENTION_GUARD {\"blended_candidates\": 231, \"dataset\": \"44b6_0b24845f\", \"frame\": 74, \"minimum_retention\": 0.9, \"primary_candidates\": 297, \"retention\": 0.7777777777777778, \"use_primary\": true}\n"}
,{"stream_name":"stdout","time":458.165350752,"data":"SECONDARY_EDGE_TTA_ACTIVE views= 8 weight= 0.75 mean_abs_feat_delta= 0.27843\n"}
,{"stream_name":"stdout","time":458.368002502,"data":"SECONDARY_EDGE_TTA_ACTIVE views= 8 weight= 0.75 mean_abs_feat_delta= 0.27843\n"}
,{"stream_name":"stdout","time":458.478229676,"data":"EDGE_TTA_ACTIVE views= 8 mean_abs_feat_delta= 0.370228\n"}
,{"stream_name":"stdout","time":458.680612444,"data":"EDGE_TTA_ACTIVE views= 8 mean_abs_feat_delta= 0.370228\n"}
,{"stream_name":"stdout","time":459.240769432,"data":"EDGE_TTA_ACTIVE views= 8 mean_abs_feat_delta= 0.355183\n"}
,{"stream_name":"stdout","time":459.443265299,"data":"EDGE_TTA_ACTIVE views= 8 mean_abs_feat_delta= 0.355183\n"}
,{"stream_name":"stdout","time":459.474416462,"data":"SECONDARY_EDGE_TTA_ACTIVE views= 8 weight= 0.75 mean_abs_feat_delta= 0.324103\n"}
,{"stream_name":"stdout","time":459.478872547,"data":"BIOHUB_RETENTION_GUARD {\"blended_candidates\": 327, \"dataset\": \"44b6_0b24845f\", \"frame\": 75, \"minimum_retention\": 0.9, \"primary_candidates\": 369, \"retention\": 0.8861788617886179, \"use_primary\": true}\n"}
,{"stream_name":"stdout","time":459.677020202,"data":"SECONDARY_EDGE_TTA_ACTIVE views= 8 weight= 0.75 mean_abs_feat_delta= 0.324103\n"}
,{"stream_name":"stdout","time":459.677066452,"data":"BIOHUB_RETENTION_GUARD {\"blended_candidates\": 327, \"dataset\": \"44b6_0b24845f\", \"frame\": 75, \"minimum_retention\": 0.9, \"primary_candidates\": 369, \"retention\": 0.8861788617886179, \"use_primary\": true}\n"}
,{"stream_name":"stdout","time":460.214820368,"data":"SECONDARY_EDGE_TTA_ACTIVE views= 8 weight= 0.75 mean_abs_feat_delta= 0.27442\n"}
,{"stream_name":"stdout","time":460.417296063,"data":"SECONDARY_EDGE_TTA_ACTIVE views= 8 weight= 0.75 mean_abs_feat_delta= 0.27442\n"}
,{"stream_name":"stdout","time":460.588839904,"data":"EDGE_TTA_ACTIVE views= 8 mean_abs_feat_delta= 0.370104\n"}
,{"stream_name":"stdout","time":460.79143985,"data":"EDGE_TTA_ACTIVE views= 8 mean_abs_feat_delta= 0.370104\n"}
,{"stream_name":"stdout","time":461.289204851,"data":"EDGE_TTA_ACTIVE views= 8 mean_abs_feat_delta= 0.354437\n"}
,{"stream_name":"stdout","time":461.491392703,"data":"EDGE_TTA_ACTIVE views= 8 mean_abs_feat_delta= 0.354437\n"}
,{"stream_name":"stdout","time":461.583532688,"data":"SECONDARY_EDGE_TTA_ACTIVE views= 8 weight= 0.75 mean_abs_feat_delta= 0.320447\n"}
,{"stream_name":"stdout","time":461.587503709,"data":"BIOHUB_RETENTION_GUARD {\"blended_candidates\": 340, \"dataset\": \"44b6_0b24845f\", \"frame\": 76, \"minimum_retention\": 0.9, \"primary_candidates\": 378, \"retention\": 0.8994708994708994, \"use_primary\": true}\n"}
,{"stream_name":"stdout","time":461.785811321,"data":"SECONDARY_EDGE_TTA_ACTIVE views= 8 weight= 0.75 mean_abs_feat_delta= 0.320447\n"}
,{"stream_name":"stdout","time":461.785864429,"data":"BIOHUB_RETENTION_GUARD {\"blended_candidates\": 340, \"dataset\": \"44b6_0b24845f\", \"frame\": 76, \"minimum_retention\": 0.9, \"primary_candidates\": 378, \"retention\": 0.8994708994708994, \"use_primary\": true}\n"}
,{"stream_name":"stdout","time":462.260764701,"data":"SECONDARY_EDGE_TTA_ACTIVE views= 8 weight= 0.75 mean_abs_feat_delta= 0.272137\n"}
,{"stream_name":"stdout","time":462.463246976,"data":"SECONDARY_EDGE_TTA_ACTIVE views= 8 weight= 0.75 mean_abs_feat_delta= 0.272137\n"}
,{"stream_name":"stdout","time":462.701833469,"data":"EDGE_TTA_ACTIVE views= 8 mean_abs_feat_delta= 0.372623\n"}
,{"stream_name":"stdout","time":462.904377328,"data":"EDGE_TTA_ACTIVE views= 8 mean_abs_feat_delta= 0.372623\n"}
,{"stream_name":"stdout","time":463.374880782,"data":"EDGE_TTA_ACTIVE views= 8 mean_abs_feat_delta= 0.354101\n"}
,{"stream_name":"stdout","time":463.577073583,"data":"EDGE_TTA_ACTIVE views= 8 mean_abs_feat_delta= 0.354101\n"}
,{"stream_name":"stdout","time":463.697825961,"data":"SECONDARY_EDGE_TTA_ACTIVE views= 8 weight= 0.75 mean_abs_feat_delta= 0.327494\n"}
,{"stream_name":"stdout","time":463.701894962,"data":"BIOHUB_RETENTION_GUARD {\"blended_candidates\": 239, \"dataset\": \"44b6_0b24845f\", \"frame\": 77, \"minimum_retention\": 0.9, \"primary_candidates\": 329, \"retention\": 0.7264437689969605, \"use_primary\": true}\n"}
,{"stream_name":"stdout","time":463.900327313,"data":"SECONDARY_EDGE_TTA_ACTIVE views= 8 weight= 0.75 mean_abs_feat_delta= 0.327494\n"}
,{"stream_name":"stdout","time":463.900354172,"data":"BIOHUB_RETENTION_GUARD {\"blended_candidates\": 239, \"dataset\": \"44b6_0b24845f\", \"frame\": 77, \"minimum_retention\": 0.9, \"primary_candidates\": 329, \"retention\": 0.7264437689969605, \"use_primary\": true}\n"}
,{"stream_name":"stdout","time":464.349705555,"data":"SECONDARY_EDGE_TTA_ACTIVE views= 8 weight= 0.75 mean_abs_feat_delta= 0.265621\n"}
,{"stream_name":"stdout","time":464.55218582,"data":"SECONDARY_EDGE_TTA_ACTIVE views= 8 weight= 0.75 mean_abs_feat_delta= 0.265621\n"}
,{"stream_name":"stdout","time":464.871914962,"data":"EDGE_TTA_ACTIVE views= 8 mean_abs_feat_delta= 0.379136\n"}
,{"stream_name":"stdout","time":465.074610477,"data":"EDGE_TTA_ACTIVE views= 8 mean_abs_feat_delta= 0.379136\n"}
,{"stream_name":"stdout","time":465.461868453,"data":"EDGE_TTA_ACTIVE views= 8 mean_abs_feat_delta= 0.350867\n"}
,{"stream_name":"stdout","time":465.664615442,"data":"EDGE_TTA_ACTIVE views= 8 mean_abs_feat_delta= 0.350867\n"}
,{"stream_name":"stdout","time":465.869606977,"data":"SECONDARY_EDGE_TTA_ACTIVE views= 8 weight= 0.75 mean_abs_feat_delta= 0.33134\n"}
,{"stream_name":"stdout","time":465.873893407,"data":"BIOHUB_RETENTION_GUARD {\"blended_candidates\": 283, \"dataset\": \"44b6_0b24845f\", \"frame\": 78, \"minimum_retention\": 0.9, \"primary_candidates\": 392, \"retention\": 0.7219387755102041, \"use_primary\": true}\n"}
,{"stream_name":"stdout","time":466.072083498,"data":"SECONDARY_EDGE_TTA_ACTIVE views= 8 weight= 0.75 mean_abs_feat_delta= 0.33134\n"}
,{"stream_name":"stdout","time":466.072163603,"data":"BIOHUB_RETENTION_GUARD {\"blended_candidates\": 283, \"dataset\": \"44b6_0b24845f\", \"frame\": 78, \"minimum_retention\": 0.9, \"primary_candidates\": 392, \"retention\": 0.7219387755102041, \"use_primary\": true}\n"}
,{"stream_name":"stdout","time":466.435630822,"data":"SECONDARY_EDGE_TTA_ACTIVE views= 8 weight= 0.75 mean_abs_feat_delta= 0.269222\n"}
,{"stream_name":"stdout","time":466.638151404,"data":"SECONDARY_EDGE_TTA_ACTIVE views= 8 weight= 0.75 mean_abs_feat_delta= 0.269222\n"}
,{"stream_name":"stdout","time":467.021160539,"data":"EDGE_TTA_ACTIVE views= 8 mean_abs_feat_delta= 0.37956\n"}
,{"stream_name":"stdout","time":467.223528151,"data":"EDGE_TTA_ACTIVE views= 8 mean_abs_feat_delta= 0.37956\n"}
,{"stream_name":"stdout","time":467.526861946,"data":"EDGE_TTA_ACTIVE views= 8 mean_abs_feat_delta= 0.353328\n"}
,{"stream_name":"stdout","time":467.72924699,"data":"EDGE_TTA_ACTIVE views= 8 mean_abs_feat_delta= 0.353328\n"}
,{"stream_name":"stdout","time":468.015468046,"data":"SECONDARY_EDGE_TTA_ACTIVE views= 8 weight= 0.75 mean_abs_feat_delta= 0.331143\n"}
,{"stream_name":"stdout","time":468.019667836,"data":"BIOHUB_RETENTION_GUARD {\"blended_candidates\": 291, \"dataset\": \"44b6_0b24845f\", \"frame\": 79, \"minimum_retention\": 0.9, \"primary_candidates\": 420, \"retention\": 0.6928571428571428, \"use_primary\": true}\n"}
,{"stream_name":"stdout","time":468.218235752,"data":"SECONDARY_EDGE_TTA_ACTIVE views= 8 weight= 0.75 mean_abs_feat_delta= 0.331143\n"}
,{"stream_name":"stdout","time":468.218262911,"data":"BIOHUB_RETENTION_GUARD {\"blended_candidates\": 291, \"dataset\": \"44b6_0b24845f\", \"frame\": 79, \"minimum_retention\": 0.9, \"primary_candidates\": 420, \"retention\": 0.6928571428571428, \"use_primary\": true}\n"}
,{"stream_name":"stdout","time":468.502723022,"data":"SECONDARY_EDGE_TTA_ACTIVE views= 8 weight= 0.75 mean_abs_feat_delta= 0.272317\n"}
,{"stream_name":"stdout","time":468.705383619,"data":"SECONDARY_EDGE_TTA_ACTIVE views= 8 weight= 0.75 mean_abs_feat_delta= 0.272317\n"}
,{"stream_name":"stdout","time":469.179125851,"data":"EDGE_TTA_ACTIVE views= 8 mean_abs_feat_delta= 0.378515\n"}
,{"stream_name":"stdout","time":469.381360562,"data":"EDGE_TTA_ACTIVE views= 8 mean_abs_feat_delta= 0.378515\n"}
,{"stream_name":"stdout","time":469.575258168,"data":"EDGE_TTA_ACTIVE views= 8 mean_abs_feat_delta= 0.353853\n"}
,{"stream_name":"stdout","time":469.77759057,"data":"EDGE_TTA_ACTIVE views= 8 mean_abs_feat_delta= 0.353853\n"}
,{"stream_name":"stdout","time":470.17602505,"data":"SECONDARY_EDGE_TTA_ACTIVE views= 8 weight= 0.75 mean_abs_feat_delta= 0.332415\n"}
,{"stream_name":"stdout","time":470.180166103,"data":"BIOHUB_RETENTION_GUARD {\"blended_candidates\": 296, \"dataset\": \"44b6_0b24845f\", \"frame\": 80, \"minimum_retention\": 0.9, \"primary_candidates\": 386, \"retention\": 0.7668393782383419, \"use_primary\": true}\n"}
,{"stream_name":"stdout","time":470.378292242,"data":"SECONDARY_EDGE_TTA_ACTIVE views= 8 weight= 0.75 mean_abs_feat_delta= 0.332415\n"}
,{"stream_name":"stdout","time":470.378320349,"data":"BIOHUB_RETENTION_GUARD {\"blended_candidates\": 296, \"dataset\": \"44b6_0b24845f\", \"frame\": 80, \"minimum_retention\": 0.9, \"primary_candidates\": 386, \"retention\": 0.7668393782383419, \"use_primary\": true}\n"}
,{"stream_name":"stdout","time":470.549793373,"data":"SECONDARY_EDGE_TTA_ACTIVE views= 8 weight= 0.75 mean_abs_feat_delta= 0.269658\n"}
,{"stream_name":"stdout","time":470.752649074,"data":"SECONDARY_EDGE_TTA_ACTIVE views= 8 weight= 0.75 mean_abs_feat_delta= 0.269658\n"}
,{"stream_name":"stdout","time":471.361778169,"data":"EDGE_TTA_ACTIVE views= 8 mean_abs_feat_delta= 0.380396\n"}
,{"stream_name":"stdout","time":471.564157267,"data":"EDGE_TTA_ACTIVE views= 8 mean_abs_feat_delta= 0.380396\n"}
,{"stream_name":"stdout","time":471.622288097,"data":"EDGE_TTA_ACTIVE views= 8 mean_abs_feat_delta= 0.359245\n"}
,{"stream_name":"stdout","time":471.82444938,"data":"EDGE_TTA_ACTIVE views= 8 mean_abs_feat_delta= 0.359245\n"}
,{"stream_name":"stdout","time":472.3600793,"data":"SECONDARY_EDGE_TTA_ACTIVE views= 8 weight= 0.75 mean_abs_feat_delta= 0.337969\n"}
,{"stream_name":"stdout","time":472.364365996,"data":"BIOHUB_RETENTION_GUARD {\"blended_candidates\": 296, \"dataset\": \"44b6_0b24845f\", \"frame\": 81, \"minimum_retention\": 0.9, \"primary_candidates\": 378, \"retention\": 0.783068783068783, \"use_primary\": true}\n"}
,{"stream_name":"stdout","time":472.56231935,"data":"SECONDARY_EDGE_TTA_ACTIVE views= 8 weight= 0.75 mean_abs_feat_delta= 0.337969\n"}
,{"stream_name":"stdout","time":472.562346412,"data":"BIOHUB_RETENTION_GUARD {\"blended_candidates\": 296, \"dataset\": \"44b6_0b24845f\", \"frame\": 81, \"minimum_retention\": 0.9, \"primary_candidates\": 378, \"retention\": 0.783068783068783, \"use_primary\": true}\n"}
,{"stream_name":"stdout","time":472.59455508,"data":"SECONDARY_EDGE_TTA_ACTIVE views= 8 weight= 0.75 mean_abs_feat_delta= 0.270535\n"}
,{"stream_name":"stdout","time":472.796839597,"data":"SECONDARY_EDGE_TTA_ACTIVE views= 8 weight= 0.75 mean_abs_feat_delta= 0.270535\n"}
,{"stream_name":"stdout","time":473.579666806,"data":"EDGE_TTA_ACTIVE views= 8 mean_abs_feat_delta= 0.383619\n"}
,{"stream_name":"stdout","time":473.700198249,"data":"EDGE_TTA_ACTIVE views= 8 mean_abs_feat_delta= 0.357707\n"}
,{"stream_name":"stdout","time":473.810852434,"data":"EDGE_TTA_ACTIVE views= 8 mean_abs_feat_delta= 0.383619\n"}
,{"stream_name":"stdout","time":473.810986071,"data":"EDGE_TTA_ACTIVE views= 8 mean_abs_feat_delta= 0.357707\n"}
,{"stream_name":"stdout","time":474.577036217,"data":"SECONDARY_EDGE_TTA_ACTIVE views= 8 weight= 0.75 mean_abs_feat_delta= 0.338804\n"}
,{"stream_name":"stdout","time":474.581003693,"data":"BIOHUB_RETENTION_GUARD {\"blended_candidates\": 276, \"dataset\": \"44b6_0b24845f\", \"frame\": 82, \"minimum_retention\": 0.9, \"primary_candidates\": 382, \"retention\": 0.7225130890052356, \"use_primary\": true}\n"}
,{"stream_name":"stdout","time":474.681044454,"data":"SECONDARY_EDGE_TTA_ACTIVE views= 8 weight= 0.75 mean_abs_feat_delta= 0.269783\n"}
,{"stream_name":"stdout","time":474.779652476,"data":"SECONDARY_EDGE_TTA_ACTIVE views= 8 weight= 0.75 mean_abs_feat_delta= 0.338804\n"}
,{"stream_name":"stdout","time":474.77971029,"data":"BIOHUB_RETENTION_GUARD {\"blended_candidates\": 276, \"dataset\": \"44b6_0b24845f\", \"frame\": 82, \"minimum_retention\": 0.9, \"primary_candidates\": 382, \"retention\": 0.7225130890052356, \"use_primary\": true}\n"}
,{"stream_name":"stdout","time":474.77971681,"data":"SECONDARY_EDGE_TTA_ACTIVE views= 8 weight= 0.75 mean_abs_feat_delta= 0.269783\n"}
,{"stream_name":"stdout","time":475.731217108,"data":"EDGE_TTA_ACTIVE views= 8 mean_abs_feat_delta= 0.377095\n"}
,{"stream_name":"stdout","time":475.772579242,"data":"EDGE_TTA_ACTIVE views= 8 mean_abs_feat_delta= 0.357289\n"}
,{"stream_name":"stdout","time":475.933465111,"data":"EDGE_TTA_ACTIVE views= 8 mean_abs_feat_delta= 0.377095\n"}
,{"stream_name":"stdout","time":475.933502466,"data":"EDGE_TTA_ACTIVE views= 8 mean_abs_feat_delta= 0.357289\n"}
,{"stream_name":"stdout","time":476.728744417,"data":"SECONDARY_EDGE_TTA_ACTIVE views= 8 weight= 0.75 mean_abs_feat_delta= 0.337456\n"}
,{"stream_name":"stdout","time":476.732937682,"data":"BIOHUB_RETENTION_GUARD {\"blended_candidates\": 269, \"dataset\": \"44b6_0b24845f\", \"frame\": 83, \"minimum_retention\": 0.9, \"primary_candidates\": 374, \"retention\": 0.7192513368983957, \"use_primary\": true}\n"}
,{"stream_name":"stdout","time":476.74895579,"data":"SECONDARY_EDGE_TTA_ACTIVE views= 8 weight= 0.75 mean_abs_feat_delta= 0.273062\n"}
,{"stream_name":"stdout","time":476.931475383,"data":"SECONDARY_EDGE_TTA_ACTIVE views= 8 weight= 0.75 mean_abs_feat_delta= 0.337456\n"}
,{"stream_name":"stdout","time":476.93154288,"data":"BIOHUB_RETENTION_GUARD {\"blended_candidates\": 269, \"dataset\": \"44b6_0b24845f\", \"frame\": 83, \"minimum_retention\": 0.9, \"primary_candidates\": 374, \"retention\": 0.7192513368983957, \"use_primary\": true}\n"}
,{"stream_name":"stdout","time":476.931550155,"data":"SECONDARY_EDGE_TTA_ACTIVE views= 8 weight= 0.75 mean_abs_feat_delta= 0.273062\n"}
,{"stream_name":"stdout","time":477.862047843,"data":"EDGE_TTA_ACTIVE views= 8 mean_abs_feat_delta= 0.351611\n"}
,{"stream_name":"stdout","time":477.871523193,"data":"EDGE_TTA_ACTIVE views= 8 mean_abs_feat_delta= 0.378477\n"}
,{"stream_name":"stdout","time":478.064562702,"data":"EDGE_TTA_ACTIVE views= 8 mean_abs_feat_delta= 0.351611\n"}
,{"stream_name":"stdout","time":478.064588406,"data":"EDGE_TTA_ACTIVE views= 8 mean_abs_feat_delta= 0.378477\n"}
,{"stream_name":"stdout","time":478.837162084,"data":"SECONDARY_EDGE_TTA_ACTIVE views= 8 weight= 0.75 mean_abs_feat_delta= 0.273236\n"}
,{"stream_name":"stdout","time":478.871914532,"data":"SECONDARY_EDGE_TTA_ACTIVE views= 8 weight= 0.75 mean_abs_feat_delta= 0.340144\n"}
,{"stream_name":"stdout","time":478.876191225,"data":"BIOHUB_RETENTION_GUARD {\"blended_candidates\": 289, \"dataset\": \"44b6_0b24845f\", \"frame\": 84, \"minimum_retention\": 0.9, \"primary_candidates\": 360, \"retention\": 0.8027777777777778, \"use_primary\": true}\n"}
,{"stream_name":"stdout","time":479.039417524,"data":"SECONDARY_EDGE_TTA_ACTIVE views= 8 weight= 0.75 mean_abs_feat_delta= 0.273236\n"}
,{"stream_name":"stdout","time":479.039447616,"data":"SECONDARY_EDGE_TTA_ACTIVE views= 8 weight= 0.75 mean_abs_feat_delta= 0.340144\n"}
,{"stream_name":"stdout","time":479.039453223,"data":"BIOHUB_RETENTION_GUARD {\"blended_candidates\": 289, \"dataset\": \"44b6_0b24845f\", \"frame\": 84, \"minimum_retention\": 0.9, \"primary_candidates\": 360, \"retention\": 0.8027777777777778, \"use_primary\": true}\n"}
,{"stream_name":"stdout","time":479.949037766,"data":"EDGE_TTA_ACTIVE views= 8 mean_abs_feat_delta= 0.344862\n"}
,{"stream_name":"stdout","time":480.066595392,"data":"EDGE_TTA_ACTIVE views= 8 mean_abs_feat_delta= 0.37718\n"}
,{"stream_name":"stdout","time":480.152050777,"data":"EDGE_TTA_ACTIVE views= 8 mean_abs_feat_delta= 0.344862\n"}
,{"stream_name":"stdout","time":480.152074729,"data":"EDGE_TTA_ACTIVE views= 8 mean_abs_feat_delta= 0.37718\n"}
,{"stream_name":"stdout","time":480.921058903,"data":"SECONDARY_EDGE_TTA_ACTIVE views= 8 weight= 0.75 mean_abs_feat_delta= 0.267279\n"}
,{"stream_name":"stdout","time":481.067978199,"data":"SECONDARY_EDGE_TTA_ACTIVE views= 8 weight= 0.75 mean_abs_feat_delta= 0.33991\n"}
,{"stream_name":"stdout","time":481.072575072,"data":"BIOHUB_RETENTION_GUARD {\"blended_candidates\": 210, \"dataset\": \"44b6_0b24845f\", \"frame\": 85, \"minimum_retention\": 0.9, \"primary_candidates\": 301, \"retention\": 0.6976744186046512, \"use_primary\": true}\n"}
,{"stream_name":"stdout","time":481.123884479,"data":"SECONDARY_EDGE_TTA_ACTIVE views= 8 weight= 0.75 mean_abs_feat_delta= 0.267279\n"}
,{"stream_name":"stdout","time":481.123923629,"data":"SECONDARY_EDGE_TTA_ACTIVE views= 8 weight= 0.75 mean_abs_feat_delta= 0.33991\n"}
,{"stream_name":"stdout","time":481.123930406,"data":"BIOHUB_RETENTION_GUARD {\"blended_candidates\": 210, \"dataset\": \"44b6_0b24845f\", \"frame\": 85, \"minimum_retention\": 0.9, \"primary_candidates\": 301, \"retention\": 0.6976744186046512, \"use_primary\": true}\n"}
,{"stream_name":"stdout","time":482.015476035,"data":"EDGE_TTA_ACTIVE views= 8 mean_abs_feat_delta= 0.344141\n"}
,{"stream_name":"stdout","time":482.217885346,"data":"EDGE_TTA_ACTIVE views= 8 mean_abs_feat_delta= 0.344141\n"}
,{"stream_name":"stdout","time":482.248721462,"data":"EDGE_TTA_ACTIVE views= 8 mean_abs_feat_delta= 0.375515\n"}
,{"stream_name":"stdout","time":482.451043352,"data":"EDGE_TTA_ACTIVE views= 8 mean_abs_feat_delta= 0.375515\n"}
,{"stream_name":"stdout","time":482.988246888,"data":"SECONDARY_EDGE_TTA_ACTIVE views= 8 weight= 0.75 mean_abs_feat_delta= 0.267364\n"}
,{"stream_name":"stdout","time":483.190795619,"data":"SECONDARY_EDGE_TTA_ACTIVE views= 8 weight= 0.75 mean_abs_feat_delta= 0.267364\n"}
,{"stream_name":"stdout","time":483.250173878,"data":"SECONDARY_EDGE_TTA_ACTIVE views= 8 weight= 0.75 mean_abs_feat_delta= 0.344991\n"}
,{"stream_name":"stdout","time":483.254359971,"data":"BIOHUB_RETENTION_GUARD {\"blended_candidates\": 170, \"dataset\": \"44b6_0b24845f\", \"frame\": 86, \"minimum_retention\": 0.9, \"primary_candidates\": 283, \"retention\": 0.6007067137809188, \"use_primary\": true}\n"}
,{"stream_name":"stdout","time":483.453184588,"data":"SECONDARY_EDGE_TTA_ACTIVE views= 8 weight= 0.75 mean_abs_feat_delta= 0.344991\n"}
,{"stream_name":"stdout","time":483.45321821,"data":"BIOHUB_RETENTION_GUARD {\"blended_candidates\": 170, \"dataset\": \"44b6_0b24845f\", \"frame\": 86, \"minimum_retention\": 0.9, \"primary_candidates\": 283, \"retention\": 0.6007067137809188, \"use_primary\": true}\n"}
,{"stream_name":"stdout","time":484.081922622,"data":"EDGE_TTA_ACTIVE views= 8 mean_abs_feat_delta= 0.347384\n"}
,{"stream_name":"stdout","time":484.284343628,"data":"EDGE_TTA_ACTIVE views= 8 mean_abs_feat_delta= 0.347384\n"}
,{"stream_name":"stdout","time":484.398073369,"data":"EDGE_TTA_ACTIVE views= 8 mean_abs_feat_delta= 0.371973\n"}
,{"stream_name":"stdout","time":484.600267436,"data":"EDGE_TTA_ACTIVE views= 8 mean_abs_feat_delta= 0.371973\n"}
,{"stream_name":"stdout","time":485.055842873,"data":"SECONDARY_EDGE_TTA_ACTIVE views= 8 weight= 0.75 mean_abs_feat_delta= 0.2655\n"}
,{"stream_name":"stdout","time":485.257936491,"data":"SECONDARY_EDGE_TTA_ACTIVE views= 8 weight= 0.75 mean_abs_feat_delta= 0.2655\n"}
,{"stream_name":"stdout","time":485.402727112,"data":"SECONDARY_EDGE_TTA_ACTIVE views= 8 weight= 0.75 mean_abs_feat_delta= 0.346855\n"}
,{"stream_name":"stdout","time":485.406864199,"data":"BIOHUB_RETENTION_GUARD {\"blended_candidates\": 229, \"dataset\": \"44b6_0b24845f\", \"frame\": 87, \"minimum_retention\": 0.9, \"primary_candidates\": 331, \"retention\": 0.6918429003021148, \"use_primary\": true}\n"}
,{"stream_name":"stdout","time":485.605245501,"data":"SECONDARY_EDGE_TTA_ACTIVE views= 8 weight= 0.75 mean_abs_feat_delta= 0.346855\n"}
,{"stream_name":"stdout","time":485.605322353,"data":"BIOHUB_RETENTION_GUARD {\"blended_candidates\": 229, \"dataset\": \"44b6_0b24845f\", \"frame\": 87, \"minimum_retention\": 0.9, \"primary_candidates\": 331, \"retention\": 0.6918429003021148, \"use_primary\": true}\n"}
,{"stream_name":"stdout","time":486.202144445,"data":"EDGE_TTA_ACTIVE views= 8 mean_abs_feat_delta= 0.348073\n"}
,{"stream_name":"stdout","time":486.404860259,"data":"EDGE_TTA_ACTIVE views= 8 mean_abs_feat_delta= 0.348073\n"}
,{"stream_name":"stdout","time":486.574065807,"data":"EDGE_TTA_ACTIVE views= 8 mean_abs_feat_delta= 0.380307\n"}
,{"stream_name":"stdout","time":486.776397667,"data":"EDGE_TTA_ACTIVE views= 8 mean_abs_feat_delta= 0.380307\n"}
,{"stream_name":"stdout","time":487.182907273,"data":"SECONDARY_EDGE_TTA_ACTIVE views= 8 weight= 0.75 mean_abs_feat_delta= 0.26615\n"}
,{"stream_name":"stdout","time":487.385753852,"data":"SECONDARY_EDGE_TTA_ACTIVE views= 8 weight= 0.75 mean_abs_feat_delta= 0.26615\n"}
,{"stream_name":"stdout","time":487.576837479,"data":"SECONDARY_EDGE_TTA_ACTIVE views= 8 weight= 0.75 mean_abs_feat_delta= 0.346653\n"}
,{"stream_name":"stdout","time":487.581020299,"data":"BIOHUB_RETENTION_GUARD {\"blended_candidates\": 284, \"dataset\": \"44b6_0b24845f\", \"frame\": 88, \"minimum_retention\": 0.9, \"primary_candidates\": 356, \"retention\": 0.797752808988764, \"use_primary\": true}\n"}
,{"stream_name":"stdout","time":487.779235489,"data":"SECONDARY_EDGE_TTA_ACTIVE views= 8 weight= 0.75 mean_abs_feat_delta= 0.346653\n"}
,{"stream_name":"stdout","time":487.779265868,"data":"BIOHUB_RETENTION_GUARD {\"blended_candidates\": 284, \"dataset\": \"44b6_0b24845f\", \"frame\": 88, \"minimum_retention\": 0.9, \"primary_candidates\": 356, \"retention\": 0.797752808988764, \"use_primary\": true}\n"}
,{"stream_name":"stdout","time":488.316721443,"data":"EDGE_TTA_ACTIVE views= 8 mean_abs_feat_delta= 0.345653\n"}
,{"stream_name":"stdout","time":488.519155534,"data":"EDGE_TTA_ACTIVE views= 8 mean_abs_feat_delta= 0.345653\n"}
,{"stream_name":"stdout","time":488.788719643,"data":"EDGE_TTA_ACTIVE views= 8 mean_abs_feat_delta= 0.384679\n"}
,{"stream_name":"stdout","time":488.99100438,"data":"EDGE_TTA_ACTIVE views= 8 mean_abs_feat_delta= 0.384679\n"}
,{"stream_name":"stdout","time":489.290737354,"data":"SECONDARY_EDGE_TTA_ACTIVE views= 8 weight= 0.75 mean_abs_feat_delta= 0.262334\n"}
,{"stream_name":"stdout","time":489.493277053,"data":"SECONDARY_EDGE_TTA_ACTIVE views= 8 weight= 0.75 mean_abs_feat_delta= 0.262334\n"}
,{"stream_name":"stdout","time":489.793623756,"data":"SECONDARY_EDGE_TTA_ACTIVE views= 8 weight= 0.75 mean_abs_feat_delta= 0.351682\n"}
,{"stream_name":"stdout","time":489.797903564,"data":"BIOHUB_RETENTION_GUARD {\"blended_candidates\": 202, \"dataset\": \"44b6_0b24845f\", \"frame\": 89, \"minimum_retention\": 0.9, \"primary_candidates\": 329, \"retention\": 0.6139817629179332, \"use_primary\": true}\n"}
,{"stream_name":"stdout","time":489.996939825,"data":"SECONDARY_EDGE_TTA_ACTIVE views= 8 weight= 0.75 mean_abs_feat_delta= 0.351682\n"}
,{"stream_name":"stdout","time":489.996977605,"data":"BIOHUB_RETENTION_GUARD {\"blended_candidates\": 202, \"dataset\": \"44b6_0b24845f\", \"frame\": 89, \"minimum_retention\": 0.9, \"primary_candidates\": 329, \"retention\": 0.6139817629179332, \"use_primary\": true}\n"}
,{"stream_name":"stdout","time":490.405120004,"data":"EDGE_TTA_ACTIVE views= 8 mean_abs_feat_delta= 0.347434\n"}
,{"stream_name":"stdout","time":490.607151796,"data":"EDGE_TTA_ACTIVE views= 8 mean_abs_feat_delta= 0.347434\n"}
,{"stream_name":"stdout","time":490.973597377,"data":"EDGE_TTA_ACTIVE views= 8 mean_abs_feat_delta= 0.372124\n"}
,{"stream_name":"stdout","time":491.176016073,"data":"EDGE_TTA_ACTIVE views= 8 mean_abs_feat_delta= 0.372124\n"}
,{"stream_name":"stdout","time":491.393710441,"data":"SECONDARY_EDGE_TTA_ACTIVE views= 8 weight= 0.75 mean_abs_feat_delta= 0.263462\n"}
,{"stream_name":"stdout","time":491.5960424,"data":"SECONDARY_EDGE_TTA_ACTIVE views= 8 weight= 0.75 mean_abs_feat_delta= 0.263462\n"}
,{"stream_name":"stdout","time":491.983768232,"data":"SECONDARY_EDGE_TTA_ACTIVE views= 8 weight= 0.75 mean_abs_feat_delta= 0.34895\n"}
,{"stream_name":"stdout","time":491.988081113,"data":"BIOHUB_RETENTION_GUARD {\"blended_candidates\": 171, \"dataset\": \"44b6_0b24845f\", \"frame\": 90, \"minimum_retention\": 0.9, \"primary_candidates\": 271, \"retention\": 0.6309963099630996, \"use_primary\": true}\n"}
,{"stream_name":"stdout","time":492.188044582,"data":"SECONDARY_EDGE_TTA_ACTIVE views= 8 weight= 0.75 mean_abs_feat_delta= 0.34895\n"}
,{"stream_name":"stdout","time":492.188115265,"data":"BIOHUB_RETENTION_GUARD {\"blended_candidates\": 171, \"dataset\": \"44b6_0b24845f\", \"frame\": 90, \"minimum_retention\": 0.9, \"primary_candidates\": 271, \"retention\": 0.6309963099630996, \"use_primary\": true}\n"}
,{"stream_name":"stdout","time":492.530250996,"data":"EDGE_TTA_ACTIVE views= 8 mean_abs_feat_delta= 0.353326\n"}
,{"stream_name":"stdout","time":492.732795771,"data":"EDGE_TTA_ACTIVE views= 8 mean_abs_feat_delta= 0.353326\n"}
,{"stream_name":"stdout","time":493.16149687,"data":"EDGE_TTA_ACTIVE views= 8 mean_abs_feat_delta= 0.373062\n"}
,{"stream_name":"stdout","time":493.363718031,"data":"EDGE_TTA_ACTIVE views= 8 mean_abs_feat_delta= 0.373062\n"}
,{"stream_name":"stdout","time":493.504503503,"data":"SECONDARY_EDGE_TTA_ACTIVE views= 8 weight= 0.75 mean_abs_feat_delta= 0.268047\n"}
,{"stream_name":"stdout","time":493.706934003,"data":"SECONDARY_EDGE_TTA_ACTIVE views= 8 weight= 0.75 mean_abs_feat_delta= 0.268047\n"}
,{"stream_name":"stdout","time":494.173743136,"data":"SECONDARY_EDGE_TTA_ACTIVE views= 8 weight= 0.75 mean_abs_feat_delta= 0.345669\n"}
,{"stream_name":"stdout","time":494.178162314,"data":"BIOHUB_RETENTION_GUARD {\"blended_candidates\": 131, \"dataset\": \"44b6_0b24845f\", \"frame\": 91, \"minimum_retention\": 0.9, \"primary_candidates\": 247, \"retention\": 0.5303643724696356, \"use_primary\": true}\n"}
,{"stream_name":"stdout","time":494.376163961,"data":"SECONDARY_EDGE_TTA_ACTIVE views= 8 weight= 0.75 mean_abs_feat_delta= 0.345669\n"}
,{"stream_name":"stdout","time":494.37622532,"data":"BIOHUB_RETENTION_GUARD {\"blended_candidates\": 131, \"dataset\": \"44b6_0b24845f\", \"frame\": 91, \"minimum_retention\": 0.9, \"primary_candidates\": 247, \"retention\": 0.5303643724696356, \"use_primary\": true}\n"}
,{"stream_name":"stdout","time":494.615727295,"data":"EDGE_TTA_ACTIVE views= 8 mean_abs_feat_delta= 0.356844\n"}
,{"stream_name":"stdout","time":494.818087652,"data":"EDGE_TTA_ACTIVE views= 8 mean_abs_feat_delta= 0.356844\n"}
,{"stream_name":"stdout","time":495.314227082,"data":"EDGE_TTA_ACTIVE views= 8 mean_abs_feat_delta= 0.37538\n"}
,{"stream_name":"stdout","time":495.516585826,"data":"EDGE_TTA_ACTIVE views= 8 mean_abs_feat_delta= 0.37538\n"}
,{"stream_name":"stdout","time":495.589687601,"data":"SECONDARY_EDGE_TTA_ACTIVE views= 8 weight= 0.75 mean_abs_feat_delta= 0.258104\n"}
,{"stream_name":"stdout","time":495.792133306,"data":"SECONDARY_EDGE_TTA_ACTIVE views= 8 weight= 0.75 mean_abs_feat_delta= 0.258104\n"}
,{"stream_name":"stdout","time":496.328363156,"data":"SECONDARY_EDGE_TTA_ACTIVE views= 8 weight= 0.75 mean_abs_feat_delta= 0.344829\n"}
,{"stream_name":"stdout","time":496.332295603,"data":"BIOHUB_RETENTION_GUARD {\"blended_candidates\": 155, \"dataset\": \"44b6_0b24845f\", \"frame\": 92, \"minimum_retention\": 0.9, \"primary_candidates\": 282, \"retention\": 0.549645390070922, \"use_primary\": true}\n"}
,{"stream_name":"stdout","time":496.531086066,"data":"SECONDARY_EDGE_TTA_ACTIVE views= 8 weight= 0.75 mean_abs_feat_delta= 0.344829\n"}
,{"stream_name":"stdout","time":496.531134605,"data":"BIOHUB_RETENTION_GUARD {\"blended_candidates\": 155, \"dataset\": \"44b6_0b24845f\", \"frame\": 92, \"minimum_retention\": 0.9, \"primary_candidates\": 282, \"retention\": 0.549645390070922, \"use_primary\": true}\n"}
,{"stream_name":"stdout","time":496.682690806,"data":"EDGE_TTA_ACTIVE views= 8 mean_abs_feat_delta= 0.352887\n"}
,{"stream_name":"stdout","time":496.884883275,"data":"EDGE_TTA_ACTIVE views= 8 mean_abs_feat_delta= 0.352887\n"}
,{"stream_name":"stdout","time":497.49973785,"data":"EDGE_TTA_ACTIVE views= 8 mean_abs_feat_delta= 0.369863\n"}
,{"stream_name":"stdout","time":497.661842134,"data":"SECONDARY_EDGE_TTA_ACTIVE views= 8 weight= 0.75 mean_abs_feat_delta= 0.26166\n"}
,{"stream_name":"stdout","time":497.702171577,"data":"EDGE_TTA_ACTIVE views= 8 mean_abs_feat_delta= 0.369863\n"}
,{"stream_name":"stdout","time":497.702193987,"data":"SECONDARY_EDGE_TTA_ACTIVE views= 8 weight= 0.75 mean_abs_feat_delta= 0.26166\n"}
,{"stream_name":"stdout","time":498.514235064,"data":"SECONDARY_EDGE_TTA_ACTIVE views= 8 weight= 0.75 mean_abs_feat_delta= 0.339897\n"}
,{"stream_name":"stdout","time":498.518014615,"data":"BIOHUB_RETENTION_GUARD {\"blended_candidates\": 132, \"dataset\": \"44b6_0b24845f\", \"frame\": 93, \"minimum_retention\": 0.9, \"primary_candidates\": 246, \"retention\": 0.5365853658536586, \"use_primary\": true}\n"}
,{"stream_name":"stdout","time":498.716974309,"data":"SECONDARY_EDGE_TTA_ACTIVE views= 8 weight= 0.75 mean_abs_feat_delta= 0.339897\n"}
,{"stream_name":"stdout","time":498.717008297,"data":"BIOHUB_RETENTION_GUARD {\"blended_candidates\": 132, \"dataset\": \"44b6_0b24845f\", \"frame\": 93, \"minimum_retention\": 0.9, \"primary_candidates\": 246, \"retention\": 0.5365853658536586, \"use_primary\": true}\n"}
,{"stream_name":"stdout","time":498.749885992,"data":"EDGE_TTA_ACTIVE views= 8 mean_abs_feat_delta= 0.352766\n"}
,{"stream_name":"stdout","time":498.951752987,"data":"EDGE_TTA_ACTIVE views= 8 mean_abs_feat_delta= 0.352766\n"}
,{"stream_name":"stdout","time":499.685750124,"data":"EDGE_TTA_ACTIVE views= 8 mean_abs_feat_delta= 0.369553\n"}
,{"stream_name":"stdout","time":499.737232466,"data":"SECONDARY_EDGE_TTA_ACTIVE views= 8 weight= 0.75 mean_abs_feat_delta= 0.259512\n"}
,{"stream_name":"stdout","time":499.8882517,"data":"EDGE_TTA_ACTIVE views= 8 mean_abs_feat_delta= 0.369553\n"}
,{"stream_name":"stdout","time":499.888278281,"data":"SECONDARY_EDGE_TTA_ACTIVE views= 8 weight= 0.75 mean_abs_feat_delta= 0.259512\n"}
,{"stream_name":"stdout","time":500.69830873,"data":"SECONDARY_EDGE_TTA_ACTIVE views= 8 weight= 0.75 mean_abs_feat_delta= 0.339933\n"}
,{"stream_name":"stdout","time":500.702891705,"data":"BIOHUB_RETENTION_GUARD {\"blended_candidates\": 168, \"dataset\": \"44b6_0b24845f\", \"frame\": 94, \"minimum_retention\": 0.9, \"primary_candidates\": 284, \"retention\": 0.5915492957746479, \"use_primary\": true}\n"}
,{"stream_name":"stdout","time":500.858472648,"data":"EDGE_TTA_ACTIVE views= 8 mean_abs_feat_delta= 0.357319\n"}
,{"stream_name":"stdout","time":500.900839143,"data":"SECONDARY_EDGE_TTA_ACTIVE views= 8 weight= 0.75 mean_abs_feat_delta= 0.339933\n"}
,{"stream_name":"stdout","time":500.900860607,"data":"BIOHUB_RETENTION_GUARD {\"blended_candidates\": 168, \"dataset\": \"44b6_0b24845f\", \"frame\": 94, \"minimum_retention\": 0.9, \"primary_candidates\": 284, \"retention\": 0.5915492957746479, \"use_primary\": true}\n"}
,{"stream_name":"stdout","time":500.900866486,"data":"EDGE_TTA_ACTIVE views= 8 mean_abs_feat_delta= 0.357319\n"}
,{"stream_name":"stdout","time":501.831912172,"data":"EDGE_TTA_ACTIVE views= 8 mean_abs_feat_delta= 0.376512\n"}
,{"stream_name":"stdout","time":501.850442562,"data":"SECONDARY_EDGE_TTA_ACTIVE views= 8 weight= 0.75 mean_abs_feat_delta= 0.260316\n"}
,{"stream_name":"stdout","time":502.034521677,"data":"EDGE_TTA_ACTIVE views= 8 mean_abs_feat_delta= 0.376512\n"}
,{"stream_name":"stdout","time":502.034550496,"data":"SECONDARY_EDGE_TTA_ACTIVE views= 8 weight= 0.75 mean_abs_feat_delta= 0.260316\n"}
,{"stream_name":"stdout","time":502.848580137,"data":"SECONDARY_EDGE_TTA_ACTIVE views= 8 weight= 0.75 mean_abs_feat_delta= 0.347255\n"}
,{"stream_name":"stdout","time":502.852490318,"data":"BIOHUB_RETENTION_GUARD {\"blended_candidates\": 133, \"dataset\": \"44b6_0b24845f\", \"frame\": 95, \"minimum_retention\": 0.9, \"primary_candidates\": 294, \"retention\": 0.4523809523809524, \"use_primary\": true}\n"}
,{"stream_name":"stdout","time":502.943433888,"data":"EDGE_TTA_ACTIVE views= 8 mean_abs_feat_delta= 0.356682\n"}
,{"stream_name":"stdout","time":503.050858439,"data":"SECONDARY_EDGE_TTA_ACTIVE views= 8 weight= 0.75 mean_abs_feat_delta= 0.347255\n"}
,{"stream_name":"stdout","time":503.050885331,"data":"BIOHUB_RETENTION_GUARD {\"blended_candidates\": 133, \"dataset\": \"44b6_0b24845f\", \"frame\": 95, \"minimum_retention\": 0.9, \"primary_candidates\": 294, \"retention\": 0.4523809523809524, \"use_primary\": true}\n"}
,{"stream_name":"stdout","time":503.050891414,"data":"EDGE_TTA_ACTIVE views= 8 mean_abs_feat_delta= 0.356682\n"}
,{"stream_name":"stdout","time":503.933562952,"data":"SECONDARY_EDGE_TTA_ACTIVE views= 8 weight= 0.75 mean_abs_feat_delta= 0.263108\n"}
,{"stream_name":"stdout","time":503.99866045,"data":"EDGE_TTA_ACTIVE views= 8 mean_abs_feat_delta= 0.370927\n"}
,{"stream_name":"stdout","time":504.167001647,"data":"SECONDARY_EDGE_TTA_ACTIVE views= 8 weight= 0.75 mean_abs_feat_delta= 0.263108\n"}
,{"stream_name":"stdout","time":504.167027745,"data":"EDGE_TTA_ACTIVE views= 8 mean_abs_feat_delta= 0.370927\n"}
,{"stream_name":"stdout","time":505.014543986,"data":"SECONDARY_EDGE_TTA_ACTIVE views= 8 weight= 0.75 mean_abs_feat_delta= 0.349077\n"}
,{"stream_name":"stdout","time":505.019558244,"data":"BIOHUB_RETENTION_GUARD {\"blended_candidates\": 121, \"dataset\": \"44b6_0b24845f\", \"frame\": 96, \"minimum_retention\": 0.9, \"primary_candidates\": 265, \"retention\": 0.45660377358490567, \"use_primary\": true}\n"}
,{"stream_name":"stdout","time":505.218770298,"data":"SECONDARY_EDGE_TTA_ACTIVE views= 8 weight= 0.75 mean_abs_feat_delta= 0.349077\n"}
,{"stream_name":"stdout","time":505.220176788,"data":"BIOHUB_RETENTION_GUARD {\"blended_candidates\": 121, \"dataset\": \"44b6_0b24845f\", \"frame\": 96, \"minimum_retention\": 0.9, \"primary_candidates\": 265, \"retention\": 0.45660377358490567, \"use_primary\": true}\n"}
,{"stream_name":"stdout","time":506.205131044,"data":"EDGE_TTA_ACTIVE views= 8 mean_abs_feat_delta= 0.368202\n"}
,{"stream_name":"stdout","time":506.407909364,"data":"EDGE_TTA_ACTIVE views= 8 mean_abs_feat_delta= 0.368202\n"}
,{"stream_name":"stdout","time":507.220376985,"data":"SECONDARY_EDGE_TTA_ACTIVE views= 8 weight= 0.75 mean_abs_feat_delta= 0.352694\n"}
,{"stream_name":"stdout","time":507.225112197,"data":"BIOHUB_RETENTION_GUARD {\"blended_candidates\": 165, \"dataset\": \"44b6_0b24845f\", \"frame\": 97, \"minimum_retention\": 0.9, \"primary_candidates\": 312, \"retention\": 0.5288461538461539, \"use_primary\": true}\n"}
,{"stream_name":"stdout","time":507.422827318,"data":"SECONDARY_EDGE_TTA_ACTIVE views= 8 weight= 0.75 mean_abs_feat_delta= 0.352694\n"}
,{"stream_name":"stdout","time":507.422860695,"data":"BIOHUB_RETENTION_GUARD {\"blended_candidates\": 165, \"dataset\": \"44b6_0b24845f\", \"frame\": 97, \"minimum_retention\": 0.9, \"primary_candidates\": 312, \"retention\": 0.5288461538461539, \"use_primary\": true}\n"}
,{"stream_name":"stdout","time":508.437001446,"data":"EDGE_TTA_ACTIVE views= 8 mean_abs_feat_delta= 0.376846\n"}
,{"stream_name":"stdout","time":508.640369648,"data":"EDGE_TTA_ACTIVE views= 8 mean_abs_feat_delta= 0.376846\n"}
,{"stream_name":"stdout","time":509.452161949,"data":"SECONDARY_EDGE_TTA_ACTIVE views= 8 weight= 0.75 mean_abs_feat_delta= 0.353179\n"}
,{"stream_name":"stdout","time":509.458257623,"data":"BIOHUB_RETENTION_GUARD {\"blended_candidates\": 149, \"dataset\": \"44b6_0b24845f\", \"frame\": 98, \"minimum_retention\": 0.9, \"primary_candidates\": 310, \"retention\": 0.4806451612903226, \"use_primary\": true}\n"}
,{"stream_name":"stdout","time":509.654913916,"data":"SECONDARY_EDGE_TTA_ACTIVE views= 8 weight= 0.75 mean_abs_feat_delta= 0.353179\n"}
,{"stream_name":"stdout","time":509.654945113,"data":"BIOHUB_RETENTION_GUARD {\"blended_candidates\": 149, \"dataset\": \"44b6_0b24845f\", \"frame\": 98, \"minimum_retention\": 0.9, \"primary_candidates\": 310, \"retention\": 0.4806451612903226, \"use_primary\": true}\n"}
,{"stream_name":"stdout","time":510.698145261,"data":"EDGE_TTA_ACTIVE views= 8 mean_abs_feat_delta= 0.374587\n"}
,{"stream_name":"stdout","time":510.900601109,"data":"EDGE_TTA_ACTIVE views= 8 mean_abs_feat_delta= 0.374587\n"}
,{"stream_name":"stdout","time":511.71668389,"data":"SECONDARY_EDGE_TTA_ACTIVE views= 8 weight= 0.75 mean_abs_feat_delta= 0.353745\n"}
,{"stream_name":"stdout","time":511.721853983,"data":"BIOHUB_RETENTION_GUARD {\"blended_candidates\": 89, \"dataset\": \"44b6_0b24845f\", \"frame\": 99, \"minimum_retention\": 0.9, \"primary_candidates\": 235, \"retention\": 0.37872340425531914, \"use_primary\": true}\n"}
,{"stream_name":"stdout","time":511.91917634,"data":"SECONDARY_EDGE_TTA_ACTIVE views= 8 weight= 0.75 mean_abs_feat_delta= 0.353745\n"}
,{"stream_name":"stdout","time":511.919228318,"data":"BIOHUB_RETENTION_GUARD {\"blended_candidates\": 89, \"dataset\": \"44b6_0b24845f\", \"frame\": 99, \"minimum_retention\": 0.9, \"primary_candidates\": 235, \"retention\": 0.37872340425531914, \"use_primary\": true}\n"}
,{"stream_name":"stdout","time":532.571076894,"data":"EDGE_TTA_ACTIVE views= 8 mean_abs_feat_delta= 0.350937\n"}
,{"stream_name":"stdout","time":532.773684873,"data":"EDGE_TTA_ACTIVE views= 8 mean_abs_feat_delta= 0.350937\n"}
,{"stream_name":"stdout","time":533.122385826,"data":"EDGE_TTA_ACTIVE views= 8 mean_abs_feat_delta= 0.371861\n"}
,{"stream_name":"stdout","time":533.3250128,"data":"EDGE_TTA_ACTIVE views= 8 mean_abs_feat_delta= 0.371861\n"}
,{"stream_name":"stdout","time":533.548441961,"data":"SECONDARY_EDGE_TTA_ACTIVE views= 8 weight= 0.75 mean_abs_feat_delta= 0.247659\n"}
,{"stream_name":"stdout","time":533.750896864,"data":"SECONDARY_EDGE_TTA_ACTIVE views= 8 weight= 0.75 mean_abs_feat_delta= 0.247659\n"}
,{"stream_name":"stdout","time":534.072541153,"data":"SECONDARY_EDGE_TTA_ACTIVE views= 8 weight= 0.75 mean_abs_feat_delta= 0.236072\n"}
,{"stream_name":"stdout","time":534.307549389,"data":"SECONDARY_EDGE_TTA_ACTIVE views= 8 weight= 0.75 mean_abs_feat_delta= 0.236072\n"}
,{"stream_name":"stdout","time":534.886218202,"data":"EDGE_TTA_ACTIVE views= 8 mean_abs_feat_delta= 0.349425\n"}
,{"stream_name":"stdout","time":535.08883712,"data":"EDGE_TTA_ACTIVE views= 8 mean_abs_feat_delta= 0.349425\n"}
,{"stream_name":"stdout","time":535.13331085,"data":"EDGE_TTA_ACTIVE views= 8 mean_abs_feat_delta= 0.373996\n"}
,{"stream_name":"stdout","time":535.335526418,"data":"EDGE_TTA_ACTIVE views= 8 mean_abs_feat_delta= 0.373996\n"}
,{"stream_name":"stdout","time":535.879632783,"data":"SECONDARY_EDGE_TTA_ACTIVE views= 8 weight= 0.75 mean_abs_feat_delta= 0.24968\n"}
,{"stream_name":"stdout","time":536.081951417,"data":"SECONDARY_EDGE_TTA_ACTIVE views= 8 weight= 0.75 mean_abs_feat_delta= 0.24968\n"}
,{"stream_name":"stdout","time":536.089950019,"data":"SECONDARY_EDGE_TTA_ACTIVE views= 8 weight= 0.75 mean_abs_feat_delta= 0.235043\n"}
,{"stream_name":"stdout","time":536.292553746,"data":"SECONDARY_EDGE_TTA_ACTIVE views= 8 weight= 0.75 mean_abs_feat_delta= 0.235043\n"}
,{"stream_name":"stdout","time":537.129137813,"data":"EDGE_TTA_ACTIVE views= 8 mean_abs_feat_delta= 0.377724\n"}
,{"stream_name":"stdout","time":537.278313264,"data":"EDGE_TTA_ACTIVE views= 8 mean_abs_feat_delta= 0.345926\n"}
,{"stream_name":"stdout","time":537.331545789,"data":"EDGE_TTA_ACTIVE views= 8 mean_abs_feat_delta= 0.377724\n"}
,{"stream_name":"stdout","time":537.331579103,"data":"EDGE_TTA_ACTIVE views= 8 mean_abs_feat_delta= 0.345926\n"}
,{"stream_name":"stdout","time":538.093260815,"data":"SECONDARY_EDGE_TTA_ACTIVE views= 8 weight= 0.75 mean_abs_feat_delta= 0.238415\n"}
,{"stream_name":"stdout","time":538.284614097,"data":"SECONDARY_EDGE_TTA_ACTIVE views= 8 weight= 0.75 mean_abs_feat_delta= 0.250232\n"}
,{"stream_name":"stdout","time":538.296024993,"data":"SECONDARY_EDGE_TTA_ACTIVE views= 8 weight= 0.75 mean_abs_feat_delta= 0.238415\n"}
,{"stream_name":"stdout","time":538.296084475,"data":"SECONDARY_EDGE_TTA_ACTIVE views= 8 weight= 0.75 mean_abs_feat_delta= 0.250232\n"}
,{"stream_name":"stdout","time":539.139461663,"data":"EDGE_TTA_ACTIVE views= 8 mean_abs_feat_delta= 0.380575\n"}
,{"stream_name":"stdout","time":539.341629368,"data":"EDGE_TTA_ACTIVE views= 8 mean_abs_feat_delta= 0.380575\n"}
,{"stream_name":"stdout","time":539.729874589,"data":"EDGE_TTA_ACTIVE views= 8 mean_abs_feat_delta= 0.343575\n"}
,{"stream_name":"stdout","time":539.932334096,"data":"EDGE_TTA_ACTIVE views= 8 mean_abs_feat_delta= 0.343575\n"}
,{"stream_name":"stdout","time":540.112364519,"data":"SECONDARY_EDGE_TTA_ACTIVE views= 8 weight= 0.75 mean_abs_feat_delta= 0.237631\n"}
,{"stream_name":"stdout","time":540.314851969,"data":"SECONDARY_EDGE_TTA_ACTIVE views= 8 weight= 0.75 mean_abs_feat_delta= 0.237631\n"}
,{"stream_name":"stdout","time":540.741040444,"data":"SECONDARY_EDGE_TTA_ACTIVE views= 8 weight= 0.75 mean_abs_feat_delta= 0.251574\n"}
,{"stream_name":"stdout","time":540.943672068,"data":"SECONDARY_EDGE_TTA_ACTIVE views= 8 weight= 0.75 mean_abs_feat_delta= 0.251574\n"}
,{"stream_name":"stdout","time":541.155161946,"data":"EDGE_TTA_ACTIVE views= 8 mean_abs_feat_delta= 0.363601\n"}
,{"stream_name":"stdout","time":541.356080704,"data":"EDGE_TTA_ACTIVE views= 8 mean_abs_feat_delta= 0.363601\n"}
,{"stream_name":"stdout","time":542.126707653,"data":"SECONDARY_EDGE_TTA_ACTIVE views= 8 weight= 0.75 mean_abs_feat_delta= 0.244203\n"}
,{"stream_name":"stdout","time":542.13861352,"data":"EDGE_TTA_ACTIVE views= 8 mean_abs_feat_delta= 0.346887\n"}
,{"stream_name":"stdout","time":542.329462268,"data":"SECONDARY_EDGE_TTA_ACTIVE views= 8 weight= 0.75 mean_abs_feat_delta= 0.244203\n"}
,{"stream_name":"stdout","time":542.329490594,"data":"EDGE_TTA_ACTIVE views= 8 mean_abs_feat_delta= 0.346887\n"}
,{"stream_name":"stdout","time":543.158181624,"data":"SECONDARY_EDGE_TTA_ACTIVE views= 8 weight= 0.75 mean_abs_feat_delta= 0.248906\n"}
,{"stream_name":"stdout","time":543.198004113,"data":"EDGE_TTA_ACTIVE views= 8 mean_abs_feat_delta= 0.383693\n"}
,{"stream_name":"stdout","time":543.360726309,"data":"SECONDARY_EDGE_TTA_ACTIVE views= 8 weight= 0.75 mean_abs_feat_delta= 0.248906\n"}
,{"stream_name":"stdout","time":543.360757492,"data":"EDGE_TTA_ACTIVE views= 8 mean_abs_feat_delta= 0.383693\n"}
,{"stream_name":"stdout","time":544.171435283,"data":"SECONDARY_EDGE_TTA_ACTIVE views= 8 weight= 0.75 mean_abs_feat_delta= 0.239954\n"}
,{"stream_name":"stdout","time":544.373985382,"data":"SECONDARY_EDGE_TTA_ACTIVE views= 8 weight= 0.75 mean_abs_feat_delta= 0.239954\n"}
,{"stream_name":"stdout","time":544.587266002,"data":"EDGE_TTA_ACTIVE views= 8 mean_abs_feat_delta= 0.346346\n"}
,{"stream_name":"stdout","time":544.78965378,"data":"EDGE_TTA_ACTIVE views= 8 mean_abs_feat_delta= 0.346346\n"}
,{"stream_name":"stdout","time":545.244025286,"data":"EDGE_TTA_ACTIVE views= 8 mean_abs_feat_delta= 0.385986\n"}
,{"stream_name":"stdout","time":545.446312693,"data":"EDGE_TTA_ACTIVE views= 8 mean_abs_feat_delta= 0.385986\n"}
,{"stream_name":"stdout","time":545.614988608,"data":"SECONDARY_EDGE_TTA_ACTIVE views= 8 weight= 0.75 mean_abs_feat_delta= 0.2454\n"}
,{"stream_name":"stdout","time":545.81735112,"data":"SECONDARY_EDGE_TTA_ACTIVE views= 8 weight= 0.75 mean_abs_feat_delta= 0.2454\n"}
,{"stream_name":"stdout","time":546.238600536,"data":"SECONDARY_EDGE_TTA_ACTIVE views= 8 weight= 0.75 mean_abs_feat_delta= 0.23989\n"}
,{"stream_name":"stdout","time":546.441059918,"data":"SECONDARY_EDGE_TTA_ACTIVE views= 8 weight= 0.75 mean_abs_feat_delta= 0.23989\n"}
,{"stream_name":"stdout","time":547.008816766,"data":"EDGE_TTA_ACTIVE views= 8 mean_abs_feat_delta= 0.346973\n"}
,{"stream_name":"stdout","time":547.21124787,"data":"EDGE_TTA_ACTIVE views= 8 mean_abs_feat_delta= 0.346973\n"}
,{"stream_name":"stdout","time":547.317118352,"data":"EDGE_TTA_ACTIVE views= 8 mean_abs_feat_delta= 0.377214\n"}
,{"stream_name":"stdout","time":547.519405859,"data":"EDGE_TTA_ACTIVE views= 8 mean_abs_feat_delta= 0.377214\n"}
,{"stream_name":"stdout","time":548.039468775,"data":"SECONDARY_EDGE_TTA_ACTIVE views= 8 weight= 0.75 mean_abs_feat_delta= 0.249957\n"}
,{"stream_name":"stdout","time":548.24193494,"data":"SECONDARY_EDGE_TTA_ACTIVE views= 8 weight= 0.75 mean_abs_feat_delta= 0.249957\n"}
,{"stream_name":"stdout","time":548.307843874,"data":"SECONDARY_EDGE_TTA_ACTIVE views= 8 weight= 0.75 mean_abs_feat_delta= 0.237283\n"}
,{"stream_name":"stdout","time":548.510402441,"data":"SECONDARY_EDGE_TTA_ACTIVE views= 8 weight= 0.75 mean_abs_feat_delta= 0.237283\n"}
,{"stream_name":"stdout","time":549.427167457,"data":"EDGE_TTA_ACTIVE views= 8 mean_abs_feat_delta= 0.374944\n"}
,{"stream_name":"stdout","time":549.466302223,"data":"EDGE_TTA_ACTIVE views= 8 mean_abs_feat_delta= 0.344778\n"}
,{"stream_name":"stdout","time":549.629717145,"data":"EDGE_TTA_ACTIVE views= 8 mean_abs_feat_delta= 0.374944\n"}
,{"stream_name":"stdout","time":549.62973889,"data":"EDGE_TTA_ACTIVE views= 8 mean_abs_feat_delta= 0.344778\n"}
,{"stream_name":"stdout","time":550.421191555,"data":"SECONDARY_EDGE_TTA_ACTIVE views= 8 weight= 0.75 mean_abs_feat_delta= 0.230958\n"}
,{"stream_name":"stdout","time":550.506153457,"data":"SECONDARY_EDGE_TTA_ACTIVE views= 8 weight= 0.75 mean_abs_feat_delta= 0.244194\n"}
,{"stream_name":"stdout","time":550.623643233,"data":"SECONDARY_EDGE_TTA_ACTIVE views= 8 weight= 0.75 mean_abs_feat_delta= 0.230958\n"}
,{"stream_name":"stdout","time":550.623675575,"data":"SECONDARY_EDGE_TTA_ACTIVE views= 8 weight= 0.75 mean_abs_feat_delta= 0.244194\n"}
,{"stream_name":"stdout","time":551.521054328,"data":"EDGE_TTA_ACTIVE views= 8 mean_abs_feat_delta= 0.379503\n"}
,{"stream_name":"stdout","time":551.723656464,"data":"EDGE_TTA_ACTIVE views= 8 mean_abs_feat_delta= 0.379503\n"}
,{"stream_name":"stdout","time":551.965181071,"data":"EDGE_TTA_ACTIVE views= 8 mean_abs_feat_delta= 0.347914\n"}
,{"stream_name":"stdout","time":552.167385793,"data":"EDGE_TTA_ACTIVE views= 8 mean_abs_feat_delta= 0.347914\n"}
,{"stream_name":"stdout","time":552.520325589,"data":"SECONDARY_EDGE_TTA_ACTIVE views= 8 weight= 0.75 mean_abs_feat_delta= 0.23219\n"}
,{"stream_name":"stdout","time":552.723036479,"data":"SECONDARY_EDGE_TTA_ACTIVE views= 8 weight= 0.75 mean_abs_feat_delta= 0.23219\n"}
,{"stream_name":"stdout","time":553.03229684,"data":"SECONDARY_EDGE_TTA_ACTIVE views= 8 weight= 0.75 mean_abs_feat_delta= 0.243952\n"}
,{"stream_name":"stdout","time":553.234886409,"data":"SECONDARY_EDGE_TTA_ACTIVE views= 8 weight= 0.75 mean_abs_feat_delta= 0.243952\n"}
,{"stream_name":"stdout","time":553.624421172,"data":"EDGE_TTA_ACTIVE views= 8 mean_abs_feat_delta= 0.376279\n"}
,{"stream_name":"stdout","time":553.826764503,"data":"EDGE_TTA_ACTIVE views= 8 mean_abs_feat_delta= 0.376279\n"}
,{"stream_name":"stdout","time":554.460369711,"data":"EDGE_TTA_ACTIVE views= 8 mean_abs_feat_delta= 0.35019\n"}
,{"stream_name":"stdout","time":554.626041013,"data":"SECONDARY_EDGE_TTA_ACTIVE views= 8 weight= 0.75 mean_abs_feat_delta= 0.235852\n"}
,{"stream_name":"stdout","time":554.662612611,"data":"EDGE_TTA_ACTIVE views= 8 mean_abs_feat_delta= 0.35019\n"}
,{"stream_name":"stdout","time":554.662631878,"data":"SECONDARY_EDGE_TTA_ACTIVE views= 8 weight= 0.75 mean_abs_feat_delta= 0.235852\n"}
,{"stream_name":"stdout","time":555.505510001,"data":"SECONDARY_EDGE_TTA_ACTIVE views= 8 weight= 0.75 mean_abs_feat_delta= 0.246757\n"}
,{"stream_name":"stdout","time":555.708187785,"data":"SECONDARY_EDGE_TTA_ACTIVE views= 8 weight= 0.75 mean_abs_feat_delta= 0.246757\n"}
,{"stream_name":"stdout","time":555.729367042,"data":"EDGE_TTA_ACTIVE views= 8 mean_abs_feat_delta= 0.381564\n"}
,{"stream_name":"stdout","time":555.931966505,"data":"EDGE_TTA_ACTIVE views= 8 mean_abs_feat_delta= 0.381564\n"}
,{"stream_name":"stdout","time":556.735558961,"data":"SECONDARY_EDGE_TTA_ACTIVE views= 8 weight= 0.75 mean_abs_feat_delta= 0.238665\n"}
,{"stream_name":"stdout","time":556.937935751,"data":"SECONDARY_EDGE_TTA_ACTIVE views= 8 weight= 0.75 mean_abs_feat_delta= 0.238665\n"}
,{"stream_name":"stdout","time":556.962362062,"data":"EDGE_TTA_ACTIVE views= 8 mean_abs_feat_delta= 0.345694\n"}
,{"stream_name":"stdout","time":557.164628488,"data":"EDGE_TTA_ACTIVE views= 8 mean_abs_feat_delta= 0.345694\n"}
,{"stream_name":"stdout","time":557.847288421,"data":"EDGE_TTA_ACTIVE views= 8 mean_abs_feat_delta= 0.369132\n"}
,{"stream_name":"stdout","time":558.021057012,"data":"SECONDARY_EDGE_TTA_ACTIVE views= 8 weight= 0.75 mean_abs_feat_delta= 0.241225\n"}
,{"stream_name":"stdout","time":558.049775418,"data":"EDGE_TTA_ACTIVE views= 8 mean_abs_feat_delta= 0.369132\n"}
,{"stream_name":"stdout","time":558.049796661,"data":"SECONDARY_EDGE_TTA_ACTIVE views= 8 weight= 0.75 mean_abs_feat_delta= 0.241225\n"}
,{"stream_name":"stdout","time":558.862001117,"data":"SECONDARY_EDGE_TTA_ACTIVE views= 8 weight= 0.75 mean_abs_feat_delta= 0.241873\n"}
,{"stream_name":"stdout","time":559.064694502,"data":"SECONDARY_EDGE_TTA_ACTIVE views= 8 weight= 0.75 mean_abs_feat_delta= 0.241873\n"}
,{"stream_name":"stdout","time":559.46880684,"data":"EDGE_TTA_ACTIVE views= 8 mean_abs_feat_delta= 0.341576\n"}
,{"stream_name":"stdout","time":559.67109473,"data":"EDGE_TTA_ACTIVE views= 8 mean_abs_feat_delta= 0.341576\n"}
,{"stream_name":"stdout","time":559.946555646,"data":"EDGE_TTA_ACTIVE views= 8 mean_abs_feat_delta= 0.383661\n"}
,{"stream_name":"stdout","time":560.14908127,"data":"EDGE_TTA_ACTIVE views= 8 mean_abs_feat_delta= 0.383661\n"}
,{"stream_name":"stdout","time":560.531240369,"data":"SECONDARY_EDGE_TTA_ACTIVE views= 8 weight= 0.75 mean_abs_feat_delta= 0.24078\n"}
,{"stream_name":"stdout","time":560.733554658,"data":"SECONDARY_EDGE_TTA_ACTIVE views= 8 weight= 0.75 mean_abs_feat_delta= 0.24078\n"}
,{"stream_name":"stdout","time":560.965519949,"data":"SECONDARY_EDGE_TTA_ACTIVE views= 8 weight= 0.75 mean_abs_feat_delta= 0.237557\n"}
,{"stream_name":"stdout","time":561.168157733,"data":"SECONDARY_EDGE_TTA_ACTIVE views= 8 weight= 0.75 mean_abs_feat_delta= 0.237557\n"}
,{"stream_name":"stdout","time":561.965054006,"data":"EDGE_TTA_ACTIVE views= 8 mean_abs_feat_delta= 0.341639\n"}
,{"stream_name":"stdout","time":562.097086176,"data":"EDGE_TTA_ACTIVE views= 8 mean_abs_feat_delta= 0.377244\n"}
,{"stream_name":"stdout","time":562.167365089,"data":"EDGE_TTA_ACTIVE views= 8 mean_abs_feat_delta= 0.341639\n"}
,{"stream_name":"stdout","time":562.167384125,"data":"EDGE_TTA_ACTIVE views= 8 mean_abs_feat_delta= 0.377244\n"}
,{"stream_name":"stdout","time":563.032265911,"data":"SECONDARY_EDGE_TTA_ACTIVE views= 8 weight= 0.75 mean_abs_feat_delta= 0.240248\n"}
,{"stream_name":"stdout","time":563.119141081,"data":"SECONDARY_EDGE_TTA_ACTIVE views= 8 weight= 0.75 mean_abs_feat_delta= 0.238111\n"}
,{"stream_name":"stdout","time":563.234552492,"data":"SECONDARY_EDGE_TTA_ACTIVE views= 8 weight= 0.75 mean_abs_feat_delta= 0.240248\n"}
,{"stream_name":"stdout","time":563.234595975,"data":"SECONDARY_EDGE_TTA_ACTIVE views= 8 weight= 0.75 mean_abs_feat_delta= 0.238111\n"}
,{"stream_name":"stdout","time":564.23923965,"data":"EDGE_TTA_ACTIVE views= 8 mean_abs_feat_delta= 0.375803\n"}
,{"stream_name":"stdout","time":564.476138025,"data":"EDGE_TTA_ACTIVE views= 8 mean_abs_feat_delta= 0.375803\n"}
,{"stream_name":"stdout","time":564.54037783,"data":"EDGE_TTA_ACTIVE views= 8 mean_abs_feat_delta= 0.344461\n"}
,{"stream_name":"stdout","time":564.742590653,"data":"EDGE_TTA_ACTIVE views= 8 mean_abs_feat_delta= 0.344461\n"}
,{"stream_name":"stdout","time":565.258747752,"data":"SECONDARY_EDGE_TTA_ACTIVE views= 8 weight= 0.75 mean_abs_feat_delta= 0.238153\n"}
,{"stream_name":"stdout","time":565.461256737,"data":"SECONDARY_EDGE_TTA_ACTIVE views= 8 weight= 0.75 mean_abs_feat_delta= 0.238153\n"}
,{"stream_name":"stdout","time":565.603305184,"data":"SECONDARY_EDGE_TTA_ACTIVE views= 8 weight= 0.75 mean_abs_feat_delta= 0.238142\n"}
,{"stream_name":"stdout","time":565.805654921,"data":"SECONDARY_EDGE_TTA_ACTIVE views= 8 weight= 0.75 mean_abs_feat_delta= 0.238142\n"}
,{"stream_name":"stdout","time":566.352569233,"data":"EDGE_TTA_ACTIVE views= 8 mean_abs_feat_delta= 0.375399\n"}
,{"stream_name":"stdout","time":566.555015276,"data":"EDGE_TTA_ACTIVE views= 8 mean_abs_feat_delta= 0.375399\n"}
,{"stream_name":"stdout","time":567.050597767,"data":"EDGE_TTA_ACTIVE views= 8 mean_abs_feat_delta= 0.344769\n"}
,{"stream_name":"stdout","time":567.252949241,"data":"EDGE_TTA_ACTIVE views= 8 mean_abs_feat_delta= 0.344769\n"}
,{"stream_name":"stdout","time":567.377553508,"data":"SECONDARY_EDGE_TTA_ACTIVE views= 8 weight= 0.75 mean_abs_feat_delta= 0.236344\n"}
,{"stream_name":"stdout","time":567.580146161,"data":"SECONDARY_EDGE_TTA_ACTIVE views= 8 weight= 0.75 mean_abs_feat_delta= 0.236344\n"}
,{"stream_name":"stdout","time":568.111720107,"data":"SECONDARY_EDGE_TTA_ACTIVE views= 8 weight= 0.75 mean_abs_feat_delta= 0.23738\n"}
,{"stream_name":"stdout","time":568.314183289,"data":"SECONDARY_EDGE_TTA_ACTIVE views= 8 weight= 0.75 mean_abs_feat_delta= 0.23738\n"}
,{"stream_name":"stdout","time":568.461858712,"data":"EDGE_TTA_ACTIVE views= 8 mean_abs_feat_delta= 0.378254\n"}
,{"stream_name":"stdout","time":568.66433549,"data":"EDGE_TTA_ACTIVE views= 8 mean_abs_feat_delta= 0.378254\n"}
,{"stream_name":"stdout","time":569.483773206,"data":"SECONDARY_EDGE_TTA_ACTIVE views= 8 weight= 0.75 mean_abs_feat_delta= 0.235514\n"}
,{"stream_name":"stdout","time":569.552864074,"data":"EDGE_TTA_ACTIVE views= 8 mean_abs_feat_delta= 0.343861\n"}
,{"stream_name":"stdout","time":569.686465562,"data":"SECONDARY_EDGE_TTA_ACTIVE views= 8 weight= 0.75 mean_abs_feat_delta= 0.235514\n"}
,{"stream_name":"stdout","time":569.686497187,"data":"EDGE_TTA_ACTIVE views= 8 mean_abs_feat_delta= 0.343861\n"}
,{"stream_name":"stdout","time":570.601555449,"data":"EDGE_TTA_ACTIVE views= 8 mean_abs_feat_delta= 0.379837\n"}
,{"stream_name":"stdout","time":570.606611117,"data":"SECONDARY_EDGE_TTA_ACTIVE views= 8 weight= 0.75 mean_abs_feat_delta= 0.237096\n"}
,{"stream_name":"stdout","time":570.804235691,"data":"EDGE_TTA_ACTIVE views= 8 mean_abs_feat_delta= 0.379837\n"}
,{"stream_name":"stdout","time":570.804265233,"data":"SECONDARY_EDGE_TTA_ACTIVE views= 8 weight= 0.75 mean_abs_feat_delta= 0.237096\n"}
,{"stream_name":"stdout","time":571.614514276,"data":"SECONDARY_EDGE_TTA_ACTIVE views= 8 weight= 0.75 mean_abs_feat_delta= 0.237013\n"}
,{"stream_name":"stdout","time":571.817343986,"data":"SECONDARY_EDGE_TTA_ACTIVE views= 8 weight= 0.75 mean_abs_feat_delta= 0.237013\n"}
,{"stream_name":"stdout","time":572.043270572,"data":"EDGE_TTA_ACTIVE views= 8 mean_abs_feat_delta= 0.344252\n"}
,{"stream_name":"stdout","time":572.245753226,"data":"EDGE_TTA_ACTIVE views= 8 mean_abs_feat_delta= 0.344252\n"}
,{"stream_name":"stdout","time":572.721695177,"data":"EDGE_TTA_ACTIVE views= 8 mean_abs_feat_delta= 0.382889\n"}
,{"stream_name":"stdout","time":572.924282666,"data":"EDGE_TTA_ACTIVE views= 8 mean_abs_feat_delta= 0.382889\n"}
,{"stream_name":"stdout","time":573.090119355,"data":"SECONDARY_EDGE_TTA_ACTIVE views= 8 weight= 0.75 mean_abs_feat_delta= 0.236414\n"}
,{"stream_name":"stdout","time":573.292621173,"data":"SECONDARY_EDGE_TTA_ACTIVE views= 8 weight= 0.75 mean_abs_feat_delta= 0.236414\n"}
,{"stream_name":"stdout","time":573.730470963,"data":"SECONDARY_EDGE_TTA_ACTIVE views= 8 weight= 0.75 mean_abs_feat_delta= 0.23801\n"}
,{"stream_name":"stdout","time":573.933006277,"data":"SECONDARY_EDGE_TTA_ACTIVE views= 8 weight= 0.75 mean_abs_feat_delta= 0.23801\n"}
,{"stream_name":"stdout","time":574.523215098,"data":"EDGE_TTA_ACTIVE views= 8 mean_abs_feat_delta= 0.344683\n"}
,{"stream_name":"stdout","time":574.725852521,"data":"EDGE_TTA_ACTIVE views= 8 mean_abs_feat_delta= 0.344683\n"}
,{"stream_name":"stdout","time":574.840695567,"data":"EDGE_TTA_ACTIVE views= 8 mean_abs_feat_delta= 0.38286\n"}
,{"stream_name":"stdout","time":575.04288377,"data":"EDGE_TTA_ACTIVE views= 8 mean_abs_feat_delta= 0.38286\n"}
,{"stream_name":"stdout","time":575.561600759,"data":"SECONDARY_EDGE_TTA_ACTIVE views= 8 weight= 0.75 mean_abs_feat_delta= 0.23555\n"}
,{"stream_name":"stdout","time":575.764122989,"data":"SECONDARY_EDGE_TTA_ACTIVE views= 8 weight= 0.75 mean_abs_feat_delta= 0.23555\n"}
,{"stream_name":"stdout","time":575.847271699,"data":"SECONDARY_EDGE_TTA_ACTIVE views= 8 weight= 0.75 mean_abs_feat_delta= 0.236216\n"}
,{"stream_name":"stdout","time":576.050082161,"data":"SECONDARY_EDGE_TTA_ACTIVE views= 8 weight= 0.75 mean_abs_feat_delta= 0.236216\n"}
,{"stream_name":"stdout","time":576.948646372,"data":"EDGE_TTA_ACTIVE views= 8 mean_abs_feat_delta= 0.382216\n"}
,{"stream_name":"stdout","time":577.051049719,"data":"EDGE_TTA_ACTIVE views= 8 mean_abs_feat_delta= 0.34633\n"}
,{"stream_name":"stdout","time":577.151384203,"data":"EDGE_TTA_ACTIVE views= 8 mean_abs_feat_delta= 0.382216\n"}
,{"stream_name":"stdout","time":577.151405689,"data":"EDGE_TTA_ACTIVE views= 8 mean_abs_feat_delta= 0.34633\n"}
,{"stream_name":"stdout","time":577.950453278,"data":"SECONDARY_EDGE_TTA_ACTIVE views= 8 weight= 0.75 mean_abs_feat_delta= 0.237584\n"}
,{"stream_name":"stdout","time":578.081809995,"data":"SECONDARY_EDGE_TTA_ACTIVE views= 8 weight= 0.75 mean_abs_feat_delta= 0.237532\n"}
,{"stream_name":"stdout","time":578.152912623,"data":"SECONDARY_EDGE_TTA_ACTIVE views= 8 weight= 0.75 mean_abs_feat_delta= 0.237584\n"}
,{"stream_name":"stdout","time":578.152936325,"data":"SECONDARY_EDGE_TTA_ACTIVE views= 8 weight= 0.75 mean_abs_feat_delta= 0.237532\n"}
,{"stream_name":"stdout","time":579.030119204,"data":"EDGE_TTA_ACTIVE views= 8 mean_abs_feat_delta= 0.387124\n"}
,{"stream_name":"stdout","time":579.23287423,"data":"EDGE_TTA_ACTIVE views= 8 mean_abs_feat_delta= 0.387124\n"}
,{"stream_name":"stdout","time":579.511372858,"data":"EDGE_TTA_ACTIVE views= 8 mean_abs_feat_delta= 0.340161\n"}
,{"stream_name":"stdout","time":579.71353165,"data":"EDGE_TTA_ACTIVE views= 8 mean_abs_feat_delta= 0.340161\n"}
,{"stream_name":"stdout","time":580.025783355,"data":"SECONDARY_EDGE_TTA_ACTIVE views= 8 weight= 0.75 mean_abs_feat_delta= 0.237954\n"}
,{"stream_name":"stdout","time":580.228229959,"data":"SECONDARY_EDGE_TTA_ACTIVE views= 8 weight= 0.75 mean_abs_feat_delta= 0.237954\n"}
,{"stream_name":"stdout","time":580.538384668,"data":"SECONDARY_EDGE_TTA_ACTIVE views= 8 weight= 0.75 mean_abs_feat_delta= 0.238661\n"}
,{"stream_name":"stdout","time":580.74061021,"data":"SECONDARY_EDGE_TTA_ACTIVE views= 8 weight= 0.75 mean_abs_feat_delta= 0.238661\n"}
,{"stream_name":"stdout","time":581.085321109,"data":"EDGE_TTA_ACTIVE views= 8 mean_abs_feat_delta= 0.383692\n"}
,{"stream_name":"stdout","time":581.28889641,"data":"EDGE_TTA_ACTIVE views= 8 mean_abs_feat_delta= 0.383692\n"}
,{"stream_name":"stdout","time":581.962580537,"data":"EDGE_TTA_ACTIVE views= 8 mean_abs_feat_delta= 0.345593\n"}
,{"stream_name":"stdout","time":582.083864599,"data":"SECONDARY_EDGE_TTA_ACTIVE views= 8 weight= 0.75 mean_abs_feat_delta= 0.236802\n"}
,{"stream_name":"stdout","time":582.164843885,"data":"EDGE_TTA_ACTIVE views= 8 mean_abs_feat_delta= 0.345593\n"}
,{"stream_name":"stdout","time":582.164876923,"data":"SECONDARY_EDGE_TTA_ACTIVE views= 8 weight= 0.75 mean_abs_feat_delta= 0.236802\n"}
,{"stream_name":"stdout","time":582.983870422,"data":"SECONDARY_EDGE_TTA_ACTIVE views= 8 weight= 0.75 mean_abs_feat_delta= 0.244202\n"}
,{"stream_name":"stdout","time":583.18511659,"data":"EDGE_TTA_ACTIVE views= 8 mean_abs_feat_delta= 0.38098\n"}
,{"stream_name":"stdout","time":583.186921109,"data":"SECONDARY_EDGE_TTA_ACTIVE views= 8 weight= 0.75 mean_abs_feat_delta= 0.244202\n"}
,{"stream_name":"stdout","time":583.387934577,"data":"EDGE_TTA_ACTIVE views= 8 mean_abs_feat_delta= 0.38098\n"}
,{"stream_name":"stdout","time":584.166134745,"data":"SECONDARY_EDGE_TTA_ACTIVE views= 8 weight= 0.75 mean_abs_feat_delta= 0.239394\n"}
,{"stream_name":"stdout","time":584.368733664,"data":"SECONDARY_EDGE_TTA_ACTIVE views= 8 weight= 0.75 mean_abs_feat_delta= 0.239394\n"}
,{"stream_name":"stdout","time":584.369619924,"data":"EDGE_TTA_ACTIVE views= 8 mean_abs_feat_delta= 0.345261\n"}
,{"stream_name":"stdout","time":584.571780508,"data":"EDGE_TTA_ACTIVE views= 8 mean_abs_feat_delta= 0.345261\n"}
,{"stream_name":"stdout","time":585.254448425,"data":"EDGE_TTA_ACTIVE views= 8 mean_abs_feat_delta= 0.383083\n"}
,{"stream_name":"stdout","time":585.385046147,"data":"SECONDARY_EDGE_TTA_ACTIVE views= 8 weight= 0.75 mean_abs_feat_delta= 0.244726\n"}
,{"stream_name":"stdout","time":585.456828342,"data":"EDGE_TTA_ACTIVE views= 8 mean_abs_feat_delta= 0.383083\n"}
,{"stream_name":"stdout","time":585.45684906,"data":"SECONDARY_EDGE_TTA_ACTIVE views= 8 weight= 0.75 mean_abs_feat_delta= 0.244726\n"}
,{"stream_name":"stdout","time":586.246158787,"data":"SECONDARY_EDGE_TTA_ACTIVE views= 8 weight= 0.75 mean_abs_feat_delta= 0.239051\n"}
,{"stream_name":"stdout","time":586.448690771,"data":"SECONDARY_EDGE_TTA_ACTIVE views= 8 weight= 0.75 mean_abs_feat_delta= 0.239051\n"}
,{"stream_name":"stdout","time":586.784461315,"data":"EDGE_TTA_ACTIVE views= 8 mean_abs_feat_delta= 0.341917\n"}
,{"stream_name":"stdout","time":586.986863407,"data":"EDGE_TTA_ACTIVE views= 8 mean_abs_feat_delta= 0.341917\n"}
,{"stream_name":"stdout","time":587.324655875,"data":"EDGE_TTA_ACTIVE views= 8 mean_abs_feat_delta= 0.385177\n"}
,{"stream_name":"stdout","time":587.526813746,"data":"EDGE_TTA_ACTIVE views= 8 mean_abs_feat_delta= 0.385177\n"}
,{"stream_name":"stdout","time":587.797797422,"data":"SECONDARY_EDGE_TTA_ACTIVE views= 8 weight= 0.75 mean_abs_feat_delta= 0.244457\n"}
,{"stream_name":"stdout","time":588.000131368,"data":"SECONDARY_EDGE_TTA_ACTIVE views= 8 weight= 0.75 mean_abs_feat_delta= 0.244457\n"}
,{"stream_name":"stdout","time":588.312512972,"data":"SECONDARY_EDGE_TTA_ACTIVE views= 8 weight= 0.75 mean_abs_feat_delta= 0.240454\n"}
,{"stream_name":"stdout","time":588.51497586,"data":"SECONDARY_EDGE_TTA_ACTIVE views= 8 weight= 0.75 mean_abs_feat_delta= 0.240454\n"}
,{"stream_name":"stdout","time":589.179073153,"data":"EDGE_TTA_ACTIVE views= 8 mean_abs_feat_delta= 0.342121\n"}
,{"stream_name":"stdout","time":589.381576646,"data":"EDGE_TTA_ACTIVE views= 8 mean_abs_feat_delta= 0.342121\n"}
,{"stream_name":"stdout","time":589.390977898,"data":"EDGE_TTA_ACTIVE views= 8 mean_abs_feat_delta= 0.373011\n"}
,{"stream_name":"stdout","time":589.592936201,"data":"EDGE_TTA_ACTIVE views= 8 mean_abs_feat_delta= 0.373011\n"}
,{"stream_name":"stdout","time":590.186188015,"data":"SECONDARY_EDGE_TTA_ACTIVE views= 8 weight= 0.75 mean_abs_feat_delta= 0.245003\n"}
,{"stream_name":"stdout","time":590.371524612,"data":"SECONDARY_EDGE_TTA_ACTIVE views= 8 weight= 0.75 mean_abs_feat_delta= 0.246682\n"}
,{"stream_name":"stdout","time":590.389137312,"data":"SECONDARY_EDGE_TTA_ACTIVE views= 8 weight= 0.75 mean_abs_feat_delta= 0.245003\n"}
,{"stream_name":"stdout","time":590.389157037,"data":"SECONDARY_EDGE_TTA_ACTIVE views= 8 weight= 0.75 mean_abs_feat_delta= 0.246682\n"}
,{"stream_name":"stdout","time":591.479557421,"data":"EDGE_TTA_ACTIVE views= 8 mean_abs_feat_delta= 0.387462\n"}
,{"stream_name":"stdout","time":591.626226418,"data":"EDGE_TTA_ACTIVE views= 8 mean_abs_feat_delta= 0.340903\n"}
,{"stream_name":"stdout","time":591.681918576,"data":"EDGE_TTA_ACTIVE views= 8 mean_abs_feat_delta= 0.387462\n"}
,{"stream_name":"stdout","time":591.681940065,"data":"EDGE_TTA_ACTIVE views= 8 mean_abs_feat_delta= 0.340903\n"}
,{"stream_name":"stdout","time":592.453222793,"data":"SECONDARY_EDGE_TTA_ACTIVE views= 8 weight= 0.75 mean_abs_feat_delta= 0.238599\n"}
,{"stream_name":"stdout","time":592.629702983,"data":"SECONDARY_EDGE_TTA_ACTIVE views= 8 weight= 0.75 mean_abs_feat_delta= 0.243874\n"}
,{"stream_name":"stdout","time":592.655769937,"data":"SECONDARY_EDGE_TTA_ACTIVE views= 8 weight= 0.75 mean_abs_feat_delta= 0.238599\n"}
,{"stream_name":"stdout","time":592.655792364,"data":"SECONDARY_EDGE_TTA_ACTIVE views= 8 weight= 0.75 mean_abs_feat_delta= 0.243874\n"}
,{"stream_name":"stdout","time":593.505513951,"data":"EDGE_TTA_ACTIVE views= 8 mean_abs_feat_delta= 0.39019\n"}
,{"stream_name":"stdout","time":593.707764293,"data":"EDGE_TTA_ACTIVE views= 8 mean_abs_feat_delta= 0.39019\n"}
,{"stream_name":"stdout","time":594.010791819,"data":"EDGE_TTA_ACTIVE views= 8 mean_abs_feat_delta= 0.337487\n"}
,{"stream_name":"stdout","time":594.212795,"data":"EDGE_TTA_ACTIVE views= 8 mean_abs_feat_delta= 0.337487\n"}
,{"stream_name":"stdout","time":594.478855777,"data":"SECONDARY_EDGE_TTA_ACTIVE views= 8 weight= 0.75 mean_abs_feat_delta= 0.24201\n"}
,{"stream_name":"stdout","time":594.718250976,"data":"SECONDARY_EDGE_TTA_ACTIVE views= 8 weight= 0.75 mean_abs_feat_delta= 0.24201\n"}
,{"stream_name":"stdout","time":595.014911044,"data":"SECONDARY_EDGE_TTA_ACTIVE views= 8 weight= 0.75 mean_abs_feat_delta= 0.236817\n"}
,{"stream_name":"stdout","time":595.217417027,"data":"SECONDARY_EDGE_TTA_ACTIVE views= 8 weight= 0.75 mean_abs_feat_delta= 0.236817\n"}
,{"stream_name":"stdout","time":595.591748041,"data":"EDGE_TTA_ACTIVE views= 8 mean_abs_feat_delta= 0.394669\n"}
,{"stream_name":"stdout","time":595.794147265,"data":"EDGE_TTA_ACTIVE views= 8 mean_abs_feat_delta= 0.394669\n"}
,{"stream_name":"stdout","time":596.396392609,"data":"EDGE_TTA_ACTIVE views= 8 mean_abs_feat_delta= 0.344383\n"}
,{"stream_name":"stdout","time":596.565711015,"data":"SECONDARY_EDGE_TTA_ACTIVE views= 8 weight= 0.75 mean_abs_feat_delta= 0.242718\n"}
,{"stream_name":"stdout","time":596.599114987,"data":"EDGE_TTA_ACTIVE views= 8 mean_abs_feat_delta= 0.344383\n"}
,{"stream_name":"stdout","time":596.599149135,"data":"SECONDARY_EDGE_TTA_ACTIVE views= 8 weight= 0.75 mean_abs_feat_delta= 0.242718\n"}
,{"stream_name":"stdout","time":597.395999984,"data":"SECONDARY_EDGE_TTA_ACTIVE views= 8 weight= 0.75 mean_abs_feat_delta= 0.245041\n"}
,{"stream_name":"stdout","time":597.598423182,"data":"SECONDARY_EDGE_TTA_ACTIVE views= 8 weight= 0.75 mean_abs_feat_delta= 0.245041\n"}
,{"stream_name":"stdout","time":597.617738531,"data":"EDGE_TTA_ACTIVE views= 8 mean_abs_feat_delta= 0.392073\n"}
,{"stream_name":"stdout","time":597.822426102,"data":"EDGE_TTA_ACTIVE views= 8 mean_abs_feat_delta= 0.392073\n"}
,{"stream_name":"stdout","time":598.591607567,"data":"SECONDARY_EDGE_TTA_ACTIVE views= 8 weight= 0.75 mean_abs_feat_delta= 0.239556\n"}
,{"stream_name":"stdout","time":598.783604494,"data":"EDGE_TTA_ACTIVE views= 8 mean_abs_feat_delta= 0.337324\n"}
,{"stream_name":"stdout","time":598.794146014,"data":"SECONDARY_EDGE_TTA_ACTIVE views= 8 weight= 0.75 mean_abs_feat_delta= 0.239556\n"}
,{"stream_name":"stdout","time":598.794171045,"data":"EDGE_TTA_ACTIVE views= 8 mean_abs_feat_delta= 0.337324\n"}
,{"stream_name":"stdout","time":599.665894006,"data":"EDGE_TTA_ACTIVE views= 8 mean_abs_feat_delta= 0.384078\n"}
,{"stream_name":"stdout","time":599.783965023,"data":"SECONDARY_EDGE_TTA_ACTIVE views= 8 weight= 0.75 mean_abs_feat_delta= 0.243663\n"}
,{"stream_name":"stdout","time":599.868405026,"data":"EDGE_TTA_ACTIVE views= 8 mean_abs_feat_delta= 0.384078\n"}
,{"stream_name":"stdout","time":599.868428338,"data":"SECONDARY_EDGE_TTA_ACTIVE views= 8 weight= 0.75 mean_abs_feat_delta= 0.243663\n"}
,{"stream_name":"stdout","time":600.640296888,"data":"SECONDARY_EDGE_TTA_ACTIVE views= 8 weight= 0.75 mean_abs_feat_delta= 0.239228\n"}
,{"stream_name":"stdout","time":600.842691877,"data":"SECONDARY_EDGE_TTA_ACTIVE views= 8 weight= 0.75 mean_abs_feat_delta= 0.239228\n"}
,{"stream_name":"stdout","time":601.174297792,"data":"EDGE_TTA_ACTIVE views= 8 mean_abs_feat_delta= 0.344697\n"}
,{"stream_name":"stdout","time":601.376756268,"data":"EDGE_TTA_ACTIVE views= 8 mean_abs_feat_delta= 0.344697\n"}
,{"stream_name":"stdout","time":601.691473919,"data":"EDGE_TTA_ACTIVE views= 8 mean_abs_feat_delta= 0.380739\n"}
,{"stream_name":"stdout","time":601.893840191,"data":"EDGE_TTA_ACTIVE views= 8 mean_abs_feat_delta= 0.380739\n"}
,{"stream_name":"stdout","time":602.169693563,"data":"SECONDARY_EDGE_TTA_ACTIVE views= 8 weight= 0.75 mean_abs_feat_delta= 0.248629\n"}
,{"stream_name":"stdout","time":602.372025158,"data":"SECONDARY_EDGE_TTA_ACTIVE views= 8 weight= 0.75 mean_abs_feat_delta= 0.248629\n"}
,{"stream_name":"stdout","time":602.662981265,"data":"SECONDARY_EDGE_TTA_ACTIVE views= 8 weight= 0.75 mean_abs_feat_delta= 0.238944\n"}
,{"stream_name":"stdout","time":602.865492743,"data":"SECONDARY_EDGE_TTA_ACTIVE views= 8 weight= 0.75 mean_abs_feat_delta= 0.238944\n"}
,{"stream_name":"stdout","time":603.553198089,"data":"EDGE_TTA_ACTIVE views= 8 mean_abs_feat_delta= 0.346724\n"}
,{"stream_name":"stdout","time":603.716259954,"data":"EDGE_TTA_ACTIVE views= 8 mean_abs_feat_delta= 0.384946\n"}
,{"stream_name":"stdout","time":603.755611245,"data":"EDGE_TTA_ACTIVE views= 8 mean_abs_feat_delta= 0.346724\n"}
,{"stream_name":"stdout","time":603.755632305,"data":"EDGE_TTA_ACTIVE views= 8 mean_abs_feat_delta= 0.384946\n"}
,{"stream_name":"stdout","time":604.548298202,"data":"SECONDARY_EDGE_TTA_ACTIVE views= 8 weight= 0.75 mean_abs_feat_delta= 0.248031\n"}
,{"stream_name":"stdout","time":604.688885326,"data":"SECONDARY_EDGE_TTA_ACTIVE views= 8 weight= 0.75 mean_abs_feat_delta= 0.240838\n"}
,{"stream_name":"stdout","time":604.751041555,"data":"SECONDARY_EDGE_TTA_ACTIVE views= 8 weight= 0.75 mean_abs_feat_delta= 0.248031\n"}
,{"stream_name":"stdout","time":604.751113045,"data":"SECONDARY_EDGE_TTA_ACTIVE views= 8 weight= 0.75 mean_abs_feat_delta= 0.240838\n"}
,{"stream_name":"stdout","time":605.736494014,"data":"EDGE_TTA_ACTIVE views= 8 mean_abs_feat_delta= 0.390292\n"}
,{"stream_name":"stdout","time":605.932369025,"data":"EDGE_TTA_ACTIVE views= 8 mean_abs_feat_delta= 0.342953\n"}
,{"stream_name":"stdout","time":605.938846696,"data":"EDGE_TTA_ACTIVE views= 8 mean_abs_feat_delta= 0.390292\n"}
,{"stream_name":"stdout","time":605.938866885,"data":"EDGE_TTA_ACTIVE views= 8 mean_abs_feat_delta= 0.342953\n"}
,{"stream_name":"stdout","time":606.714215068,"data":"SECONDARY_EDGE_TTA_ACTIVE views= 8 weight= 0.75 mean_abs_feat_delta= 0.239624\n"}
,{"stream_name":"stdout","time":606.916774549,"data":"SECONDARY_EDGE_TTA_ACTIVE views= 8 weight= 0.75 mean_abs_feat_delta= 0.239624\n"}
,{"stream_name":"stdout","time":606.928344649,"data":"SECONDARY_EDGE_TTA_ACTIVE views= 8 weight= 0.75 mean_abs_feat_delta= 0.248478\n"}
,{"stream_name":"stdout","time":607.13073825,"data":"SECONDARY_EDGE_TTA_ACTIVE views= 8 weight= 0.75 mean_abs_feat_delta= 0.248478\n"}
,{"stream_name":"stdout","time":607.788879458,"data":"EDGE_TTA_ACTIVE views= 8 mean_abs_feat_delta= 0.389613\n"}
,{"stream_name":"stdout","time":607.991402127,"data":"EDGE_TTA_ACTIVE views= 8 mean_abs_feat_delta= 0.389613\n"}
,{"stream_name":"stdout","time":608.312125166,"data":"EDGE_TTA_ACTIVE views= 8 mean_abs_feat_delta= 0.346376\n"}
,{"stream_name":"stdout","time":608.514767189,"data":"EDGE_TTA_ACTIVE views= 8 mean_abs_feat_delta= 0.346376\n"}
,{"stream_name":"stdout","time":608.761713055,"data":"SECONDARY_EDGE_TTA_ACTIVE views= 8 weight= 0.75 mean_abs_feat_delta= 0.238597\n"}
,{"stream_name":"stdout","time":608.964207905,"data":"SECONDARY_EDGE_TTA_ACTIVE views= 8 weight= 0.75 mean_abs_feat_delta= 0.238597\n"}
,{"stream_name":"stdout","time":609.305915339,"data":"SECONDARY_EDGE_TTA_ACTIVE views= 8 weight= 0.75 mean_abs_feat_delta= 0.25125\n"}
,{"stream_name":"stdout","time":609.508522524,"data":"SECONDARY_EDGE_TTA_ACTIVE views= 8 weight= 0.75 mean_abs_feat_delta= 0.25125\n"}
,{"stream_name":"stdout","time":609.81177501,"data":"EDGE_TTA_ACTIVE views= 8 mean_abs_feat_delta= 0.380972\n"}
,{"stream_name":"stdout","time":610.014114785,"data":"EDGE_TTA_ACTIVE views= 8 mean_abs_feat_delta= 0.380972\n"}
,{"stream_name":"stdout","time":610.680607423,"data":"EDGE_TTA_ACTIVE views= 8 mean_abs_feat_delta= 0.346181\n"}
,{"stream_name":"stdout","time":610.784599832,"data":"SECONDARY_EDGE_TTA_ACTIVE views= 8 weight= 0.75 mean_abs_feat_delta= 0.23768\n"}
,{"stream_name":"stdout","time":610.883678329,"data":"EDGE_TTA_ACTIVE views= 8 mean_abs_feat_delta= 0.346181\n"}
,{"stream_name":"stdout","time":610.883708898,"data":"SECONDARY_EDGE_TTA_ACTIVE views= 8 weight= 0.75 mean_abs_feat_delta= 0.23768\n"}
,{"stream_name":"stdout","time":611.675886118,"data":"SECONDARY_EDGE_TTA_ACTIVE views= 8 weight= 0.75 mean_abs_feat_delta= 0.244937\n"}
,{"stream_name":"stdout","time":611.836457411,"data":"EDGE_TTA_ACTIVE views= 8 mean_abs_feat_delta= 0.380042\n"}
,{"stream_name":"stdout","time":611.878708665,"data":"SECONDARY_EDGE_TTA_ACTIVE views= 8 weight= 0.75 mean_abs_feat_delta= 0.244937\n"}
,{"stream_name":"stdout","time":611.878729791,"data":"EDGE_TTA_ACTIVE views= 8 mean_abs_feat_delta= 0.380042\n"}
,{"stream_name":"stdout","time":612.809365195,"data":"SECONDARY_EDGE_TTA_ACTIVE views= 8 weight= 0.75 mean_abs_feat_delta= 0.2411\n"}
,{"stream_name":"stdout","time":613.01174801,"data":"SECONDARY_EDGE_TTA_ACTIVE views= 8 weight= 0.75 mean_abs_feat_delta= 0.2411\n"}
,{"stream_name":"stdout","time":613.066270231,"data":"EDGE_TTA_ACTIVE views= 8 mean_abs_feat_delta= 0.347471\n"}
,{"stream_name":"stdout","time":613.268923198,"data":"EDGE_TTA_ACTIVE views= 8 mean_abs_feat_delta= 0.347471\n"}
,{"stream_name":"stdout","time":613.860205699,"data":"EDGE_TTA_ACTIVE views= 8 mean_abs_feat_delta= 0.381742\n"}
,{"stream_name":"stdout","time":614.062606937,"data":"EDGE_TTA_ACTIVE views= 8 mean_abs_feat_delta= 0.381742\n"}
,{"stream_name":"stdout","time":614.066139802,"data":"SECONDARY_EDGE_TTA_ACTIVE views= 8 weight= 0.75 mean_abs_feat_delta= 0.246287\n"}
,{"stream_name":"stdout","time":614.268372138,"data":"SECONDARY_EDGE_TTA_ACTIVE views= 8 weight= 0.75 mean_abs_feat_delta= 0.246287\n"}
,{"stream_name":"stdout","time":614.833379316,"data":"SECONDARY_EDGE_TTA_ACTIVE views= 8 weight= 0.75 mean_abs_feat_delta= 0.242636\n"}
,{"stream_name":"stdout","time":615.035759774,"data":"SECONDARY_EDGE_TTA_ACTIVE views= 8 weight= 0.75 mean_abs_feat_delta= 0.242636\n"}
,{"stream_name":"stdout","time":615.421072014,"data":"EDGE_TTA_ACTIVE views= 8 mean_abs_feat_delta= 0.350011\n"}
,{"stream_name":"stdout","time":615.623392293,"data":"EDGE_TTA_ACTIVE views= 8 mean_abs_feat_delta= 0.350011\n"}
,{"stream_name":"stdout","time":615.884433759,"data":"EDGE_TTA_ACTIVE views= 8 mean_abs_feat_delta= 0.385581\n"}
,{"stream_name":"stdout","time":616.086774091,"data":"EDGE_TTA_ACTIVE views= 8 mean_abs_feat_delta= 0.385581\n"}
,{"stream_name":"stdout","time":616.418668833,"data":"SECONDARY_EDGE_TTA_ACTIVE views= 8 weight= 0.75 mean_abs_feat_delta= 0.252081\n"}
,{"stream_name":"stdout","time":616.620830016,"data":"SECONDARY_EDGE_TTA_ACTIVE views= 8 weight= 0.75 mean_abs_feat_delta= 0.252081\n"}
,{"stream_name":"stdout","time":616.857749697,"data":"SECONDARY_EDGE_TTA_ACTIVE views= 8 weight= 0.75 mean_abs_feat_delta= 0.238985\n"}
,{"stream_name":"stdout","time":617.060228518,"data":"SECONDARY_EDGE_TTA_ACTIVE views= 8 weight= 0.75 mean_abs_feat_delta= 0.238985\n"}
,{"stream_name":"stdout","time":617.763079036,"data":"EDGE_TTA_ACTIVE views= 8 mean_abs_feat_delta= 0.346365\n"}
,{"stream_name":"stdout","time":617.909883851,"data":"EDGE_TTA_ACTIVE views= 8 mean_abs_feat_delta= 0.38448\n"}
,{"stream_name":"stdout","time":617.965221977,"data":"EDGE_TTA_ACTIVE views= 8 mean_abs_feat_delta= 0.346365\n"}
,{"stream_name":"stdout","time":617.965242223,"data":"EDGE_TTA_ACTIVE views= 8 mean_abs_feat_delta= 0.38448\n"}
,{"stream_name":"stdout","time":618.761218982,"data":"SECONDARY_EDGE_TTA_ACTIVE views= 8 weight= 0.75 mean_abs_feat_delta= 0.246571\n"}
,{"stream_name":"stdout","time":618.883084579,"data":"SECONDARY_EDGE_TTA_ACTIVE views= 8 weight= 0.75 mean_abs_feat_delta= 0.234994\n"}
,{"stream_name":"stdout","time":618.963750046,"data":"SECONDARY_EDGE_TTA_ACTIVE views= 8 weight= 0.75 mean_abs_feat_delta= 0.246571\n"}
,{"stream_name":"stdout","time":618.963776443,"data":"SECONDARY_EDGE_TTA_ACTIVE views= 8 weight= 0.75 mean_abs_feat_delta= 0.234994\n"}
,{"stream_name":"stdout","time":619.934748068,"data":"EDGE_TTA_ACTIVE views= 8 mean_abs_feat_delta= 0.368202\n"}
,{"stream_name":"stdout","time":620.137173588,"data":"EDGE_TTA_ACTIVE views= 8 mean_abs_feat_delta= 0.368202\n"}
,{"stream_name":"stdout","time":620.144735676,"data":"EDGE_TTA_ACTIVE views= 8 mean_abs_feat_delta= 0.349124\n"}
,{"stream_name":"stdout","time":620.346741498,"data":"EDGE_TTA_ACTIVE views= 8 mean_abs_feat_delta= 0.349124\n"}
,{"stream_name":"stdout","time":620.907003696,"data":"SECONDARY_EDGE_TTA_ACTIVE views= 8 weight= 0.75 mean_abs_feat_delta= 0.238958\n"}
,{"stream_name":"stdout","time":620.911168877,"data":"BIOHUB_RETENTION_GUARD {\"blended_candidates\": 64, \"dataset\": \"6bba_05b6850b\", \"frame\": 43, \"minimum_retention\": 0.9, \"primary_candidates\": 74, \"retention\": 0.8648648648648649, \"use_primary\": true}\n"}
,{"stream_name":"stdout","time":621.109754269,"data":"SECONDARY_EDGE_TTA_ACTIVE views= 8 weight= 0.75 mean_abs_feat_delta= 0.238958\n"}
,{"stream_name":"stdout","time":621.109772916,"data":"BIOHUB_RETENTION_GUARD {\"blended_candidates\": 64, \"dataset\": \"6bba_05b6850b\", \"frame\": 43, \"minimum_retention\": 0.9, \"primary_candidates\": 74, \"retention\": 0.8648648648648649, \"use_primary\": true}\n"}
,{"stream_name":"stdout","time":621.143852204,"data":"SECONDARY_EDGE_TTA_ACTIVE views= 8 weight= 0.75 mean_abs_feat_delta= 0.247701\n"}
,{"stream_name":"stdout","time":621.346180581,"data":"SECONDARY_EDGE_TTA_ACTIVE views= 8 weight= 0.75 mean_abs_feat_delta= 0.247701\n"}
,{"stream_name":"stdout","time":621.953182591,"data":"EDGE_TTA_ACTIVE views= 8 mean_abs_feat_delta= 0.383867\n"}
,{"stream_name":"stdout","time":622.155774619,"data":"EDGE_TTA_ACTIVE views= 8 mean_abs_feat_delta= 0.383867\n"}
,{"stream_name":"stdout","time":622.520374672,"data":"EDGE_TTA_ACTIVE views= 8 mean_abs_feat_delta= 0.350188\n"}
,{"stream_name":"stdout","time":622.722811148,"data":"EDGE_TTA_ACTIVE views= 8 mean_abs_feat_delta= 0.350188\n"}
,{"stream_name":"stdout","time":622.932460877,"data":"SECONDARY_EDGE_TTA_ACTIVE views= 8 weight= 0.75 mean_abs_feat_delta= 0.23391\n"}
,{"stream_name":"stdout","time":623.134689429,"data":"SECONDARY_EDGE_TTA_ACTIVE views= 8 weight= 0.75 mean_abs_feat_delta= 0.23391\n"}
,{"stream_name":"stdout","time":623.523970807,"data":"SECONDARY_EDGE_TTA_ACTIVE views= 8 weight= 0.75 mean_abs_feat_delta= 0.247527\n"}
,{"stream_name":"stdout","time":623.726433613,"data":"SECONDARY_EDGE_TTA_ACTIVE views= 8 weight= 0.75 mean_abs_feat_delta= 0.247527\n"}
,{"stream_name":"stdout","time":623.983829588,"data":"EDGE_TTA_ACTIVE views= 8 mean_abs_feat_delta= 0.387055\n"}
,{"stream_name":"stdout","time":624.186322882,"data":"EDGE_TTA_ACTIVE views= 8 mean_abs_feat_delta= 0.387055\n"}
,{"stream_name":"stdout","time":624.887484816,"data":"EDGE_TTA_ACTIVE views= 8 mean_abs_feat_delta= 0.342833\n"}
,{"stream_name":"stdout","time":624.956937388,"data":"SECONDARY_EDGE_TTA_ACTIVE views= 8 weight= 0.75 mean_abs_feat_delta= 0.24076\n"}
,{"stream_name":"stdout","time":625.131394768,"data":"EDGE_TTA_ACTIVE views= 8 mean_abs_feat_delta= 0.342833\n"}
,{"stream_name":"stdout","time":625.1314206,"data":"SECONDARY_EDGE_TTA_ACTIVE views= 8 weight= 0.75 mean_abs_feat_delta= 0.24076\n"}
,{"stream_name":"stdout","time":625.887467342,"data":"SECONDARY_EDGE_TTA_ACTIVE views= 8 weight= 0.75 mean_abs_feat_delta= 0.244514\n"}
,{"stream_name":"stdout","time":626.011078256,"data":"EDGE_TTA_ACTIVE views= 8 mean_abs_feat_delta= 0.385921\n"}
,{"stream_name":"stdout","time":626.08997498,"data":"SECONDARY_EDGE_TTA_ACTIVE views= 8 weight= 0.75 mean_abs_feat_delta= 0.244514\n"}
,{"stream_name":"stdout","time":626.089997917,"data":"EDGE_TTA_ACTIVE views= 8 mean_abs_feat_delta= 0.385921\n"}
,{"stream_name":"stdout","time":626.983206378,"data":"SECONDARY_EDGE_TTA_ACTIVE views= 8 weight= 0.75 mean_abs_feat_delta= 0.243053\n"}
,{"stream_name":"stdout","time":627.185797193,"data":"SECONDARY_EDGE_TTA_ACTIVE views= 8 weight= 0.75 mean_abs_feat_delta= 0.243053\n"}
,{"stream_name":"stdout","time":627.249173749,"data":"EDGE_TTA_ACTIVE views= 8 mean_abs_feat_delta= 0.344875\n"}
,{"stream_name":"stdout","time":627.451724847,"data":"EDGE_TTA_ACTIVE views= 8 mean_abs_feat_delta= 0.344875\n"}
,{"stream_name":"stdout","time":628.035815623,"data":"EDGE_TTA_ACTIVE views= 8 mean_abs_feat_delta= 0.384451\n"}
,{"stream_name":"stdout","time":628.238128353,"data":"EDGE_TTA_ACTIVE views= 8 mean_abs_feat_delta= 0.384451\n"}
,{"stream_name":"stdout","time":628.255154293,"data":"SECONDARY_EDGE_TTA_ACTIVE views= 8 weight= 0.75 mean_abs_feat_delta= 0.249913\n"}
,{"stream_name":"stdout","time":628.457734382,"data":"SECONDARY_EDGE_TTA_ACTIVE views= 8 weight= 0.75 mean_abs_feat_delta= 0.249913\n"}
,{"stream_name":"stdout","time":629.008194045,"data":"SECONDARY_EDGE_TTA_ACTIVE views= 8 weight= 0.75 mean_abs_feat_delta= 0.241252\n"}
,{"stream_name":"stdout","time":629.210828946,"data":"SECONDARY_EDGE_TTA_ACTIVE views= 8 weight= 0.75 mean_abs_feat_delta= 0.241252\n"}
,{"stream_name":"stdout","time":629.63836539,"data":"EDGE_TTA_ACTIVE views= 8 mean_abs_feat_delta= 0.347935\n"}
,{"stream_name":"stdout","time":629.840877455,"data":"EDGE_TTA_ACTIVE views= 8 mean_abs_feat_delta= 0.347935\n"}
,{"stream_name":"stdout","time":630.062271513,"data":"EDGE_TTA_ACTIVE views= 8 mean_abs_feat_delta= 0.381553\n"}
,{"stream_name":"stdout","time":630.264491659,"data":"EDGE_TTA_ACTIVE views= 8 mean_abs_feat_delta= 0.381553\n"}
,{"stream_name":"stdout","time":630.644973967,"data":"SECONDARY_EDGE_TTA_ACTIVE views= 8 weight= 0.75 mean_abs_feat_delta= 0.256149\n"}
,{"stream_name":"stdout","time":630.847503753,"data":"SECONDARY_EDGE_TTA_ACTIVE views= 8 weight= 0.75 mean_abs_feat_delta= 0.256149\n"}
,{"stream_name":"stdout","time":631.038420003,"data":"SECONDARY_EDGE_TTA_ACTIVE views= 8 weight= 0.75 mean_abs_feat_delta= 0.239241\n"}
,{"stream_name":"stdout","time":631.240603715,"data":"SECONDARY_EDGE_TTA_ACTIVE views= 8 weight= 0.75 mean_abs_feat_delta= 0.239241\n"}
,{"stream_name":"stdout","time":632.016523805,"data":"EDGE_TTA_ACTIVE views= 8 mean_abs_feat_delta= 0.351241\n"}
,{"stream_name":"stdout","time":632.109185496,"data":"EDGE_TTA_ACTIVE views= 8 mean_abs_feat_delta= 0.383018\n"}
,{"stream_name":"stdout","time":632.218890739,"data":"EDGE_TTA_ACTIVE views= 8 mean_abs_feat_delta= 0.351241\n"}
,{"stream_name":"stdout","time":632.218915437,"data":"EDGE_TTA_ACTIVE views= 8 mean_abs_feat_delta= 0.383018\n"}
,{"stream_name":"stdout","time":633.029794927,"data":"SECONDARY_EDGE_TTA_ACTIVE views= 8 weight= 0.75 mean_abs_feat_delta= 0.25728\n"}
,{"stream_name":"stdout","time":633.082342737,"data":"SECONDARY_EDGE_TTA_ACTIVE views= 8 weight= 0.75 mean_abs_feat_delta= 0.239939\n"}
,{"stream_name":"stdout","time":633.23216435,"data":"SECONDARY_EDGE_TTA_ACTIVE views= 8 weight= 0.75 mean_abs_feat_delta= 0.25728\n"}
,{"stream_name":"stdout","time":633.232200028,"data":"SECONDARY_EDGE_TTA_ACTIVE views= 8 weight= 0.75 mean_abs_feat_delta= 0.239939\n"}
,{"stream_name":"stdout","time":634.157200864,"data":"EDGE_TTA_ACTIVE views= 8 mean_abs_feat_delta= 0.38187\n"}
,{"stream_name":"stdout","time":634.359724326,"data":"EDGE_TTA_ACTIVE views= 8 mean_abs_feat_delta= 0.38187\n"}
,{"stream_name":"stdout","time":634.385542197,"data":"EDGE_TTA_ACTIVE views= 8 mean_abs_feat_delta= 0.357029\n"}
,{"stream_name":"stdout","time":634.587705478,"data":"EDGE_TTA_ACTIVE views= 8 mean_abs_feat_delta= 0.357029\n"}
,{"stream_name":"stdout","time":635.144970492,"data":"SECONDARY_EDGE_TTA_ACTIVE views= 8 weight= 0.75 mean_abs_feat_delta= 0.241662\n"}
,{"stream_name":"stdout","time":635.347428731,"data":"SECONDARY_EDGE_TTA_ACTIVE views= 8 weight= 0.75 mean_abs_feat_delta= 0.241662\n"}
,{"stream_name":"stdout","time":635.397207958,"data":"SECONDARY_EDGE_TTA_ACTIVE views= 8 weight= 0.75 mean_abs_feat_delta= 0.255373\n"}
,{"stream_name":"stdout","time":635.599513988,"data":"SECONDARY_EDGE_TTA_ACTIVE views= 8 weight= 0.75 mean_abs_feat_delta= 0.255373\n"}
,{"stream_name":"stdout","time":636.233575605,"data":"EDGE_TTA_ACTIVE views= 8 mean_abs_feat_delta= 0.378467\n"}
,{"stream_name":"stdout","time":636.436159982,"data":"EDGE_TTA_ACTIVE views= 8 mean_abs_feat_delta= 0.378467\n"}
,{"stream_name":"stdout","time":636.749855158,"data":"EDGE_TTA_ACTIVE views= 8 mean_abs_feat_delta= 0.354488\n"}
,{"stream_name":"stdout","time":636.952161816,"data":"EDGE_TTA_ACTIVE views= 8 mean_abs_feat_delta= 0.354488\n"}
,{"stream_name":"stdout","time":637.221876043,"data":"SECONDARY_EDGE_TTA_ACTIVE views= 8 weight= 0.75 mean_abs_feat_delta= 0.242855\n"}
,{"stream_name":"stdout","time":637.42436486,"data":"SECONDARY_EDGE_TTA_ACTIVE views= 8 weight= 0.75 mean_abs_feat_delta= 0.242855\n"}
,{"stream_name":"stdout","time":637.764013083,"data":"SECONDARY_EDGE_TTA_ACTIVE views= 8 weight= 0.75 mean_abs_feat_delta= 0.252255\n"}
,{"stream_name":"stdout","time":637.966581602,"data":"SECONDARY_EDGE_TTA_ACTIVE views= 8 weight= 0.75 mean_abs_feat_delta= 0.252255\n"}
,{"stream_name":"stdout","time":638.26971663,"data":"EDGE_TTA_ACTIVE views= 8 mean_abs_feat_delta= 0.367751\n"}
,{"stream_name":"stdout","time":638.472235351,"data":"EDGE_TTA_ACTIVE views= 8 mean_abs_feat_delta= 0.367751\n"}
,{"stream_name":"stdout","time":639.12113513,"data":"EDGE_TTA_ACTIVE views= 8 mean_abs_feat_delta= 0.356013\n"}
,{"stream_name":"stdout","time":639.262202004,"data":"SECONDARY_EDGE_TTA_ACTIVE views= 8 weight= 0.75 mean_abs_feat_delta= 0.245932\n"}
,{"stream_name":"stdout","time":639.323570677,"data":"EDGE_TTA_ACTIVE views= 8 mean_abs_feat_delta= 0.356013\n"}
,{"stream_name":"stdout","time":639.323593801,"data":"SECONDARY_EDGE_TTA_ACTIVE views= 8 weight= 0.75 mean_abs_feat_delta= 0.245932\n"}
,{"stream_name":"stdout","time":640.13597937,"data":"SECONDARY_EDGE_TTA_ACTIVE views= 8 weight= 0.75 mean_abs_feat_delta= 0.257903\n"}
,{"stream_name":"stdout","time":640.31511763,"data":"EDGE_TTA_ACTIVE views= 8 mean_abs_feat_delta= 0.350971\n"}
,{"stream_name":"stdout","time":640.338666545,"data":"SECONDARY_EDGE_TTA_ACTIVE views= 8 weight= 0.75 mean_abs_feat_delta= 0.257903\n"}
,{"stream_name":"stdout","time":640.338689808,"data":"EDGE_TTA_ACTIVE views= 8 mean_abs_feat_delta= 0.350971\n"}
,{"stream_name":"stdout","time":641.307314443,"data":"SECONDARY_EDGE_TTA_ACTIVE views= 8 weight= 0.75 mean_abs_feat_delta= 0.250888\n"}
,{"stream_name":"stdout","time":641.510045359,"data":"SECONDARY_EDGE_TTA_ACTIVE views= 8 weight= 0.75 mean_abs_feat_delta= 0.250888\n"}
,{"stream_name":"stdout","time":641.513981163,"data":"EDGE_TTA_ACTIVE views= 8 mean_abs_feat_delta= 0.354856\n"}
,{"stream_name":"stdout","time":641.716066634,"data":"EDGE_TTA_ACTIVE views= 8 mean_abs_feat_delta= 0.354856\n"}
,{"stream_name":"stdout","time":642.362177942,"data":"EDGE_TTA_ACTIVE views= 8 mean_abs_feat_delta= 0.35742\n"}
,{"stream_name":"stdout","time":642.529655466,"data":"SECONDARY_EDGE_TTA_ACTIVE views= 8 weight= 0.75 mean_abs_feat_delta= 0.2611\n"}
,{"stream_name":"stdout","time":642.564908631,"data":"EDGE_TTA_ACTIVE views= 8 mean_abs_feat_delta= 0.35742\n"}
,{"stream_name":"stdout","time":642.564970377,"data":"SECONDARY_EDGE_TTA_ACTIVE views= 8 weight= 0.75 mean_abs_feat_delta= 0.2611\n"}
,{"stream_name":"stdout","time":643.354877328,"data":"SECONDARY_EDGE_TTA_ACTIVE views= 8 weight= 0.75 mean_abs_feat_delta= 0.244108\n"}
,{"stream_name":"stdout","time":643.557518871,"data":"SECONDARY_EDGE_TTA_ACTIVE views= 8 weight= 0.75 mean_abs_feat_delta= 0.244108\n"}
,{"stream_name":"stdout","time":643.878887771,"data":"EDGE_TTA_ACTIVE views= 8 mean_abs_feat_delta= 0.353277\n"}
,{"stream_name":"stdout","time":644.081392866,"data":"EDGE_TTA_ACTIVE views= 8 mean_abs_feat_delta= 0.353277\n"}
,{"stream_name":"stdout","time":644.426516367,"data":"EDGE_TTA_ACTIVE views= 8 mean_abs_feat_delta= 0.36285\n"}
,{"stream_name":"stdout","time":644.628886345,"data":"EDGE_TTA_ACTIVE views= 8 mean_abs_feat_delta= 0.36285\n"}
,{"stream_name":"stdout","time":644.893115504,"data":"SECONDARY_EDGE_TTA_ACTIVE views= 8 weight= 0.75 mean_abs_feat_delta= 0.259599\n"}
,{"stream_name":"stdout","time":645.095732573,"data":"SECONDARY_EDGE_TTA_ACTIVE views= 8 weight= 0.75 mean_abs_feat_delta= 0.259599\n"}
,{"stream_name":"stdout","time":645.419037917,"data":"SECONDARY_EDGE_TTA_ACTIVE views= 8 weight= 0.75 mean_abs_feat_delta= 0.248066\n"}
,{"stream_name":"stdout","time":645.621543662,"data":"SECONDARY_EDGE_TTA_ACTIVE views= 8 weight= 0.75 mean_abs_feat_delta= 0.248066\n"}
,{"stream_name":"stdout","time":646.256719096,"data":"EDGE_TTA_ACTIVE views= 8 mean_abs_feat_delta= 0.353368\n"}
,{"stream_name":"stdout","time":646.458973846,"data":"EDGE_TTA_ACTIVE views= 8 mean_abs_feat_delta= 0.353368\n"}
,{"stream_name":"stdout","time":646.513629095,"data":"EDGE_TTA_ACTIVE views= 8 mean_abs_feat_delta= 0.361826\n"}
,{"stream_name":"stdout","time":646.715870931,"data":"EDGE_TTA_ACTIVE views= 8 mean_abs_feat_delta= 0.361826\n"}
,{"stream_name":"stdout","time":647.272001636,"data":"SECONDARY_EDGE_TTA_ACTIVE views= 8 weight= 0.75 mean_abs_feat_delta= 0.257888\n"}
,{"stream_name":"stdout","time":647.47438446,"data":"SECONDARY_EDGE_TTA_ACTIVE views= 8 weight= 0.75 mean_abs_feat_delta= 0.257888\n"}
,{"stream_name":"stdout","time":647.505923865,"data":"SECONDARY_EDGE_TTA_ACTIVE views= 8 weight= 0.75 mean_abs_feat_delta= 0.248004\n"}
,{"stream_name":"stdout","time":647.708506836,"data":"SECONDARY_EDGE_TTA_ACTIVE views= 8 weight= 0.75 mean_abs_feat_delta= 0.248004\n"}
,{"stream_name":"stdout","time":648.564770146,"data":"EDGE_TTA_ACTIVE views= 8 mean_abs_feat_delta= 0.363143\n"}
,{"stream_name":"stdout","time":648.660238582,"data":"EDGE_TTA_ACTIVE views= 8 mean_abs_feat_delta= 0.353373\n"}
,{"stream_name":"stdout","time":648.767137709,"data":"EDGE_TTA_ACTIVE views= 8 mean_abs_feat_delta= 0.363143\n"}
,{"stream_name":"stdout","time":648.767158857,"data":"EDGE_TTA_ACTIVE views= 8 mean_abs_feat_delta= 0.353373\n"}
,{"stream_name":"stdout","time":649.556823253,"data":"SECONDARY_EDGE_TTA_ACTIVE views= 8 weight= 0.75 mean_abs_feat_delta= 0.247391\n"}
,{"stream_name":"stdout","time":649.678266958,"data":"SECONDARY_EDGE_TTA_ACTIVE views= 8 weight= 0.75 mean_abs_feat_delta= 0.255202\n"}
,{"stream_name":"stdout","time":649.759607985,"data":"SECONDARY_EDGE_TTA_ACTIVE views= 8 weight= 0.75 mean_abs_feat_delta= 0.247391\n"}
,{"stream_name":"stdout","time":649.759636239,"data":"SECONDARY_EDGE_TTA_ACTIVE views= 8 weight= 0.75 mean_abs_feat_delta= 0.255202\n"}
,{"stream_name":"stdout","time":650.655510659,"data":"EDGE_TTA_ACTIVE views= 8 mean_abs_feat_delta= 0.354677\n"}
,{"stream_name":"stdout","time":650.857991608,"data":"EDGE_TTA_ACTIVE views= 8 mean_abs_feat_delta= 0.354677\n"}
,{"stream_name":"stdout","time":651.028518529,"data":"EDGE_TTA_ACTIVE views= 8 mean_abs_feat_delta= 0.35314\n"}
,{"stream_name":"stdout","time":651.23118891,"data":"EDGE_TTA_ACTIVE views= 8 mean_abs_feat_delta= 0.35314\n"}
,{"stream_name":"stdout","time":651.64170621,"data":"SECONDARY_EDGE_TTA_ACTIVE views= 8 weight= 0.75 mean_abs_feat_delta= 0.257124\n"}
,{"stream_name":"stdout","time":651.844329143,"data":"SECONDARY_EDGE_TTA_ACTIVE views= 8 weight= 0.75 mean_abs_feat_delta= 0.257124\n"}
,{"stream_name":"stdout","time":652.045034553,"data":"SECONDARY_EDGE_TTA_ACTIVE views= 8 weight= 0.75 mean_abs_feat_delta= 0.257945\n"}
,{"stream_name":"stdout","time":652.247431461,"data":"SECONDARY_EDGE_TTA_ACTIVE views= 8 weight= 0.75 mean_abs_feat_delta= 0.257945\n"}
,{"stream_name":"stdout","time":652.70233984,"data":"EDGE_TTA_ACTIVE views= 8 mean_abs_feat_delta= 0.371364\n"}
,{"stream_name":"stdout","time":652.904866666,"data":"EDGE_TTA_ACTIVE views= 8 mean_abs_feat_delta= 0.371364\n"}
,{"stream_name":"stdout","time":653.451650996,"data":"EDGE_TTA_ACTIVE views= 8 mean_abs_feat_delta= 0.349138\n"}
,{"stream_name":"stdout","time":653.654156178,"data":"EDGE_TTA_ACTIVE views= 8 mean_abs_feat_delta= 0.349138\n"}
,{"stream_name":"stdout","time":653.689404096,"data":"SECONDARY_EDGE_TTA_ACTIVE views= 8 weight= 0.75 mean_abs_feat_delta= 0.248867\n"}
,{"stream_name":"stdout","time":653.891925462,"data":"SECONDARY_EDGE_TTA_ACTIVE views= 8 weight= 0.75 mean_abs_feat_delta= 0.248867\n"}
,{"stream_name":"stdout","time":654.467965789,"data":"SECONDARY_EDGE_TTA_ACTIVE views= 8 weight= 0.75 mean_abs_feat_delta= 0.250028\n"}
,{"stream_name":"stdout","time":654.670403853,"data":"SECONDARY_EDGE_TTA_ACTIVE views= 8 weight= 0.75 mean_abs_feat_delta= 0.250028\n"}
,{"stream_name":"stdout","time":654.744944278,"data":"EDGE_TTA_ACTIVE views= 8 mean_abs_feat_delta= 0.368007\n"}
,{"stream_name":"stdout","time":654.947726698,"data":"EDGE_TTA_ACTIVE views= 8 mean_abs_feat_delta= 0.368007\n"}
,{"stream_name":"stdout","time":655.737020727,"data":"SECONDARY_EDGE_TTA_ACTIVE views= 8 weight= 0.75 mean_abs_feat_delta= 0.260659\n"}
,{"stream_name":"stdout","time":655.813256694,"data":"EDGE_TTA_ACTIVE views= 8 mean_abs_feat_delta= 0.350069\n"}
,{"stream_name":"stdout","time":655.982075333,"data":"SECONDARY_EDGE_TTA_ACTIVE views= 8 weight= 0.75 mean_abs_feat_delta= 0.260659\n"}
,{"stream_name":"stdout","time":655.982116104,"data":"EDGE_TTA_ACTIVE views= 8 mean_abs_feat_delta= 0.350069\n"}
,{"stream_name":"stdout","time":656.794993136,"data":"EDGE_TTA_ACTIVE views= 8 mean_abs_feat_delta= 0.371729\n"}
,{"stream_name":"stdout","time":656.832782606,"data":"SECONDARY_EDGE_TTA_ACTIVE views= 8 weight= 0.75 mean_abs_feat_delta= 0.25454\n"}
,{"stream_name":"stdout","time":656.997606447,"data":"EDGE_TTA_ACTIVE views= 8 mean_abs_feat_delta= 0.371729\n"}
,{"stream_name":"stdout","time":656.997628747,"data":"SECONDARY_EDGE_TTA_ACTIVE views= 8 weight= 0.75 mean_abs_feat_delta= 0.25454\n"}
,{"stream_name":"stdout","time":657.789974571,"data":"SECONDARY_EDGE_TTA_ACTIVE views= 8 weight= 0.75 mean_abs_feat_delta= 0.247331\n"}
,{"stream_name":"stdout","time":657.992431376,"data":"SECONDARY_EDGE_TTA_ACTIVE views= 8 weight= 0.75 mean_abs_feat_delta= 0.247331\n"}
,{"stream_name":"stdout","time":658.192649556,"data":"EDGE_TTA_ACTIVE views= 8 mean_abs_feat_delta= 0.351214\n"}
,{"stream_name":"stdout","time":658.395121374,"data":"EDGE_TTA_ACTIVE views= 8 mean_abs_feat_delta= 0.351214\n"}
,{"stream_name":"stdout","time":658.848584201,"data":"EDGE_TTA_ACTIVE views= 8 mean_abs_feat_delta= 0.365265\n"}
,{"stream_name":"stdout","time":659.050933271,"data":"EDGE_TTA_ACTIVE views= 8 mean_abs_feat_delta= 0.365265\n"}
,{"stream_name":"stdout","time":659.208244752,"data":"SECONDARY_EDGE_TTA_ACTIVE views= 8 weight= 0.75 mean_abs_feat_delta= 0.263838\n"}
,{"stream_name":"stdout","time":659.410600757,"data":"SECONDARY_EDGE_TTA_ACTIVE views= 8 weight= 0.75 mean_abs_feat_delta= 0.263838\n"}
,{"stream_name":"stdout","time":659.839443674,"data":"SECONDARY_EDGE_TTA_ACTIVE views= 8 weight= 0.75 mean_abs_feat_delta= 0.248586\n"}
,{"stream_name":"stdout","time":660.041956125,"data":"SECONDARY_EDGE_TTA_ACTIVE views= 8 weight= 0.75 mean_abs_feat_delta= 0.248586\n"}
,{"stream_name":"stdout","time":660.551714459,"data":"EDGE_TTA_ACTIVE views= 8 mean_abs_feat_delta= 0.35271\n"}
,{"stream_name":"stdout","time":660.755720918,"data":"EDGE_TTA_ACTIVE views= 8 mean_abs_feat_delta= 0.35271\n"}
,{"stream_name":"stdout","time":660.892802458,"data":"EDGE_TTA_ACTIVE views= 8 mean_abs_feat_delta= 0.351341\n"}
,{"stream_name":"stdout","time":661.095578363,"data":"EDGE_TTA_ACTIVE views= 8 mean_abs_feat_delta= 0.351341\n"}
,{"stream_name":"stdout","time":661.567509068,"data":"SECONDARY_EDGE_TTA_ACTIVE views= 8 weight= 0.75 mean_abs_feat_delta= 0.271717\n"}
,{"stream_name":"stdout","time":661.770269949,"data":"SECONDARY_EDGE_TTA_ACTIVE views= 8 weight= 0.75 mean_abs_feat_delta= 0.271717\n"}
,{"stream_name":"stdout","time":661.885200018,"data":"SECONDARY_EDGE_TTA_ACTIVE views= 8 weight= 0.75 mean_abs_feat_delta= 0.255524\n"}
,{"stream_name":"stdout","time":662.087850491,"data":"SECONDARY_EDGE_TTA_ACTIVE views= 8 weight= 0.75 mean_abs_feat_delta= 0.255524\n"}
,{"stream_name":"stdout","time":662.94591819,"data":"EDGE_TTA_ACTIVE views= 8 mean_abs_feat_delta= 0.363028\n"}
,{"stream_name":"stdout","time":662.983573367,"data":"EDGE_TTA_ACTIVE views= 8 mean_abs_feat_delta= 0.353951\n"}
,{"stream_name":"stdout","time":663.148614453,"data":"EDGE_TTA_ACTIVE views= 8 mean_abs_feat_delta= 0.363028\n"}
,{"stream_name":"stdout","time":663.148637318,"data":"EDGE_TTA_ACTIVE views= 8 mean_abs_feat_delta= 0.353951\n"}
,{"stream_name":"stdout","time":663.935700744,"data":"SECONDARY_EDGE_TTA_ACTIVE views= 8 weight= 0.75 mean_abs_feat_delta= 0.247667\n"}
,{"stream_name":"stdout","time":663.997165906,"data":"SECONDARY_EDGE_TTA_ACTIVE views= 8 weight= 0.75 mean_abs_feat_delta= 0.268818\n"}
,{"stream_name":"stdout","time":664.138352136,"data":"SECONDARY_EDGE_TTA_ACTIVE views= 8 weight= 0.75 mean_abs_feat_delta= 0.247667\n"}
,{"stream_name":"stdout","time":664.138381855,"data":"SECONDARY_EDGE_TTA_ACTIVE views= 8 weight= 0.75 mean_abs_feat_delta= 0.268818\n"}
,{"stream_name":"stdout","time":665.010829122,"data":"EDGE_TTA_ACTIVE views= 8 mean_abs_feat_delta= 0.360198\n"}
,{"stream_name":"stdout","time":665.213325312,"data":"EDGE_TTA_ACTIVE views= 8 mean_abs_feat_delta= 0.360198\n"}
,{"stream_name":"stdout","time":665.35518408,"data":"EDGE_TTA_ACTIVE views= 8 mean_abs_feat_delta= 0.3542\n"}
,{"stream_name":"stdout","time":665.557551184,"data":"EDGE_TTA_ACTIVE views= 8 mean_abs_feat_delta= 0.3542\n"}
,{"stream_name":"stdout","time":666.003562883,"data":"SECONDARY_EDGE_TTA_ACTIVE views= 8 weight= 0.75 mean_abs_feat_delta= 0.24742\n"}
,{"stream_name":"stdout","time":666.206008221,"data":"SECONDARY_EDGE_TTA_ACTIVE views= 8 weight= 0.75 mean_abs_feat_delta= 0.24742\n"}
,{"stream_name":"stdout","time":666.368508281,"data":"SECONDARY_EDGE_TTA_ACTIVE views= 8 weight= 0.75 mean_abs_feat_delta= 0.260642\n"}
,{"stream_name":"stdout","time":666.571014612,"data":"SECONDARY_EDGE_TTA_ACTIVE views= 8 weight= 0.75 mean_abs_feat_delta= 0.260642\n"}
,{"stream_name":"stdout","time":667.062169027,"data":"EDGE_TTA_ACTIVE views= 8 mean_abs_feat_delta= 0.362864\n"}
,{"stream_name":"stdout","time":667.264849027,"data":"EDGE_TTA_ACTIVE views= 8 mean_abs_feat_delta= 0.362864\n"}
,{"stream_name":"stdout","time":667.701525269,"data":"EDGE_TTA_ACTIVE views= 8 mean_abs_feat_delta= 0.362945\n"}
,{"stream_name":"stdout","time":667.903962917,"data":"EDGE_TTA_ACTIVE views= 8 mean_abs_feat_delta= 0.362945\n"}
,{"stream_name":"stdout","time":668.053303727,"data":"SECONDARY_EDGE_TTA_ACTIVE views= 8 weight= 0.75 mean_abs_feat_delta= 0.24616\n"}
,{"stream_name":"stdout","time":668.255840247,"data":"SECONDARY_EDGE_TTA_ACTIVE views= 8 weight= 0.75 mean_abs_feat_delta= 0.24616\n"}
,{"stream_name":"stdout","time":668.715909972,"data":"SECONDARY_EDGE_TTA_ACTIVE views= 8 weight= 0.75 mean_abs_feat_delta= 0.258815\n"}
,{"stream_name":"stdout","time":668.91847525,"data":"SECONDARY_EDGE_TTA_ACTIVE views= 8 weight= 0.75 mean_abs_feat_delta= 0.258815\n"}
,{"stream_name":"stdout","time":669.148804158,"data":"EDGE_TTA_ACTIVE views= 8 mean_abs_feat_delta= 0.348791\n"}
,{"stream_name":"stdout","time":669.35118642,"data":"EDGE_TTA_ACTIVE views= 8 mean_abs_feat_delta= 0.348791\n"}
,{"stream_name":"stdout","time":670.068143673,"data":"EDGE_TTA_ACTIVE views= 8 mean_abs_feat_delta= 0.362719\n"}
,{"stream_name":"stdout","time":670.140139169,"data":"SECONDARY_EDGE_TTA_ACTIVE views= 8 weight= 0.75 mean_abs_feat_delta= 0.254486\n"}
,{"stream_name":"stdout","time":670.270547921,"data":"EDGE_TTA_ACTIVE views= 8 mean_abs_feat_delta= 0.362719\n"}
,{"stream_name":"stdout","time":670.270601301,"data":"SECONDARY_EDGE_TTA_ACTIVE views= 8 weight= 0.75 mean_abs_feat_delta= 0.254486\n"}
,{"stream_name":"stdout","time":671.083344568,"data":"SECONDARY_EDGE_TTA_ACTIVE views= 8 weight= 0.75 mean_abs_feat_delta= 0.260967\n"}
,{"stream_name":"stdout","time":671.198741117,"data":"EDGE_TTA_ACTIVE views= 8 mean_abs_feat_delta= 0.363156\n"}
,{"stream_name":"stdout","time":671.285928387,"data":"SECONDARY_EDGE_TTA_ACTIVE views= 8 weight= 0.75 mean_abs_feat_delta= 0.260967\n"}
,{"stream_name":"stdout","time":671.285953631,"data":"EDGE_TTA_ACTIVE views= 8 mean_abs_feat_delta= 0.363156\n"}
,{"stream_name":"stdout","time":672.190315093,"data":"SECONDARY_EDGE_TTA_ACTIVE views= 8 weight= 0.75 mean_abs_feat_delta= 0.244753\n"}
,{"stream_name":"stdout","time":672.392614007,"data":"SECONDARY_EDGE_TTA_ACTIVE views= 8 weight= 0.75 mean_abs_feat_delta= 0.244753\n"}
,{"stream_name":"stdout","time":672.402050742,"data":"EDGE_TTA_ACTIVE views= 8 mean_abs_feat_delta= 0.36164\n"}
,{"stream_name":"stdout","time":672.604567537,"data":"EDGE_TTA_ACTIVE views= 8 mean_abs_feat_delta= 0.36164\n"}
,{"stream_name":"stdout","time":673.284689204,"data":"EDGE_TTA_ACTIVE views= 8 mean_abs_feat_delta= 0.367284\n"}
,{"stream_name":"stdout","time":673.41528412,"data":"SECONDARY_EDGE_TTA_ACTIVE views= 8 weight= 0.75 mean_abs_feat_delta= 0.259311\n"}
,{"stream_name":"stdout","time":673.487114965,"data":"EDGE_TTA_ACTIVE views= 8 mean_abs_feat_delta= 0.367284\n"}
,{"stream_name":"stdout","time":673.48714345,"data":"SECONDARY_EDGE_TTA_ACTIVE views= 8 weight= 0.75 mean_abs_feat_delta= 0.259311\n"}
,{"stream_name":"stdout","time":674.278210914,"data":"SECONDARY_EDGE_TTA_ACTIVE views= 8 weight= 0.75 mean_abs_feat_delta= 0.25092\n"}
,{"stream_name":"stdout","time":674.480702143,"data":"SECONDARY_EDGE_TTA_ACTIVE views= 8 weight= 0.75 mean_abs_feat_delta= 0.25092\n"}
,{"stream_name":"stdout","time":674.741530678,"data":"EDGE_TTA_ACTIVE views= 8 mean_abs_feat_delta= 0.370642\n"}
,{"stream_name":"stdout","time":674.943873619,"data":"EDGE_TTA_ACTIVE views= 8 mean_abs_feat_delta= 0.370642\n"}
,{"stream_name":"stdout","time":675.361686682,"data":"EDGE_TTA_ACTIVE views= 8 mean_abs_feat_delta= 0.367607\n"}
,{"stream_name":"stdout","time":675.564129514,"data":"EDGE_TTA_ACTIVE views= 8 mean_abs_feat_delta= 0.367607\n"}
,{"stream_name":"stdout","time":675.752669628,"data":"SECONDARY_EDGE_TTA_ACTIVE views= 8 weight= 0.75 mean_abs_feat_delta= 0.257323\n"}
,{"stream_name":"stdout","time":675.95471207,"data":"SECONDARY_EDGE_TTA_ACTIVE views= 8 weight= 0.75 mean_abs_feat_delta= 0.257323\n"}
,{"stream_name":"stdout","time":676.348553833,"data":"SECONDARY_EDGE_TTA_ACTIVE views= 8 weight= 0.75 mean_abs_feat_delta= 0.248089\n"}
,{"stream_name":"stdout","time":676.551024474,"data":"SECONDARY_EDGE_TTA_ACTIVE views= 8 weight= 0.75 mean_abs_feat_delta= 0.248089\n"}
,{"stream_name":"stdout","time":677.071019836,"data":"EDGE_TTA_ACTIVE views= 8 mean_abs_feat_delta= 0.371155\n"}
,{"stream_name":"stdout","time":677.273213548,"data":"EDGE_TTA_ACTIVE views= 8 mean_abs_feat_delta= 0.371155\n"}
,{"stream_name":"stdout","time":677.400303051,"data":"EDGE_TTA_ACTIVE views= 8 mean_abs_feat_delta= 0.366283\n"}
,{"stream_name":"stdout","time":677.602450232,"data":"EDGE_TTA_ACTIVE views= 8 mean_abs_feat_delta= 0.366283\n"}
,{"stream_name":"stdout","time":678.083739095,"data":"SECONDARY_EDGE_TTA_ACTIVE views= 8 weight= 0.75 mean_abs_feat_delta= 0.262324\n"}
,{"stream_name":"stdout","time":678.286270963,"data":"SECONDARY_EDGE_TTA_ACTIVE views= 8 weight= 0.75 mean_abs_feat_delta= 0.262324\n"}
,{"stream_name":"stdout","time":678.389780207,"data":"SECONDARY_EDGE_TTA_ACTIVE views= 8 weight= 0.75 mean_abs_feat_delta= 0.245132\n"}
,{"stream_name":"stdout","time":678.592251596,"data":"SECONDARY_EDGE_TTA_ACTIVE views= 8 weight= 0.75 mean_abs_feat_delta= 0.245132\n"}
,{"stream_name":"stdout","time":679.444179304,"data":"EDGE_TTA_ACTIVE views= 8 mean_abs_feat_delta= 0.369109\n"}
,{"stream_name":"stdout","time":679.484008259,"data":"EDGE_TTA_ACTIVE views= 8 mean_abs_feat_delta= 0.365327\n"}
,{"stream_name":"stdout","time":679.646454916,"data":"EDGE_TTA_ACTIVE views= 8 mean_abs_feat_delta= 0.369109\n"}
,{"stream_name":"stdout","time":679.646475737,"data":"EDGE_TTA_ACTIVE views= 8 mean_abs_feat_delta= 0.365327\n"}
,{"stream_name":"stdout","time":680.453098424,"data":"SECONDARY_EDGE_TTA_ACTIVE views= 8 weight= 0.75 mean_abs_feat_delta= 0.266094\n"}
,{"stream_name":"stdout","time":680.472575391,"data":"SECONDARY_EDGE_TTA_ACTIVE views= 8 weight= 0.75 mean_abs_feat_delta= 0.241478\n"}
,{"stream_name":"stdout","time":680.655481556,"data":"SECONDARY_EDGE_TTA_ACTIVE views= 8 weight= 0.75 mean_abs_feat_delta= 0.266094\n"}
,{"stream_name":"stdout","time":680.655512632,"data":"SECONDARY_EDGE_TTA_ACTIVE views= 8 weight= 0.75 mean_abs_feat_delta= 0.241478\n"}
,{"stream_name":"stdout","time":681.52992801,"data":"EDGE_TTA_ACTIVE views= 8 mean_abs_feat_delta= 0.367734\n"}
,{"stream_name":"stdout","time":681.732301092,"data":"EDGE_TTA_ACTIVE views= 8 mean_abs_feat_delta= 0.367734\n"}
,{"stream_name":"stdout","time":681.766981165,"data":"EDGE_TTA_ACTIVE views= 8 mean_abs_feat_delta= 0.36958\n"}
,{"stream_name":"stdout","time":681.969368393,"data":"EDGE_TTA_ACTIVE views= 8 mean_abs_feat_delta= 0.36958\n"}
,{"stream_name":"stdout","time":682.518005652,"data":"SECONDARY_EDGE_TTA_ACTIVE views= 8 weight= 0.75 mean_abs_feat_delta= 0.244046\n"}
,{"stream_name":"stdout","time":682.720508638,"data":"SECONDARY_EDGE_TTA_ACTIVE views= 8 weight= 0.75 mean_abs_feat_delta= 0.244046\n"}
,{"stream_name":"stdout","time":682.774803877,"data":"SECONDARY_EDGE_TTA_ACTIVE views= 8 weight= 0.75 mean_abs_feat_delta= 0.265249\n"}
,{"stream_name":"stdout","time":682.976963367,"data":"SECONDARY_EDGE_TTA_ACTIVE views= 8 weight= 0.75 mean_abs_feat_delta= 0.265249\n"}
,{"stream_name":"stdout","time":683.575136666,"data":"EDGE_TTA_ACTIVE views= 8 mean_abs_feat_delta= 0.366814\n"}
,{"stream_name":"stdout","time":683.777391589,"data":"EDGE_TTA_ACTIVE views= 8 mean_abs_feat_delta= 0.366814\n"}
,{"stream_name":"stdout","time":684.097752737,"data":"EDGE_TTA_ACTIVE views= 8 mean_abs_feat_delta= 0.369458\n"}
,{"stream_name":"stdout","time":684.299933512,"data":"EDGE_TTA_ACTIVE views= 8 mean_abs_feat_delta= 0.369458\n"}
,{"stream_name":"stdout","time":684.564727286,"data":"SECONDARY_EDGE_TTA_ACTIVE views= 8 weight= 0.75 mean_abs_feat_delta= 0.240693\n"}
,{"stream_name":"stdout","time":684.767142885,"data":"SECONDARY_EDGE_TTA_ACTIVE views= 8 weight= 0.75 mean_abs_feat_delta= 0.240693\n"}
,{"stream_name":"stdout","time":685.106118347,"data":"SECONDARY_EDGE_TTA_ACTIVE views= 8 weight= 0.75 mean_abs_feat_delta= 0.264647\n"}
,{"stream_name":"stdout","time":685.308651121,"data":"SECONDARY_EDGE_TTA_ACTIVE views= 8 weight= 0.75 mean_abs_feat_delta= 0.264647\n"}
,{"stream_name":"stdout","time":685.619925311,"data":"EDGE_TTA_ACTIVE views= 8 mean_abs_feat_delta= 0.372294\n"}
,{"stream_name":"stdout","time":685.822278631,"data":"EDGE_TTA_ACTIVE views= 8 mean_abs_feat_delta= 0.372294\n"}
,{"stream_name":"stdout","time":686.416396395,"data":"EDGE_TTA_ACTIVE views= 8 mean_abs_feat_delta= 0.371475\n"}
,{"stream_name":"stdout","time":686.599331694,"data":"SECONDARY_EDGE_TTA_ACTIVE views= 8 weight= 0.75 mean_abs_feat_delta= 0.243215\n"}
,{"stream_name":"stdout","time":686.663717581,"data":"EDGE_TTA_ACTIVE views= 8 mean_abs_feat_delta= 0.371475\n"}
,{"stream_name":"stdout","time":686.663737039,"data":"SECONDARY_EDGE_TTA_ACTIVE views= 8 weight= 0.75 mean_abs_feat_delta= 0.243215\n"}
,{"stream_name":"stdout","time":687.419176492,"data":"SECONDARY_EDGE_TTA_ACTIVE views= 8 weight= 0.75 mean_abs_feat_delta= 0.270051\n"}
,{"stream_name":"stdout","time":687.621620051,"data":"SECONDARY_EDGE_TTA_ACTIVE views= 8 weight= 0.75 mean_abs_feat_delta= 0.270051\n"}
,{"stream_name":"stdout","time":687.646271443,"data":"EDGE_TTA_ACTIVE views= 8 mean_abs_feat_delta= 0.37531\n"}
,{"stream_name":"stdout","time":687.848807873,"data":"EDGE_TTA_ACTIVE views= 8 mean_abs_feat_delta= 0.37531\n"}
,{"stream_name":"stdout","time":688.634511612,"data":"SECONDARY_EDGE_TTA_ACTIVE views= 8 weight= 0.75 mean_abs_feat_delta= 0.246818\n"}
,{"stream_name":"stdout","time":688.732191464,"data":"EDGE_TTA_ACTIVE views= 8 mean_abs_feat_delta= 0.360709\n"}
,{"stream_name":"stdout","time":688.836948297,"data":"SECONDARY_EDGE_TTA_ACTIVE views= 8 weight= 0.75 mean_abs_feat_delta= 0.246818\n"}
,{"stream_name":"stdout","time":688.836976296,"data":"EDGE_TTA_ACTIVE views= 8 mean_abs_feat_delta= 0.360709\n"}
,{"stream_name":"stdout","time":689.692318797,"data":"EDGE_TTA_ACTIVE views= 8 mean_abs_feat_delta= 0.358513\n"}
,{"stream_name":"stdout","time":689.742006266,"data":"SECONDARY_EDGE_TTA_ACTIVE views= 8 weight= 0.75 mean_abs_feat_delta= 0.259548\n"}
,{"stream_name":"stdout","time":689.894798705,"data":"EDGE_TTA_ACTIVE views= 8 mean_abs_feat_delta= 0.358513\n"}
,{"stream_name":"stdout","time":689.894822026,"data":"SECONDARY_EDGE_TTA_ACTIVE views= 8 weight= 0.75 mean_abs_feat_delta= 0.259548\n"}
,{"stream_name":"stdout","time":690.676689652,"data":"SECONDARY_EDGE_TTA_ACTIVE views= 8 weight= 0.75 mean_abs_feat_delta= 0.25501\n"}
,{"stream_name":"stdout","time":690.879330213,"data":"SECONDARY_EDGE_TTA_ACTIVE views= 8 weight= 0.75 mean_abs_feat_delta= 0.25501\n"}
,{"stream_name":"stdout","time":691.106347548,"data":"EDGE_TTA_ACTIVE views= 8 mean_abs_feat_delta= 0.362627\n"}
,{"stream_name":"stdout","time":691.308897861,"data":"EDGE_TTA_ACTIVE views= 8 mean_abs_feat_delta= 0.362627\n"}
,{"stream_name":"stdout","time":691.73979276,"data":"EDGE_TTA_ACTIVE views= 8 mean_abs_feat_delta= 0.370463\n"}
,{"stream_name":"stdout","time":691.942047246,"data":"EDGE_TTA_ACTIVE views= 8 mean_abs_feat_delta= 0.370463\n"}
,{"stream_name":"stdout","time":692.114246784,"data":"SECONDARY_EDGE_TTA_ACTIVE views= 8 weight= 0.75 mean_abs_feat_delta= 0.267467\n"}
,{"stream_name":"stdout","time":692.316694775,"data":"SECONDARY_EDGE_TTA_ACTIVE views= 8 weight= 0.75 mean_abs_feat_delta= 0.267467\n"}
,{"stream_name":"stdout","time":692.729503783,"data":"SECONDARY_EDGE_TTA_ACTIVE views= 8 weight= 0.75 mean_abs_feat_delta= 0.243905\n"}
,{"stream_name":"stdout","time":692.931900341,"data":"SECONDARY_EDGE_TTA_ACTIVE views= 8 weight= 0.75 mean_abs_feat_delta= 0.243905\n"}
,{"stream_name":"stdout","time":693.444648582,"data":"EDGE_TTA_ACTIVE views= 8 mean_abs_feat_delta= 0.365289\n"}
,{"stream_name":"stdout","time":693.646983156,"data":"EDGE_TTA_ACTIVE views= 8 mean_abs_feat_delta= 0.365289\n"}
,{"stream_name":"stdout","time":693.783985385,"data":"EDGE_TTA_ACTIVE views= 8 mean_abs_feat_delta= 0.368154\n"}
,{"stream_name":"stdout","time":693.986412132,"data":"EDGE_TTA_ACTIVE views= 8 mean_abs_feat_delta= 0.368154\n"}
,{"stream_name":"stdout","time":694.443729389,"data":"SECONDARY_EDGE_TTA_ACTIVE views= 8 weight= 0.75 mean_abs_feat_delta= 0.266206\n"}
,{"stream_name":"stdout","time":694.646053099,"data":"SECONDARY_EDGE_TTA_ACTIVE views= 8 weight= 0.75 mean_abs_feat_delta= 0.266206\n"}
,{"stream_name":"stdout","time":694.772340908,"data":"SECONDARY_EDGE_TTA_ACTIVE views= 8 weight= 0.75 mean_abs_feat_delta= 0.246471\n"}
,{"stream_name":"stdout","time":694.974951231,"data":"SECONDARY_EDGE_TTA_ACTIVE views= 8 weight= 0.75 mean_abs_feat_delta= 0.246471\n"}
,{"stream_name":"stdout","time":695.736010838,"data":"EDGE_TTA_ACTIVE views= 8 mean_abs_feat_delta= 0.362116\n"}
,{"stream_name":"stdout","time":695.829188748,"data":"EDGE_TTA_ACTIVE views= 8 mean_abs_feat_delta= 0.364891\n"}
,{"stream_name":"stdout","time":695.938330419,"data":"EDGE_TTA_ACTIVE views= 8 mean_abs_feat_delta= 0.362116\n"}
,{"stream_name":"stdout","time":695.938351732,"data":"EDGE_TTA_ACTIVE views= 8 mean_abs_feat_delta= 0.364891\n"}
,{"stream_name":"stdout","time":696.744470474,"data":"SECONDARY_EDGE_TTA_ACTIVE views= 8 weight= 0.75 mean_abs_feat_delta= 0.267972\n"}
,{"stream_name":"stdout","time":696.813919663,"data":"SECONDARY_EDGE_TTA_ACTIVE views= 8 weight= 0.75 mean_abs_feat_delta= 0.244324\n"}
,{"stream_name":"stdout","time":696.947234223,"data":"SECONDARY_EDGE_TTA_ACTIVE views= 8 weight= 0.75 mean_abs_feat_delta= 0.267972\n"}
,{"stream_name":"stdout","time":696.947311317,"data":"SECONDARY_EDGE_TTA_ACTIVE views= 8 weight= 0.75 mean_abs_feat_delta= 0.244324\n"}
,{"stream_name":"stdout","time":697.895084647,"data":"EDGE_TTA_ACTIVE views= 8 mean_abs_feat_delta= 0.366895\n"}
,{"stream_name":"stdout","time":698.042770599,"data":"EDGE_TTA_ACTIVE views= 8 mean_abs_feat_delta= 0.360689\n"}
,{"stream_name":"stdout","time":698.097655174,"data":"EDGE_TTA_ACTIVE views= 8 mean_abs_feat_delta= 0.366895\n"}
,{"stream_name":"stdout","time":698.097676013,"data":"EDGE_TTA_ACTIVE views= 8 mean_abs_feat_delta= 0.360689\n"}
,{"stream_name":"stdout","time":698.869590051,"data":"SECONDARY_EDGE_TTA_ACTIVE views= 8 weight= 0.75 mean_abs_feat_delta= 0.243531\n"}
,{"stream_name":"stdout","time":699.048208487,"data":"SECONDARY_EDGE_TTA_ACTIVE views= 8 weight= 0.75 mean_abs_feat_delta= 0.269085\n"}
,{"stream_name":"stdout","time":699.072204911,"data":"SECONDARY_EDGE_TTA_ACTIVE views= 8 weight= 0.75 mean_abs_feat_delta= 0.243531\n"}
,{"stream_name":"stdout","time":699.072228685,"data":"SECONDARY_EDGE_TTA_ACTIVE views= 8 weight= 0.75 mean_abs_feat_delta= 0.269085\n"}
,{"stream_name":"stdout","time":699.943777271,"data":"EDGE_TTA_ACTIVE views= 8 mean_abs_feat_delta= 0.363215\n"}
,{"stream_name":"stdout","time":700.146303677,"data":"EDGE_TTA_ACTIVE views= 8 mean_abs_feat_delta= 0.363215\n"}
,{"stream_name":"stdout","time":700.34557599,"data":"EDGE_TTA_ACTIVE views= 8 mean_abs_feat_delta= 0.357351\n"}
,{"stream_name":"stdout","time":700.54808204,"data":"EDGE_TTA_ACTIVE views= 8 mean_abs_feat_delta= 0.357351\n"}
,{"stream_name":"stdout","time":700.915849402,"data":"SECONDARY_EDGE_TTA_ACTIVE views= 8 weight= 0.75 mean_abs_feat_delta= 0.240456\n"}
,{"stream_name":"stdout","time":701.118161792,"data":"SECONDARY_EDGE_TTA_ACTIVE views= 8 weight= 0.75 mean_abs_feat_delta= 0.240456\n"}
,{"stream_name":"stdout","time":701.349049812,"data":"SECONDARY_EDGE_TTA_ACTIVE views= 8 weight= 0.75 mean_abs_feat_delta= 0.267685\n"}
,{"stream_name":"stdout","time":701.551615092,"data":"SECONDARY_EDGE_TTA_ACTIVE views= 8 weight= 0.75 mean_abs_feat_delta= 0.267685\n"}
,{"stream_name":"stdout","time":702.010414935,"data":"EDGE_TTA_ACTIVE views= 8 mean_abs_feat_delta= 0.361736\n"}
,{"stream_name":"stdout","time":702.212700059,"data":"EDGE_TTA_ACTIVE views= 8 mean_abs_feat_delta= 0.361736\n"}
,{"stream_name":"stdout","time":702.665840432,"data":"EDGE_TTA_ACTIVE views= 8 mean_abs_feat_delta= 0.355506\n"}
,{"stream_name":"stdout","time":702.868174297,"data":"EDGE_TTA_ACTIVE views= 8 mean_abs_feat_delta= 0.355506\n"}
,{"stream_name":"stdout","time":702.987093385,"data":"SECONDARY_EDGE_TTA_ACTIVE views= 8 weight= 0.75 mean_abs_feat_delta= 0.24017\n"}
,{"stream_name":"stdout","time":703.189559705,"data":"SECONDARY_EDGE_TTA_ACTIVE views= 8 weight= 0.75 mean_abs_feat_delta= 0.24017\n"}
,{"stream_name":"stdout","time":703.667920606,"data":"SECONDARY_EDGE_TTA_ACTIVE views= 8 weight= 0.75 mean_abs_feat_delta= 0.273554\n"}
,{"stream_name":"stdout","time":703.870486084,"data":"SECONDARY_EDGE_TTA_ACTIVE views= 8 weight= 0.75 mean_abs_feat_delta= 0.273554\n"}
,{"stream_name":"stdout","time":704.0371965,"data":"EDGE_TTA_ACTIVE views= 8 mean_abs_feat_delta= 0.363909\n"}
,{"stream_name":"stdout","time":704.239683897,"data":"EDGE_TTA_ACTIVE views= 8 mean_abs_feat_delta= 0.363909\n"}
,{"stream_name":"stdout","time":704.954713097,"data":"EDGE_TTA_ACTIVE views= 8 mean_abs_feat_delta= 0.35617\n"}
,{"stream_name":"stdout","time":705.014201473,"data":"SECONDARY_EDGE_TTA_ACTIVE views= 8 weight= 0.75 mean_abs_feat_delta= 0.240097\n"}
,{"stream_name":"stdout","time":705.157213004,"data":"EDGE_TTA_ACTIVE views= 8 mean_abs_feat_delta= 0.35617\n"}
,{"stream_name":"stdout","time":705.157261146,"data":"SECONDARY_EDGE_TTA_ACTIVE views= 8 weight= 0.75 mean_abs_feat_delta= 0.240097\n"}
,{"stream_name":"stdout","time":705.952351438,"data":"SECONDARY_EDGE_TTA_ACTIVE views= 8 weight= 0.75 mean_abs_feat_delta= 0.269452\n"}
,{"stream_name":"stdout","time":706.065170698,"data":"EDGE_TTA_ACTIVE views= 8 mean_abs_feat_delta= 0.357881\n"}
,{"stream_name":"stdout","time":706.154922706,"data":"SECONDARY_EDGE_TTA_ACTIVE views= 8 weight= 0.75 mean_abs_feat_delta= 0.269452\n"}
,{"stream_name":"stdout","time":706.15494382,"data":"EDGE_TTA_ACTIVE views= 8 mean_abs_feat_delta= 0.357881\n"}
,{"stream_name":"stdout","time":707.039360425,"data":"SECONDARY_EDGE_TTA_ACTIVE views= 8 weight= 0.75 mean_abs_feat_delta= 0.240901\n"}
,{"stream_name":"stdout","time":707.240717406,"data":"EDGE_TTA_ACTIVE views= 8 mean_abs_feat_delta= 0.360311\n"}
,{"stream_name":"stdout","time":707.242033093,"data":"SECONDARY_EDGE_TTA_ACTIVE views= 8 weight= 0.75 mean_abs_feat_delta= 0.240901\n"}
,{"stream_name":"stdout","time":707.443010217,"data":"EDGE_TTA_ACTIVE views= 8 mean_abs_feat_delta= 0.360311\n"}
,{"stream_name":"stdout","time":708.111040675,"data":"EDGE_TTA_ACTIVE views= 8 mean_abs_feat_delta= 0.357802\n"}
,{"stream_name":"stdout","time":708.239166013,"data":"SECONDARY_EDGE_TTA_ACTIVE views= 8 weight= 0.75 mean_abs_feat_delta= 0.273242\n"}
,{"stream_name":"stdout","time":708.313523922,"data":"EDGE_TTA_ACTIVE views= 8 mean_abs_feat_delta= 0.357802\n"}
,{"stream_name":"stdout","time":708.313553313,"data":"SECONDARY_EDGE_TTA_ACTIVE views= 8 weight= 0.75 mean_abs_feat_delta= 0.273242\n"}
,{"stream_name":"stdout","time":709.086797575,"data":"SECONDARY_EDGE_TTA_ACTIVE views= 8 weight= 0.75 mean_abs_feat_delta= 0.24147\n"}
,{"stream_name":"stdout","time":709.289266583,"data":"SECONDARY_EDGE_TTA_ACTIVE views= 8 weight= 0.75 mean_abs_feat_delta= 0.24147\n"}
,{"stream_name":"stdout","time":709.560902478,"data":"EDGE_TTA_ACTIVE views= 8 mean_abs_feat_delta= 0.361865\n"}
,{"stream_name":"stdout","time":709.763193668,"data":"EDGE_TTA_ACTIVE views= 8 mean_abs_feat_delta= 0.361865\n"}
,{"stream_name":"stdout","time":710.15846758,"data":"EDGE_TTA_ACTIVE views= 8 mean_abs_feat_delta= 0.36292\n"}
,{"stream_name":"stdout","time":710.360746842,"data":"EDGE_TTA_ACTIVE views= 8 mean_abs_feat_delta= 0.36292\n"}
,{"stream_name":"stdout","time":710.56456924,"data":"SECONDARY_EDGE_TTA_ACTIVE views= 8 weight= 0.75 mean_abs_feat_delta= 0.275497\n"}
,{"stream_name":"stdout","time":710.766772437,"data":"SECONDARY_EDGE_TTA_ACTIVE views= 8 weight= 0.75 mean_abs_feat_delta= 0.275497\n"}
,{"stream_name":"stdout","time":711.133593765,"data":"SECONDARY_EDGE_TTA_ACTIVE views= 8 weight= 0.75 mean_abs_feat_delta= 0.239779\n"}
,{"stream_name":"stdout","time":711.336075077,"data":"SECONDARY_EDGE_TTA_ACTIVE views= 8 weight= 0.75 mean_abs_feat_delta= 0.239779\n"}
,{"stream_name":"stdout","time":711.882908659,"data":"EDGE_TTA_ACTIVE views= 8 mean_abs_feat_delta= 0.35811\n"}
,{"stream_name":"stdout","time":712.08531766,"data":"EDGE_TTA_ACTIVE views= 8 mean_abs_feat_delta= 0.35811\n"}
,{"stream_name":"stdout","time":712.205361579,"data":"EDGE_TTA_ACTIVE views= 8 mean_abs_feat_delta= 0.360328\n"}
,{"stream_name":"stdout","time":712.407785431,"data":"EDGE_TTA_ACTIVE views= 8 mean_abs_feat_delta= 0.360328\n"}
,{"stream_name":"stdout","time":712.885380475,"data":"SECONDARY_EDGE_TTA_ACTIVE views= 8 weight= 0.75 mean_abs_feat_delta= 0.271521\n"}
,{"stream_name":"stdout","time":713.087607468,"data":"SECONDARY_EDGE_TTA_ACTIVE views= 8 weight= 0.75 mean_abs_feat_delta= 0.271521\n"}
,{"stream_name":"stdout","time":713.179785862,"data":"SECONDARY_EDGE_TTA_ACTIVE views= 8 weight= 0.75 mean_abs_feat_delta= 0.240885\n"}
,{"stream_name":"stdout","time":713.382314827,"data":"SECONDARY_EDGE_TTA_ACTIVE views= 8 weight= 0.75 mean_abs_feat_delta= 0.240885\n"}
,{"stream_name":"stdout","time":714.170857131,"data":"EDGE_TTA_ACTIVE views= 8 mean_abs_feat_delta= 0.354857\n"}
,{"stream_name":"stdout","time":714.290043718,"data":"EDGE_TTA_ACTIVE views= 8 mean_abs_feat_delta= 0.357244\n"}
,{"stream_name":"stdout","time":714.373293608,"data":"EDGE_TTA_ACTIVE views= 8 mean_abs_feat_delta= 0.354857\n"}
,{"stream_name":"stdout","time":714.373315556,"data":"EDGE_TTA_ACTIVE views= 8 mean_abs_feat_delta= 0.357244\n"}
,{"stream_name":"stdout","time":715.171035697,"data":"SECONDARY_EDGE_TTA_ACTIVE views= 8 weight= 0.75 mean_abs_feat_delta= 0.271885\n"}
,{"stream_name":"stdout","time":715.266475188,"data":"SECONDARY_EDGE_TTA_ACTIVE views= 8 weight= 0.75 mean_abs_feat_delta= 0.241615\n"}
,{"stream_name":"stdout","time":715.373394502,"data":"SECONDARY_EDGE_TTA_ACTIVE views= 8 weight= 0.75 mean_abs_feat_delta= 0.271885\n"}
,{"stream_name":"stdout","time":715.373463227,"data":"SECONDARY_EDGE_TTA_ACTIVE views= 8 weight= 0.75 mean_abs_feat_delta= 0.241615\n"}
,{"stream_name":"stdout","time":716.316993583,"data":"EDGE_TTA_ACTIVE views= 8 mean_abs_feat_delta= 0.357533\n"}
,{"stream_name":"stdout","time":716.456917537,"data":"EDGE_TTA_ACTIVE views= 8 mean_abs_feat_delta= 0.354966\n"}
,{"stream_name":"stdout","time":716.51942328,"data":"EDGE_TTA_ACTIVE views= 8 mean_abs_feat_delta= 0.357533\n"}
,{"stream_name":"stdout","time":716.51944319,"data":"EDGE_TTA_ACTIVE views= 8 mean_abs_feat_delta= 0.354966\n"}
,{"stream_name":"stdout","time":717.290138608,"data":"SECONDARY_EDGE_TTA_ACTIVE views= 8 weight= 0.75 mean_abs_feat_delta= 0.243492\n"}
,{"stream_name":"stdout","time":717.455439752,"data":"SECONDARY_EDGE_TTA_ACTIVE views= 8 weight= 0.75 mean_abs_feat_delta= 0.268568\n"}
,{"stream_name":"stdout","time":717.544829784,"data":"SECONDARY_EDGE_TTA_ACTIVE views= 8 weight= 0.75 mean_abs_feat_delta= 0.243492\n"}
,{"stream_name":"stdout","time":717.544894794,"data":"SECONDARY_EDGE_TTA_ACTIVE views= 8 weight= 0.75 mean_abs_feat_delta= 0.268568\n"}
,{"stream_name":"stdout","time":718.364853936,"data":"EDGE_TTA_ACTIVE views= 8 mean_abs_feat_delta= 0.360339\n"}
,{"stream_name":"stdout","time":718.567305474,"data":"EDGE_TTA_ACTIVE views= 8 mean_abs_feat_delta= 0.360339\n"}
,{"stream_name":"stdout","time":718.733331649,"data":"EDGE_TTA_ACTIVE views= 8 mean_abs_feat_delta= 0.356326\n"}
,{"stream_name":"stdout","time":718.935719414,"data":"EDGE_TTA_ACTIVE views= 8 mean_abs_feat_delta= 0.356326\n"}
,{"stream_name":"stdout","time":719.353134642,"data":"SECONDARY_EDGE_TTA_ACTIVE views= 8 weight= 0.75 mean_abs_feat_delta= 0.242113\n"}
,{"stream_name":"stdout","time":719.555525222,"data":"SECONDARY_EDGE_TTA_ACTIVE views= 8 weight= 0.75 mean_abs_feat_delta= 0.242113\n"}
,{"stream_name":"stdout","time":719.737922663,"data":"SECONDARY_EDGE_TTA_ACTIVE views= 8 weight= 0.75 mean_abs_feat_delta= 0.266315\n"}
,{"stream_name":"stdout","time":719.940464775,"data":"SECONDARY_EDGE_TTA_ACTIVE views= 8 weight= 0.75 mean_abs_feat_delta= 0.266315\n"}
,{"stream_name":"stdout","time":720.410005604,"data":"EDGE_TTA_ACTIVE views= 8 mean_abs_feat_delta= 0.366487\n"}
,{"stream_name":"stdout","time":720.612254889,"data":"EDGE_TTA_ACTIVE views= 8 mean_abs_feat_delta= 0.366487\n"}
,{"stream_name":"stdout","time":721.061932008,"data":"EDGE_TTA_ACTIVE views= 8 mean_abs_feat_delta= 0.355971\n"}
,{"stream_name":"stdout","time":721.265933195,"data":"EDGE_TTA_ACTIVE views= 8 mean_abs_feat_delta= 0.355971\n"}
,{"stream_name":"stdout","time":721.385959883,"data":"SECONDARY_EDGE_TTA_ACTIVE views= 8 weight= 0.75 mean_abs_feat_delta= 0.239421\n"}
,{"stream_name":"stdout","time":721.588177998,"data":"SECONDARY_EDGE_TTA_ACTIVE views= 8 weight= 0.75 mean_abs_feat_delta= 0.239421\n"}
,{"stream_name":"stdout","time":722.070742268,"data":"SECONDARY_EDGE_TTA_ACTIVE views= 8 weight= 0.75 mean_abs_feat_delta= 0.270262\n"}
,{"stream_name":"stdout","time":722.273012091,"data":"SECONDARY_EDGE_TTA_ACTIVE views= 8 weight= 0.75 mean_abs_feat_delta= 0.270262\n"}
,{"stream_name":"stdout","time":722.437671879,"data":"EDGE_TTA_ACTIVE views= 8 mean_abs_feat_delta= 0.367172\n"}
,{"stream_name":"stdout","time":722.639987234,"data":"EDGE_TTA_ACTIVE views= 8 mean_abs_feat_delta= 0.367172\n"}
,{"stream_name":"stdout","time":723.351594042,"data":"EDGE_TTA_ACTIVE views= 8 mean_abs_feat_delta= 0.350618\n"}
,{"stream_name":"stdout","time":723.414043172,"data":"SECONDARY_EDGE_TTA_ACTIVE views= 8 weight= 0.75 mean_abs_feat_delta= 0.241223\n"}
,{"stream_name":"stdout","time":723.553902711,"data":"EDGE_TTA_ACTIVE views= 8 mean_abs_feat_delta= 0.350618\n"}
,{"stream_name":"stdout","time":723.553961264,"data":"SECONDARY_EDGE_TTA_ACTIVE views= 8 weight= 0.75 mean_abs_feat_delta= 0.241223\n"}
,{"stream_name":"stdout","time":724.356882308,"data":"SECONDARY_EDGE_TTA_ACTIVE views= 8 weight= 0.75 mean_abs_feat_delta= 0.261211\n"}
,{"stream_name":"stdout","time":724.466971761,"data":"EDGE_TTA_ACTIVE views= 8 mean_abs_feat_delta= 0.365716\n"}
,{"stream_name":"stdout","time":724.559069176,"data":"SECONDARY_EDGE_TTA_ACTIVE views= 8 weight= 0.75 mean_abs_feat_delta= 0.261211\n"}
,{"stream_name":"stdout","time":724.559124225,"data":"EDGE_TTA_ACTIVE views= 8 mean_abs_feat_delta= 0.365716\n"}
,{"stream_name":"stdout","time":725.441645347,"data":"SECONDARY_EDGE_TTA_ACTIVE views= 8 weight= 0.75 mean_abs_feat_delta= 0.243562\n"}
,{"stream_name":"stdout","time":725.641918761,"data":"EDGE_TTA_ACTIVE views= 8 mean_abs_feat_delta= 0.350748\n"}
,{"stream_name":"stdout","time":725.644229169,"data":"SECONDARY_EDGE_TTA_ACTIVE views= 8 weight= 0.75 mean_abs_feat_delta= 0.243562\n"}
,{"stream_name":"stdout","time":725.644252488,"data":"EDGE_TTA_ACTIVE views= 8 mean_abs_feat_delta= 0.350748\n"}
,{"stream_name":"stdout","time":726.51627254,"data":"EDGE_TTA_ACTIVE views= 8 mean_abs_feat_delta= 0.365864\n"}
,{"stream_name":"stdout","time":726.641507859,"data":"SECONDARY_EDGE_TTA_ACTIVE views= 8 weight= 0.75 mean_abs_feat_delta= 0.270014\n"}
,{"stream_name":"stdout","time":726.718758799,"data":"EDGE_TTA_ACTIVE views= 8 mean_abs_feat_delta= 0.365864\n"}
,{"stream_name":"stdout","time":726.718781963,"data":"SECONDARY_EDGE_TTA_ACTIVE views= 8 weight= 0.75 mean_abs_feat_delta= 0.270014\n"}
,{"stream_name":"stdout","time":727.495969841,"data":"SECONDARY_EDGE_TTA_ACTIVE views= 8 weight= 0.75 mean_abs_feat_delta= 0.245184\n"}
,{"stream_name":"stdout","time":727.698595702,"data":"SECONDARY_EDGE_TTA_ACTIVE views= 8 weight= 0.75 mean_abs_feat_delta= 0.245184\n"}
,{"stream_name":"stdout","time":727.914858717,"data":"EDGE_TTA_ACTIVE views= 8 mean_abs_feat_delta= 0.353127\n"}
,{"stream_name":"stdout","time":728.116962287,"data":"EDGE_TTA_ACTIVE views= 8 mean_abs_feat_delta= 0.353127\n"}
,{"stream_name":"stdout","time":728.545930414,"data":"EDGE_TTA_ACTIVE views= 8 mean_abs_feat_delta= 0.364558\n"}
,{"stream_name":"stdout","time":728.748245346,"data":"EDGE_TTA_ACTIVE views= 8 mean_abs_feat_delta= 0.364558\n"}
,{"stream_name":"stdout","time":728.920326518,"data":"SECONDARY_EDGE_TTA_ACTIVE views= 8 weight= 0.75 mean_abs_feat_delta= 0.265784\n"}
,{"stream_name":"stdout","time":729.122604766,"data":"SECONDARY_EDGE_TTA_ACTIVE views= 8 weight= 0.75 mean_abs_feat_delta= 0.265784\n"}
,{"stream_name":"stdout","time":729.522917357,"data":"SECONDARY_EDGE_TTA_ACTIVE views= 8 weight= 0.75 mean_abs_feat_delta= 0.245155\n"}
,{"stream_name":"stdout","time":729.725128721,"data":"SECONDARY_EDGE_TTA_ACTIVE views= 8 weight= 0.75 mean_abs_feat_delta= 0.245155\n"}
,{"stream_name":"stdout","time":730.195054273,"data":"EDGE_TTA_ACTIVE views= 8 mean_abs_feat_delta= 0.353121\n"}
,{"stream_name":"stdout","time":730.397617813,"data":"EDGE_TTA_ACTIVE views= 8 mean_abs_feat_delta= 0.353121\n"}
,{"stream_name":"stdout","time":730.634147138,"data":"EDGE_TTA_ACTIVE views= 8 mean_abs_feat_delta= 0.368692\n"}
,{"stream_name":"stdout","time":730.83658589,"data":"EDGE_TTA_ACTIVE views= 8 mean_abs_feat_delta= 0.368692\n"}
,{"stream_name":"stdout","time":731.201173279,"data":"SECONDARY_EDGE_TTA_ACTIVE views= 8 weight= 0.75 mean_abs_feat_delta= 0.274027\n"}
,{"stream_name":"stdout","time":731.403861323,"data":"SECONDARY_EDGE_TTA_ACTIVE views= 8 weight= 0.75 mean_abs_feat_delta= 0.274027\n"}
,{"stream_name":"stdout","time":731.610009799,"data":"SECONDARY_EDGE_TTA_ACTIVE views= 8 weight= 0.75 mean_abs_feat_delta= 0.245457\n"}
,{"stream_name":"stdout","time":731.812681182,"data":"SECONDARY_EDGE_TTA_ACTIVE views= 8 weight= 0.75 mean_abs_feat_delta= 0.245457\n"}
,{"stream_name":"stdout","time":732.525481921,"data":"EDGE_TTA_ACTIVE views= 8 mean_abs_feat_delta= 0.35452\n"}
,{"stream_name":"stdout","time":732.662729308,"data":"EDGE_TTA_ACTIVE views= 8 mean_abs_feat_delta= 0.368315\n"}
,{"stream_name":"stdout","time":732.72774017,"data":"EDGE_TTA_ACTIVE views= 8 mean_abs_feat_delta= 0.35452\n"}
,{"stream_name":"stdout","time":732.72779517,"data":"EDGE_TTA_ACTIVE views= 8 mean_abs_feat_delta= 0.368315\n"}
,{"stream_name":"stdout","time":733.532972548,"data":"SECONDARY_EDGE_TTA_ACTIVE views= 8 weight= 0.75 mean_abs_feat_delta= 0.274778\n"}
,{"stream_name":"stdout","time":733.64305542,"data":"SECONDARY_EDGE_TTA_ACTIVE views= 8 weight= 0.75 mean_abs_feat_delta= 0.245368\n"}
,{"stream_name":"stdout","time":733.736442196,"data":"SECONDARY_EDGE_TTA_ACTIVE views= 8 weight= 0.75 mean_abs_feat_delta= 0.274778\n"}
,{"stream_name":"stdout","time":733.73651467,"data":"SECONDARY_EDGE_TTA_ACTIVE views= 8 weight= 0.75 mean_abs_feat_delta= 0.245368\n"}
,{"stream_name":"stdout","time":734.691681154,"data":"EDGE_TTA_ACTIVE views= 8 mean_abs_feat_delta= 0.371386\n"}
,{"stream_name":"stdout","time":734.843422836,"data":"EDGE_TTA_ACTIVE views= 8 mean_abs_feat_delta= 0.35732\n"}
,{"stream_name":"stdout","time":734.894810986,"data":"EDGE_TTA_ACTIVE views= 8 mean_abs_feat_delta= 0.371386\n"}
,{"stream_name":"stdout","time":734.894880492,"data":"EDGE_TTA_ACTIVE views= 8 mean_abs_feat_delta= 0.35732\n"}
,{"stream_name":"stdout","time":735.680502129,"data":"SECONDARY_EDGE_TTA_ACTIVE views= 8 weight= 0.75 mean_abs_feat_delta= 0.247492\n"}
,{"stream_name":"stdout","time":735.844382355,"data":"SECONDARY_EDGE_TTA_ACTIVE views= 8 weight= 0.75 mean_abs_feat_delta= 0.266518\n"}
,{"stream_name":"stdout","time":735.883836614,"data":"SECONDARY_EDGE_TTA_ACTIVE views= 8 weight= 0.75 mean_abs_feat_delta= 0.247492\n"}
,{"stream_name":"stdout","time":735.883876808,"data":"SECONDARY_EDGE_TTA_ACTIVE views= 8 weight= 0.75 mean_abs_feat_delta= 0.266518\n"}
,{"stream_name":"stdout","time":737.299863869,"data":"EDGE_TTA_ACTIVE views= 8 mean_abs_feat_delta= 0.358346\n"}
,{"stream_name":"stdout","time":737.502045557,"data":"EDGE_TTA_ACTIVE views= 8 mean_abs_feat_delta= 0.358346\n"}
,{"stream_name":"stdout","time":738.301566608,"data":"SECONDARY_EDGE_TTA_ACTIVE views= 8 weight= 0.75 mean_abs_feat_delta= 0.267578\n"}
,{"stream_name":"stdout","time":738.503820641,"data":"SECONDARY_EDGE_TTA_ACTIVE views= 8 weight= 0.75 mean_abs_feat_delta= 0.267578\n"}
,{"stream_name":"stdout","time":739.587735962,"data":"EDGE_TTA_ACTIVE views= 8 mean_abs_feat_delta= 0.345063\n"}
,{"stream_name":"stdout","time":739.790354938,"data":"EDGE_TTA_ACTIVE views= 8 mean_abs_feat_delta= 0.345063\n"}
,{"stream_name":"stdout","time":740.59083749,"data":"SECONDARY_EDGE_TTA_ACTIVE views= 8 weight= 0.75 mean_abs_feat_delta= 0.263779\n"}
,{"stream_name":"stdout","time":740.689610344,"data":"Saved 2 predictions to /kaggle/working/tracking_repo/predictions/unknown/unet_transformer_gpu0/split_0\n"}
,{"stream_name":"stdout","time":740.793793986,"data":"SECONDARY_EDGE_TTA_ACTIVE views= 8 weight= 0.75 mean_abs_feat_delta= 0.263779\n"}
,{"stream_name":"stdout","time":740.793856987,"data":"Saved 2 predictions to /kaggle/working/tracking_repo/predictions/unknown/unet_transformer_gpu0/split_0\n"}
,{"stream_name":"stdout","time":741.929286759,"data":"EDGE_TTA_ACTIVE views= 8 mean_abs_feat_delta= 0.347554\n"}
,{"stream_name":"stdout","time":742.131800778,"data":"EDGE_TTA_ACTIVE views= 8 mean_abs_feat_delta= 0.347554\n"}
,{"stream_name":"stdout","time":742.935888128,"data":"SECONDARY_EDGE_TTA_ACTIVE views= 8 weight= 0.75 mean_abs_feat_delta= 0.275799\n"}
,{"stream_name":"stdout","time":743.13839543,"data":"SECONDARY_EDGE_TTA_ACTIVE views= 8 weight= 0.75 mean_abs_feat_delta= 0.275799\n"}
,{"stream_name":"stdout","time":744.221136379,"data":"EDGE_TTA_ACTIVE views= 8 mean_abs_feat_delta= 0.343748\n"}
,{"stream_name":"stdout","time":744.42344567,"data":"EDGE_TTA_ACTIVE views= 8 mean_abs_feat_delta= 0.343748\n"}
,{"stream_name":"stdout","time":745.229779595,"data":"SECONDARY_EDGE_TTA_ACTIVE views= 8 weight= 0.75 mean_abs_feat_delta= 0.26736\n"}
,{"stream_name":"stdout","time":745.431888868,"data":"SECONDARY_EDGE_TTA_ACTIVE views= 8 weight= 0.75 mean_abs_feat_delta= 0.26736\n"}
,{"stream_name":"stdout","time":746.508221378,"data":"EDGE_TTA_ACTIVE views= 8 mean_abs_feat_delta= 0.341273\n"}
,{"stream_name":"stdout","time":746.710537695,"data":"EDGE_TTA_ACTIVE views= 8 mean_abs_feat_delta= 0.341273\n"}
,{"stream_name":"stdout","time":747.519747912,"data":"SECONDARY_EDGE_TTA_ACTIVE views= 8 weight= 0.75 mean_abs_feat_delta= 0.271363\n"}
,{"stream_name":"stdout","time":747.758502322,"data":"SECONDARY_EDGE_TTA_ACTIVE views= 8 weight= 0.75 mean_abs_feat_delta= 0.271363\n"}
,{"stream_name":"stdout","time":748.796430441,"data":"EDGE_TTA_ACTIVE views= 8 mean_abs_feat_delta= 0.342479\n"}
,{"stream_name":"stdout","time":748.998620481,"data":"EDGE_TTA_ACTIVE views= 8 mean_abs_feat_delta= 0.342479\n"}
,{"stream_name":"stdout","time":749.807920902,"data":"SECONDARY_EDGE_TTA_ACTIVE views= 8 weight= 0.75 mean_abs_feat_delta= 0.272222\n"}
,{"stream_name":"stdout","time":750.010156133,"data":"SECONDARY_EDGE_TTA_ACTIVE views= 8 weight= 0.75 mean_abs_feat_delta= 0.272222\n"}
,{"stream_name":"stdout","time":751.07887761,"data":"EDGE_TTA_ACTIVE views= 8 mean_abs_feat_delta= 0.345052\n"}
,{"stream_name":"stdout","time":751.281527372,"data":"EDGE_TTA_ACTIVE views= 8 mean_abs_feat_delta= 0.345052\n"}
,{"stream_name":"stdout","time":752.091588598,"data":"SECONDARY_EDGE_TTA_ACTIVE views= 8 weight= 0.75 mean_abs_feat_delta= 0.259112\n"}
,{"stream_name":"stdout","time":752.29374748,"data":"SECONDARY_EDGE_TTA_ACTIVE views= 8 weight= 0.75 mean_abs_feat_delta= 0.259112\n"}
,{"stream_name":"stdout","time":753.374476098,"data":"EDGE_TTA_ACTIVE views= 8 mean_abs_feat_delta= 0.344953\n"}
,{"stream_name":"stdout","time":753.576826467,"data":"EDGE_TTA_ACTIVE views= 8 mean_abs_feat_delta= 0.344953\n"}
,{"stream_name":"stdout","time":754.389191682,"data":"SECONDARY_EDGE_TTA_ACTIVE views= 8 weight= 0.75 mean_abs_feat_delta= 0.268967\n"}
,{"stream_name":"stdout","time":754.591702844,"data":"SECONDARY_EDGE_TTA_ACTIVE views= 8 weight= 0.75 mean_abs_feat_delta= 0.268967\n"}
,{"stream_name":"stdout","time":755.685286806,"data":"EDGE_TTA_ACTIVE views= 8 mean_abs_feat_delta= 0.3439\n"}
,{"stream_name":"stdout","time":755.887548404,"data":"EDGE_TTA_ACTIVE views= 8 mean_abs_feat_delta= 0.3439\n"}
,{"stream_name":"stdout","time":756.700720198,"data":"SECONDARY_EDGE_TTA_ACTIVE views= 8 weight= 0.75 mean_abs_feat_delta= 0.275891\n"}
,{"stream_name":"stdout","time":756.902840219,"data":"SECONDARY_EDGE_TTA_ACTIVE views= 8 weight= 0.75 mean_abs_feat_delta= 0.275891\n"}
,{"stream_name":"stdout","time":757.987142046,"data":"EDGE_TTA_ACTIVE views= 8 mean_abs_feat_delta= 0.345377\n"}
,{"stream_name":"stdout","time":758.189389155,"data":"EDGE_TTA_ACTIVE views= 8 mean_abs_feat_delta= 0.345377\n"}
,{"stream_name":"stdout","time":759.006205098,"data":"SECONDARY_EDGE_TTA_ACTIVE views= 8 weight= 0.75 mean_abs_feat_delta= 0.274606\n"}
,{"stream_name":"stdout","time":759.208605776,"data":"SECONDARY_EDGE_TTA_ACTIVE views= 8 weight= 0.75 mean_abs_feat_delta= 0.274606\n"}
,{"stream_name":"stdout","time":760.294436201,"data":"EDGE_TTA_ACTIVE views= 8 mean_abs_feat_delta= 0.347308\n"}
,{"stream_name":"stdout","time":760.496642849,"data":"EDGE_TTA_ACTIVE views= 8 mean_abs_feat_delta= 0.347308\n"}
,{"stream_name":"stdout","time":761.314740487,"data":"SECONDARY_EDGE_TTA_ACTIVE views= 8 weight= 0.75 mean_abs_feat_delta= 0.26671\n"}
,{"stream_name":"stdout","time":761.517062034,"data":"SECONDARY_EDGE_TTA_ACTIVE views= 8 weight= 0.75 mean_abs_feat_delta= 0.26671\n"}
,{"stream_name":"stdout","time":762.598704111,"data":"EDGE_TTA_ACTIVE views= 8 mean_abs_feat_delta= 0.347503\n"}
,{"stream_name":"stdout","time":762.800801722,"data":"EDGE_TTA_ACTIVE views= 8 mean_abs_feat_delta= 0.347503\n"}
,{"stream_name":"stdout","time":763.620878129,"data":"SECONDARY_EDGE_TTA_ACTIVE views= 8 weight= 0.75 mean_abs_feat_delta= 0.265423\n"}
,{"stream_name":"stdout","time":763.82305539,"data":"SECONDARY_EDGE_TTA_ACTIVE views= 8 weight= 0.75 mean_abs_feat_delta= 0.265423\n"}
,{"stream_name":"stdout","time":764.900048504,"data":"EDGE_TTA_ACTIVE views= 8 mean_abs_feat_delta= 0.34777\n"}
,{"stream_name":"stdout","time":765.102395299,"data":"EDGE_TTA_ACTIVE views= 8 mean_abs_feat_delta= 0.34777\n"}
,{"stream_name":"stdout","time":765.920228215,"data":"SECONDARY_EDGE_TTA_ACTIVE views= 8 weight= 0.75 mean_abs_feat_delta= 0.269705\n"}
,{"stream_name":"stdout","time":766.122411434,"data":"SECONDARY_EDGE_TTA_ACTIVE views= 8 weight= 0.75 mean_abs_feat_delta= 0.269705\n"}
,{"stream_name":"stdout","time":850.101366057,"data":"Saved 2 predictions to /kaggle/working/tracking_repo/predictions/unknown/unet_transformer_gpu1/split_0\n"}
,{"stream_name":"stdout","time":850.340693911,"data":"Saved 2 predictions to /kaggle/working/tracking_repo/predictions/unknown/unet_transformer_gpu1/split_0\n"}
,{"stream_name":"stdout","time":852.320533762,"data":"Merged 4 prediction graphs into /kaggle/working/tracking_repo/predictions/unknown/unet_transformer/split_0\n"}
,{"stream_name":"stdout","time":852.320578057,"data":"Prediction completed in 9.32 minutes\n"}
,{"stream_name":"stdout","time":1469.027313624,"data":"Trying DeepCenter add-only gate checkpoint: /kaggle/input/datasets/pilkwang/biohub-deepcenter-unet3d-center-prior-v1/weights/full_frame_center/best.pt\n"}
,{"stream_name":"stdout","time":1469.481592958,"data":"Loaded DeepCenter add-only gate checkpoint: /kaggle/input/datasets/pilkwang/biohub-deepcenter-unet3d-center-prior-v1/weights/full_frame_center/best.pt\n"}
,{"stream_name":"stdout","time":1469.481637213,"data":"DeepCenter checkpoint epoch: 2 best_score: -0.04500306242456039\n"}
,{"stream_name":"stdout","time":1469.481641445,"data":"Found 4 prediction graphs\n"}
,{"stream_name":"stdout","time":1490.644129918,"data":"  [44b6_0113de3b] after edge-filter+motion-relink: 25743 nodes, 24853 edges\n"}
,{"stream_name":"stdout","time":1491.801808541,"data":"DEEPCENTER_TTA_ACTIVE views= 8 mean_abs_logit_delta= 0.136032\n"}
,{"stream_name":"stdout","time":1493.867935877,"data":"  [44b6_0113de3b] after gap-closing (single-frame + gap2): 25806 nodes, 24970 edges\n"}
,{"stream_name":"stdout","time":1516.880573149,"data":"  [44b6_0113de3b] after safe-division repair: 25806 nodes, 25011 edges (geometric_candidates=169, deepcenter_rejected=117, post_veto_candidates=52, added=41, cap_skipped=0, mutual_nn_rejected=66, divergence_rejected=543)\n"}
,{"stream_name":"stdout","time":1516.880617893,"data":"  [44b6_0113de3b] after division-geometry-filter+prune-isolated: 25800 nodes, 25011 edges\n"}
,{"stream_name":"stdout","time":1516.880627597,"data":"  [44b6_0113de3b] after short-track filtering: 25547 nodes, 24816 edges (components_removed=58)\n"}
,{"stream_name":"stdout","time":1522.083750446,"data":"  [44b6_0113de3b] FINAL: 25547 nodes, 24816 edges\n"}
,{"stream_name":"stdout","time":1537.953395996,"data":"  [44b6_0b24845f] after edge-filter+motion-relink: 21773 nodes, 19712 edges\n"}
,{"stream_name":"stdout","time":1554.071490878,"data":"  [44b6_0b24845f] after gap-closing (single-frame + gap2): 22163 nodes, 20421 edges\n"}
,{"stream_name":"stdout","time":1579.341444661,"data":"  [44b6_0b24845f] after safe-division repair: 22163 nodes, 20433 edges (geometric_candidates=218, deepcenter_rejected=204, post_veto_candidates=14, added=12, cap_skipped=0, mutual_nn_rejected=52, divergence_rejected=846)\n"}
,{"stream_name":"stdout","time":1579.341491133,"data":"  [44b6_0b24845f] after division-geometry-filter+prune-isolated: 22143 nodes, 20433 edges\n"}
,{"stream_name":"stdout","time":1579.341498865,"data":"  [44b6_0b24845f] after short-track filtering: 20111 nodes, 18866 edges (components_removed=465)\n"}
,{"stream_name":"stdout","time":1583.468972648,"data":"  [44b6_0b24845f] FINAL: 20111 nodes, 18866 edges\n"}
,{"stream_name":"stdout","time":1585.231729715,"data":"  [6bba_05b6850b] after edge-filter+motion-relink: 6286 nodes, 6018 edges\n"}
,{"stream_name":"stdout","time":1586.24402514,"data":"  [6bba_05b6850b] after gap-closing (single-frame + gap2): 6315 nodes, 6071 edges\n"}
,{"stream_name":"stdout","time":1591.651203861,"data":"  [6bba_05b6850b] after safe-division repair: 6315 nodes, 6077 edges (geometric_candidates=22, deepcenter_rejected=16, post_veto_candidates=6, added=6, cap_skipped=0, mutual_nn_rejected=5, divergence_rejected=85)\n"}
,{"stream_name":"stdout","time":1591.651259569,"data":"  [6bba_05b6850b] after division-geometry-filter+prune-isolated: 6314 nodes, 6077 edges\n"}
,{"stream_name":"stdout","time":1591.651281749,"data":"  [6bba_05b6850b] after short-track filtering: 6147 nodes, 5949 edges (components_removed=39)\n"}
,{"stream_name":"stdout","time":1592.826710484,"data":"  [6bba_05b6850b] FINAL: 6147 nodes, 5949 edges\n"}
,{"stream_name":"stdout","time":1746.997178534,"data":"  [6bba_05db0fb1] after edge-filter+motion-relink: 70718 nodes, 67981 edges\n"}
,{"stream_name":"stdout","time":1759.824007692,"data":"  [6bba_05db0fb1] after gap-closing (single-frame + gap2): 71135 nodes, 68757 edges\n"}
,{"stream_name":"stdout","time":1785.365466243,"data":"  [6bba_05db0fb1] after safe-division repair: 71135 nodes, 68783 edges (geometric_candidates=318, deepcenter_rejected=289, post_veto_candidates=29, added=26, cap_skipped=0, mutual_nn_rejected=268, divergence_rejected=2743)\n"}
,{"stream_name":"stdout","time":1785.365529622,"data":"  [6bba_05db0fb1] after division-geometry-filter+prune-isolated: 71104 nodes, 68783 edges\n"}
,{"stream_name":"stdout","time":1785.636565425,"data":"  [6bba_05db0fb1] after short-track filtering: 70239 nodes, 68120 edges (components_removed=202)\n"}
,{"stream_name":"stdout","time":1799.617451377,"data":"  [6bba_05db0fb1] FINAL: 70239 nodes, 68120 edges\n"}
,{"stream_name":"stdout","time":1800.201227649,"data":"Wrote /kaggle/working/submission.csv with 239,795 rows\n"}
,{"stream_name":"stdout","time":1800.201256376,"data":"Node rows: 122,044 | edge rows: 117,751\n"}
,{"stream_name":"stdout","time":1800.201261806,"data":"Wrote /kaggle/working/run_stats.csv\n"}
,{"stream_name":"stdout","time":1801.086255691,"data":"{\n"}
,{"stream_name":"stdout","time":1801.086279718,"data":"  \"configuration\": {\n"}
,{"stream_name":"stdout","time":1801.086358049,"data":"    \"bidirectional_primary_weight\": 0.3,\n"}
,{"stream_name":"stdout","time":1801.086363315,"data":"    \"deepcenter_gap_confirm_min_span_um\": 8.5,\n"}
,{"stream_name":"stdout","time":1801.086367019,"data":"    \"deepcenter_gap_threshold\": 0.25,\n"}
,{"stream_name":"stdout","time":1801.086370719,"data":"    \"detector_threshold\": 0.96875,\n"}
,{"stream_name":"stdout","time":1801.08637428,"data":"    \"edge_candidate_threshold\": 0.48,\n"}
,{"stream_name":"stdout","time":1801.086377888,"data":"    \"fallback_scope\": \"individual_frame\",\n"}
,{"stream_name":"stdout","time":1801.086381708,"data":"    \"gap_close_um\": 5.8,\n"}
,{"stream_name":"stdout","time":1801.086385229,"data":"    \"ilp_appearance_weight\": 0.0,\n"}
,{"stream_name":"stdout","time":1801.086388692,"data":"    \"ilp_disappearance_weight\": 1.5,\n"}
,{"stream_name":"stdout","time":1801.086392153,"data":"    \"minimum_candidate_retention\": 0.9,\n"}
,{"stream_name":"stdout","time":1801.086395731,"data":"    \"secondary_detection_weight\": 0.475,\n"}
,{"stream_name":"stdout","time":1801.086399287,"data":"    \"secondary_edge_weight\": 0.15,\n"}
,{"stream_name":"stdout","time":1801.086402728,"data":"    \"secondary_link_mode\": \"low_margin_consensus\",\n"}
,{"stream_name":"stdout","time":1801.086428541,"data":"    \"secondary_low_margin_max\": 0.35\n"}
,{"stream_name":"stdout","time":1801.086434436,"data":"  },\n"}
,{"stream_name":"stdout","time":1801.086439835,"data":"  \"diagnostics\": {\n"}
,{"stream_name":"stdout","time":1801.086445786,"data":"    \"by_movie\": {\n"}
,{"stream_name":"stdout","time":1801.086451198,"data":"      \"44b6_0113de3b\": {\n"}
,{"stream_name":"stdout","time":1801.086456015,"data":"        \"fallback_frames\": 0,\n"}
,{"stream_name":"stdout","time":1801.086461065,"data":"        \"frames\": 100,\n"}
,{"stream_name":"stdout","time":1801.086466078,"data":"        \"median_retention\": 1.0141843971631206,\n"}
,{"stream_name":"stdout","time":1801.086481744,"data":"        \"minimum_retention\": 0.9781021897810219\n"}
,{"stream_name":"stdout","time":1801.086485888,"data":"      },\n"}
,{"stream_name":"stdout","time":1801.086490183,"data":"      \"44b6_0b24845f\": {\n"}
,{"stream_name":"stdout","time":1801.086495099,"data":"        \"fallback_frames\": 53,\n"}
,{"stream_name":"stdout","time":1801.086499671,"data":"        \"frames\": 100,\n"}
,{"stream_name":"stdout","time":1801.086504025,"data":"        \"median_retention\": 0.8916371706275634,\n"}
,{"stream_name":"stdout","time":1801.086507918,"data":"        \"minimum_retention\": 0.37872340425531914\n"}
,{"stream_name":"stdout","time":1801.086511759,"data":"      },\n"}
,{"stream_name":"stdout","time":1801.086516103,"data":"      \"6bba_05b6850b\": {\n"}
,{"stream_name":"stdout","time":1801.086521326,"data":"        \"fallback_frames\": 1,\n"}
,{"stream_name":"stdout","time":1801.086525844,"data":"        \"frames\": 100,\n"}
,{"stream_name":"stdout","time":1801.086529895,"data":"        \"median_retention\": 1.0137012012012012,\n"}
,{"stream_name":"stdout","time":1801.086533647,"data":"        \"minimum_retention\": 0.8648648648648649\n"}
,{"stream_name":"stdout","time":1801.086537745,"data":"      },\n"}
,{"stream_name":"stdout","time":1801.086541758,"data":"      \"6bba_05db0fb1\": {\n"}
,{"stream_name":"stdout","time":1801.086545544,"data":"        \"fallback_frames\": 0,\n"}
,{"stream_name":"stdout","time":1801.086549386,"data":"        \"frames\": 100,\n"}
,{"stream_name":"stdout","time":1801.086553109,"data":"        \"median_retention\": 1.0148331499816647,\n"}
,{"stream_name":"stdout","time":1801.086556934,"data":"        \"minimum_retention\": 0.9713467048710601\n"}
,{"stream_name":"stdout","time":1801.086561273,"data":"      }\n"}
,{"stream_name":"stdout","time":1801.086565291,"data":"    },\n"}
,{"stream_name":"stdout","time":1801.086569302,"data":"    \"fallback_frames\": 54,\n"}
,{"stream_name":"stdout","time":1801.086573439,"data":"    \"rows\": 400\n"}
,{"stream_name":"stdout","time":1801.086577737,"data":"  },\n"}
,{"stream_name":"stdout","time":1801.08658207,"data":"  \"experiment\": \"harmonic_bidirectional_association_v1\",\n"}
,{"stream_name":"stdout","time":1801.086612188,"data":"  \"hardware\": {\n"}
,{"stream_name":"stdout","time":1801.086617218,"data":"    \"visible_gpu_count\": 2\n"}
,{"stream_name":"stdout","time":1801.086621029,"data":"  },\n"}
,{"stream_name":"stdout","time":1801.086624555,"data":"  \"leaderboard_feedback_used_for_configuration\": true,\n"}
,{"stream_name":"stdout","time":1801.086628635,"data":"  \"method_attribution\": \"fixed-90 dual-seed baseline with harmonic mutual-support association fusion (rule from public CC0 notebook yusuketogashi/no-hack-biohub-cell-another-approch-3rd v18)\",\n"}
,{"stream_name":"stdout","time":1801.086633975,"data":"  \"metric_hack_used\": false,\n"}
,{"stream_name":"stdout","time":1801.086638204,"data":"  \"organizer_labels_used_for_configuration\": false,\n"}
,{"stream_name":"stdout","time":1801.086642232,"data":"  \"parent_experiment\": \"paired_bidirectional_primary_weight020_vs_forward_v1\",\n"}
,{"stream_name":"stdout","time":1801.086646634,"data":"  \"public_output_used\": false,\n"}
,{"stream_name":"stdout","time":1801.086650973,"data":"  \"quality_promotion\": {\n"}
,{"stream_name":"stdout","time":1801.086655581,"data":"    \"execute_push_submit\": \"FORBIDDEN_UNTIL_REQUIRED_CONDITION\",\n"}
,{"stream_name":"stdout","time":1801.086661687,"data":"    \"required_condition\": \"promote=true\",\n"}
,{"stream_name":"stdout","time":1801.086665561,"data":"    \"required_receipt\": \"bidirectional_blend_union13_receipt.json\",\n"}
,{"stream_name":"stdout","time":1801.086675372,"data":"    \"status\": \"candidate_unverified\",\n"}
,{"stream_name":"stdout","time":1801.086679367,"data":"    \"validated_receipt_sha256\": null\n"}
,{"stream_name":"stdout","time":1801.086683377,"data":"  },\n"}
,{"stream_name":"stdout","time":1801.086689191,"data":"  \"source_kernel\": \"raykkretzschmar/biohub-bidirectional-primary-union13-diagnostic-v1\",\n"}
,{"stream_name":"stdout","time":1801.086693617,"data":"  \"source_notebook_sha256\": \"3e65ca691941949196bf417030ea84fccafe16baaec174b2a63540451bb937e8\",\n"}
,{"stream_name":"stdout","time":1801.086697715,"data":"  \"status\": \"clean_graph_audit_pass_candidate_unverified_quality\",\n"}
,{"stream_name":"stdout","time":1801.086701534,"data":"  \"submission\": {\n"}
,{"stream_name":"stdout","time":1801.086705425,"data":"    \"datasets\": [\n"}
,{"stream_name":"stdout","time":1801.08670922,"data":"      \"44b6_0113de3b\",\n"}
,{"stream_name":"stdout","time":1801.086712898,"data":"      \"44b6_0b24845f\",\n"}
,{"stream_name":"stdout","time":1801.086716635,"data":"      \"6bba_05b6850b\",\n"}
,{"stream_name":"stdout","time":1801.086720326,"data":"      \"6bba_05db0fb1\"\n"}
,{"stream_name":"stdout","time":1801.086724205,"data":"    ],\n"}
,{"stream_name":"stdout","time":1801.086727944,"data":"    \"rows\": 239795,\n"}
,{"stream_name":"stdout","time":1801.086731955,"data":"    \"sha256\": \"a560c026466c2f9674d13a22913a8e127f7f1b68f643d43673eedc0f5be9119a\"\n"}
,{"stream_name":"stdout","time":1801.08673589,"data":"  },\n"}
,{"stream_name":"stdout","time":1801.086739278,"data":"  \"topology\": {\n"}
,{"stream_name":"stdout","time":1801.086743395,"data":"    \"44b6_0113de3b\": {\n"}
,{"stream_name":"stdout","time":1801.086747095,"data":"      \"division_parents\": 41,\n"}
,{"stream_name":"stdout","time":1801.086751135,"data":"      \"edges\": 24816,\n"}
,{"stream_name":"stdout","time":1801.086755018,"data":"      \"max_indegree\": 1,\n"}
,{"stream_name":"stdout","time":1801.086758976,"data":"      \"max_outdegree\": 2,\n"}
,{"stream_name":"stdout","time":1801.086763047,"data":"      \"nodes\": 25547\n"}
,{"stream_name":"stdout","time":1801.086766857,"data":"    },\n"}
,{"stream_name":"stdout","time":1801.086770537,"data":"    \"44b6_0b24845f\": {\n"}
,{"stream_name":"stdout","time":1801.086774242,"data":"      \"division_parents\": 12,\n"}
,{"stream_name":"stdout","time":1801.086787693,"data":"      \"edges\": 18866,\n"}
,{"stream_name":"stdout","time":1801.086791618,"data":"      \"max_indegree\": 1,\n"}
,{"stream_name":"stdout","time":1801.086795274,"data":"      \"max_outdegree\": 2,\n"}
,{"stream_name":"stdout","time":1801.086798925,"data":"      \"nodes\": 20111\n"}
,{"stream_name":"stdout","time":1801.086802725,"data":"    },\n"}
,{"stream_name":"stdout","time":1801.086806595,"data":"    \"6bba_05b6850b\": {\n"}
,{"stream_name":"stdout","time":1801.086810474,"data":"      \"division_parents\": 6,\n"}
,{"stream_name":"stdout","time":1801.086814287,"data":"      \"edges\": 5949,\n"}
,{"stream_name":"stdout","time":1801.08681792,"data":"      \"max_indegree\": 1,\n"}
,{"stream_name":"stdout","time":1801.086821672,"data":"      \"max_outdegree\": 2,\n"}
,{"stream_name":"stdout","time":1801.086825358,"data":"      \"nodes\": 6147\n"}
,{"stream_name":"stdout","time":1801.086829012,"data":"    },\n"}
,{"stream_name":"stdout","time":1801.08683243,"data":"    \"6bba_05db0fb1\": {\n"}
,{"stream_name":"stdout","time":1801.086836769,"data":"      \"division_parents\": 26,\n"}
,{"stream_name":"stdout","time":1801.086840921,"data":"      \"edges\": 68120,\n"}
,{"stream_name":"stdout","time":1801.08685123,"data":"      \"max_indegree\": 1,\n"}
,{"stream_name":"stdout","time":1801.0868568,"data":"      \"max_outdegree\": 2,\n"}
,{"stream_name":"stdout","time":1801.086860311,"data":"      \"nodes\": 70239\n"}
,{"stream_name":"stdout","time":1801.086864098,"data":"    }\n"}
,{"stream_name":"stdout","time":1801.086867882,"data":"  }\n"}
,{"stream_name":"stdout","time":1801.086871574,"data":"}\n"}
,{"stream_name":"stdout","time":1801.286028401,"data":"VALIDATOR: excluding 4 TRAIN stem(s) that also appear in TEST_DIR: ['44b6_0113de3b', '44b6_0b24845f', '6bba_05b6850b', '6bba_05db0fb1']\n"}
,{"stream_name":"stdout","time":1840.416540695,"data":"VALIDATOR: selected 8 held-out TRAIN samples (4 per embryo-type prefix, 2 prefixes found, 8 contain a GT division)\n"}
,{"stream_name":"stdout","time":1840.416586663,"data":"['44b6_12dfb391', '44b6_267148e4', '44b6_2a2eff9f', '44b6_341df25f', '6bba_062c8d37', '6bba_07e24132', '6bba_085bf656', '6bba_09961292']\n"}
,{"stream_name":"stdout","time":1840.416594679,"data":"VALIDATOR: launching 2 shards on CUDA devices ['0', '1']\n"}
,{"stream_name":"stderr","time":1845.262882113,"data":"/usr/local/lib/python3.12/dist-packages/dask/array/image.py:7: FutureWarning: `find_available_plugins` is deprecated since version 0.25 and will be removed in version 0.27. The plugin infrastructure of `skimage.io` is deprecated. Instead, use `imageio` or other I/O packages directly.\n"}
,{"stream_name":"stderr","time":1845.262919427,"data":"  from skimage.io import imread as sk_imread\n"}
,{"stream_name":"stderr","time":1845.268209647,"data":"/usr/lib/python3.12/importlib/__init__.py:90: FutureWarning: `reset_plugins` is deprecated since version 0.25 and will be removed in version 0.27. The plugin infrastructure of `skimage.io` is deprecated. Instead, use `imageio` or other I/O packages directly.\n"}
,{"stream_name":"stderr","time":1845.268235933,"data":"  return _bootstrap._gcd_import(name[level:], package, level)\n"}
,{"stream_name":"stderr","time":1845.299839967,"data":"/usr/local/lib/python3.12/dist-packages/dask/array/image.py:7: FutureWarning: `find_available_plugins` is deprecated since version 0.25 and will be removed in version 0.27. The plugin infrastructure of `skimage.io` is deprecated. Instead, use `imageio` or other I/O packages directly.\n"}
,{"stream_name":"stderr","time":1845.299863097,"data":"  from skimage.io import imread as sk_imread\n"}
,{"stream_name":"stderr","time":1845.305443393,"data":"/usr/lib/python3.12/importlib/__init__.py:90: FutureWarning: `reset_plugins` is deprecated since version 0.25 and will be removed in version 0.27. The plugin infrastructure of `skimage.io` is deprecated. Instead, use `imageio` or other I/O packages directly.\n"}
,{"stream_name":"stderr","time":1845.305462144,"data":"  return _bootstrap._gcd_import(name[level:], package, level)\n"}
,{"stream_name":"stderr","time":1845.465302877,"data":"/usr/local/lib/python3.12/dist-packages/dask/array/image.py:7: FutureWarning: `find_available_plugins` is deprecated since version 0.25 and will be removed in version 0.27. The plugin infrastructure of `skimage.io` is deprecated. Instead, use `imageio` or other I/O packages directly.\n"}
,{"stream_name":"stderr","time":1845.467898338,"data":"  from skimage.io import imread as sk_imread\n"}
,{"stream_name":"stderr","time":1845.467915494,"data":"/usr/lib/python3.12/importlib/__init__.py:90: FutureWarning: `reset_plugins` is deprecated since version 0.25 and will be removed in version 0.27. The plugin infrastructure of `skimage.io` is deprecated. Instead, use `imageio` or other I/O packages directly.\n"}
,{"stream_name":"stderr","time":1845.467924542,"data":"  return _bootstrap._gcd_import(name[level:], package, level)\n"}
,{"stream_name":"stderr","time":1845.467931221,"data":"/usr/local/lib/python3.12/dist-packages/dask/array/image.py:7: FutureWarning: `find_available_plugins` is deprecated since version 0.25 and will be removed in version 0.27. The plugin infrastructure of `skimage.io` is deprecated. Instead, use `imageio` or other I/O packages directly.\n"}
,{"stream_name":"stderr","time":1845.467950696,"data":"  from skimage.io import imread as sk_imread\n"}
,{"stream_name":"stderr","time":1845.467955909,"data":"/usr/lib/python3.12/importlib/__init__.py:90: FutureWarning: `reset_plugins` is deprecated since version 0.25 and will be removed in version 0.27. The plugin infrastructure of `skimage.io` is deprecated. Instead, use `imageio` or other I/O packages directly.\n"}
,{"stream_name":"stderr","time":1845.467961997,"data":"  return _bootstrap._gcd_import(name[level:], package, level)\n"}
,{"stream_name":"stderr","time":1845.467966977,"data":"\n"}
,{"stream_name":"stderr","time":1845.467971999,"data":"/usr/local/lib/python3.12/dist-packages/dask/array/image.py:7: FutureWarning: `find_available_plugins` is deprecated since version 0.25 and will be removed in version 0.27. The plugin infrastructure of `skimage.io` is deprecated. Instead, use `imageio` or other I/O packages directly.\n"}
,{"stream_name":"stderr","time":1845.467977122,"data":"  from skimage.io import imread as sk_imread\n"}
,{"stream_name":"stderr","time":1845.467981983,"data":"/usr/lib/python3.12/importlib/__init__.py:90: FutureWarning: `reset_plugins` is deprecated since version 0.25 and will be removed in version 0.27. The plugin infrastructure of `skimage.io` is deprecated. Instead, use `imageio` or other I/O packages directly.\n"}
,{"stream_name":"stderr","time":1845.467987152,"data":"  return _bootstrap._gcd_import(name[level:], package, level)\n"}
,{"stream_name":"stderr","time":1845.467994522,"data":"/usr/local/lib/python3.12/dist-packages/dask/array/image.py:7: FutureWarning: `find_available_plugins` is deprecated since version 0.25 and will be removed in version 0.27. The plugin infrastructure of `skimage.io` is deprecated. Instead, use `imageio` or other I/O packages directly.\n"}
,{"stream_name":"stderr","time":1845.467999491,"data":"  from skimage.io import imread as sk_imread\n"}
,{"stream_name":"stderr","time":1845.468004752,"data":"/usr/lib/python3.12/importlib/__init__.py:90: FutureWarning: `reset_plugins` is deprecated since version 0.25 and will be removed in version 0.27. The plugin infrastructure of `skimage.io` is deprecated. Instead, use `imageio` or other I/O packages directly.\n"}
,{"stream_name":"stderr","time":1845.468010073,"data":"  return _bootstrap._gcd_import(name[level:], package, level)\n"}
,{"stream_name":"stdout","time":1845.859508498,"data":"Secondary model: /kaggle/working/secondary_seed_weights/unet_transformer/split_0/edge_predictor_best.pth | edge weight=0.150 | detection weight=0.800 | link mode=low_margin_consensus | temperature=1.000 | low-margin max=0.350 | edge threshold=0.480\n"}
,{"stream_name":"stdout","time":1845.859541653,"data":"Fold 0: 4 datasets | weights=weights/unet_transformer/split_0/edge_predictor_best.pth | device=cuda | window_size=2 | pool_kernel_um=3.0\n"}
,{"stream_name":"stdout","time":1845.879123896,"data":"Secondary model: /kaggle/working/secondary_seed_weights/unet_transformer/split_0/edge_predictor_best.pth | edge weight=0.150 | detection weight=0.800 | link mode=low_margin_consensus | temperature=1.000 | low-margin max=0.350 | edge threshold=0.480\n"}
,{"stream_name":"stdout","time":1845.879151526,"data":"Fold 0: 4 datasets | weights=weights/unet_transformer/split_0/edge_predictor_best.pth | device=cuda | window_size=2 | pool_kernel_um=3.0\n"}
,{"stream_name":"stdout","time":1846.062327811,"data":"Secondary model: /kaggle/working/secondary_seed_weights/unet_transformer/split_0/edge_predictor_best.pth | edge weight=0.150 | detection weight=0.800 | link mode=low_margin_consensus | temperature=1.000 | low-margin max=0.350 | edge threshold=0.480\n"}
,{"stream_name":"stdout","time":1846.062383086,"data":"Fold 0: 4 datasets | weights=weights/unet_transformer/split_0/edge_predictor_best.pth | device=cuda | window_size=2 | pool_kernel_um=3.0\n"}
,{"stream_name":"stdout","time":1846.062389021,"data":"Secondary model: /kaggle/working/secondary_seed_weights/unet_transformer/split_0/edge_predictor_best.pth | edge weight=0.150 | detection weight=0.800 | link mode=low_margin_consensus | temperature=1.000 | low-margin max=0.350 | edge threshold=0.480\n"}
,{"stream_name":"stdout","time":1846.062393448,"data":"Fold 0: 4 datasets | weights=weights/unet_transformer/split_0/edge_predictor_best.pth | device=cuda | window_size=2 | pool_kernel_um=3.0\n"}
,{"stream_name":"stdout","time":1847.213305784,"data":"EDGE_TTA_ACTIVE views= 8 mean_abs_feat_delta= 0.437892\n"}
,{"stream_name":"stdout","time":1847.310748169,"data":"EDGE_TTA_ACTIVE views= 8 mean_abs_feat_delta= 0.352495\n"}
,{"stream_name":"stdout","time":1847.416196405,"data":"EDGE_TTA_ACTIVE views= 8 mean_abs_feat_delta= 0.437892\n"}
,{"stream_name":"stdout","time":1847.416216765,"data":"EDGE_TTA_ACTIVE views= 8 mean_abs_feat_delta= 0.352495\n"}
,{"stream_name":"stdout","time":1848.078566166,"data":"SECONDARY_EDGE_TTA_ACTIVE views= 8 weight= 0.75 mean_abs_feat_delta= 0.284118\n"}
,{"stream_name":"stdout","time":1848.282022357,"data":"SECONDARY_EDGE_TTA_ACTIVE views= 8 weight= 0.75 mean_abs_feat_delta= 0.284118\n"}
,{"stream_name":"stdout","time":1848.284900026,"data":"SECONDARY_EDGE_TTA_ACTIVE views= 8 weight= 0.75 mean_abs_feat_delta= 0.261147\n"}
,{"stream_name":"stdout","time":1848.487808051,"data":"SECONDARY_EDGE_TTA_ACTIVE views= 8 weight= 0.75 mean_abs_feat_delta= 0.261147\n"}
,{"stream_name":"stdout","time":1849.729510853,"data":"EDGE_TTA_ACTIVE views= 8 mean_abs_feat_delta= 0.446061\n"}
,{"stream_name":"stdout","time":1849.932219576,"data":"EDGE_TTA_ACTIVE views= 8 mean_abs_feat_delta= 0.446061\n"}
,{"stream_name":"stdout","time":1849.990196831,"data":"EDGE_TTA_ACTIVE views= 8 mean_abs_feat_delta= 0.351692\n"}
,{"stream_name":"stdout","time":1850.192381492,"data":"EDGE_TTA_ACTIVE views= 8 mean_abs_feat_delta= 0.351692\n"}
,{"stream_name":"stdout","time":1850.592434538,"data":"SECONDARY_EDGE_TTA_ACTIVE views= 8 weight= 0.75 mean_abs_feat_delta= 0.284158\n"}
,{"stream_name":"stdout","time":1850.795066757,"data":"SECONDARY_EDGE_TTA_ACTIVE views= 8 weight= 0.75 mean_abs_feat_delta= 0.284158\n"}
,{"stream_name":"stdout","time":1850.963063794,"data":"SECONDARY_EDGE_TTA_ACTIVE views= 8 weight= 0.75 mean_abs_feat_delta= 0.259907\n"}
,{"stream_name":"stdout","time":1851.165626791,"data":"SECONDARY_EDGE_TTA_ACTIVE views= 8 weight= 0.75 mean_abs_feat_delta= 0.259907\n"}
,{"stream_name":"stdout","time":1851.543115389,"data":"EDGE_TTA_ACTIVE views= 8 mean_abs_feat_delta= 0.452988\n"}
,{"stream_name":"stdout","time":1851.745324311,"data":"EDGE_TTA_ACTIVE views= 8 mean_abs_feat_delta= 0.452988\n"}
,{"stream_name":"stdout","time":1852.176661509,"data":"EDGE_TTA_ACTIVE views= 8 mean_abs_feat_delta= 0.350597\n"}
,{"stream_name":"stdout","time":1852.379013456,"data":"EDGE_TTA_ACTIVE views= 8 mean_abs_feat_delta= 0.350597\n"}
,{"stream_name":"stdout","time":1852.40718735,"data":"SECONDARY_EDGE_TTA_ACTIVE views= 8 weight= 0.75 mean_abs_feat_delta= 0.29533\n"}
,{"stream_name":"stdout","time":1852.609583034,"data":"SECONDARY_EDGE_TTA_ACTIVE views= 8 weight= 0.75 mean_abs_feat_delta= 0.29533\n"}
,{"stream_name":"stdout","time":1853.153138193,"data":"SECONDARY_EDGE_TTA_ACTIVE views= 8 weight= 0.75 mean_abs_feat_delta= 0.258562\n"}
,{"stream_name":"stdout","time":1853.356319181,"data":"SECONDARY_EDGE_TTA_ACTIVE views= 8 weight= 0.75 mean_abs_feat_delta= 0.258562\n"}
,{"stream_name":"stdout","time":1853.375933078,"data":"EDGE_TTA_ACTIVE views= 8 mean_abs_feat_delta= 0.445899\n"}
,{"stream_name":"stdout","time":1853.578378675,"data":"EDGE_TTA_ACTIVE views= 8 mean_abs_feat_delta= 0.445899\n"}
,{"stream_name":"stdout","time":1854.246021876,"data":"SECONDARY_EDGE_TTA_ACTIVE views= 8 weight= 0.75 mean_abs_feat_delta= 0.297083\n"}
,{"stream_name":"stdout","time":1854.303149522,"data":"EDGE_TTA_ACTIVE views= 8 mean_abs_feat_delta= 0.35461\n"}
,{"stream_name":"stdout","time":1854.448537294,"data":"SECONDARY_EDGE_TTA_ACTIVE views= 8 weight= 0.75 mean_abs_feat_delta= 0.297083\n"}
,{"stream_name":"stdout","time":1854.448596722,"data":"EDGE_TTA_ACTIVE views= 8 mean_abs_feat_delta= 0.35461\n"}
,{"stream_name":"stdout","time":1855.222821878,"data":"EDGE_TTA_ACTIVE views= 8 mean_abs_feat_delta= 0.455888\n"}
,{"stream_name":"stdout","time":1855.292894492,"data":"SECONDARY_EDGE_TTA_ACTIVE views= 8 weight= 0.75 mean_abs_feat_delta= 0.258721\n"}
,{"stream_name":"stdout","time":1855.425167613,"data":"EDGE_TTA_ACTIVE views= 8 mean_abs_feat_delta= 0.455888\n"}
,{"stream_name":"stdout","time":1855.42525953,"data":"SECONDARY_EDGE_TTA_ACTIVE views= 8 weight= 0.75 mean_abs_feat_delta= 0.258721\n"}
,{"stream_name":"stdout","time":1856.095306102,"data":"SECONDARY_EDGE_TTA_ACTIVE views= 8 weight= 0.75 mean_abs_feat_delta= 0.300164\n"}
,{"stream_name":"stdout","time":1856.29782454,"data":"SECONDARY_EDGE_TTA_ACTIVE views= 8 weight= 0.75 mean_abs_feat_delta= 0.300164\n"}
,{"stream_name":"stdout","time":1856.4198916,"data":"EDGE_TTA_ACTIVE views= 8 mean_abs_feat_delta= 0.353684\n"}
,{"stream_name":"stdout","time":1856.621925159,"data":"EDGE_TTA_ACTIVE views= 8 mean_abs_feat_delta= 0.353684\n"}
,{"stream_name":"stdout","time":1857.09770524,"data":"EDGE_TTA_ACTIVE views= 8 mean_abs_feat_delta= 0.460592\n"}
,{"stream_name":"stdout","time":1857.299873748,"data":"EDGE_TTA_ACTIVE views= 8 mean_abs_feat_delta= 0.460592\n"}
,{"stream_name":"stdout","time":1857.415149273,"data":"SECONDARY_EDGE_TTA_ACTIVE views= 8 weight= 0.75 mean_abs_feat_delta= 0.26152\n"}
,{"stream_name":"stdout","time":1857.617522102,"data":"SECONDARY_EDGE_TTA_ACTIVE views= 8 weight= 0.75 mean_abs_feat_delta= 0.26152\n"}
,{"stream_name":"stdout","time":1857.969336347,"data":"SECONDARY_EDGE_TTA_ACTIVE views= 8 weight= 0.75 mean_abs_feat_delta= 0.305296\n"}
,{"stream_name":"stdout","time":1858.171780684,"data":"SECONDARY_EDGE_TTA_ACTIVE views= 8 weight= 0.75 mean_abs_feat_delta= 0.305296\n"}
,{"stream_name":"stdout","time":1858.556240454,"data":"EDGE_TTA_ACTIVE views= 8 mean_abs_feat_delta= 0.352521\n"}
,{"stream_name":"stdout","time":1858.758656965,"data":"EDGE_TTA_ACTIVE views= 8 mean_abs_feat_delta= 0.352521\n"}
,{"stream_name":"stdout","time":1858.943676172,"data":"EDGE_TTA_ACTIVE views= 8 mean_abs_feat_delta= 0.460032\n"}
,{"stream_name":"stdout","time":1859.146051948,"data":"EDGE_TTA_ACTIVE views= 8 mean_abs_feat_delta= 0.460032\n"}
,{"stream_name":"stdout","time":1859.558105233,"data":"SECONDARY_EDGE_TTA_ACTIVE views= 8 weight= 0.75 mean_abs_feat_delta= 0.265316\n"}
,{"stream_name":"stdout","time":1859.760954864,"data":"SECONDARY_EDGE_TTA_ACTIVE views= 8 weight= 0.75 mean_abs_feat_delta= 0.265316\n"}
,{"stream_name":"stdout","time":1859.821140046,"data":"SECONDARY_EDGE_TTA_ACTIVE views= 8 weight= 0.75 mean_abs_feat_delta= 0.30343\n"}
,{"stream_name":"stdout","time":1860.02369202,"data":"SECONDARY_EDGE_TTA_ACTIVE views= 8 weight= 0.75 mean_abs_feat_delta= 0.30343\n"}
,{"stream_name":"stdout","time":1860.736051663,"data":"EDGE_TTA_ACTIVE views= 8 mean_abs_feat_delta= 0.35658\n"}
,{"stream_name":"stdout","time":1860.797636398,"data":"EDGE_TTA_ACTIVE views= 8 mean_abs_feat_delta= 0.452061\n"}
,{"stream_name":"stdout","time":1860.938634912,"data":"EDGE_TTA_ACTIVE views= 8 mean_abs_feat_delta= 0.35658\n"}
,{"stream_name":"stdout","time":1860.938671243,"data":"EDGE_TTA_ACTIVE views= 8 mean_abs_feat_delta= 0.452061\n"}
,{"stream_name":"stdout","time":1861.679945618,"data":"SECONDARY_EDGE_TTA_ACTIVE views= 8 weight= 0.75 mean_abs_feat_delta= 0.301916\n"}
,{"stream_name":"stdout","time":1861.745388263,"data":"SECONDARY_EDGE_TTA_ACTIVE views= 8 weight= 0.75 mean_abs_feat_delta= 0.262407\n"}
,{"stream_name":"stdout","time":1861.882295172,"data":"SECONDARY_EDGE_TTA_ACTIVE views= 8 weight= 0.75 mean_abs_feat_delta= 0.301916\n"}
,{"stream_name":"stdout","time":1861.882382324,"data":"SECONDARY_EDGE_TTA_ACTIVE views= 8 weight= 0.75 mean_abs_feat_delta= 0.262407\n"}
,{"stream_name":"stdout","time":1862.67553873,"data":"EDGE_TTA_ACTIVE views= 8 mean_abs_feat_delta= 0.45984\n"}
,{"stream_name":"stdout","time":1862.877980302,"data":"EDGE_TTA_ACTIVE views= 8 mean_abs_feat_delta= 0.45984\n"}
,{"stream_name":"stdout","time":1862.904980291,"data":"EDGE_TTA_ACTIVE views= 8 mean_abs_feat_delta= 0.357097\n"}
,{"stream_name":"stdout","time":1863.107335014,"data":"EDGE_TTA_ACTIVE views= 8 mean_abs_feat_delta= 0.357097\n"}
,{"stream_name":"stdout","time":1863.555609885,"data":"SECONDARY_EDGE_TTA_ACTIVE views= 8 weight= 0.75 mean_abs_feat_delta= 0.306343\n"}
,{"stream_name":"stdout","time":1863.758137803,"data":"SECONDARY_EDGE_TTA_ACTIVE views= 8 weight= 0.75 mean_abs_feat_delta= 0.306343\n"}
,{"stream_name":"stdout","time":1863.918147963,"data":"SECONDARY_EDGE_TTA_ACTIVE views= 8 weight= 0.75 mean_abs_feat_delta= 0.263646\n"}
,{"stream_name":"stdout","time":1864.120636898,"data":"SECONDARY_EDGE_TTA_ACTIVE views= 8 weight= 0.75 mean_abs_feat_delta= 0.263646\n"}
,{"stream_name":"stdout","time":1864.537756789,"data":"EDGE_TTA_ACTIVE views= 8 mean_abs_feat_delta= 0.459957\n"}
,{"stream_name":"stdout","time":1864.740139737,"data":"EDGE_TTA_ACTIVE views= 8 mean_abs_feat_delta= 0.459957\n"}
,{"stream_name":"stdout","time":1865.083303659,"data":"EDGE_TTA_ACTIVE views= 8 mean_abs_feat_delta= 0.356904\n"}
,{"stream_name":"stdout","time":1865.285475747,"data":"EDGE_TTA_ACTIVE views= 8 mean_abs_feat_delta= 0.356904\n"}
,{"stream_name":"stdout","time":1865.423826023,"data":"SECONDARY_EDGE_TTA_ACTIVE views= 8 weight= 0.75 mean_abs_feat_delta= 0.305154\n"}
,{"stream_name":"stdout","time":1865.626334854,"data":"SECONDARY_EDGE_TTA_ACTIVE views= 8 weight= 0.75 mean_abs_feat_delta= 0.305154\n"}
,{"stream_name":"stdout","time":1866.101591488,"data":"SECONDARY_EDGE_TTA_ACTIVE views= 8 weight= 0.75 mean_abs_feat_delta= 0.267496\n"}
,{"stream_name":"stdout","time":1866.304111144,"data":"SECONDARY_EDGE_TTA_ACTIVE views= 8 weight= 0.75 mean_abs_feat_delta= 0.267496\n"}
,{"stream_name":"stdout","time":1866.40572802,"data":"EDGE_TTA_ACTIVE views= 8 mean_abs_feat_delta= 0.451165\n"}
,{"stream_name":"stdout","time":1866.608161965,"data":"EDGE_TTA_ACTIVE views= 8 mean_abs_feat_delta= 0.451165\n"}
,{"stream_name":"stdout","time":1867.270800334,"data":"EDGE_TTA_ACTIVE views= 8 mean_abs_feat_delta= 0.358469\n"}
,{"stream_name":"stdout","time":1867.288017751,"data":"SECONDARY_EDGE_TTA_ACTIVE views= 8 weight= 0.75 mean_abs_feat_delta= 0.308247\n"}
,{"stream_name":"stdout","time":1867.472910986,"data":"EDGE_TTA_ACTIVE views= 8 mean_abs_feat_delta= 0.358469\n"}
,{"stream_name":"stdout","time":1867.472941802,"data":"SECONDARY_EDGE_TTA_ACTIVE views= 8 weight= 0.75 mean_abs_feat_delta= 0.308247\n"}
,{"stream_name":"stdout","time":1868.272908304,"data":"EDGE_TTA_ACTIVE views= 8 mean_abs_feat_delta= 0.451253\n"}
,{"stream_name":"stdout","time":1868.295042551,"data":"SECONDARY_EDGE_TTA_ACTIVE views= 8 weight= 0.75 mean_abs_feat_delta= 0.270422\n"}
,{"stream_name":"stdout","time":1868.476397529,"data":"EDGE_TTA_ACTIVE views= 8 mean_abs_feat_delta= 0.451253\n"}
,{"stream_name":"stdout","time":1868.47644778,"data":"SECONDARY_EDGE_TTA_ACTIVE views= 8 weight= 0.75 mean_abs_feat_delta= 0.270422\n"}
,{"stream_name":"stdout","time":1869.161415227,"data":"SECONDARY_EDGE_TTA_ACTIVE views= 8 weight= 0.75 mean_abs_feat_delta= 0.314631\n"}
,{"stream_name":"stdout","time":1869.3635259,"data":"SECONDARY_EDGE_TTA_ACTIVE views= 8 weight= 0.75 mean_abs_feat_delta= 0.314631\n"}
,{"stream_name":"stdout","time":1869.464529768,"data":"EDGE_TTA_ACTIVE views= 8 mean_abs_feat_delta= 0.357536\n"}
,{"stream_name":"stdout","time":1869.666828675,"data":"EDGE_TTA_ACTIVE views= 8 mean_abs_feat_delta= 0.357536\n"}
,{"stream_name":"stdout","time":1870.143955894,"data":"EDGE_TTA_ACTIVE views= 8 mean_abs_feat_delta= 0.443204\n"}
,{"stream_name":"stdout","time":1870.346409125,"data":"EDGE_TTA_ACTIVE views= 8 mean_abs_feat_delta= 0.443204\n"}
,{"stream_name":"stdout","time":1870.496632182,"data":"SECONDARY_EDGE_TTA_ACTIVE views= 8 weight= 0.75 mean_abs_feat_delta= 0.268479\n"}
,{"stream_name":"stdout","time":1870.756063541,"data":"SECONDARY_EDGE_TTA_ACTIVE views= 8 weight= 0.75 mean_abs_feat_delta= 0.268479\n"}
,{"stream_name":"stdout","time":1871.032996864,"data":"SECONDARY_EDGE_TTA_ACTIVE views= 8 weight= 0.75 mean_abs_feat_delta= 0.316953\n"}
,{"stream_name":"stdout","time":1871.236705458,"data":"SECONDARY_EDGE_TTA_ACTIVE views= 8 weight= 0.75 mean_abs_feat_delta= 0.316953\n"}
,{"stream_name":"stdout","time":1871.675638089,"data":"EDGE_TTA_ACTIVE views= 8 mean_abs_feat_delta= 0.354646\n"}
,{"stream_name":"stdout","time":1871.877982143,"data":"EDGE_TTA_ACTIVE views= 8 mean_abs_feat_delta= 0.354646\n"}
,{"stream_name":"stdout","time":1872.04990862,"data":"EDGE_TTA_ACTIVE views= 8 mean_abs_feat_delta= 0.437604\n"}
,{"stream_name":"stdout","time":1872.252080576,"data":"EDGE_TTA_ACTIVE views= 8 mean_abs_feat_delta= 0.437604\n"}
,{"stream_name":"stdout","time":1872.710571199,"data":"SECONDARY_EDGE_TTA_ACTIVE views= 8 weight= 0.75 mean_abs_feat_delta= 0.26971\n"}
,{"stream_name":"stdout","time":1872.913155842,"data":"SECONDARY_EDGE_TTA_ACTIVE views= 8 weight= 0.75 mean_abs_feat_delta= 0.26971\n"}
,{"stream_name":"stdout","time":1872.940136855,"data":"SECONDARY_EDGE_TTA_ACTIVE views= 8 weight= 0.75 mean_abs_feat_delta= 0.317893\n"}
,{"stream_name":"stdout","time":1873.142454283,"data":"SECONDARY_EDGE_TTA_ACTIVE views= 8 weight= 0.75 mean_abs_feat_delta= 0.317893\n"}
,{"stream_name":"stdout","time":1873.895070229,"data":"EDGE_TTA_ACTIVE views= 8 mean_abs_feat_delta= 0.352024\n"}
,{"stream_name":"stdout","time":1873.927707415,"data":"EDGE_TTA_ACTIVE views= 8 mean_abs_feat_delta= 0.434699\n"}
,{"stream_name":"stdout","time":1874.097621619,"data":"EDGE_TTA_ACTIVE views= 8 mean_abs_feat_delta= 0.352024\n"}
,{"stream_name":"stdout","time":1874.097643674,"data":"EDGE_TTA_ACTIVE views= 8 mean_abs_feat_delta= 0.434699\n"}
,{"stream_name":"stdout","time":1874.820939357,"data":"SECONDARY_EDGE_TTA_ACTIVE views= 8 weight= 0.75 mean_abs_feat_delta= 0.323493\n"}
,{"stream_name":"stdout","time":1874.925730939,"data":"SECONDARY_EDGE_TTA_ACTIVE views= 8 weight= 0.75 mean_abs_feat_delta= 0.268945\n"}
,{"stream_name":"stdout","time":1875.023469398,"data":"SECONDARY_EDGE_TTA_ACTIVE views= 8 weight= 0.75 mean_abs_feat_delta= 0.323493\n"}
,{"stream_name":"stdout","time":1875.02350014,"data":"SECONDARY_EDGE_TTA_ACTIVE views= 8 weight= 0.75 mean_abs_feat_delta= 0.268945\n"}
,{"stream_name":"stdout","time":1875.819685267,"data":"EDGE_TTA_ACTIVE views= 8 mean_abs_feat_delta= 0.429003\n"}
,{"stream_name":"stdout","time":1876.02218295,"data":"EDGE_TTA_ACTIVE views= 8 mean_abs_feat_delta= 0.429003\n"}
,{"stream_name":"stdout","time":1876.111966896,"data":"EDGE_TTA_ACTIVE views= 8 mean_abs_feat_delta= 0.35514\n"}
,{"stream_name":"stdout","time":1876.31442634,"data":"EDGE_TTA_ACTIVE views= 8 mean_abs_feat_delta= 0.35514\n"}
,{"stream_name":"stdout","time":1876.715527493,"data":"SECONDARY_EDGE_TTA_ACTIVE views= 8 weight= 0.75 mean_abs_feat_delta= 0.330829\n"}
,{"stream_name":"stdout","time":1876.91823385,"data":"SECONDARY_EDGE_TTA_ACTIVE views= 8 weight= 0.75 mean_abs_feat_delta= 0.330829\n"}
,{"stream_name":"stdout","time":1877.145118762,"data":"SECONDARY_EDGE_TTA_ACTIVE views= 8 weight= 0.75 mean_abs_feat_delta= 0.265876\n"}
,{"stream_name":"stdout","time":1877.14945303,"data":"BIOHUB_RETENTION_GUARD {\"blended_candidates\": 419, \"dataset\": \"44b6_12dfb391\", \"frame\": 14, \"minimum_retention\": 0.9, \"primary_candidates\": 469, \"retention\": 0.8933901918976546, \"use_primary\": true}\n"}
,{"stream_name":"stdout","time":1877.347646323,"data":"SECONDARY_EDGE_TTA_ACTIVE views= 8 weight= 0.75 mean_abs_feat_delta= 0.265876\n"}
,{"stream_name":"stdout","time":1877.347677314,"data":"BIOHUB_RETENTION_GUARD {\"blended_candidates\": 419, \"dataset\": \"44b6_12dfb391\", \"frame\": 14, \"minimum_retention\": 0.9, \"primary_candidates\": 469, \"retention\": 0.8933901918976546, \"use_primary\": true}\n"}
,{"stream_name":"stdout","time":1877.715019849,"data":"EDGE_TTA_ACTIVE views= 8 mean_abs_feat_delta= 0.425063\n"}
,{"stream_name":"stdout","time":1877.9174885,"data":"EDGE_TTA_ACTIVE views= 8 mean_abs_feat_delta= 0.425063\n"}
,{"stream_name":"stdout","time":1878.330769343,"data":"EDGE_TTA_ACTIVE views= 8 mean_abs_feat_delta= 0.355578\n"}
,{"stream_name":"stdout","time":1878.532887694,"data":"EDGE_TTA_ACTIVE views= 8 mean_abs_feat_delta= 0.355578\n"}
,{"stream_name":"stdout","time":1878.615266657,"data":"SECONDARY_EDGE_TTA_ACTIVE views= 8 weight= 0.75 mean_abs_feat_delta= 0.332399\n"}
,{"stream_name":"stdout","time":1878.81774476,"data":"SECONDARY_EDGE_TTA_ACTIVE views= 8 weight= 0.75 mean_abs_feat_delta= 0.332399\n"}
,{"stream_name":"stdout","time":1879.357935079,"data":"SECONDARY_EDGE_TTA_ACTIVE views= 8 weight= 0.75 mean_abs_feat_delta= 0.266653\n"}
,{"stream_name":"stdout","time":1879.560375474,"data":"SECONDARY_EDGE_TTA_ACTIVE views= 8 weight= 0.75 mean_abs_feat_delta= 0.266653\n"}
,{"stream_name":"stdout","time":1879.617185786,"data":"EDGE_TTA_ACTIVE views= 8 mean_abs_feat_delta= 0.435838\n"}
,{"stream_name":"stdout","time":1879.819606364,"data":"EDGE_TTA_ACTIVE views= 8 mean_abs_feat_delta= 0.435838\n"}
,{"stream_name":"stdout","time":1880.5199512,"data":"SECONDARY_EDGE_TTA_ACTIVE views= 8 weight= 0.75 mean_abs_feat_delta= 0.336007\n"}
,{"stream_name":"stdout","time":1880.5306344,"data":"EDGE_TTA_ACTIVE views= 8 mean_abs_feat_delta= 0.353672\n"}
,{"stream_name":"stdout","time":1880.722542401,"data":"SECONDARY_EDGE_TTA_ACTIVE views= 8 weight= 0.75 mean_abs_feat_delta= 0.336007\n"}
,{"stream_name":"stdout","time":1880.722573414,"data":"EDGE_TTA_ACTIVE views= 8 mean_abs_feat_delta= 0.353672\n"}
,{"stream_name":"stdout","time":1881.529023112,"data":"EDGE_TTA_ACTIVE views= 8 mean_abs_feat_delta= 0.429749\n"}
,{"stream_name":"stdout","time":1881.551635355,"data":"SECONDARY_EDGE_TTA_ACTIVE views= 8 weight= 0.75 mean_abs_feat_delta= 0.264682\n"}
,{"stream_name":"stdout","time":1881.731980316,"data":"EDGE_TTA_ACTIVE views= 8 mean_abs_feat_delta= 0.429749\n"}
,{"stream_name":"stdout","time":1881.732010727,"data":"SECONDARY_EDGE_TTA_ACTIVE views= 8 weight= 0.75 mean_abs_feat_delta= 0.264682\n"}
,{"stream_name":"stdout","time":1882.426152028,"data":"SECONDARY_EDGE_TTA_ACTIVE views= 8 weight= 0.75 mean_abs_feat_delta= 0.340889\n"}
,{"stream_name":"stdout","time":1882.628695288,"data":"SECONDARY_EDGE_TTA_ACTIVE views= 8 weight= 0.75 mean_abs_feat_delta= 0.340889\n"}
,{"stream_name":"stdout","time":1882.715731429,"data":"EDGE_TTA_ACTIVE views= 8 mean_abs_feat_delta= 0.351998\n"}
,{"stream_name":"stdout","time":1882.917934652,"data":"EDGE_TTA_ACTIVE views= 8 mean_abs_feat_delta= 0.351998\n"}
,{"stream_name":"stdout","time":1883.436724592,"data":"EDGE_TTA_ACTIVE views= 8 mean_abs_feat_delta= 0.429549\n"}
,{"stream_name":"stdout","time":1883.639226048,"data":"EDGE_TTA_ACTIVE views= 8 mean_abs_feat_delta= 0.429549\n"}
,{"stream_name":"stdout","time":1883.729369275,"data":"SECONDARY_EDGE_TTA_ACTIVE views= 8 weight= 0.75 mean_abs_feat_delta= 0.261368\n"}
,{"stream_name":"stdout","time":1883.931498984,"data":"SECONDARY_EDGE_TTA_ACTIVE views= 8 weight= 0.75 mean_abs_feat_delta= 0.261368\n"}
,{"stream_name":"stdout","time":1884.335362911,"data":"SECONDARY_EDGE_TTA_ACTIVE views= 8 weight= 0.75 mean_abs_feat_delta= 0.34164\n"}
,{"stream_name":"stdout","time":1884.538140183,"data":"SECONDARY_EDGE_TTA_ACTIVE views= 8 weight= 0.75 mean_abs_feat_delta= 0.34164\n"}
,{"stream_name":"stdout","time":1884.947586865,"data":"EDGE_TTA_ACTIVE views= 8 mean_abs_feat_delta= 0.351912\n"}
,{"stream_name":"stdout","time":1885.15005902,"data":"EDGE_TTA_ACTIVE views= 8 mean_abs_feat_delta= 0.351912\n"}
,{"stream_name":"stdout","time":1885.336192485,"data":"EDGE_TTA_ACTIVE views= 8 mean_abs_feat_delta= 0.427003\n"}
,{"stream_name":"stdout","time":1885.538580916,"data":"EDGE_TTA_ACTIVE views= 8 mean_abs_feat_delta= 0.427003\n"}
,{"stream_name":"stdout","time":1885.956463635,"data":"SECONDARY_EDGE_TTA_ACTIVE views= 8 weight= 0.75 mean_abs_feat_delta= 0.264661\n"}
,{"stream_name":"stdout","time":1885.960762002,"data":"BIOHUB_RETENTION_GUARD {\"blended_candidates\": 430, \"dataset\": \"44b6_12dfb391\", \"frame\": 18, \"minimum_retention\": 0.9, \"primary_candidates\": 482, \"retention\": 0.8921161825726142, \"use_primary\": true}\n"}
,{"stream_name":"stdout","time":1886.158949206,"data":"SECONDARY_EDGE_TTA_ACTIVE views= 8 weight= 0.75 mean_abs_feat_delta= 0.264661\n"}
,{"stream_name":"stdout","time":1886.159016677,"data":"BIOHUB_RETENTION_GUARD {\"blended_candidates\": 430, \"dataset\": \"44b6_12dfb391\", \"frame\": 18, \"minimum_retention\": 0.9, \"primary_candidates\": 482, \"retention\": 0.8921161825726142, \"use_primary\": true}\n"}
,{"stream_name":"stdout","time":1886.236176089,"data":"SECONDARY_EDGE_TTA_ACTIVE views= 8 weight= 0.75 mean_abs_feat_delta= 0.346638\n"}
,{"stream_name":"stdout","time":1886.439076286,"data":"SECONDARY_EDGE_TTA_ACTIVE views= 8 weight= 0.75 mean_abs_feat_delta= 0.346638\n"}
,{"stream_name":"stdout","time":1887.149418617,"data":"EDGE_TTA_ACTIVE views= 8 mean_abs_feat_delta= 0.351384\n"}
,{"stream_name":"stdout","time":1887.303132824,"data":"EDGE_TTA_ACTIVE views= 8 mean_abs_feat_delta= 0.417978\n"}
,{"stream_name":"stdout","time":1887.351784103,"data":"EDGE_TTA_ACTIVE views= 8 mean_abs_feat_delta= 0.351384\n"}
,{"stream_name":"stdout","time":1887.351805216,"data":"EDGE_TTA_ACTIVE views= 8 mean_abs_feat_delta= 0.417978\n"}
,{"stream_name":"stdout","time":1888.148634019,"data":"SECONDARY_EDGE_TTA_ACTIVE views= 8 weight= 0.75 mean_abs_feat_delta= 0.263325\n"}
,{"stream_name":"stdout","time":1888.200743896,"data":"SECONDARY_EDGE_TTA_ACTIVE views= 8 weight= 0.75 mean_abs_feat_delta= 0.344784\n"}
,{"stream_name":"stdout","time":1888.351261641,"data":"SECONDARY_EDGE_TTA_ACTIVE views= 8 weight= 0.75 mean_abs_feat_delta= 0.263325\n"}
,{"stream_name":"stdout","time":1888.351325616,"data":"SECONDARY_EDGE_TTA_ACTIVE views= 8 weight= 0.75 mean_abs_feat_delta= 0.344784\n"}
,{"stream_name":"stdout","time":1889.22139708,"data":"EDGE_TTA_ACTIVE views= 8 mean_abs_feat_delta= 0.413072\n"}
,{"stream_name":"stdout","time":1889.32036773,"data":"EDGE_TTA_ACTIVE views= 8 mean_abs_feat_delta= 0.347447\n"}
,{"stream_name":"stdout","time":1889.423822104,"data":"EDGE_TTA_ACTIVE views= 8 mean_abs_feat_delta= 0.413072\n"}
,{"stream_name":"stdout","time":1889.423882572,"data":"EDGE_TTA_ACTIVE views= 8 mean_abs_feat_delta= 0.347447\n"}
,{"stream_name":"stdout","time":1890.122591562,"data":"SECONDARY_EDGE_TTA_ACTIVE views= 8 weight= 0.75 mean_abs_feat_delta= 0.347146\n"}
,{"stream_name":"stdout","time":1890.318405559,"data":"SECONDARY_EDGE_TTA_ACTIVE views= 8 weight= 0.75 mean_abs_feat_delta= 0.258765\n"}
,{"stream_name":"stdout","time":1890.325024756,"data":"SECONDARY_EDGE_TTA_ACTIVE views= 8 weight= 0.75 mean_abs_feat_delta= 0.347146\n"}
,{"stream_name":"stdout","time":1890.325045711,"data":"SECONDARY_EDGE_TTA_ACTIVE views= 8 weight= 0.75 mean_abs_feat_delta= 0.258765\n"}
,{"stream_name":"stdout","time":1891.17219092,"data":"EDGE_TTA_ACTIVE views= 8 mean_abs_feat_delta= 0.421707\n"}
,{"stream_name":"stdout","time":1891.374438591,"data":"EDGE_TTA_ACTIVE views= 8 mean_abs_feat_delta= 0.421707\n"}
,{"stream_name":"stdout","time":1891.485854668,"data":"EDGE_TTA_ACTIVE views= 8 mean_abs_feat_delta= 0.348309\n"}
,{"stream_name":"stdout","time":1891.688178246,"data":"EDGE_TTA_ACTIVE views= 8 mean_abs_feat_delta= 0.348309\n"}
,{"stream_name":"stdout","time":1892.072727582,"data":"SECONDARY_EDGE_TTA_ACTIVE views= 8 weight= 0.75 mean_abs_feat_delta= 0.34301\n"}
,{"stream_name":"stdout","time":1892.275050291,"data":"SECONDARY_EDGE_TTA_ACTIVE views= 8 weight= 0.75 mean_abs_feat_delta= 0.34301\n"}
,{"stream_name":"stdout","time":1892.481119424,"data":"SECONDARY_EDGE_TTA_ACTIVE views= 8 weight= 0.75 mean_abs_feat_delta= 0.259142\n"}
,{"stream_name":"stdout","time":1892.683622814,"data":"SECONDARY_EDGE_TTA_ACTIVE views= 8 weight= 0.75 mean_abs_feat_delta= 0.259142\n"}
,{"stream_name":"stdout","time":1893.081975287,"data":"EDGE_TTA_ACTIVE views= 8 mean_abs_feat_delta= 0.415908\n"}
,{"stream_name":"stdout","time":1893.284518,"data":"EDGE_TTA_ACTIVE views= 8 mean_abs_feat_delta= 0.415908\n"}
,{"stream_name":"stdout","time":1893.618603821,"data":"EDGE_TTA_ACTIVE views= 8 mean_abs_feat_delta= 0.350773\n"}
,{"stream_name":"stdout","time":1893.821009421,"data":"EDGE_TTA_ACTIVE views= 8 mean_abs_feat_delta= 0.350773\n"}
,{"stream_name":"stdout","time":1893.983623362,"data":"SECONDARY_EDGE_TTA_ACTIVE views= 8 weight= 0.75 mean_abs_feat_delta= 0.338906\n"}
,{"stream_name":"stdout","time":1894.186064647,"data":"SECONDARY_EDGE_TTA_ACTIVE views= 8 weight= 0.75 mean_abs_feat_delta= 0.338906\n"}
,{"stream_name":"stdout","time":1894.6102035,"data":"SECONDARY_EDGE_TTA_ACTIVE views= 8 weight= 0.75 mean_abs_feat_delta= 0.260778\n"}
,{"stream_name":"stdout","time":1894.614493751,"data":"BIOHUB_RETENTION_GUARD {\"blended_candidates\": 421, \"dataset\": \"44b6_12dfb391\", \"frame\": 22, \"minimum_retention\": 0.9, \"primary_candidates\": 488, \"retention\": 0.8627049180327869, \"use_primary\": true}\n"}
,{"stream_name":"stdout","time":1894.812453512,"data":"SECONDARY_EDGE_TTA_ACTIVE views= 8 weight= 0.75 mean_abs_feat_delta= 0.260778\n"}
,{"stream_name":"stdout","time":1894.812485403,"data":"BIOHUB_RETENTION_GUARD {\"blended_candidates\": 421, \"dataset\": \"44b6_12dfb391\", \"frame\": 22, \"minimum_retention\": 0.9, \"primary_candidates\": 488, \"retention\": 0.8627049180327869, \"use_primary\": true}\n"}
,{"stream_name":"stdout","time":1895.023203942,"data":"EDGE_TTA_ACTIVE views= 8 mean_abs_feat_delta= 0.414628\n"}
,{"stream_name":"stdout","time":1895.225694669,"data":"EDGE_TTA_ACTIVE views= 8 mean_abs_feat_delta= 0.414628\n"}
,{"stream_name":"stdout","time":1895.739226829,"data":"EDGE_TTA_ACTIVE views= 8 mean_abs_feat_delta= 0.349034\n"}
,{"stream_name":"stdout","time":1895.923030107,"data":"SECONDARY_EDGE_TTA_ACTIVE views= 8 weight= 0.75 mean_abs_feat_delta= 0.334775\n"}
,{"stream_name":"stdout","time":1895.941774877,"data":"EDGE_TTA_ACTIVE views= 8 mean_abs_feat_delta= 0.349034\n"}
,{"stream_name":"stdout","time":1895.941795269,"data":"SECONDARY_EDGE_TTA_ACTIVE views= 8 weight= 0.75 mean_abs_feat_delta= 0.334775\n"}
,{"stream_name":"stdout","time":1896.71408658,"data":"SECONDARY_EDGE_TTA_ACTIVE views= 8 weight= 0.75 mean_abs_feat_delta= 0.264655\n"}
,{"stream_name":"stdout","time":1896.718469483,"data":"BIOHUB_RETENTION_GUARD {\"blended_candidates\": 433, \"dataset\": \"44b6_12dfb391\", \"frame\": 23, \"minimum_retention\": 0.9, \"primary_candidates\": 483, \"retention\": 0.8964803312629399, \"use_primary\": true}\n"}
,{"stream_name":"stdout","time":1896.916696422,"data":"SECONDARY_EDGE_TTA_ACTIVE views= 8 weight= 0.75 mean_abs_feat_delta= 0.264655\n"}
,{"stream_name":"stdout","time":1896.916726928,"data":"BIOHUB_RETENTION_GUARD {\"blended_candidates\": 433, \"dataset\": \"44b6_12dfb391\", \"frame\": 23, \"minimum_retention\": 0.9, \"primary_candidates\": 483, \"retention\": 0.8964803312629399, \"use_primary\": true}\n"}
,{"stream_name":"stdout","time":1896.93077774,"data":"EDGE_TTA_ACTIVE views= 8 mean_abs_feat_delta= 0.417435\n"}
,{"stream_name":"stdout","time":1897.133177931,"data":"EDGE_TTA_ACTIVE views= 8 mean_abs_feat_delta= 0.417435\n"}
,{"stream_name":"stdout","time":1897.834252565,"data":"SECONDARY_EDGE_TTA_ACTIVE views= 8 weight= 0.75 mean_abs_feat_delta= 0.340726\n"}
,{"stream_name":"stdout","time":1897.886411829,"data":"EDGE_TTA_ACTIVE views= 8 mean_abs_feat_delta= 0.351723\n"}
,{"stream_name":"stdout","time":1898.036731371,"data":"SECONDARY_EDGE_TTA_ACTIVE views= 8 weight= 0.75 mean_abs_feat_delta= 0.340726\n"}
,{"stream_name":"stdout","time":1898.036760623,"data":"EDGE_TTA_ACTIVE views= 8 mean_abs_feat_delta= 0.351723\n"}
,{"stream_name":"stdout","time":1898.84420608,"data":"EDGE_TTA_ACTIVE views= 8 mean_abs_feat_delta= 0.411312\n"}
,{"stream_name":"stdout","time":1898.859433934,"data":"SECONDARY_EDGE_TTA_ACTIVE views= 8 weight= 0.75 mean_abs_feat_delta= 0.267411\n"}
,{"stream_name":"stdout","time":1898.863653721,"data":"BIOHUB_RETENTION_GUARD {\"blended_candidates\": 426, \"dataset\": \"44b6_12dfb391\", \"frame\": 24, \"minimum_retention\": 0.9, \"primary_candidates\": 478, \"retention\": 0.891213389121339, \"use_primary\": true}\n"}
,{"stream_name":"stdout","time":1899.046678877,"data":"EDGE_TTA_ACTIVE views= 8 mean_abs_feat_delta= 0.411312\n"}
,{"stream_name":"stdout","time":1899.046718135,"data":"SECONDARY_EDGE_TTA_ACTIVE views= 8 weight= 0.75 mean_abs_feat_delta= 0.267411\n"}
,{"stream_name":"stdout","time":1899.046724287,"data":"BIOHUB_RETENTION_GUARD {\"blended_candidates\": 426, \"dataset\": \"44b6_12dfb391\", \"frame\": 24, \"minimum_retention\": 0.9, \"primary_candidates\": 478, \"retention\": 0.891213389121339, \"use_primary\": true}\n"}
,{"stream_name":"stdout","time":1899.747327172,"data":"SECONDARY_EDGE_TTA_ACTIVE views= 8 weight= 0.75 mean_abs_feat_delta= 0.338083\n"}
,{"stream_name":"stdout","time":1899.949762625,"data":"SECONDARY_EDGE_TTA_ACTIVE views= 8 weight= 0.75 mean_abs_feat_delta= 0.338083\n"}
,{"stream_name":"stdout","time":1900.044470846,"data":"EDGE_TTA_ACTIVE views= 8 mean_abs_feat_delta= 0.356235\n"}
,{"stream_name":"stdout","time":1900.246868993,"data":"EDGE_TTA_ACTIVE views= 8 mean_abs_feat_delta= 0.356235\n"}
,{"stream_name":"stdout","time":1900.772403094,"data":"EDGE_TTA_ACTIVE views= 8 mean_abs_feat_delta= 0.398254\n"}
,{"stream_name":"stdout","time":1901.02658165,"data":"SECONDARY_EDGE_TTA_ACTIVE views= 8 weight= 0.75 mean_abs_feat_delta= 0.265314\n"}
,{"stream_name":"stdout","time":1901.030980645,"data":"BIOHUB_RETENTION_GUARD {\"blended_candidates\": 444, \"dataset\": \"44b6_12dfb391\", \"frame\": 25, \"minimum_retention\": 0.9, \"primary_candidates\": 494, \"retention\": 0.8987854251012146, \"use_primary\": true}\n"}
,{"stream_name":"stdout","time":1901.04102758,"data":"EDGE_TTA_ACTIVE views= 8 mean_abs_feat_delta= 0.398254\n"}
,{"stream_name":"stdout","time":1901.229622181,"data":"SECONDARY_EDGE_TTA_ACTIVE views= 8 weight= 0.75 mean_abs_feat_delta= 0.265314\n"}
,{"stream_name":"stdout","time":1901.229654764,"data":"BIOHUB_RETENTION_GUARD {\"blended_candidates\": 444, \"dataset\": \"44b6_12dfb391\", \"frame\": 25, \"minimum_retention\": 0.9, \"primary_candidates\": 494, \"retention\": 0.8987854251012146, \"use_primary\": true}\n"}
,{"stream_name":"stdout","time":1901.675346569,"data":"SECONDARY_EDGE_TTA_ACTIVE views= 8 weight= 0.75 mean_abs_feat_delta= 0.326866\n"}
,{"stream_name":"stdout","time":1901.87798827,"data":"SECONDARY_EDGE_TTA_ACTIVE views= 8 weight= 0.75 mean_abs_feat_delta= 0.326866\n"}
,{"stream_name":"stdout","time":1902.198892433,"data":"EDGE_TTA_ACTIVE views= 8 mean_abs_feat_delta= 0.356559\n"}
,{"stream_name":"stdout","time":1902.401406636,"data":"EDGE_TTA_ACTIVE views= 8 mean_abs_feat_delta= 0.356559\n"}
,{"stream_name":"stdout","time":1902.691944381,"data":"EDGE_TTA_ACTIVE views= 8 mean_abs_feat_delta= 0.387007\n"}
,{"stream_name":"stdout","time":1902.894154056,"data":"EDGE_TTA_ACTIVE views= 8 mean_abs_feat_delta= 0.387007\n"}
,{"stream_name":"stdout","time":1903.170718012,"data":"SECONDARY_EDGE_TTA_ACTIVE views= 8 weight= 0.75 mean_abs_feat_delta= 0.267288\n"}
,{"stream_name":"stdout","time":1903.174950082,"data":"BIOHUB_RETENTION_GUARD {\"blended_candidates\": 439, \"dataset\": \"44b6_12dfb391\", \"frame\": 26, \"minimum_retention\": 0.9, \"primary_candidates\": 490, \"retention\": 0.8959183673469387, \"use_primary\": true}\n"}
,{"stream_name":"stdout","time":1903.373351342,"data":"SECONDARY_EDGE_TTA_ACTIVE views= 8 weight= 0.75 mean_abs_feat_delta= 0.267288\n"}
,{"stream_name":"stdout","time":1903.37340535,"data":"BIOHUB_RETENTION_GUARD {\"blended_candidates\": 439, \"dataset\": \"44b6_12dfb391\", \"frame\": 26, \"minimum_retention\": 0.9, \"primary_candidates\": 490, \"retention\": 0.8959183673469387, \"use_primary\": true}\n"}
,{"stream_name":"stdout","time":1903.592893161,"data":"SECONDARY_EDGE_TTA_ACTIVE views= 8 weight= 0.75 mean_abs_feat_delta= 0.324714\n"}
,{"stream_name":"stdout","time":1903.79555127,"data":"SECONDARY_EDGE_TTA_ACTIVE views= 8 weight= 0.75 mean_abs_feat_delta= 0.324714\n"}
,{"stream_name":"stdout","time":1904.323130605,"data":"EDGE_TTA_ACTIVE views= 8 mean_abs_feat_delta= 0.354913\n"}
,{"stream_name":"stdout","time":1904.525554407,"data":"EDGE_TTA_ACTIVE views= 8 mean_abs_feat_delta= 0.354913\n"}
,{"stream_name":"stdout","time":1904.612563347,"data":"EDGE_TTA_ACTIVE views= 8 mean_abs_feat_delta= 0.384464\n"}
,{"stream_name":"stdout","time":1904.814717544,"data":"EDGE_TTA_ACTIVE views= 8 mean_abs_feat_delta= 0.384464\n"}
,{"stream_name":"stdout","time":1905.295259721,"data":"SECONDARY_EDGE_TTA_ACTIVE views= 8 weight= 0.75 mean_abs_feat_delta= 0.266119\n"}
,{"stream_name":"stdout","time":1905.300130287,"data":"BIOHUB_RETENTION_GUARD {\"blended_candidates\": 442, \"dataset\": \"44b6_12dfb391\", \"frame\": 27, \"minimum_retention\": 0.9, \"primary_candidates\": 506, \"retention\": 0.8735177865612648, \"use_primary\": true}\n"}
,{"stream_name":"stdout","time":1905.49781071,"data":"SECONDARY_EDGE_TTA_ACTIVE views= 8 weight= 0.75 mean_abs_feat_delta= 0.266119\n"}
,{"stream_name":"stdout","time":1905.497853921,"data":"BIOHUB_RETENTION_GUARD {\"blended_candidates\": 442, \"dataset\": \"44b6_12dfb391\", \"frame\": 27, \"minimum_retention\": 0.9, \"primary_candidates\": 506, \"retention\": 0.8735177865612648, \"use_primary\": true}\n"}
,{"stream_name":"stdout","time":1905.514297557,"data":"SECONDARY_EDGE_TTA_ACTIVE views= 8 weight= 0.75 mean_abs_feat_delta= 0.336495\n"}
,{"stream_name":"stdout","time":1905.716977883,"data":"SECONDARY_EDGE_TTA_ACTIVE views= 8 weight= 0.75 mean_abs_feat_delta= 0.336495\n"}
,{"stream_name":"stdout","time":1906.441701225,"data":"EDGE_TTA_ACTIVE views= 8 mean_abs_feat_delta= 0.357095\n"}
,{"stream_name":"stdout","time":1906.528393449,"data":"EDGE_TTA_ACTIVE views= 8 mean_abs_feat_delta= 0.404333\n"}
,{"stream_name":"stdout","time":1906.644066354,"data":"EDGE_TTA_ACTIVE views= 8 mean_abs_feat_delta= 0.357095\n"}
,{"stream_name":"stdout","time":1906.644086271,"data":"EDGE_TTA_ACTIVE views= 8 mean_abs_feat_delta= 0.404333\n"}
,{"stream_name":"stdout","time":1907.421405576,"data":"SECONDARY_EDGE_TTA_ACTIVE views= 8 weight= 0.75 mean_abs_feat_delta= 0.263236\n"}
,{"stream_name":"stdout","time":1907.425543471,"data":"BIOHUB_RETENTION_GUARD {\"blended_candidates\": 449, \"dataset\": \"44b6_12dfb391\", \"frame\": 28, \"minimum_retention\": 0.9, \"primary_candidates\": 501, \"retention\": 0.8962075848303394, \"use_primary\": true}\n"}
,{"stream_name":"stdout","time":1907.433541485,"data":"SECONDARY_EDGE_TTA_ACTIVE views= 8 weight= 0.75 mean_abs_feat_delta= 0.345254\n"}
,{"stream_name":"stdout","time":1907.624363694,"data":"SECONDARY_EDGE_TTA_ACTIVE views= 8 weight= 0.75 mean_abs_feat_delta= 0.263236\n"}
,{"stream_name":"stdout","time":1907.624398452,"data":"BIOHUB_RETENTION_GUARD {\"blended_candidates\": 449, \"dataset\": \"44b6_12dfb391\", \"frame\": 28, \"minimum_retention\": 0.9, \"primary_candidates\": 501, \"retention\": 0.8962075848303394, \"use_primary\": true}\n"}
,{"stream_name":"stdout","time":1907.624417521,"data":"SECONDARY_EDGE_TTA_ACTIVE views= 8 weight= 0.75 mean_abs_feat_delta= 0.345254\n"}
,{"stream_name":"stdout","time":1908.45990284,"data":"EDGE_TTA_ACTIVE views= 8 mean_abs_feat_delta= 0.401821\n"}
,{"stream_name":"stdout","time":1908.592856828,"data":"EDGE_TTA_ACTIVE views= 8 mean_abs_feat_delta= 0.358954\n"}
,{"stream_name":"stdout","time":1908.66240691,"data":"EDGE_TTA_ACTIVE views= 8 mean_abs_feat_delta= 0.401821\n"}
,{"stream_name":"stdout","time":1908.662429218,"data":"EDGE_TTA_ACTIVE views= 8 mean_abs_feat_delta= 0.358954\n"}
,{"stream_name":"stdout","time":1909.364949631,"data":"SECONDARY_EDGE_TTA_ACTIVE views= 8 weight= 0.75 mean_abs_feat_delta= 0.340566\n"}
,{"stream_name":"stdout","time":1909.567723407,"data":"SECONDARY_EDGE_TTA_ACTIVE views= 8 weight= 0.75 mean_abs_feat_delta= 0.340566\n"}
,{"stream_name":"stdout","time":1909.568041821,"data":"SECONDARY_EDGE_TTA_ACTIVE views= 8 weight= 0.75 mean_abs_feat_delta= 0.264882\n"}
,{"stream_name":"stdout","time":1909.770355137,"data":"SECONDARY_EDGE_TTA_ACTIVE views= 8 weight= 0.75 mean_abs_feat_delta= 0.264882\n"}
,{"stream_name":"stdout","time":1910.413663565,"data":"EDGE_TTA_ACTIVE views= 8 mean_abs_feat_delta= 0.402818\n"}
,{"stream_name":"stdout","time":1910.616174112,"data":"EDGE_TTA_ACTIVE views= 8 mean_abs_feat_delta= 0.402818\n"}
,{"stream_name":"stdout","time":1910.699672213,"data":"EDGE_TTA_ACTIVE views= 8 mean_abs_feat_delta= 0.355529\n"}
,{"stream_name":"stdout","time":1910.902112873,"data":"EDGE_TTA_ACTIVE views= 8 mean_abs_feat_delta= 0.355529\n"}
,{"stream_name":"stdout","time":1911.322041454,"data":"SECONDARY_EDGE_TTA_ACTIVE views= 8 weight= 0.75 mean_abs_feat_delta= 0.350681\n"}
,{"stream_name":"stdout","time":1911.524783535,"data":"SECONDARY_EDGE_TTA_ACTIVE views= 8 weight= 0.75 mean_abs_feat_delta= 0.350681\n"}
,{"stream_name":"stdout","time":1911.673295545,"data":"SECONDARY_EDGE_TTA_ACTIVE views= 8 weight= 0.75 mean_abs_feat_delta= 0.26501\n"}
,{"stream_name":"stdout","time":1911.677504614,"data":"BIOHUB_RETENTION_GUARD {\"blended_candidates\": 449, \"dataset\": \"44b6_12dfb391\", \"frame\": 30, \"minimum_retention\": 0.9, \"primary_candidates\": 507, \"retention\": 0.8856015779092702, \"use_primary\": true}\n"}
,{"stream_name":"stdout","time":1911.875652736,"data":"SECONDARY_EDGE_TTA_ACTIVE views= 8 weight= 0.75 mean_abs_feat_delta= 0.26501\n"}
,{"stream_name":"stdout","time":1911.875679125,"data":"BIOHUB_RETENTION_GUARD {\"blended_candidates\": 449, \"dataset\": \"44b6_12dfb391\", \"frame\": 30, \"minimum_retention\": 0.9, \"primary_candidates\": 507, \"retention\": 0.8856015779092702, \"use_primary\": true}\n"}
,{"stream_name":"stdout","time":1912.348475834,"data":"EDGE_TTA_ACTIVE views= 8 mean_abs_feat_delta= 0.407863\n"}
,{"stream_name":"stdout","time":1912.551029565,"data":"EDGE_TTA_ACTIVE views= 8 mean_abs_feat_delta= 0.407863\n"}
,{"stream_name":"stdout","time":1912.838189272,"data":"EDGE_TTA_ACTIVE views= 8 mean_abs_feat_delta= 0.352098\n"}
,{"stream_name":"stdout","time":1913.040447935,"data":"EDGE_TTA_ACTIVE views= 8 mean_abs_feat_delta= 0.352098\n"}
,{"stream_name":"stdout","time":1913.254533667,"data":"SECONDARY_EDGE_TTA_ACTIVE views= 8 weight= 0.75 mean_abs_feat_delta= 0.33783\n"}
,{"stream_name":"stdout","time":1913.457025701,"data":"SECONDARY_EDGE_TTA_ACTIVE views= 8 weight= 0.75 mean_abs_feat_delta= 0.33783\n"}
,{"stream_name":"stdout","time":1913.802700192,"data":"SECONDARY_EDGE_TTA_ACTIVE views= 8 weight= 0.75 mean_abs_feat_delta= 0.263432\n"}
,{"stream_name":"stdout","time":1914.005155733,"data":"SECONDARY_EDGE_TTA_ACTIVE views= 8 weight= 0.75 mean_abs_feat_delta= 0.263432\n"}
,{"stream_name":"stdout","time":1914.307231707,"data":"EDGE_TTA_ACTIVE views= 8 mean_abs_feat_delta= 0.406737\n"}
,{"stream_name":"stdout","time":1914.509766173,"data":"EDGE_TTA_ACTIVE views= 8 mean_abs_feat_delta= 0.406737\n"}
,{"stream_name":"stdout","time":1914.95855972,"data":"EDGE_TTA_ACTIVE views= 8 mean_abs_feat_delta= 0.350288\n"}
,{"stream_name":"stdout","time":1915.160830294,"data":"EDGE_TTA_ACTIVE views= 8 mean_abs_feat_delta= 0.350288\n"}
,{"stream_name":"stdout","time":1915.216252019,"data":"SECONDARY_EDGE_TTA_ACTIVE views= 8 weight= 0.75 mean_abs_feat_delta= 0.326539\n"}
,{"stream_name":"stdout","time":1915.418513667,"data":"SECONDARY_EDGE_TTA_ACTIVE views= 8 weight= 0.75 mean_abs_feat_delta= 0.326539\n"}
,{"stream_name":"stdout","time":1915.929202638,"data":"SECONDARY_EDGE_TTA_ACTIVE views= 8 weight= 0.75 mean_abs_feat_delta= 0.264294\n"}
,{"stream_name":"stdout","time":1915.93403159,"data":"BIOHUB_RETENTION_GUARD {\"blended_candidates\": 454, \"dataset\": \"44b6_12dfb391\", \"frame\": 32, \"minimum_retention\": 0.9, \"primary_candidates\": 505, \"retention\": 0.899009900990099, \"use_primary\": true}\n"}
,{"stream_name":"stdout","time":1916.132517578,"data":"SECONDARY_EDGE_TTA_ACTIVE views= 8 weight= 0.75 mean_abs_feat_delta= 0.264294\n"}
,{"stream_name":"stdout","time":1916.132548664,"data":"BIOHUB_RETENTION_GUARD {\"blended_candidates\": 454, \"dataset\": \"44b6_12dfb391\", \"frame\": 32, \"minimum_retention\": 0.9, \"primary_candidates\": 505, \"retention\": 0.899009900990099, \"use_primary\": true}\n"}
,{"stream_name":"stdout","time":1916.236060916,"data":"EDGE_TTA_ACTIVE views= 8 mean_abs_feat_delta= 0.409493\n"}
,{"stream_name":"stdout","time":1916.438331924,"data":"EDGE_TTA_ACTIVE views= 8 mean_abs_feat_delta= 0.409493\n"}
,{"stream_name":"stdout","time":1917.061121803,"data":"EDGE_TTA_ACTIVE views= 8 mean_abs_feat_delta= 0.348393\n"}
,{"stream_name":"stdout","time":1917.147006146,"data":"SECONDARY_EDGE_TTA_ACTIVE views= 8 weight= 0.75 mean_abs_feat_delta= 0.328503\n"}
,{"stream_name":"stdout","time":1917.26324293,"data":"EDGE_TTA_ACTIVE views= 8 mean_abs_feat_delta= 0.348393\n"}
,{"stream_name":"stdout","time":1917.263272665,"data":"SECONDARY_EDGE_TTA_ACTIVE views= 8 weight= 0.75 mean_abs_feat_delta= 0.328503\n"}
,{"stream_name":"stdout","time":1918.034152765,"data":"SECONDARY_EDGE_TTA_ACTIVE views= 8 weight= 0.75 mean_abs_feat_delta= 0.26724\n"}
,{"stream_name":"stdout","time":1918.038471429,"data":"BIOHUB_RETENTION_GUARD {\"blended_candidates\": 466, \"dataset\": \"44b6_12dfb391\", \"frame\": 33, \"minimum_retention\": 0.9, \"primary_candidates\": 521, \"retention\": 0.8944337811900192, \"use_primary\": true}\n"}
,{"stream_name":"stdout","time":1918.172259362,"data":"EDGE_TTA_ACTIVE views= 8 mean_abs_feat_delta= 0.42422\n"}
,{"stream_name":"stdout","time":1918.237672835,"data":"SECONDARY_EDGE_TTA_ACTIVE views= 8 weight= 0.75 mean_abs_feat_delta= 0.26724\n"}
,{"stream_name":"stdout","time":1918.237714094,"data":"BIOHUB_RETENTION_GUARD {\"blended_candidates\": 466, \"dataset\": \"44b6_12dfb391\", \"frame\": 33, \"minimum_retention\": 0.9, \"primary_candidates\": 521, \"retention\": 0.8944337811900192, \"use_primary\": true}\n"}
,{"stream_name":"stdout","time":1918.237721879,"data":"EDGE_TTA_ACTIVE views= 8 mean_abs_feat_delta= 0.42422\n"}
,{"stream_name":"stdout","time":1919.084796904,"data":"SECONDARY_EDGE_TTA_ACTIVE views= 8 weight= 0.75 mean_abs_feat_delta= 0.331736\n"}
,{"stream_name":"stdout","time":1919.18178257,"data":"EDGE_TTA_ACTIVE views= 8 mean_abs_feat_delta= 0.351972\n"}
,{"stream_name":"stdout","time":1919.287285857,"data":"SECONDARY_EDGE_TTA_ACTIVE views= 8 weight= 0.75 mean_abs_feat_delta= 0.331736\n"}
,{"stream_name":"stdout","time":1919.287314385,"data":"EDGE_TTA_ACTIVE views= 8 mean_abs_feat_delta= 0.351972\n"}
,{"stream_name":"stdout","time":1920.115034025,"data":"EDGE_TTA_ACTIVE views= 8 mean_abs_feat_delta= 0.434581\n"}
,{"stream_name":"stdout","time":1920.153508999,"data":"SECONDARY_EDGE_TTA_ACTIVE views= 8 weight= 0.75 mean_abs_feat_delta= 0.264817\n"}
,{"stream_name":"stdout","time":1920.317171933,"data":"EDGE_TTA_ACTIVE views= 8 mean_abs_feat_delta= 0.434581\n"}
,{"stream_name":"stdout","time":1920.317198486,"data":"SECONDARY_EDGE_TTA_ACTIVE views= 8 weight= 0.75 mean_abs_feat_delta= 0.264817\n"}
,{"stream_name":"stdout","time":1921.030935753,"data":"SECONDARY_EDGE_TTA_ACTIVE views= 8 weight= 0.75 mean_abs_feat_delta= 0.336013\n"}
,{"stream_name":"stdout","time":1921.233267724,"data":"SECONDARY_EDGE_TTA_ACTIVE views= 8 weight= 0.75 mean_abs_feat_delta= 0.336013\n"}
,{"stream_name":"stdout","time":1921.29391099,"data":"EDGE_TTA_ACTIVE views= 8 mean_abs_feat_delta= 0.353954\n"}
,{"stream_name":"stdout","time":1921.496055334,"data":"EDGE_TTA_ACTIVE views= 8 mean_abs_feat_delta= 0.353954\n"}
,{"stream_name":"stdout","time":1922.073592462,"data":"EDGE_TTA_ACTIVE views= 8 mean_abs_feat_delta= 0.443118\n"}
,{"stream_name":"stdout","time":1922.26696929,"data":"SECONDARY_EDGE_TTA_ACTIVE views= 8 weight= 0.75 mean_abs_feat_delta= 0.26378\n"}
,{"stream_name":"stdout","time":1922.271187068,"data":"BIOHUB_RETENTION_GUARD {\"blended_candidates\": 437, \"dataset\": \"44b6_12dfb391\", \"frame\": 35, \"minimum_retention\": 0.9, \"primary_candidates\": 500, \"retention\": 0.874, \"use_primary\": true}\n"}
,{"stream_name":"stdout","time":1922.27635339,"data":"EDGE_TTA_ACTIVE views= 8 mean_abs_feat_delta= 0.443118\n"}
,{"stream_name":"stdout","time":1922.27637094,"data":"SECONDARY_EDGE_TTA_ACTIVE views= 8 weight= 0.75 mean_abs_feat_delta= 0.26378\n"}
,{"stream_name":"stdout","time":1922.27637687,"data":"BIOHUB_RETENTION_GUARD {\"blended_candidates\": 437, \"dataset\": \"44b6_12dfb391\", \"frame\": 35, \"minimum_retention\": 0.9, \"primary_candidates\": 500, \"retention\": 0.874, \"use_primary\": true}\n"}
,{"stream_name":"stdout","time":1922.985024354,"data":"SECONDARY_EDGE_TTA_ACTIVE views= 8 weight= 0.75 mean_abs_feat_delta= 0.35089\n"}
,{"stream_name":"stdout","time":1923.1876253,"data":"SECONDARY_EDGE_TTA_ACTIVE views= 8 weight= 0.75 mean_abs_feat_delta= 0.35089\n"}
,{"stream_name":"stdout","time":1923.440895265,"data":"EDGE_TTA_ACTIVE views= 8 mean_abs_feat_delta= 0.353683\n"}
,{"stream_name":"stdout","time":1923.643467733,"data":"EDGE_TTA_ACTIVE views= 8 mean_abs_feat_delta= 0.353683\n"}
,{"stream_name":"stdout","time":1924.009518809,"data":"EDGE_TTA_ACTIVE views= 8 mean_abs_feat_delta= 0.476122\n"}
,{"stream_name":"stdout","time":1924.212159268,"data":"EDGE_TTA_ACTIVE views= 8 mean_abs_feat_delta= 0.476122\n"}
,{"stream_name":"stdout","time":1924.413805696,"data":"SECONDARY_EDGE_TTA_ACTIVE views= 8 weight= 0.75 mean_abs_feat_delta= 0.266665\n"}
,{"stream_name":"stdout","time":1924.418143322,"data":"BIOHUB_RETENTION_GUARD {\"blended_candidates\": 449, \"dataset\": \"44b6_12dfb391\", \"frame\": 36, \"minimum_retention\": 0.9, \"primary_candidates\": 506, \"retention\": 0.8873517786561265, \"use_primary\": true}\n"}
,{"stream_name":"stdout","time":1924.61669632,"data":"SECONDARY_EDGE_TTA_ACTIVE views= 8 weight= 0.75 mean_abs_feat_delta= 0.266665\n"}
,{"stream_name":"stdout","time":1924.616726956,"data":"BIOHUB_RETENTION_GUARD {\"blended_candidates\": 449, \"dataset\": \"44b6_12dfb391\", \"frame\": 36, \"minimum_retention\": 0.9, \"primary_candidates\": 506, \"retention\": 0.8873517786561265, \"use_primary\": true}\n"}
,{"stream_name":"stdout","time":1924.922982932,"data":"SECONDARY_EDGE_TTA_ACTIVE views= 8 weight= 0.75 mean_abs_feat_delta= 0.344231\n"}
,{"stream_name":"stdout","time":1925.125334723,"data":"SECONDARY_EDGE_TTA_ACTIVE views= 8 weight= 0.75 mean_abs_feat_delta= 0.344231\n"}
,{"stream_name":"stdout","time":1925.563858801,"data":"EDGE_TTA_ACTIVE views= 8 mean_abs_feat_delta= 0.353175\n"}
,{"stream_name":"stdout","time":1925.766137306,"data":"EDGE_TTA_ACTIVE views= 8 mean_abs_feat_delta= 0.353175\n"}
,{"stream_name":"stdout","time":1925.949076546,"data":"EDGE_TTA_ACTIVE views= 8 mean_abs_feat_delta= 0.462057\n"}
,{"stream_name":"stdout","time":1926.151366175,"data":"EDGE_TTA_ACTIVE views= 8 mean_abs_feat_delta= 0.462057\n"}
,{"stream_name":"stdout","time":1926.53819472,"data":"SECONDARY_EDGE_TTA_ACTIVE views= 8 weight= 0.75 mean_abs_feat_delta= 0.270693\n"}
,{"stream_name":"stdout","time":1926.543028137,"data":"BIOHUB_RETENTION_GUARD {\"blended_candidates\": 453, \"dataset\": \"44b6_12dfb391\", \"frame\": 37, \"minimum_retention\": 0.9, \"primary_candidates\": 518, \"retention\": 0.8745173745173745, \"use_primary\": true}\n"}
,{"stream_name":"stdout","time":1926.740796756,"data":"SECONDARY_EDGE_TTA_ACTIVE views= 8 weight= 0.75 mean_abs_feat_delta= 0.270693\n"}
,{"stream_name":"stdout","time":1926.740826388,"data":"BIOHUB_RETENTION_GUARD {\"blended_candidates\": 453, \"dataset\": \"44b6_12dfb391\", \"frame\": 37, \"minimum_retention\": 0.9, \"primary_candidates\": 518, \"retention\": 0.8745173745173745, \"use_primary\": true}\n"}
,{"stream_name":"stdout","time":1926.86469219,"data":"SECONDARY_EDGE_TTA_ACTIVE views= 8 weight= 0.75 mean_abs_feat_delta= 0.342912\n"}
,{"stream_name":"stdout","time":1927.067062169,"data":"SECONDARY_EDGE_TTA_ACTIVE views= 8 weight= 0.75 mean_abs_feat_delta= 0.342912\n"}
,{"stream_name":"stdout","time":1927.739152095,"data":"EDGE_TTA_ACTIVE views= 8 mean_abs_feat_delta= 0.353742\n"}
,{"stream_name":"stdout","time":1927.898200597,"data":"EDGE_TTA_ACTIVE views= 8 mean_abs_feat_delta= 0.470151\n"}
,{"stream_name":"stdout","time":1927.94155689,"data":"EDGE_TTA_ACTIVE views= 8 mean_abs_feat_delta= 0.353742\n"}
,{"stream_name":"stdout","time":1927.941602211,"data":"EDGE_TTA_ACTIVE views= 8 mean_abs_feat_delta= 0.470151\n"}
,{"stream_name":"stdout","time":1928.713881936,"data":"SECONDARY_EDGE_TTA_ACTIVE views= 8 weight= 0.75 mean_abs_feat_delta= 0.271254\n"}
,{"stream_name":"stdout","time":1928.717995383,"data":"BIOHUB_RETENTION_GUARD {\"blended_candidates\": 469, \"dataset\": \"44b6_12dfb391\", \"frame\": 38, \"minimum_retention\": 0.9, \"primary_candidates\": 529, \"retention\": 0.8865784499054821, \"use_primary\": true}\n"}
,{"stream_name":"stdout","time":1928.815966376,"data":"SECONDARY_EDGE_TTA_ACTIVE views= 8 weight= 0.75 mean_abs_feat_delta= 0.351639\n"}
,{"stream_name":"stdout","time":1928.916697405,"data":"SECONDARY_EDGE_TTA_ACTIVE views= 8 weight= 0.75 mean_abs_feat_delta= 0.271254\n"}
,{"stream_name":"stdout","time":1928.916730637,"data":"BIOHUB_RETENTION_GUARD {\"blended_candidates\": 469, \"dataset\": \"44b6_12dfb391\", \"frame\": 38, \"minimum_retention\": 0.9, \"primary_candidates\": 529, \"retention\": 0.8865784499054821, \"use_primary\": true}\n"}
,{"stream_name":"stdout","time":1928.91673803,"data":"SECONDARY_EDGE_TTA_ACTIVE views= 8 weight= 0.75 mean_abs_feat_delta= 0.351639\n"}
,{"stream_name":"stdout","time":1929.867282424,"data":"EDGE_TTA_ACTIVE views= 8 mean_abs_feat_delta= 0.463688\n"}
,{"stream_name":"stdout","time":1929.887390848,"data":"EDGE_TTA_ACTIVE views= 8 mean_abs_feat_delta= 0.354758\n"}
,{"stream_name":"stdout","time":1930.069803466,"data":"EDGE_TTA_ACTIVE views= 8 mean_abs_feat_delta= 0.463688\n"}
,{"stream_name":"stdout","time":1930.069826077,"data":"EDGE_TTA_ACTIVE views= 8 mean_abs_feat_delta= 0.354758\n"}
,{"stream_name":"stdout","time":1930.788812092,"data":"SECONDARY_EDGE_TTA_ACTIVE views= 8 weight= 0.75 mean_abs_feat_delta= 0.344565\n"}
,{"stream_name":"stdout","time":1930.864314003,"data":"SECONDARY_EDGE_TTA_ACTIVE views= 8 weight= 0.75 mean_abs_feat_delta= 0.268688\n"}
,{"stream_name":"stdout","time":1930.991444965,"data":"SECONDARY_EDGE_TTA_ACTIVE views= 8 weight= 0.75 mean_abs_feat_delta= 0.344565\n"}
,{"stream_name":"stdout","time":1930.991516239,"data":"SECONDARY_EDGE_TTA_ACTIVE views= 8 weight= 0.75 mean_abs_feat_delta= 0.268688\n"}
,{"stream_name":"stdout","time":1931.823395505,"data":"EDGE_TTA_ACTIVE views= 8 mean_abs_feat_delta= 0.472231\n"}
,{"stream_name":"stdout","time":1932.056422241,"data":"EDGE_TTA_ACTIVE views= 8 mean_abs_feat_delta= 0.355697\n"}
,{"stream_name":"stdout","time":1932.088727302,"data":"EDGE_TTA_ACTIVE views= 8 mean_abs_feat_delta= 0.472231\n"}
,{"stream_name":"stdout","time":1932.258754715,"data":"EDGE_TTA_ACTIVE views= 8 mean_abs_feat_delta= 0.355697\n"}
,{"stream_name":"stdout","time":1932.74459812,"data":"SECONDARY_EDGE_TTA_ACTIVE views= 8 weight= 0.75 mean_abs_feat_delta= 0.341124\n"}
,{"stream_name":"stdout","time":1932.947256158,"data":"SECONDARY_EDGE_TTA_ACTIVE views= 8 weight= 0.75 mean_abs_feat_delta= 0.341124\n"}
,{"stream_name":"stdout","time":1933.033139579,"data":"SECONDARY_EDGE_TTA_ACTIVE views= 8 weight= 0.75 mean_abs_feat_delta= 0.268152\n"}
,{"stream_name":"stdout","time":1933.235135334,"data":"SECONDARY_EDGE_TTA_ACTIVE views= 8 weight= 0.75 mean_abs_feat_delta= 0.268152\n"}
,{"stream_name":"stdout","time":1933.798570872,"data":"EDGE_TTA_ACTIVE views= 8 mean_abs_feat_delta= 0.464719\n"}
,{"stream_name":"stdout","time":1934.001009237,"data":"EDGE_TTA_ACTIVE views= 8 mean_abs_feat_delta= 0.464719\n"}
,{"stream_name":"stdout","time":1934.229264228,"data":"EDGE_TTA_ACTIVE views= 8 mean_abs_feat_delta= 0.358266\n"}
,{"stream_name":"stdout","time":1934.431674816,"data":"EDGE_TTA_ACTIVE views= 8 mean_abs_feat_delta= 0.358266\n"}
,{"stream_name":"stdout","time":1934.723584105,"data":"SECONDARY_EDGE_TTA_ACTIVE views= 8 weight= 0.75 mean_abs_feat_delta= 0.342178\n"}
,{"stream_name":"stdout","time":1934.926124833,"data":"SECONDARY_EDGE_TTA_ACTIVE views= 8 weight= 0.75 mean_abs_feat_delta= 0.342178\n"}
,{"stream_name":"stdout","time":1935.203775575,"data":"SECONDARY_EDGE_TTA_ACTIVE views= 8 weight= 0.75 mean_abs_feat_delta= 0.264022\n"}
,{"stream_name":"stdout","time":1935.406121842,"data":"SECONDARY_EDGE_TTA_ACTIVE views= 8 weight= 0.75 mean_abs_feat_delta= 0.264022\n"}
,{"stream_name":"stdout","time":1935.773395751,"data":"EDGE_TTA_ACTIVE views= 8 mean_abs_feat_delta= 0.443235\n"}
,{"stream_name":"stdout","time":1935.975973659,"data":"EDGE_TTA_ACTIVE views= 8 mean_abs_feat_delta= 0.443235\n"}
,{"stream_name":"stdout","time":1936.420752144,"data":"EDGE_TTA_ACTIVE views= 8 mean_abs_feat_delta= 0.359212\n"}
,{"stream_name":"stdout","time":1936.623139543,"data":"EDGE_TTA_ACTIVE views= 8 mean_abs_feat_delta= 0.359212\n"}
,{"stream_name":"stdout","time":1936.700480436,"data":"SECONDARY_EDGE_TTA_ACTIVE views= 8 weight= 0.75 mean_abs_feat_delta= 0.320138\n"}
,{"stream_name":"stdout","time":1936.902960363,"data":"SECONDARY_EDGE_TTA_ACTIVE views= 8 weight= 0.75 mean_abs_feat_delta= 0.320138\n"}
,{"stream_name":"stdout","time":1937.393407141,"data":"SECONDARY_EDGE_TTA_ACTIVE views= 8 weight= 0.75 mean_abs_feat_delta= 0.263198\n"}
,{"stream_name":"stdout","time":1937.595309016,"data":"SECONDARY_EDGE_TTA_ACTIVE views= 8 weight= 0.75 mean_abs_feat_delta= 0.263198\n"}
,{"stream_name":"stdout","time":1937.728836647,"data":"EDGE_TTA_ACTIVE views= 8 mean_abs_feat_delta= 0.424863\n"}
,{"stream_name":"stdout","time":1937.931278405,"data":"EDGE_TTA_ACTIVE views= 8 mean_abs_feat_delta= 0.424863\n"}
,{"stream_name":"stdout","time":1938.548307285,"data":"EDGE_TTA_ACTIVE views= 8 mean_abs_feat_delta= 0.362482\n"}
,{"stream_name":"stdout","time":1938.65692985,"data":"SECONDARY_EDGE_TTA_ACTIVE views= 8 weight= 0.75 mean_abs_feat_delta= 0.316479\n"}
,{"stream_name":"stdout","time":1938.750931619,"data":"EDGE_TTA_ACTIVE views= 8 mean_abs_feat_delta= 0.362482\n"}
,{"stream_name":"stdout","time":1938.750964878,"data":"SECONDARY_EDGE_TTA_ACTIVE views= 8 weight= 0.75 mean_abs_feat_delta= 0.316479\n"}
,{"stream_name":"stdout","time":1939.522415302,"data":"SECONDARY_EDGE_TTA_ACTIVE views= 8 weight= 0.75 mean_abs_feat_delta= 0.268527\n"}
,{"stream_name":"stdout","time":1939.686712281,"data":"EDGE_TTA_ACTIVE views= 8 mean_abs_feat_delta= 0.408937\n"}
,{"stream_name":"stdout","time":1939.724865267,"data":"SECONDARY_EDGE_TTA_ACTIVE views= 8 weight= 0.75 mean_abs_feat_delta= 0.268527\n"}
,{"stream_name":"stdout","time":1939.724892947,"data":"EDGE_TTA_ACTIVE views= 8 mean_abs_feat_delta= 0.408937\n"}
,{"stream_name":"stdout","time":1940.620993625,"data":"SECONDARY_EDGE_TTA_ACTIVE views= 8 weight= 0.75 mean_abs_feat_delta= 0.330083\n"}
,{"stream_name":"stdout","time":1940.697331802,"data":"EDGE_TTA_ACTIVE views= 8 mean_abs_feat_delta= 0.367657\n"}
,{"stream_name":"stdout","time":1940.823223774,"data":"SECONDARY_EDGE_TTA_ACTIVE views= 8 weight= 0.75 mean_abs_feat_delta= 0.330083\n"}
,{"stream_name":"stdout","time":1940.823282327,"data":"EDGE_TTA_ACTIVE views= 8 mean_abs_feat_delta= 0.367657\n"}
,{"stream_name":"stdout","time":1941.671728508,"data":"SECONDARY_EDGE_TTA_ACTIVE views= 8 weight= 0.75 mean_abs_feat_delta= 0.269048\n"}
,{"stream_name":"stdout","time":1941.681311382,"data":"EDGE_TTA_ACTIVE views= 8 mean_abs_feat_delta= 0.434277\n"}
,{"stream_name":"stdout","time":1941.87387229,"data":"SECONDARY_EDGE_TTA_ACTIVE views= 8 weight= 0.75 mean_abs_feat_delta= 0.269048\n"}
,{"stream_name":"stdout","time":1941.874065243,"data":"EDGE_TTA_ACTIVE views= 8 mean_abs_feat_delta= 0.434277\n"}
,{"stream_name":"stdout","time":1942.614953501,"data":"SECONDARY_EDGE_TTA_ACTIVE views= 8 weight= 0.75 mean_abs_feat_delta= 0.343435\n"}
,{"stream_name":"stdout","time":1942.817427498,"data":"SECONDARY_EDGE_TTA_ACTIVE views= 8 weight= 0.75 mean_abs_feat_delta= 0.343435\n"}
,{"stream_name":"stdout","time":1942.859769941,"data":"EDGE_TTA_ACTIVE views= 8 mean_abs_feat_delta= 0.369237\n"}
,{"stream_name":"stdout","time":1943.061828937,"data":"EDGE_TTA_ACTIVE views= 8 mean_abs_feat_delta= 0.369237\n"}
,{"stream_name":"stdout","time":1943.674229897,"data":"EDGE_TTA_ACTIVE views= 8 mean_abs_feat_delta= 0.42715\n"}
,{"stream_name":"stdout","time":1943.841852031,"data":"SECONDARY_EDGE_TTA_ACTIVE views= 8 weight= 0.75 mean_abs_feat_delta= 0.269986\n"}
,{"stream_name":"stdout","time":1943.87691943,"data":"EDGE_TTA_ACTIVE views= 8 mean_abs_feat_delta= 0.42715\n"}
,{"stream_name":"stdout","time":1943.876957458,"data":"SECONDARY_EDGE_TTA_ACTIVE views= 8 weight= 0.75 mean_abs_feat_delta= 0.269986\n"}
,{"stream_name":"stdout","time":1944.607218336,"data":"SECONDARY_EDGE_TTA_ACTIVE views= 8 weight= 0.75 mean_abs_feat_delta= 0.347484\n"}
,{"stream_name":"stdout","time":1944.809727382,"data":"SECONDARY_EDGE_TTA_ACTIVE views= 8 weight= 0.75 mean_abs_feat_delta= 0.347484\n"}
,{"stream_name":"stdout","time":1945.054798477,"data":"EDGE_TTA_ACTIVE views= 8 mean_abs_feat_delta= 0.365318\n"}
,{"stream_name":"stdout","time":1945.257166424,"data":"EDGE_TTA_ACTIVE views= 8 mean_abs_feat_delta= 0.365318\n"}
,{"stream_name":"stdout","time":1945.657722114,"data":"EDGE_TTA_ACTIVE views= 8 mean_abs_feat_delta= 0.412092\n"}
,{"stream_name":"stdout","time":1945.860055857,"data":"EDGE_TTA_ACTIVE views= 8 mean_abs_feat_delta= 0.412092\n"}
,{"stream_name":"stdout","time":1946.036987801,"data":"SECONDARY_EDGE_TTA_ACTIVE views= 8 weight= 0.75 mean_abs_feat_delta= 0.268376\n"}
,{"stream_name":"stdout","time":1946.041073399,"data":"BIOHUB_RETENTION_GUARD {\"blended_candidates\": 476, \"dataset\": \"44b6_12dfb391\", \"frame\": 46, \"minimum_retention\": 0.9, \"primary_candidates\": 533, \"retention\": 0.8930581613508443, \"use_primary\": true}\n"}
,{"stream_name":"stdout","time":1946.238885841,"data":"SECONDARY_EDGE_TTA_ACTIVE views= 8 weight= 0.75 mean_abs_feat_delta= 0.268376\n"}
,{"stream_name":"stdout","time":1946.238913615,"data":"BIOHUB_RETENTION_GUARD {\"blended_candidates\": 476, \"dataset\": \"44b6_12dfb391\", \"frame\": 46, \"minimum_retention\": 0.9, \"primary_candidates\": 533, \"retention\": 0.8930581613508443, \"use_primary\": true}\n"}
,{"stream_name":"stdout","time":1946.598943363,"data":"SECONDARY_EDGE_TTA_ACTIVE views= 8 weight= 0.75 mean_abs_feat_delta= 0.339831\n"}
,{"stream_name":"stdout","time":1946.801467557,"data":"SECONDARY_EDGE_TTA_ACTIVE views= 8 weight= 0.75 mean_abs_feat_delta= 0.339831\n"}
,{"stream_name":"stdout","time":1947.206788318,"data":"EDGE_TTA_ACTIVE views= 8 mean_abs_feat_delta= 0.36291\n"}
,{"stream_name":"stdout","time":1947.40933607,"data":"EDGE_TTA_ACTIVE views= 8 mean_abs_feat_delta= 0.36291\n"}
,{"stream_name":"stdout","time":1947.659033429,"data":"EDGE_TTA_ACTIVE views= 8 mean_abs_feat_delta= 0.442913\n"}
,{"stream_name":"stdout","time":1947.861253566,"data":"EDGE_TTA_ACTIVE views= 8 mean_abs_feat_delta= 0.442913\n"}
,{"stream_name":"stdout","time":1948.195328634,"data":"SECONDARY_EDGE_TTA_ACTIVE views= 8 weight= 0.75 mean_abs_feat_delta= 0.269724\n"}
,{"stream_name":"stdout","time":1948.199513164,"data":"BIOHUB_RETENTION_GUARD {\"blended_candidates\": 465, \"dataset\": \"44b6_12dfb391\", \"frame\": 47, \"minimum_retention\": 0.9, \"primary_candidates\": 522, \"retention\": 0.8908045977011494, \"use_primary\": true}\n"}
,{"stream_name":"stdout","time":1948.398131693,"data":"SECONDARY_EDGE_TTA_ACTIVE views= 8 weight= 0.75 mean_abs_feat_delta= 0.269724\n"}
,{"stream_name":"stdout","time":1948.39816546,"data":"BIOHUB_RETENTION_GUARD {\"blended_candidates\": 465, \"dataset\": \"44b6_12dfb391\", \"frame\": 47, \"minimum_retention\": 0.9, \"primary_candidates\": 522, \"retention\": 0.8908045977011494, \"use_primary\": true}\n"}
,{"stream_name":"stdout","time":1948.599901389,"data":"SECONDARY_EDGE_TTA_ACTIVE views= 8 weight= 0.75 mean_abs_feat_delta= 0.361819\n"}
,{"stream_name":"stdout","time":1948.802387501,"data":"SECONDARY_EDGE_TTA_ACTIVE views= 8 weight= 0.75 mean_abs_feat_delta= 0.361819\n"}
,{"stream_name":"stdout","time":1949.386855405,"data":"EDGE_TTA_ACTIVE views= 8 mean_abs_feat_delta= 0.361322\n"}
,{"stream_name":"stdout","time":1949.589081445,"data":"EDGE_TTA_ACTIVE views= 8 mean_abs_feat_delta= 0.361322\n"}
,{"stream_name":"stdout","time":1949.680717485,"data":"EDGE_TTA_ACTIVE views= 8 mean_abs_feat_delta= 0.483895\n"}
,{"stream_name":"stdout","time":1949.8826903,"data":"EDGE_TTA_ACTIVE views= 8 mean_abs_feat_delta= 0.483895\n"}
,{"stream_name":"stdout","time":1950.376513797,"data":"SECONDARY_EDGE_TTA_ACTIVE views= 8 weight= 0.75 mean_abs_feat_delta= 0.273663\n"}
,{"stream_name":"stdout","time":1950.578726571,"data":"SECONDARY_EDGE_TTA_ACTIVE views= 8 weight= 0.75 mean_abs_feat_delta= 0.273663\n"}
,{"stream_name":"stdout","time":1950.627018214,"data":"SECONDARY_EDGE_TTA_ACTIVE views= 8 weight= 0.75 mean_abs_feat_delta= 0.370066\n"}
,{"stream_name":"stdout","time":1950.829537477,"data":"SECONDARY_EDGE_TTA_ACTIVE views= 8 weight= 0.75 mean_abs_feat_delta= 0.370066\n"}
,{"stream_name":"stdout","time":1951.540907407,"data":"EDGE_TTA_ACTIVE views= 8 mean_abs_feat_delta= 0.360613\n"}
,{"stream_name":"stdout","time":1951.6874089,"data":"EDGE_TTA_ACTIVE views= 8 mean_abs_feat_delta= 0.437845\n"}
,{"stream_name":"stdout","time":1951.743360546,"data":"EDGE_TTA_ACTIVE views= 8 mean_abs_feat_delta= 0.360613\n"}
,{"stream_name":"stdout","time":1951.743382442,"data":"EDGE_TTA_ACTIVE views= 8 mean_abs_feat_delta= 0.437845\n"}
,{"stream_name":"stdout","time":1952.534159402,"data":"SECONDARY_EDGE_TTA_ACTIVE views= 8 weight= 0.75 mean_abs_feat_delta= 0.274999\n"}
,{"stream_name":"stdout","time":1952.636074502,"data":"SECONDARY_EDGE_TTA_ACTIVE views= 8 weight= 0.75 mean_abs_feat_delta= 0.362912\n"}
,{"stream_name":"stdout","time":1952.736396561,"data":"SECONDARY_EDGE_TTA_ACTIVE views= 8 weight= 0.75 mean_abs_feat_delta= 0.274999\n"}
,{"stream_name":"stdout","time":1952.736440949,"data":"SECONDARY_EDGE_TTA_ACTIVE views= 8 weight= 0.75 mean_abs_feat_delta= 0.362912\n"}
,{"stream_name":"stdout","time":1953.691996401,"data":"EDGE_TTA_ACTIVE views= 8 mean_abs_feat_delta= 0.429644\n"}
,{"stream_name":"stdout","time":1953.731791084,"data":"EDGE_TTA_ACTIVE views= 8 mean_abs_feat_delta= 0.358512\n"}
,{"stream_name":"stdout","time":1953.894557441,"data":"EDGE_TTA_ACTIVE views= 8 mean_abs_feat_delta= 0.429644\n"}
,{"stream_name":"stdout","time":1953.894585968,"data":"EDGE_TTA_ACTIVE views= 8 mean_abs_feat_delta= 0.358512\n"}
,{"stream_name":"stdout","time":1954.642316726,"data":"SECONDARY_EDGE_TTA_ACTIVE views= 8 weight= 0.75 mean_abs_feat_delta= 0.360546\n"}
,{"stream_name":"stdout","time":1954.72386028,"data":"SECONDARY_EDGE_TTA_ACTIVE views= 8 weight= 0.75 mean_abs_feat_delta= 0.276831\n"}
,{"stream_name":"stdout","time":1954.844706672,"data":"SECONDARY_EDGE_TTA_ACTIVE views= 8 weight= 0.75 mean_abs_feat_delta= 0.360546\n"}
,{"stream_name":"stdout","time":1954.84473721,"data":"SECONDARY_EDGE_TTA_ACTIVE views= 8 weight= 0.75 mean_abs_feat_delta= 0.276831\n"}
,{"stream_name":"stdout","time":1955.719826973,"data":"EDGE_TTA_ACTIVE views= 8 mean_abs_feat_delta= 0.437956\n"}
,{"stream_name":"stdout","time":1955.920801408,"data":"EDGE_TTA_ACTIVE views= 8 mean_abs_feat_delta= 0.360539\n"}
,{"stream_name":"stdout","time":1955.922661686,"data":"EDGE_TTA_ACTIVE views= 8 mean_abs_feat_delta= 0.437956\n"}
,{"stream_name":"stdout","time":1956.123060908,"data":"EDGE_TTA_ACTIVE views= 8 mean_abs_feat_delta= 0.360539\n"}
,{"stream_name":"stdout","time":1956.668112771,"data":"SECONDARY_EDGE_TTA_ACTIVE views= 8 weight= 0.75 mean_abs_feat_delta= 0.361732\n"}
,{"stream_name":"stdout","time":1956.870429265,"data":"SECONDARY_EDGE_TTA_ACTIVE views= 8 weight= 0.75 mean_abs_feat_delta= 0.361732\n"}
,{"stream_name":"stdout","time":1956.913005918,"data":"SECONDARY_EDGE_TTA_ACTIVE views= 8 weight= 0.75 mean_abs_feat_delta= 0.280152\n"}
,{"stream_name":"stdout","time":1957.11544778,"data":"SECONDARY_EDGE_TTA_ACTIVE views= 8 weight= 0.75 mean_abs_feat_delta= 0.280152\n"}
,{"stream_name":"stdout","time":1957.723008013,"data":"EDGE_TTA_ACTIVE views= 8 mean_abs_feat_delta= 0.435171\n"}
,{"stream_name":"stdout","time":1957.925019285,"data":"EDGE_TTA_ACTIVE views= 8 mean_abs_feat_delta= 0.435171\n"}
,{"stream_name":"stdout","time":1958.086848099,"data":"EDGE_TTA_ACTIVE views= 8 mean_abs_feat_delta= 0.356216\n"}
,{"stream_name":"stdout","time":1958.289197979,"data":"EDGE_TTA_ACTIVE views= 8 mean_abs_feat_delta= 0.356216\n"}
,{"stream_name":"stdout","time":1958.675336898,"data":"SECONDARY_EDGE_TTA_ACTIVE views= 8 weight= 0.75 mean_abs_feat_delta= 0.365673\n"}
,{"stream_name":"stdout","time":1958.87793209,"data":"SECONDARY_EDGE_TTA_ACTIVE views= 8 weight= 0.75 mean_abs_feat_delta= 0.365673\n"}
,{"stream_name":"stdout","time":1959.082406929,"data":"SECONDARY_EDGE_TTA_ACTIVE views= 8 weight= 0.75 mean_abs_feat_delta= 0.275081\n"}
,{"stream_name":"stdout","time":1959.285206692,"data":"SECONDARY_EDGE_TTA_ACTIVE views= 8 weight= 0.75 mean_abs_feat_delta= 0.275081\n"}
,{"stream_name":"stdout","time":1959.725300865,"data":"EDGE_TTA_ACTIVE views= 8 mean_abs_feat_delta= 0.419983\n"}
,{"stream_name":"stdout","time":1959.927897229,"data":"EDGE_TTA_ACTIVE views= 8 mean_abs_feat_delta= 0.419983\n"}
,{"stream_name":"stdout","time":1960.24945496,"data":"EDGE_TTA_ACTIVE views= 8 mean_abs_feat_delta= 0.355334\n"}
,{"stream_name":"stdout","time":1960.451723373,"data":"EDGE_TTA_ACTIVE views= 8 mean_abs_feat_delta= 0.355334\n"}
,{"stream_name":"stdout","time":1960.679821035,"data":"SECONDARY_EDGE_TTA_ACTIVE views= 8 weight= 0.75 mean_abs_feat_delta= 0.354795\n"}
,{"stream_name":"stdout","time":1960.882296141,"data":"SECONDARY_EDGE_TTA_ACTIVE views= 8 weight= 0.75 mean_abs_feat_delta= 0.354795\n"}
,{"stream_name":"stdout","time":1961.246285838,"data":"SECONDARY_EDGE_TTA_ACTIVE views= 8 weight= 0.75 mean_abs_feat_delta= 0.270033\n"}
,{"stream_name":"stdout","time":1961.448876317,"data":"SECONDARY_EDGE_TTA_ACTIVE views= 8 weight= 0.75 mean_abs_feat_delta= 0.270033\n"}
,{"stream_name":"stdout","time":1961.744803462,"data":"EDGE_TTA_ACTIVE views= 8 mean_abs_feat_delta= 0.422604\n"}
,{"stream_name":"stdout","time":1961.947408256,"data":"EDGE_TTA_ACTIVE views= 8 mean_abs_feat_delta= 0.422604\n"}
,{"stream_name":"stdout","time":1962.439883659,"data":"EDGE_TTA_ACTIVE views= 8 mean_abs_feat_delta= 0.357476\n"}
,{"stream_name":"stdout","time":1962.701862257,"data":"SECONDARY_EDGE_TTA_ACTIVE views= 8 weight= 0.75 mean_abs_feat_delta= 0.351886\n"}
,{"stream_name":"stdout","time":1962.708743684,"data":"EDGE_TTA_ACTIVE views= 8 mean_abs_feat_delta= 0.357476\n"}
,{"stream_name":"stdout","time":1962.903286332,"data":"SECONDARY_EDGE_TTA_ACTIVE views= 8 weight= 0.75 mean_abs_feat_delta= 0.351886\n"}
,{"stream_name":"stdout","time":1963.436786402,"data":"SECONDARY_EDGE_TTA_ACTIVE views= 8 weight= 0.75 mean_abs_feat_delta= 0.270454\n"}
,{"stream_name":"stdout","time":1963.639567325,"data":"SECONDARY_EDGE_TTA_ACTIVE views= 8 weight= 0.75 mean_abs_feat_delta= 0.270454\n"}
,{"stream_name":"stdout","time":1963.788227086,"data":"EDGE_TTA_ACTIVE views= 8 mean_abs_feat_delta= 0.431961\n"}
,{"stream_name":"stdout","time":1963.99058687,"data":"EDGE_TTA_ACTIVE views= 8 mean_abs_feat_delta= 0.431961\n"}
,{"stream_name":"stdout","time":1964.631489134,"data":"EDGE_TTA_ACTIVE views= 8 mean_abs_feat_delta= 0.358644\n"}
,{"stream_name":"stdout","time":1964.744069586,"data":"SECONDARY_EDGE_TTA_ACTIVE views= 8 weight= 0.75 mean_abs_feat_delta= 0.356942\n"}
,{"stream_name":"stdout","time":1964.833903799,"data":"EDGE_TTA_ACTIVE views= 8 mean_abs_feat_delta= 0.358644\n"}
,{"stream_name":"stdout","time":1964.8339271,"data":"SECONDARY_EDGE_TTA_ACTIVE views= 8 weight= 0.75 mean_abs_feat_delta= 0.356942\n"}
,{"stream_name":"stdout","time":1965.629577079,"data":"SECONDARY_EDGE_TTA_ACTIVE views= 8 weight= 0.75 mean_abs_feat_delta= 0.272504\n"}
,{"stream_name":"stdout","time":1965.633917328,"data":"BIOHUB_RETENTION_GUARD {\"blended_candidates\": 455, \"dataset\": \"44b6_12dfb391\", \"frame\": 55, \"minimum_retention\": 0.9, \"primary_candidates\": 530, \"retention\": 0.8584905660377359, \"use_primary\": true}\n"}
,{"stream_name":"stdout","time":1965.812505062,"data":"EDGE_TTA_ACTIVE views= 8 mean_abs_feat_delta= 0.423082\n"}
,{"stream_name":"stdout","time":1965.832669374,"data":"SECONDARY_EDGE_TTA_ACTIVE views= 8 weight= 0.75 mean_abs_feat_delta= 0.272504\n"}
,{"stream_name":"stdout","time":1965.832722185,"data":"BIOHUB_RETENTION_GUARD {\"blended_candidates\": 455, \"dataset\": \"44b6_12dfb391\", \"frame\": 55, \"minimum_retention\": 0.9, \"primary_candidates\": 530, \"retention\": 0.8584905660377359, \"use_primary\": true}\n"}
,{"stream_name":"stdout","time":1965.832731072,"data":"EDGE_TTA_ACTIVE views= 8 mean_abs_feat_delta= 0.423082\n"}
,{"stream_name":"stdout","time":1966.767633031,"data":"SECONDARY_EDGE_TTA_ACTIVE views= 8 weight= 0.75 mean_abs_feat_delta= 0.360812\n"}
,{"stream_name":"stdout","time":1966.802362817,"data":"EDGE_TTA_ACTIVE views= 8 mean_abs_feat_delta= 0.359045\n"}
,{"stream_name":"stdout","time":1966.970112079,"data":"SECONDARY_EDGE_TTA_ACTIVE views= 8 weight= 0.75 mean_abs_feat_delta= 0.360812\n"}
,{"stream_name":"stdout","time":1966.970142468,"data":"EDGE_TTA_ACTIVE views= 8 mean_abs_feat_delta= 0.359045\n"}
,{"stream_name":"stdout","time":1967.799946066,"data":"SECONDARY_EDGE_TTA_ACTIVE views= 8 weight= 0.75 mean_abs_feat_delta= 0.274172\n"}
,{"stream_name":"stdout","time":1967.804032221,"data":"BIOHUB_RETENTION_GUARD {\"blended_candidates\": 465, \"dataset\": \"44b6_12dfb391\", \"frame\": 56, \"minimum_retention\": 0.9, \"primary_candidates\": 535, \"retention\": 0.8691588785046729, \"use_primary\": true}\n"}
,{"stream_name":"stdout","time":1967.827393669,"data":"EDGE_TTA_ACTIVE views= 8 mean_abs_feat_delta= 0.405131\n"}
,{"stream_name":"stdout","time":1968.002176944,"data":"SECONDARY_EDGE_TTA_ACTIVE views= 8 weight= 0.75 mean_abs_feat_delta= 0.274172\n"}
,{"stream_name":"stdout","time":1968.002214196,"data":"BIOHUB_RETENTION_GUARD {\"blended_candidates\": 465, \"dataset\": \"44b6_12dfb391\", \"frame\": 56, \"minimum_retention\": 0.9, \"primary_candidates\": 535, \"retention\": 0.8691588785046729, \"use_primary\": true}\n"}
,{"stream_name":"stdout","time":1968.002220871,"data":"EDGE_TTA_ACTIVE views= 8 mean_abs_feat_delta= 0.405131\n"}
,{"stream_name":"stdout","time":1968.784855731,"data":"SECONDARY_EDGE_TTA_ACTIVE views= 8 weight= 0.75 mean_abs_feat_delta= 0.363753\n"}
,{"stream_name":"stdout","time":1968.98720088,"data":"SECONDARY_EDGE_TTA_ACTIVE views= 8 weight= 0.75 mean_abs_feat_delta= 0.363753\n"}
,{"stream_name":"stdout","time":1969.019013068,"data":"EDGE_TTA_ACTIVE views= 8 mean_abs_feat_delta= 0.359291\n"}
,{"stream_name":"stdout","time":1969.2212712,"data":"EDGE_TTA_ACTIVE views= 8 mean_abs_feat_delta= 0.359291\n"}
,{"stream_name":"stdout","time":1969.875541448,"data":"EDGE_TTA_ACTIVE views= 8 mean_abs_feat_delta= 0.413704\n"}
,{"stream_name":"stdout","time":1970.019484156,"data":"SECONDARY_EDGE_TTA_ACTIVE views= 8 weight= 0.75 mean_abs_feat_delta= 0.276272\n"}
,{"stream_name":"stdout","time":1970.023797575,"data":"BIOHUB_RETENTION_GUARD {\"blended_candidates\": 459, \"dataset\": \"44b6_12dfb391\", \"frame\": 57, \"minimum_retention\": 0.9, \"primary_candidates\": 521, \"retention\": 0.8809980806142035, \"use_primary\": true}\n"}
,{"stream_name":"stdout","time":1970.078229159,"data":"EDGE_TTA_ACTIVE views= 8 mean_abs_feat_delta= 0.413704\n"}
,{"stream_name":"stdout","time":1970.078247912,"data":"SECONDARY_EDGE_TTA_ACTIVE views= 8 weight= 0.75 mean_abs_feat_delta= 0.276272\n"}
,{"stream_name":"stdout","time":1970.078252913,"data":"BIOHUB_RETENTION_GUARD {\"blended_candidates\": 459, \"dataset\": \"44b6_12dfb391\", \"frame\": 57, \"minimum_retention\": 0.9, \"primary_candidates\": 521, \"retention\": 0.8809980806142035, \"use_primary\": true}\n"}
,{"stream_name":"stdout","time":1970.833853231,"data":"SECONDARY_EDGE_TTA_ACTIVE views= 8 weight= 0.75 mean_abs_feat_delta= 0.356796\n"}
,{"stream_name":"stdout","time":1971.037202396,"data":"SECONDARY_EDGE_TTA_ACTIVE views= 8 weight= 0.75 mean_abs_feat_delta= 0.356796\n"}
,{"stream_name":"stdout","time":1971.226216114,"data":"EDGE_TTA_ACTIVE views= 8 mean_abs_feat_delta= 0.359725\n"}
,{"stream_name":"stdout","time":1971.428431448,"data":"EDGE_TTA_ACTIVE views= 8 mean_abs_feat_delta= 0.359725\n"}
,{"stream_name":"stdout","time":1971.896488311,"data":"EDGE_TTA_ACTIVE views= 8 mean_abs_feat_delta= 0.412727\n"}
,{"stream_name":"stdout","time":1972.09885322,"data":"EDGE_TTA_ACTIVE views= 8 mean_abs_feat_delta= 0.412727\n"}
,{"stream_name":"stdout","time":1972.221955931,"data":"SECONDARY_EDGE_TTA_ACTIVE views= 8 weight= 0.75 mean_abs_feat_delta= 0.275223\n"}
,{"stream_name":"stdout","time":1972.226303679,"data":"BIOHUB_RETENTION_GUARD {\"blended_candidates\": 448, \"dataset\": \"44b6_12dfb391\", \"frame\": 58, \"minimum_retention\": 0.9, \"primary_candidates\": 521, \"retention\": 0.8598848368522073, \"use_primary\": true}\n"}
,{"stream_name":"stdout","time":1972.424576814,"data":"SECONDARY_EDGE_TTA_ACTIVE views= 8 weight= 0.75 mean_abs_feat_delta= 0.275223\n"}
,{"stream_name":"stdout","time":1972.424603267,"data":"BIOHUB_RETENTION_GUARD {\"blended_candidates\": 448, \"dataset\": \"44b6_12dfb391\", \"frame\": 58, \"minimum_retention\": 0.9, \"primary_candidates\": 521, \"retention\": 0.8598848368522073, \"use_primary\": true}\n"}
,{"stream_name":"stdout","time":1972.858692136,"data":"SECONDARY_EDGE_TTA_ACTIVE views= 8 weight= 0.75 mean_abs_feat_delta= 0.352085\n"}
,{"stream_name":"stdout","time":1973.061102902,"data":"SECONDARY_EDGE_TTA_ACTIVE views= 8 weight= 0.75 mean_abs_feat_delta= 0.352085\n"}
,{"stream_name":"stdout","time":1973.398667468,"data":"EDGE_TTA_ACTIVE views= 8 mean_abs_feat_delta= 0.358646\n"}
,{"stream_name":"stdout","time":1973.601036581,"data":"EDGE_TTA_ACTIVE views= 8 mean_abs_feat_delta= 0.358646\n"}
,{"stream_name":"stdout","time":1973.909859528,"data":"EDGE_TTA_ACTIVE views= 8 mean_abs_feat_delta= 0.405134\n"}
,{"stream_name":"stdout","time":1974.112246425,"data":"EDGE_TTA_ACTIVE views= 8 mean_abs_feat_delta= 0.405134\n"}
,{"stream_name":"stdout","time":1974.391974315,"data":"SECONDARY_EDGE_TTA_ACTIVE views= 8 weight= 0.75 mean_abs_feat_delta= 0.273846\n"}
,{"stream_name":"stdout","time":1974.396110415,"data":"BIOHUB_RETENTION_GUARD {\"blended_candidates\": 457, \"dataset\": \"44b6_12dfb391\", \"frame\": 59, \"minimum_retention\": 0.9, \"primary_candidates\": 527, \"retention\": 0.8671726755218216, \"use_primary\": true}\n"}
,{"stream_name":"stdout","time":1974.594456213,"data":"SECONDARY_EDGE_TTA_ACTIVE views= 8 weight= 0.75 mean_abs_feat_delta= 0.273846\n"}
,{"stream_name":"stdout","time":1974.594482377,"data":"BIOHUB_RETENTION_GUARD {\"blended_candidates\": 457, \"dataset\": \"44b6_12dfb391\", \"frame\": 59, \"minimum_retention\": 0.9, \"primary_candidates\": 527, \"retention\": 0.8671726755218216, \"use_primary\": true}\n"}
,{"stream_name":"stdout","time":1974.868182459,"data":"SECONDARY_EDGE_TTA_ACTIVE views= 8 weight= 0.75 mean_abs_feat_delta= 0.344171\n"}
,{"stream_name":"stdout","time":1975.070735817,"data":"SECONDARY_EDGE_TTA_ACTIVE views= 8 weight= 0.75 mean_abs_feat_delta= 0.344171\n"}
,{"stream_name":"stdout","time":1975.56221064,"data":"EDGE_TTA_ACTIVE views= 8 mean_abs_feat_delta= 0.356109\n"}
,{"stream_name":"stdout","time":1975.764483126,"data":"EDGE_TTA_ACTIVE views= 8 mean_abs_feat_delta= 0.356109\n"}
,{"stream_name":"stdout","time":1975.926434075,"data":"EDGE_TTA_ACTIVE views= 8 mean_abs_feat_delta= 0.398262\n"}
,{"stream_name":"stdout","time":1976.128765177,"data":"EDGE_TTA_ACTIVE views= 8 mean_abs_feat_delta= 0.398262\n"}
,{"stream_name":"stdout","time":1976.554920852,"data":"SECONDARY_EDGE_TTA_ACTIVE views= 8 weight= 0.75 mean_abs_feat_delta= 0.271578\n"}
,{"stream_name":"stdout","time":1976.559211909,"data":"BIOHUB_RETENTION_GUARD {\"blended_candidates\": 465, \"dataset\": \"44b6_12dfb391\", \"frame\": 60, \"minimum_retention\": 0.9, \"primary_candidates\": 532, \"retention\": 0.8740601503759399, \"use_primary\": true}\n"}
,{"stream_name":"stdout","time":1976.757523479,"data":"SECONDARY_EDGE_TTA_ACTIVE views= 8 weight= 0.75 mean_abs_feat_delta= 0.271578\n"}
,{"stream_name":"stdout","time":1976.757550781,"data":"BIOHUB_RETENTION_GUARD {\"blended_candidates\": 465, \"dataset\": \"44b6_12dfb391\", \"frame\": 60, \"minimum_retention\": 0.9, \"primary_candidates\": 532, \"retention\": 0.8740601503759399, \"use_primary\": true}\n"}
,{"stream_name":"stdout","time":1976.887282961,"data":"SECONDARY_EDGE_TTA_ACTIVE views= 8 weight= 0.75 mean_abs_feat_delta= 0.343819\n"}
,{"stream_name":"stdout","time":1977.089765929,"data":"SECONDARY_EDGE_TTA_ACTIVE views= 8 weight= 0.75 mean_abs_feat_delta= 0.343819\n"}
,{"stream_name":"stdout","time":1977.729961744,"data":"EDGE_TTA_ACTIVE views= 8 mean_abs_feat_delta= 0.35642\n"}
,{"stream_name":"stdout","time":1977.932253722,"data":"EDGE_TTA_ACTIVE views= 8 mean_abs_feat_delta= 0.35642\n"}
,{"stream_name":"stdout","time":1977.943486767,"data":"EDGE_TTA_ACTIVE views= 8 mean_abs_feat_delta= 0.405184\n"}
,{"stream_name":"stdout","time":1978.145907319,"data":"EDGE_TTA_ACTIVE views= 8 mean_abs_feat_delta= 0.405184\n"}
,{"stream_name":"stdout","time":1978.721920999,"data":"SECONDARY_EDGE_TTA_ACTIVE views= 8 weight= 0.75 mean_abs_feat_delta= 0.273173\n"}
,{"stream_name":"stdout","time":1978.726069177,"data":"BIOHUB_RETENTION_GUARD {\"blended_candidates\": 445, \"dataset\": \"44b6_12dfb391\", \"frame\": 61, \"minimum_retention\": 0.9, \"primary_candidates\": 533, \"retention\": 0.8348968105065666, \"use_primary\": true}\n"}
,{"stream_name":"stdout","time":1978.900602451,"data":"SECONDARY_EDGE_TTA_ACTIVE views= 8 weight= 0.75 mean_abs_feat_delta= 0.347543\n"}
,{"stream_name":"stdout","time":1978.924417211,"data":"SECONDARY_EDGE_TTA_ACTIVE views= 8 weight= 0.75 mean_abs_feat_delta= 0.273173\n"}
,{"stream_name":"stdout","time":1978.924441904,"data":"BIOHUB_RETENTION_GUARD {\"blended_candidates\": 445, \"dataset\": \"44b6_12dfb391\", \"frame\": 61, \"minimum_retention\": 0.9, \"primary_candidates\": 533, \"retention\": 0.8348968105065666, \"use_primary\": true}\n"}
,{"stream_name":"stdout","time":1978.924449756,"data":"SECONDARY_EDGE_TTA_ACTIVE views= 8 weight= 0.75 mean_abs_feat_delta= 0.347543\n"}
,{"stream_name":"stdout","time":1979.914687135,"data":"EDGE_TTA_ACTIVE views= 8 mean_abs_feat_delta= 0.355479\n"}
,{"stream_name":"stdout","time":1979.966588646,"data":"EDGE_TTA_ACTIVE views= 8 mean_abs_feat_delta= 0.397428\n"}
,{"stream_name":"stdout","time":1980.117044044,"data":"EDGE_TTA_ACTIVE views= 8 mean_abs_feat_delta= 0.355479\n"}
,{"stream_name":"stdout","time":1980.11706684,"data":"EDGE_TTA_ACTIVE views= 8 mean_abs_feat_delta= 0.397428\n"}
,{"stream_name":"stdout","time":1980.905368011,"data":"SECONDARY_EDGE_TTA_ACTIVE views= 8 weight= 0.75 mean_abs_feat_delta= 0.277188\n"}
,{"stream_name":"stdout","time":1980.909825318,"data":"BIOHUB_RETENTION_GUARD {\"blended_candidates\": 479, \"dataset\": \"44b6_12dfb391\", \"frame\": 62, \"minimum_retention\": 0.9, \"primary_candidates\": 545, \"retention\": 0.8788990825688073, \"use_primary\": true}\n"}
,{"stream_name":"stdout","time":1980.925004279,"data":"SECONDARY_EDGE_TTA_ACTIVE views= 8 weight= 0.75 mean_abs_feat_delta= 0.341528\n"}
,{"stream_name":"stdout","time":1981.108169178,"data":"SECONDARY_EDGE_TTA_ACTIVE views= 8 weight= 0.75 mean_abs_feat_delta= 0.277188\n"}
,{"stream_name":"stdout","time":1981.108199217,"data":"BIOHUB_RETENTION_GUARD {\"blended_candidates\": 479, \"dataset\": \"44b6_12dfb391\", \"frame\": 62, \"minimum_retention\": 0.9, \"primary_candidates\": 545, \"retention\": 0.8788990825688073, \"use_primary\": true}\n"}
,{"stream_name":"stdout","time":1981.108220022,"data":"SECONDARY_EDGE_TTA_ACTIVE views= 8 weight= 0.75 mean_abs_feat_delta= 0.341528\n"}
,{"stream_name":"stdout","time":1981.987244526,"data":"EDGE_TTA_ACTIVE views= 8 mean_abs_feat_delta= 0.403578\n"}
,{"stream_name":"stdout","time":1982.12267488,"data":"EDGE_TTA_ACTIVE views= 8 mean_abs_feat_delta= 0.356088\n"}
,{"stream_name":"stdout","time":1982.189552341,"data":"EDGE_TTA_ACTIVE views= 8 mean_abs_feat_delta= 0.403578\n"}
,{"stream_name":"stdout","time":1982.189576114,"data":"EDGE_TTA_ACTIVE views= 8 mean_abs_feat_delta= 0.356088\n"}
,{"stream_name":"stdout","time":1982.950823028,"data":"SECONDARY_EDGE_TTA_ACTIVE views= 8 weight= 0.75 mean_abs_feat_delta= 0.339371\n"}
,{"stream_name":"stdout","time":1983.113201746,"data":"SECONDARY_EDGE_TTA_ACTIVE views= 8 weight= 0.75 mean_abs_feat_delta= 0.278174\n"}
,{"stream_name":"stdout","time":1983.117499576,"data":"BIOHUB_RETENTION_GUARD {\"blended_candidates\": 482, \"dataset\": \"44b6_12dfb391\", \"frame\": 63, \"minimum_retention\": 0.9, \"primary_candidates\": 547, \"retention\": 0.8811700182815356, \"use_primary\": true}\n"}
,{"stream_name":"stdout","time":1983.153011664,"data":"SECONDARY_EDGE_TTA_ACTIVE views= 8 weight= 0.75 mean_abs_feat_delta= 0.339371\n"}
,{"stream_name":"stdout","time":1983.153030707,"data":"SECONDARY_EDGE_TTA_ACTIVE views= 8 weight= 0.75 mean_abs_feat_delta= 0.278174\n"}
,{"stream_name":"stdout","time":1983.153036199,"data":"BIOHUB_RETENTION_GUARD {\"blended_candidates\": 482, \"dataset\": \"44b6_12dfb391\", \"frame\": 63, \"minimum_retention\": 0.9, \"primary_candidates\": 547, \"retention\": 0.8811700182815356, \"use_primary\": true}\n"}
,{"stream_name":"stdout","time":1984.011487529,"data":"EDGE_TTA_ACTIVE views= 8 mean_abs_feat_delta= 0.39715\n"}
,{"stream_name":"stdout","time":1984.213895628,"data":"EDGE_TTA_ACTIVE views= 8 mean_abs_feat_delta= 0.39715\n"}
,{"stream_name":"stdout","time":1984.291565009,"data":"EDGE_TTA_ACTIVE views= 8 mean_abs_feat_delta= 0.362967\n"}
,{"stream_name":"stdout","time":1984.493835849,"data":"EDGE_TTA_ACTIVE views= 8 mean_abs_feat_delta= 0.362967\n"}
,{"stream_name":"stdout","time":1984.972801034,"data":"SECONDARY_EDGE_TTA_ACTIVE views= 8 weight= 0.75 mean_abs_feat_delta= 0.324051\n"}
,{"stream_name":"stdout","time":1985.175463428,"data":"SECONDARY_EDGE_TTA_ACTIVE views= 8 weight= 0.75 mean_abs_feat_delta= 0.324051\n"}
,{"stream_name":"stdout","time":1985.281501576,"data":"SECONDARY_EDGE_TTA_ACTIVE views= 8 weight= 0.75 mean_abs_feat_delta= 0.280103\n"}
,{"stream_name":"stdout","time":1985.285667769,"data":"BIOHUB_RETENTION_GUARD {\"blended_candidates\": 488, \"dataset\": \"44b6_12dfb391\", \"frame\": 64, \"minimum_retention\": 0.9, \"primary_candidates\": 543, \"retention\": 0.8987108655616943, \"use_primary\": true}\n"}
,{"stream_name":"stdout","time":1985.483577646,"data":"SECONDARY_EDGE_TTA_ACTIVE views= 8 weight= 0.75 mean_abs_feat_delta= 0.280103\n"}
,{"stream_name":"stdout","time":1985.48362091,"data":"BIOHUB_RETENTION_GUARD {\"blended_candidates\": 488, \"dataset\": \"44b6_12dfb391\", \"frame\": 64, \"minimum_retention\": 0.9, \"primary_candidates\": 543, \"retention\": 0.8987108655616943, \"use_primary\": true}\n"}
,{"stream_name":"stdout","time":1986.010431399,"data":"EDGE_TTA_ACTIVE views= 8 mean_abs_feat_delta= 0.39881\n"}
,{"stream_name":"stdout","time":1986.212862617,"data":"EDGE_TTA_ACTIVE views= 8 mean_abs_feat_delta= 0.39881\n"}
,{"stream_name":"stdout","time":1986.45782136,"data":"EDGE_TTA_ACTIVE views= 8 mean_abs_feat_delta= 0.362953\n"}
,{"stream_name":"stdout","time":1986.66016342,"data":"EDGE_TTA_ACTIVE views= 8 mean_abs_feat_delta= 0.362953\n"}
,{"stream_name":"stdout","time":1986.967396722,"data":"SECONDARY_EDGE_TTA_ACTIVE views= 8 weight= 0.75 mean_abs_feat_delta= 0.3078\n"}
,{"stream_name":"stdout","time":1987.17003344,"data":"SECONDARY_EDGE_TTA_ACTIVE views= 8 weight= 0.75 mean_abs_feat_delta= 0.3078\n"}
,{"stream_name":"stdout","time":1987.439820667,"data":"SECONDARY_EDGE_TTA_ACTIVE views= 8 weight= 0.75 mean_abs_feat_delta= 0.285727\n"}
,{"stream_name":"stdout","time":1987.443799233,"data":"BIOHUB_RETENTION_GUARD {\"blended_candidates\": 486, \"dataset\": \"44b6_12dfb391\", \"frame\": 65, \"minimum_retention\": 0.9, \"primary_candidates\": 548, \"retention\": 0.8868613138686131, \"use_primary\": true}\n"}
,{"stream_name":"stdout","time":1987.641811681,"data":"SECONDARY_EDGE_TTA_ACTIVE views= 8 weight= 0.75 mean_abs_feat_delta= 0.285727\n"}
,{"stream_name":"stdout","time":1987.641842806,"data":"BIOHUB_RETENTION_GUARD {\"blended_candidates\": 486, \"dataset\": \"44b6_12dfb391\", \"frame\": 65, \"minimum_retention\": 0.9, \"primary_candidates\": 548, \"retention\": 0.8868613138686131, \"use_primary\": true}\n"}
,{"stream_name":"stdout","time":1988.017137672,"data":"EDGE_TTA_ACTIVE views= 8 mean_abs_feat_delta= 0.395142\n"}
,{"stream_name":"stdout","time":1988.220033605,"data":"EDGE_TTA_ACTIVE views= 8 mean_abs_feat_delta= 0.395142\n"}
,{"stream_name":"stdout","time":1988.646499923,"data":"EDGE_TTA_ACTIVE views= 8 mean_abs_feat_delta= 0.360078\n"}
,{"stream_name":"stdout","time":1988.849082015,"data":"EDGE_TTA_ACTIVE views= 8 mean_abs_feat_delta= 0.360078\n"}
,{"stream_name":"stdout","time":1988.975036505,"data":"SECONDARY_EDGE_TTA_ACTIVE views= 8 weight= 0.75 mean_abs_feat_delta= 0.312968\n"}
,{"stream_name":"stdout","time":1989.177597912,"data":"SECONDARY_EDGE_TTA_ACTIVE views= 8 weight= 0.75 mean_abs_feat_delta= 0.312968\n"}
,{"stream_name":"stdout","time":1989.630751634,"data":"SECONDARY_EDGE_TTA_ACTIVE views= 8 weight= 0.75 mean_abs_feat_delta= 0.28264\n"}
,{"stream_name":"stdout","time":1989.832878277,"data":"SECONDARY_EDGE_TTA_ACTIVE views= 8 weight= 0.75 mean_abs_feat_delta= 0.28264\n"}
,{"stream_name":"stdout","time":1990.026716846,"data":"EDGE_TTA_ACTIVE views= 8 mean_abs_feat_delta= 0.389444\n"}
,{"stream_name":"stdout","time":1990.229409511,"data":"EDGE_TTA_ACTIVE views= 8 mean_abs_feat_delta= 0.389444\n"}
,{"stream_name":"stdout","time":1990.806594903,"data":"EDGE_TTA_ACTIVE views= 8 mean_abs_feat_delta= 0.362617\n"}
,{"stream_name":"stdout","time":1990.981535958,"data":"SECONDARY_EDGE_TTA_ACTIVE views= 8 weight= 0.75 mean_abs_feat_delta= 0.309873\n"}
,{"stream_name":"stdout","time":1991.010520926,"data":"EDGE_TTA_ACTIVE views= 8 mean_abs_feat_delta= 0.362617\n"}
,{"stream_name":"stdout","time":1991.010540343,"data":"SECONDARY_EDGE_TTA_ACTIVE views= 8 weight= 0.75 mean_abs_feat_delta= 0.309873\n"}
,{"stream_name":"stdout","time":1991.790449857,"data":"SECONDARY_EDGE_TTA_ACTIVE views= 8 weight= 0.75 mean_abs_feat_delta= 0.281499\n"}
,{"stream_name":"stdout","time":1991.992548768,"data":"SECONDARY_EDGE_TTA_ACTIVE views= 8 weight= 0.75 mean_abs_feat_delta= 0.281499\n"}
,{"stream_name":"stdout","time":1992.062485839,"data":"EDGE_TTA_ACTIVE views= 8 mean_abs_feat_delta= 0.407984\n"}
,{"stream_name":"stdout","time":1992.265059609,"data":"EDGE_TTA_ACTIVE views= 8 mean_abs_feat_delta= 0.407984\n"}
,{"stream_name":"stdout","time":1992.959801221,"data":"EDGE_TTA_ACTIVE views= 8 mean_abs_feat_delta= 0.366399\n"}
,{"stream_name":"stdout","time":1993.019235164,"data":"SECONDARY_EDGE_TTA_ACTIVE views= 8 weight= 0.75 mean_abs_feat_delta= 0.322753\n"}
,{"stream_name":"stdout","time":1993.232395942,"data":"EDGE_TTA_ACTIVE views= 8 mean_abs_feat_delta= 0.366399\n"}
,{"stream_name":"stdout","time":1993.232444692,"data":"SECONDARY_EDGE_TTA_ACTIVE views= 8 weight= 0.75 mean_abs_feat_delta= 0.322753\n"}
,{"stream_name":"stdout","time":1993.939072906,"data":"SECONDARY_EDGE_TTA_ACTIVE views= 8 weight= 0.75 mean_abs_feat_delta= 0.275506\n"}
,{"stream_name":"stdout","time":1993.943141513,"data":"BIOHUB_RETENTION_GUARD {\"blended_candidates\": 497, \"dataset\": \"44b6_12dfb391\", \"frame\": 68, \"minimum_retention\": 0.9, \"primary_candidates\": 557, \"retention\": 0.8922800718132855, \"use_primary\": true}\n"}
,{"stream_name":"stdout","time":1994.097960612,"data":"EDGE_TTA_ACTIVE views= 8 mean_abs_feat_delta= 0.401835\n"}
,{"stream_name":"stdout","time":1994.141425466,"data":"SECONDARY_EDGE_TTA_ACTIVE views= 8 weight= 0.75 mean_abs_feat_delta= 0.275506\n"}
,{"stream_name":"stdout","time":1994.141453527,"data":"BIOHUB_RETENTION_GUARD {\"blended_candidates\": 497, \"dataset\": \"44b6_12dfb391\", \"frame\": 68, \"minimum_retention\": 0.9, \"primary_candidates\": 557, \"retention\": 0.8922800718132855, \"use_primary\": true}\n"}
,{"stream_name":"stdout","time":1994.141459342,"data":"EDGE_TTA_ACTIVE views= 8 mean_abs_feat_delta= 0.401835\n"}
,{"stream_name":"stdout","time":1995.056373371,"data":"SECONDARY_EDGE_TTA_ACTIVE views= 8 weight= 0.75 mean_abs_feat_delta= 0.325365\n"}
,{"stream_name":"stdout","time":1995.113845132,"data":"EDGE_TTA_ACTIVE views= 8 mean_abs_feat_delta= 0.368337\n"}
,{"stream_name":"stdout","time":1995.258629117,"data":"SECONDARY_EDGE_TTA_ACTIVE views= 8 weight= 0.75 mean_abs_feat_delta= 0.325365\n"}
,{"stream_name":"stdout","time":1995.258657877,"data":"EDGE_TTA_ACTIVE views= 8 mean_abs_feat_delta= 0.368337\n"}
,{"stream_name":"stdout","time":1996.091968596,"data":"SECONDARY_EDGE_TTA_ACTIVE views= 8 weight= 0.75 mean_abs_feat_delta= 0.2767\n"}
,{"stream_name":"stdout","time":1996.095891944,"data":"BIOHUB_RETENTION_GUARD {\"blended_candidates\": 478, \"dataset\": \"44b6_12dfb391\", \"frame\": 69, \"minimum_retention\": 0.9, \"primary_candidates\": 573, \"retention\": 0.8342059336823735, \"use_primary\": true}\n"}
,{"stream_name":"stdout","time":1996.105119421,"data":"EDGE_TTA_ACTIVE views= 8 mean_abs_feat_delta= 0.393714\n"}
,{"stream_name":"stdout","time":1996.293971353,"data":"SECONDARY_EDGE_TTA_ACTIVE views= 8 weight= 0.75 mean_abs_feat_delta= 0.2767\n"}
,{"stream_name":"stdout","time":1996.293998908,"data":"BIOHUB_RETENTION_GUARD {\"blended_candidates\": 478, \"dataset\": \"44b6_12dfb391\", \"frame\": 69, \"minimum_retention\": 0.9, \"primary_candidates\": 573, \"retention\": 0.8342059336823735, \"use_primary\": true}\n"}
,{"stream_name":"stdout","time":1996.294004495,"data":"EDGE_TTA_ACTIVE views= 8 mean_abs_feat_delta= 0.393714\n"}
,{"stream_name":"stdout","time":1997.065529433,"data":"SECONDARY_EDGE_TTA_ACTIVE views= 8 weight= 0.75 mean_abs_feat_delta= 0.321136\n"}
,{"stream_name":"stdout","time":1997.268237553,"data":"SECONDARY_EDGE_TTA_ACTIVE views= 8 weight= 0.75 mean_abs_feat_delta= 0.321136\n"}
,{"stream_name":"stdout","time":1997.28499244,"data":"EDGE_TTA_ACTIVE views= 8 mean_abs_feat_delta= 0.370456\n"}
,{"stream_name":"stdout","time":1997.487078596,"data":"EDGE_TTA_ACTIVE views= 8 mean_abs_feat_delta= 0.370456\n"}
,{"stream_name":"stdout","time":1998.142072438,"data":"EDGE_TTA_ACTIVE views= 8 mean_abs_feat_delta= 0.376572\n"}
,{"stream_name":"stdout","time":1998.260526553,"data":"SECONDARY_EDGE_TTA_ACTIVE views= 8 weight= 0.75 mean_abs_feat_delta= 0.280876\n"}
,{"stream_name":"stdout","time":1998.265004175,"data":"BIOHUB_RETENTION_GUARD {\"blended_candidates\": 468, \"dataset\": \"44b6_12dfb391\", \"frame\": 70, \"minimum_retention\": 0.9, \"primary_candidates\": 542, \"retention\": 0.8634686346863468, \"use_primary\": true}\n"}
,{"stream_name":"stdout","time":1998.345027069,"data":"EDGE_TTA_ACTIVE views= 8 mean_abs_feat_delta= 0.376572\n"}
,{"stream_name":"stdout","time":1998.345056621,"data":"SECONDARY_EDGE_TTA_ACTIVE views= 8 weight= 0.75 mean_abs_feat_delta= 0.280876\n"}
,{"stream_name":"stdout","time":1998.345061687,"data":"BIOHUB_RETENTION_GUARD {\"blended_candidates\": 468, \"dataset\": \"44b6_12dfb391\", \"frame\": 70, \"minimum_retention\": 0.9, \"primary_candidates\": 542, \"retention\": 0.8634686346863468, \"use_primary\": true}\n"}
,{"stream_name":"stdout","time":1999.100845832,"data":"SECONDARY_EDGE_TTA_ACTIVE views= 8 weight= 0.75 mean_abs_feat_delta= 0.316177\n"}
,{"stream_name":"stdout","time":1999.30308453,"data":"SECONDARY_EDGE_TTA_ACTIVE views= 8 weight= 0.75 mean_abs_feat_delta= 0.316177\n"}
,{"stream_name":"stdout","time":1999.476494968,"data":"EDGE_TTA_ACTIVE views= 8 mean_abs_feat_delta= 0.36679\n"}
,{"stream_name":"stdout","time":1999.678828097,"data":"EDGE_TTA_ACTIVE views= 8 mean_abs_feat_delta= 0.36679\n"}
,{"stream_name":"stdout","time":2000.149510142,"data":"EDGE_TTA_ACTIVE views= 8 mean_abs_feat_delta= 0.376137\n"}
,{"stream_name":"stdout","time":2000.351857077,"data":"EDGE_TTA_ACTIVE views= 8 mean_abs_feat_delta= 0.376137\n"}
,{"stream_name":"stdout","time":2000.452506737,"data":"SECONDARY_EDGE_TTA_ACTIVE views= 8 weight= 0.75 mean_abs_feat_delta= 0.280565\n"}
,{"stream_name":"stdout","time":2000.456694049,"data":"BIOHUB_RETENTION_GUARD {\"blended_candidates\": 477, \"dataset\": \"44b6_12dfb391\", \"frame\": 71, \"minimum_retention\": 0.9, \"primary_candidates\": 560, \"retention\": 0.8517857142857143, \"use_primary\": true}\n"}
,{"stream_name":"stdout","time":2000.654894312,"data":"SECONDARY_EDGE_TTA_ACTIVE views= 8 weight= 0.75 mean_abs_feat_delta= 0.280565\n"}
,{"stream_name":"stdout","time":2000.654922839,"data":"BIOHUB_RETENTION_GUARD {\"blended_candidates\": 477, \"dataset\": \"44b6_12dfb391\", \"frame\": 71, \"minimum_retention\": 0.9, \"primary_candidates\": 560, \"retention\": 0.8517857142857143, \"use_primary\": true}\n"}
,{"stream_name":"stdout","time":2001.108506877,"data":"SECONDARY_EDGE_TTA_ACTIVE views= 8 weight= 0.75 mean_abs_feat_delta= 0.330177\n"}
,{"stream_name":"stdout","time":2001.311273596,"data":"SECONDARY_EDGE_TTA_ACTIVE views= 8 weight= 0.75 mean_abs_feat_delta= 0.330177\n"}
,{"stream_name":"stdout","time":2001.626536067,"data":"EDGE_TTA_ACTIVE views= 8 mean_abs_feat_delta= 0.369392\n"}
,{"stream_name":"stdout","time":2001.82872112,"data":"EDGE_TTA_ACTIVE views= 8 mean_abs_feat_delta= 0.369392\n"}
,{"stream_name":"stdout","time":2002.18358728,"data":"EDGE_TTA_ACTIVE views= 8 mean_abs_feat_delta= 0.371576\n"}
,{"stream_name":"stdout","time":2002.38607105,"data":"EDGE_TTA_ACTIVE views= 8 mean_abs_feat_delta= 0.371576\n"}
,{"stream_name":"stdout","time":2002.600709205,"data":"SECONDARY_EDGE_TTA_ACTIVE views= 8 weight= 0.75 mean_abs_feat_delta= 0.278328\n"}
,{"stream_name":"stdout","time":2002.604925449,"data":"BIOHUB_RETENTION_GUARD {\"blended_candidates\": 482, \"dataset\": \"44b6_12dfb391\", \"frame\": 72, \"minimum_retention\": 0.9, \"primary_candidates\": 562, \"retention\": 0.8576512455516014, \"use_primary\": true}\n"}
,{"stream_name":"stdout","time":2002.803562153,"data":"SECONDARY_EDGE_TTA_ACTIVE views= 8 weight= 0.75 mean_abs_feat_delta= 0.278328\n"}
,{"stream_name":"stdout","time":2002.803612847,"data":"BIOHUB_RETENTION_GUARD {\"blended_candidates\": 482, \"dataset\": \"44b6_12dfb391\", \"frame\": 72, \"minimum_retention\": 0.9, \"primary_candidates\": 562, \"retention\": 0.8576512455516014, \"use_primary\": true}\n"}
,{"stream_name":"stdout","time":2003.1393899,"data":"SECONDARY_EDGE_TTA_ACTIVE views= 8 weight= 0.75 mean_abs_feat_delta= 0.328962\n"}
,{"stream_name":"stdout","time":2003.341794106,"data":"SECONDARY_EDGE_TTA_ACTIVE views= 8 weight= 0.75 mean_abs_feat_delta= 0.328962\n"}
,{"stream_name":"stdout","time":2003.796435917,"data":"EDGE_TTA_ACTIVE views= 8 mean_abs_feat_delta= 0.370711\n"}
,{"stream_name":"stdout","time":2003.999113981,"data":"EDGE_TTA_ACTIVE views= 8 mean_abs_feat_delta= 0.370711\n"}
,{"stream_name":"stdout","time":2004.186314629,"data":"EDGE_TTA_ACTIVE views= 8 mean_abs_feat_delta= 0.375563\n"}
,{"stream_name":"stdout","time":2004.388746303,"data":"EDGE_TTA_ACTIVE views= 8 mean_abs_feat_delta= 0.375563\n"}
,{"stream_name":"stdout","time":2004.770933139,"data":"SECONDARY_EDGE_TTA_ACTIVE views= 8 weight= 0.75 mean_abs_feat_delta= 0.278851\n"}
,{"stream_name":"stdout","time":2004.972956463,"data":"SECONDARY_EDGE_TTA_ACTIVE views= 8 weight= 0.75 mean_abs_feat_delta= 0.278851\n"}
,{"stream_name":"stdout","time":2005.14472356,"data":"SECONDARY_EDGE_TTA_ACTIVE views= 8 weight= 0.75 mean_abs_feat_delta= 0.31317\n"}
,{"stream_name":"stdout","time":2005.347279227,"data":"SECONDARY_EDGE_TTA_ACTIVE views= 8 weight= 0.75 mean_abs_feat_delta= 0.31317\n"}
,{"stream_name":"stdout","time":2006.006397155,"data":"EDGE_TTA_ACTIVE views= 8 mean_abs_feat_delta= 0.371117\n"}
,{"stream_name":"stdout","time":2006.208828107,"data":"EDGE_TTA_ACTIVE views= 8 mean_abs_feat_delta= 0.371117\n"}
,{"stream_name":"stdout","time":2006.244511175,"data":"EDGE_TTA_ACTIVE views= 8 mean_abs_feat_delta= 0.375045\n"}
,{"stream_name":"stdout","time":2006.446547136,"data":"EDGE_TTA_ACTIVE views= 8 mean_abs_feat_delta= 0.375045\n"}
,{"stream_name":"stdout","time":2006.98169909,"data":"SECONDARY_EDGE_TTA_ACTIVE views= 8 weight= 0.75 mean_abs_feat_delta= 0.277562\n"}
,{"stream_name":"stdout","time":2006.985787237,"data":"BIOHUB_RETENTION_GUARD {\"blended_candidates\": 495, \"dataset\": \"44b6_12dfb391\", \"frame\": 74, \"minimum_retention\": 0.9, \"primary_candidates\": 569, \"retention\": 0.8699472759226714, \"use_primary\": true}\n"}
,{"stream_name":"stdout","time":2007.183780741,"data":"SECONDARY_EDGE_TTA_ACTIVE views= 8 weight= 0.75 mean_abs_feat_delta= 0.277562\n"}
,{"stream_name":"stdout","time":2007.183821476,"data":"BIOHUB_RETENTION_GUARD {\"blended_candidates\": 495, \"dataset\": \"44b6_12dfb391\", \"frame\": 74, \"minimum_retention\": 0.9, \"primary_candidates\": 569, \"retention\": 0.8699472759226714, \"use_primary\": true}\n"}
,{"stream_name":"stdout","time":2007.208181421,"data":"SECONDARY_EDGE_TTA_ACTIVE views= 8 weight= 0.75 mean_abs_feat_delta= 0.323063\n"}
,{"stream_name":"stdout","time":2007.410819617,"data":"SECONDARY_EDGE_TTA_ACTIVE views= 8 weight= 0.75 mean_abs_feat_delta= 0.323063\n"}
,{"stream_name":"stdout","time":2008.167757643,"data":"EDGE_TTA_ACTIVE views= 8 mean_abs_feat_delta= 0.374827\n"}
,{"stream_name":"stdout","time":2008.262976701,"data":"EDGE_TTA_ACTIVE views= 8 mean_abs_feat_delta= 0.369404\n"}
,{"stream_name":"stdout","time":2008.370422953,"data":"EDGE_TTA_ACTIVE views= 8 mean_abs_feat_delta= 0.374827\n"}
,{"stream_name":"stdout","time":2008.370469934,"data":"EDGE_TTA_ACTIVE views= 8 mean_abs_feat_delta= 0.369404\n"}
,{"stream_name":"stdout","time":2009.151515429,"data":"SECONDARY_EDGE_TTA_ACTIVE views= 8 weight= 0.75 mean_abs_feat_delta= 0.280157\n"}
,{"stream_name":"stdout","time":2009.155752493,"data":"BIOHUB_RETENTION_GUARD {\"blended_candidates\": 459, \"dataset\": \"44b6_12dfb391\", \"frame\": 75, \"minimum_retention\": 0.9, \"primary_candidates\": 564, \"retention\": 0.8138297872340425, \"use_primary\": true}\n"}
,{"stream_name":"stdout","time":2009.221657661,"data":"SECONDARY_EDGE_TTA_ACTIVE views= 8 weight= 0.75 mean_abs_feat_delta= 0.309593\n"}
,{"stream_name":"stdout","time":2009.354173747,"data":"SECONDARY_EDGE_TTA_ACTIVE views= 8 weight= 0.75 mean_abs_feat_delta= 0.280157\n"}
,{"stream_name":"stdout","time":2009.354203762,"data":"BIOHUB_RETENTION_GUARD {\"blended_candidates\": 459, \"dataset\": \"44b6_12dfb391\", \"frame\": 75, \"minimum_retention\": 0.9, \"primary_candidates\": 564, \"retention\": 0.8138297872340425, \"use_primary\": true}\n"}
,{"stream_name":"stdout","time":2009.354208463,"data":"SECONDARY_EDGE_TTA_ACTIVE views= 8 weight= 0.75 mean_abs_feat_delta= 0.309593\n"}
,{"stream_name":"stdout","time":2010.272581425,"data":"EDGE_TTA_ACTIVE views= 8 mean_abs_feat_delta= 0.382726\n"}
,{"stream_name":"stdout","time":2010.341935205,"data":"EDGE_TTA_ACTIVE views= 8 mean_abs_feat_delta= 0.369824\n"}
,{"stream_name":"stdout","time":2010.475122988,"data":"EDGE_TTA_ACTIVE views= 8 mean_abs_feat_delta= 0.382726\n"}
,{"stream_name":"stdout","time":2010.475143156,"data":"EDGE_TTA_ACTIVE views= 8 mean_abs_feat_delta= 0.369824\n"}
,{"stream_name":"stdout","time":2011.229710935,"data":"SECONDARY_EDGE_TTA_ACTIVE views= 8 weight= 0.75 mean_abs_feat_delta= 0.313472\n"}
,{"stream_name":"stdout","time":2011.315495046,"data":"SECONDARY_EDGE_TTA_ACTIVE views= 8 weight= 0.75 mean_abs_feat_delta= 0.283042\n"}
,{"stream_name":"stdout","time":2011.320119591,"data":"BIOHUB_RETENTION_GUARD {\"blended_candidates\": 491, \"dataset\": \"44b6_12dfb391\", \"frame\": 76, \"minimum_retention\": 0.9, \"primary_candidates\": 590, \"retention\": 0.8322033898305085, \"use_primary\": true}\n"}
,{"stream_name":"stdout","time":2011.432365588,"data":"SECONDARY_EDGE_TTA_ACTIVE views= 8 weight= 0.75 mean_abs_feat_delta= 0.313472\n"}
,{"stream_name":"stdout","time":2011.43239164,"data":"SECONDARY_EDGE_TTA_ACTIVE views= 8 weight= 0.75 mean_abs_feat_delta= 0.283042\n"}
,{"stream_name":"stdout","time":2011.432396364,"data":"BIOHUB_RETENTION_GUARD {\"blended_candidates\": 491, \"dataset\": \"44b6_12dfb391\", \"frame\": 76, \"minimum_retention\": 0.9, \"primary_candidates\": 590, \"retention\": 0.8322033898305085, \"use_primary\": true}\n"}
,{"stream_name":"stdout","time":2012.290657131,"data":"EDGE_TTA_ACTIVE views= 8 mean_abs_feat_delta= 0.386932\n"}
,{"stream_name":"stdout","time":2012.49329607,"data":"EDGE_TTA_ACTIVE views= 8 mean_abs_feat_delta= 0.386932\n"}
,{"stream_name":"stdout","time":2012.511839076,"data":"EDGE_TTA_ACTIVE views= 8 mean_abs_feat_delta= 0.366406\n"}
,{"stream_name":"stdout","time":2012.714139341,"data":"EDGE_TTA_ACTIVE views= 8 mean_abs_feat_delta= 0.366406\n"}
,{"stream_name":"stdout","time":2013.253239495,"data":"SECONDARY_EDGE_TTA_ACTIVE views= 8 weight= 0.75 mean_abs_feat_delta= 0.315067\n"}
,{"stream_name":"stdout","time":2013.45560831,"data":"SECONDARY_EDGE_TTA_ACTIVE views= 8 weight= 0.75 mean_abs_feat_delta= 0.315067\n"}
,{"stream_name":"stdout","time":2013.485950086,"data":"SECONDARY_EDGE_TTA_ACTIVE views= 8 weight= 0.75 mean_abs_feat_delta= 0.283226\n"}
,{"stream_name":"stdout","time":2013.490335125,"data":"BIOHUB_RETENTION_GUARD {\"blended_candidates\": 496, \"dataset\": \"44b6_12dfb391\", \"frame\": 77, \"minimum_retention\": 0.9, \"primary_candidates\": 577, \"retention\": 0.8596187175043327, \"use_primary\": true}\n"}
,{"stream_name":"stdout","time":2013.68821808,"data":"SECONDARY_EDGE_TTA_ACTIVE views= 8 weight= 0.75 mean_abs_feat_delta= 0.283226\n"}
,{"stream_name":"stdout","time":2013.68824702,"data":"BIOHUB_RETENTION_GUARD {\"blended_candidates\": 496, \"dataset\": \"44b6_12dfb391\", \"frame\": 77, \"minimum_retention\": 0.9, \"primary_candidates\": 577, \"retention\": 0.8596187175043327, \"use_primary\": true}\n"}
,{"stream_name":"stdout","time":2014.302362805,"data":"EDGE_TTA_ACTIVE views= 8 mean_abs_feat_delta= 0.390535\n"}
,{"stream_name":"stdout","time":2014.504553361,"data":"EDGE_TTA_ACTIVE views= 8 mean_abs_feat_delta= 0.390535\n"}
,{"stream_name":"stdout","time":2014.692160471,"data":"EDGE_TTA_ACTIVE views= 8 mean_abs_feat_delta= 0.366048\n"}
,{"stream_name":"stdout","time":2014.894485147,"data":"EDGE_TTA_ACTIVE views= 8 mean_abs_feat_delta= 0.366048\n"}
,{"stream_name":"stdout","time":2015.263055321,"data":"SECONDARY_EDGE_TTA_ACTIVE views= 8 weight= 0.75 mean_abs_feat_delta= 0.319771\n"}
,{"stream_name":"stdout","time":2015.465474893,"data":"SECONDARY_EDGE_TTA_ACTIVE views= 8 weight= 0.75 mean_abs_feat_delta= 0.319771\n"}
,{"stream_name":"stdout","time":2015.67139626,"data":"SECONDARY_EDGE_TTA_ACTIVE views= 8 weight= 0.75 mean_abs_feat_delta= 0.286402\n"}
,{"stream_name":"stdout","time":2015.675645789,"data":"BIOHUB_RETENTION_GUARD {\"blended_candidates\": 515, \"dataset\": \"44b6_12dfb391\", \"frame\": 78, \"minimum_retention\": 0.9, \"primary_candidates\": 592, \"retention\": 0.8699324324324325, \"use_primary\": true}\n"}
,{"stream_name":"stdout","time":2015.873860624,"data":"SECONDARY_EDGE_TTA_ACTIVE views= 8 weight= 0.75 mean_abs_feat_delta= 0.286402\n"}
,{"stream_name":"stdout","time":2015.873883134,"data":"BIOHUB_RETENTION_GUARD {\"blended_candidates\": 515, \"dataset\": \"44b6_12dfb391\", \"frame\": 78, \"minimum_retention\": 0.9, \"primary_candidates\": 592, \"retention\": 0.8699324324324325, \"use_primary\": true}\n"}
,{"stream_name":"stdout","time":2016.377367905,"data":"EDGE_TTA_ACTIVE views= 8 mean_abs_feat_delta= 0.382476\n"}
,{"stream_name":"stdout","time":2016.579869092,"data":"EDGE_TTA_ACTIVE views= 8 mean_abs_feat_delta= 0.382476\n"}
,{"stream_name":"stdout","time":2016.866259053,"data":"EDGE_TTA_ACTIVE views= 8 mean_abs_feat_delta= 0.361804\n"}
,{"stream_name":"stdout","time":2017.068282431,"data":"EDGE_TTA_ACTIVE views= 8 mean_abs_feat_delta= 0.361804\n"}
,{"stream_name":"stdout","time":2017.34679068,"data":"SECONDARY_EDGE_TTA_ACTIVE views= 8 weight= 0.75 mean_abs_feat_delta= 0.317689\n"}
,{"stream_name":"stdout","time":2017.549303007,"data":"SECONDARY_EDGE_TTA_ACTIVE views= 8 weight= 0.75 mean_abs_feat_delta= 0.317689\n"}
,{"stream_name":"stdout","time":2017.840058203,"data":"SECONDARY_EDGE_TTA_ACTIVE views= 8 weight= 0.75 mean_abs_feat_delta= 0.284147\n"}
,{"stream_name":"stdout","time":2018.042152099,"data":"SECONDARY_EDGE_TTA_ACTIVE views= 8 weight= 0.75 mean_abs_feat_delta= 0.284147\n"}
,{"stream_name":"stdout","time":2018.443549545,"data":"EDGE_TTA_ACTIVE views= 8 mean_abs_feat_delta= 0.369703\n"}
,{"stream_name":"stdout","time":2018.645841045,"data":"EDGE_TTA_ACTIVE views= 8 mean_abs_feat_delta= 0.369703\n"}
,{"stream_name":"stdout","time":2019.052047159,"data":"EDGE_TTA_ACTIVE views= 8 mean_abs_feat_delta= 0.364081\n"}
,{"stream_name":"stdout","time":2019.254369206,"data":"EDGE_TTA_ACTIVE views= 8 mean_abs_feat_delta= 0.364081\n"}
,{"stream_name":"stdout","time":2019.414927438,"data":"SECONDARY_EDGE_TTA_ACTIVE views= 8 weight= 0.75 mean_abs_feat_delta= 0.319708\n"}
,{"stream_name":"stdout","time":2019.617414557,"data":"SECONDARY_EDGE_TTA_ACTIVE views= 8 weight= 0.75 mean_abs_feat_delta= 0.319708\n"}
,{"stream_name":"stdout","time":2020.027235544,"data":"SECONDARY_EDGE_TTA_ACTIVE views= 8 weight= 0.75 mean_abs_feat_delta= 0.282801\n"}
,{"stream_name":"stdout","time":2020.229738122,"data":"SECONDARY_EDGE_TTA_ACTIVE views= 8 weight= 0.75 mean_abs_feat_delta= 0.282801\n"}
,{"stream_name":"stdout","time":2020.471735078,"data":"EDGE_TTA_ACTIVE views= 8 mean_abs_feat_delta= 0.371279\n"}
,{"stream_name":"stdout","time":2020.674121552,"data":"EDGE_TTA_ACTIVE views= 8 mean_abs_feat_delta= 0.371279\n"}
,{"stream_name":"stdout","time":2021.261758159,"data":"EDGE_TTA_ACTIVE views= 8 mean_abs_feat_delta= 0.36817\n"}
,{"stream_name":"stdout","time":2021.443055976,"data":"SECONDARY_EDGE_TTA_ACTIVE views= 8 weight= 0.75 mean_abs_feat_delta= 0.308394\n"}
,{"stream_name":"stdout","time":2021.464182883,"data":"EDGE_TTA_ACTIVE views= 8 mean_abs_feat_delta= 0.36817\n"}
,{"stream_name":"stdout","time":2021.464201566,"data":"SECONDARY_EDGE_TTA_ACTIVE views= 8 weight= 0.75 mean_abs_feat_delta= 0.308394\n"}
,{"stream_name":"stdout","time":2022.233797423,"data":"SECONDARY_EDGE_TTA_ACTIVE views= 8 weight= 0.75 mean_abs_feat_delta= 0.282615\n"}
,{"stream_name":"stdout","time":2022.237766056,"data":"BIOHUB_RETENTION_GUARD {\"blended_candidates\": 531, \"dataset\": \"44b6_12dfb391\", \"frame\": 81, \"minimum_retention\": 0.9, \"primary_candidates\": 598, \"retention\": 0.8879598662207357, \"use_primary\": true}\n"}
,{"stream_name":"stdout","time":2022.435748449,"data":"SECONDARY_EDGE_TTA_ACTIVE views= 8 weight= 0.75 mean_abs_feat_delta= 0.282615\n"}
,{"stream_name":"stdout","time":2022.435777081,"data":"BIOHUB_RETENTION_GUARD {\"blended_candidates\": 531, \"dataset\": \"44b6_12dfb391\", \"frame\": 81, \"minimum_retention\": 0.9, \"primary_candidates\": 598, \"retention\": 0.8879598662207357, \"use_primary\": true}\n"}
,{"stream_name":"stdout","time":2022.496775484,"data":"EDGE_TTA_ACTIVE views= 8 mean_abs_feat_delta= 0.368131\n"}
,{"stream_name":"stdout","time":2022.699178433,"data":"EDGE_TTA_ACTIVE views= 8 mean_abs_feat_delta= 0.368131\n"}
,{"stream_name":"stdout","time":2023.468891202,"data":"SECONDARY_EDGE_TTA_ACTIVE views= 8 weight= 0.75 mean_abs_feat_delta= 0.311244\n"}
,{"stream_name":"stdout","time":2023.485944814,"data":"EDGE_TTA_ACTIVE views= 8 mean_abs_feat_delta= 0.36931\n"}
,{"stream_name":"stdout","time":2023.745048729,"data":"SECONDARY_EDGE_TTA_ACTIVE views= 8 weight= 0.75 mean_abs_feat_delta= 0.311244\n"}
,{"stream_name":"stdout","time":2023.745106211,"data":"EDGE_TTA_ACTIVE views= 8 mean_abs_feat_delta= 0.36931\n"}
,{"stream_name":"stdout","time":2024.460638272,"data":"SECONDARY_EDGE_TTA_ACTIVE views= 8 weight= 0.75 mean_abs_feat_delta= 0.283294\n"}
,{"stream_name":"stdout","time":2024.540930513,"data":"EDGE_TTA_ACTIVE views= 8 mean_abs_feat_delta= 0.387366\n"}
,{"stream_name":"stdout","time":2024.662999872,"data":"SECONDARY_EDGE_TTA_ACTIVE views= 8 weight= 0.75 mean_abs_feat_delta= 0.283294\n"}
,{"stream_name":"stdout","time":2024.663027416,"data":"EDGE_TTA_ACTIVE views= 8 mean_abs_feat_delta= 0.387366\n"}
,{"stream_name":"stdout","time":2025.509885709,"data":"SECONDARY_EDGE_TTA_ACTIVE views= 8 weight= 0.75 mean_abs_feat_delta= 0.308591\n"}
,{"stream_name":"stdout","time":2025.674796611,"data":"EDGE_TTA_ACTIVE views= 8 mean_abs_feat_delta= 0.372689\n"}
,{"stream_name":"stdout","time":2025.712435288,"data":"SECONDARY_EDGE_TTA_ACTIVE views= 8 weight= 0.75 mean_abs_feat_delta= 0.308591\n"}
,{"stream_name":"stdout","time":2025.712462264,"data":"EDGE_TTA_ACTIVE views= 8 mean_abs_feat_delta= 0.372689\n"}
,{"stream_name":"stdout","time":2026.578769576,"data":"EDGE_TTA_ACTIVE views= 8 mean_abs_feat_delta= 0.386235\n"}
,{"stream_name":"stdout","time":2026.648546796,"data":"SECONDARY_EDGE_TTA_ACTIVE views= 8 weight= 0.75 mean_abs_feat_delta= 0.287001\n"}
,{"stream_name":"stdout","time":2026.652866054,"data":"BIOHUB_RETENTION_GUARD {\"blended_candidates\": 477, \"dataset\": \"44b6_12dfb391\", \"frame\": 83, \"minimum_retention\": 0.9, \"primary_candidates\": 565, \"retention\": 0.8442477876106195, \"use_primary\": true}\n"}
,{"stream_name":"stdout","time":2026.781588126,"data":"EDGE_TTA_ACTIVE views= 8 mean_abs_feat_delta= 0.386235\n"}
,{"stream_name":"stdout","time":2026.781622098,"data":"SECONDARY_EDGE_TTA_ACTIVE views= 8 weight= 0.75 mean_abs_feat_delta= 0.287001\n"}
,{"stream_name":"stdout","time":2026.781626585,"data":"BIOHUB_RETENTION_GUARD {\"blended_candidates\": 477, \"dataset\": \"44b6_12dfb391\", \"frame\": 83, \"minimum_retention\": 0.9, \"primary_candidates\": 565, \"retention\": 0.8442477876106195, \"use_primary\": true}\n"}
,{"stream_name":"stdout","time":2027.541080604,"data":"SECONDARY_EDGE_TTA_ACTIVE views= 8 weight= 0.75 mean_abs_feat_delta= 0.314957\n"}
,{"stream_name":"stdout","time":2027.743474017,"data":"SECONDARY_EDGE_TTA_ACTIVE views= 8 weight= 0.75 mean_abs_feat_delta= 0.314957\n"}
,{"stream_name":"stdout","time":2027.840413478,"data":"EDGE_TTA_ACTIVE views= 8 mean_abs_feat_delta= 0.372171\n"}
,{"stream_name":"stdout","time":2028.042611403,"data":"EDGE_TTA_ACTIVE views= 8 mean_abs_feat_delta= 0.372171\n"}
,{"stream_name":"stdout","time":2028.615007572,"data":"EDGE_TTA_ACTIVE views= 8 mean_abs_feat_delta= 0.390805\n"}
,{"stream_name":"stdout","time":2028.816270883,"data":"SECONDARY_EDGE_TTA_ACTIVE views= 8 weight= 0.75 mean_abs_feat_delta= 0.286994\n"}
,{"stream_name":"stdout","time":2028.817694645,"data":"EDGE_TTA_ACTIVE views= 8 mean_abs_feat_delta= 0.390805\n"}
,{"stream_name":"stdout","time":2028.819990288,"data":"BIOHUB_RETENTION_GUARD {\"blended_candidates\": 505, \"dataset\": \"44b6_12dfb391\", \"frame\": 84, \"minimum_retention\": 0.9, \"primary_candidates\": 575, \"retention\": 0.8782608695652174, \"use_primary\": true}\n"}
,{"stream_name":"stdout","time":2029.01816696,"data":"SECONDARY_EDGE_TTA_ACTIVE views= 8 weight= 0.75 mean_abs_feat_delta= 0.286994\n"}
,{"stream_name":"stdout","time":2029.01821041,"data":"BIOHUB_RETENTION_GUARD {\"blended_candidates\": 505, \"dataset\": \"44b6_12dfb391\", \"frame\": 84, \"minimum_retention\": 0.9, \"primary_candidates\": 575, \"retention\": 0.8782608695652174, \"use_primary\": true}\n"}
,{"stream_name":"stdout","time":2029.586972924,"data":"SECONDARY_EDGE_TTA_ACTIVE views= 8 weight= 0.75 mean_abs_feat_delta= 0.312913\n"}
,{"stream_name":"stdout","time":2029.789682006,"data":"SECONDARY_EDGE_TTA_ACTIVE views= 8 weight= 0.75 mean_abs_feat_delta= 0.312913\n"}
,{"stream_name":"stdout","time":2030.048217442,"data":"EDGE_TTA_ACTIVE views= 8 mean_abs_feat_delta= 0.37446\n"}
,{"stream_name":"stdout","time":2030.250546849,"data":"EDGE_TTA_ACTIVE views= 8 mean_abs_feat_delta= 0.37446\n"}
,{"stream_name":"stdout","time":2030.660224153,"data":"EDGE_TTA_ACTIVE views= 8 mean_abs_feat_delta= 0.39922\n"}
,{"stream_name":"stdout","time":2030.862470509,"data":"EDGE_TTA_ACTIVE views= 8 mean_abs_feat_delta= 0.39922\n"}
,{"stream_name":"stdout","time":2031.022361838,"data":"SECONDARY_EDGE_TTA_ACTIVE views= 8 weight= 0.75 mean_abs_feat_delta= 0.289896\n"}
,{"stream_name":"stdout","time":2031.226008794,"data":"SECONDARY_EDGE_TTA_ACTIVE views= 8 weight= 0.75 mean_abs_feat_delta= 0.289896\n"}
,{"stream_name":"stdout","time":2031.630287594,"data":"SECONDARY_EDGE_TTA_ACTIVE views= 8 weight= 0.75 mean_abs_feat_delta= 0.309276\n"}
,{"stream_name":"stdout","time":2031.832756796,"data":"SECONDARY_EDGE_TTA_ACTIVE views= 8 weight= 0.75 mean_abs_feat_delta= 0.309276\n"}
,{"stream_name":"stdout","time":2032.257507354,"data":"EDGE_TTA_ACTIVE views= 8 mean_abs_feat_delta= 0.374205\n"}
,{"stream_name":"stdout","time":2032.459977297,"data":"EDGE_TTA_ACTIVE views= 8 mean_abs_feat_delta= 0.374205\n"}
,{"stream_name":"stdout","time":2032.70432868,"data":"EDGE_TTA_ACTIVE views= 8 mean_abs_feat_delta= 0.396234\n"}
,{"stream_name":"stdout","time":2032.906629548,"data":"EDGE_TTA_ACTIVE views= 8 mean_abs_feat_delta= 0.396234\n"}
,{"stream_name":"stdout","time":2033.240049717,"data":"SECONDARY_EDGE_TTA_ACTIVE views= 8 weight= 0.75 mean_abs_feat_delta= 0.29031\n"}
,{"stream_name":"stdout","time":2033.244482038,"data":"BIOHUB_RETENTION_GUARD {\"blended_candidates\": 525, \"dataset\": \"44b6_12dfb391\", \"frame\": 86, \"minimum_retention\": 0.9, \"primary_candidates\": 585, \"retention\": 0.8974358974358975, \"use_primary\": true}\n"}
,{"stream_name":"stdout","time":2033.442878198,"data":"SECONDARY_EDGE_TTA_ACTIVE views= 8 weight= 0.75 mean_abs_feat_delta= 0.29031\n"}
,{"stream_name":"stdout","time":2033.442918165,"data":"BIOHUB_RETENTION_GUARD {\"blended_candidates\": 525, \"dataset\": \"44b6_12dfb391\", \"frame\": 86, \"minimum_retention\": 0.9, \"primary_candidates\": 585, \"retention\": 0.8974358974358975, \"use_primary\": true}\n"}
,{"stream_name":"stdout","time":2033.676789952,"data":"SECONDARY_EDGE_TTA_ACTIVE views= 8 weight= 0.75 mean_abs_feat_delta= 0.304393\n"}
,{"stream_name":"stdout","time":2033.879518367,"data":"SECONDARY_EDGE_TTA_ACTIVE views= 8 weight= 0.75 mean_abs_feat_delta= 0.304393\n"}
,{"stream_name":"stdout","time":2034.424414876,"data":"EDGE_TTA_ACTIVE views= 8 mean_abs_feat_delta= 0.372115\n"}
,{"stream_name":"stdout","time":2034.626975726,"data":"EDGE_TTA_ACTIVE views= 8 mean_abs_feat_delta= 0.372115\n"}
,{"stream_name":"stdout","time":2034.770426084,"data":"EDGE_TTA_ACTIVE views= 8 mean_abs_feat_delta= 0.396259\n"}
,{"stream_name":"stdout","time":2034.972768104,"data":"EDGE_TTA_ACTIVE views= 8 mean_abs_feat_delta= 0.396259\n"}
,{"stream_name":"stdout","time":2035.399304319,"data":"SECONDARY_EDGE_TTA_ACTIVE views= 8 weight= 0.75 mean_abs_feat_delta= 0.286268\n"}
,{"stream_name":"stdout","time":2035.601563493,"data":"SECONDARY_EDGE_TTA_ACTIVE views= 8 weight= 0.75 mean_abs_feat_delta= 0.286268\n"}
,{"stream_name":"stdout","time":2035.741987118,"data":"SECONDARY_EDGE_TTA_ACTIVE views= 8 weight= 0.75 mean_abs_feat_delta= 0.303072\n"}
,{"stream_name":"stdout","time":2035.944265456,"data":"SECONDARY_EDGE_TTA_ACTIVE views= 8 weight= 0.75 mean_abs_feat_delta= 0.303072\n"}
,{"stream_name":"stdout","time":2036.611785729,"data":"EDGE_TTA_ACTIVE views= 8 mean_abs_feat_delta= 0.373353\n"}
,{"stream_name":"stdout","time":2036.79499046,"data":"EDGE_TTA_ACTIVE views= 8 mean_abs_feat_delta= 0.375424\n"}
,{"stream_name":"stdout","time":2036.814603584,"data":"EDGE_TTA_ACTIVE views= 8 mean_abs_feat_delta= 0.373353\n"}
,{"stream_name":"stdout","time":2036.814627391,"data":"EDGE_TTA_ACTIVE views= 8 mean_abs_feat_delta= 0.375424\n"}
,{"stream_name":"stdout","time":2037.585538569,"data":"SECONDARY_EDGE_TTA_ACTIVE views= 8 weight= 0.75 mean_abs_feat_delta= 0.284543\n"}
,{"stream_name":"stdout","time":2037.767878102,"data":"SECONDARY_EDGE_TTA_ACTIVE views= 8 weight= 0.75 mean_abs_feat_delta= 0.311367\n"}
,{"stream_name":"stdout","time":2037.788004046,"data":"SECONDARY_EDGE_TTA_ACTIVE views= 8 weight= 0.75 mean_abs_feat_delta= 0.284543\n"}
,{"stream_name":"stdout","time":2037.788030533,"data":"SECONDARY_EDGE_TTA_ACTIVE views= 8 weight= 0.75 mean_abs_feat_delta= 0.311367\n"}
,{"stream_name":"stdout","time":2038.81813827,"data":"EDGE_TTA_ACTIVE views= 8 mean_abs_feat_delta= 0.376052\n"}
,{"stream_name":"stdout","time":2038.820764584,"data":"EDGE_TTA_ACTIVE views= 8 mean_abs_feat_delta= 0.369611\n"}
,{"stream_name":"stdout","time":2039.02056406,"data":"EDGE_TTA_ACTIVE views= 8 mean_abs_feat_delta= 0.376052\n"}
,{"stream_name":"stdout","time":2039.020585207,"data":"EDGE_TTA_ACTIVE views= 8 mean_abs_feat_delta= 0.369611\n"}
,{"stream_name":"stdout","time":2039.793056512,"data":"SECONDARY_EDGE_TTA_ACTIVE views= 8 weight= 0.75 mean_abs_feat_delta= 0.289923\n"}
,{"stream_name":"stdout","time":2039.793488625,"data":"SECONDARY_EDGE_TTA_ACTIVE views= 8 weight= 0.75 mean_abs_feat_delta= 0.283343\n"}
,{"stream_name":"stdout","time":2039.797439216,"data":"BIOHUB_RETENTION_GUARD {\"blended_candidates\": 527, \"dataset\": \"44b6_12dfb391\", \"frame\": 89, \"minimum_retention\": 0.9, \"primary_candidates\": 614, \"retention\": 0.8583061889250815, \"use_primary\": true}\n"}
,{"stream_name":"stdout","time":2039.995617953,"data":"SECONDARY_EDGE_TTA_ACTIVE views= 8 weight= 0.75 mean_abs_feat_delta= 0.289923\n"}
,{"stream_name":"stdout","time":2039.995648849,"data":"SECONDARY_EDGE_TTA_ACTIVE views= 8 weight= 0.75 mean_abs_feat_delta= 0.283343\n"}
,{"stream_name":"stdout","time":2039.995653899,"data":"BIOHUB_RETENTION_GUARD {\"blended_candidates\": 527, \"dataset\": \"44b6_12dfb391\", \"frame\": 89, \"minimum_retention\": 0.9, \"primary_candidates\": 614, \"retention\": 0.8583061889250815, \"use_primary\": true}\n"}
,{"stream_name":"stdout","time":2040.886638714,"data":"EDGE_TTA_ACTIVE views= 8 mean_abs_feat_delta= 0.359893\n"}
,{"stream_name":"stdout","time":2041.010801143,"data":"EDGE_TTA_ACTIVE views= 8 mean_abs_feat_delta= 0.379938\n"}
,{"stream_name":"stdout","time":2041.088951419,"data":"EDGE_TTA_ACTIVE views= 8 mean_abs_feat_delta= 0.359893\n"}
,{"stream_name":"stdout","time":2041.088973764,"data":"EDGE_TTA_ACTIVE views= 8 mean_abs_feat_delta= 0.379938\n"}
,{"stream_name":"stdout","time":2041.859144759,"data":"SECONDARY_EDGE_TTA_ACTIVE views= 8 weight= 0.75 mean_abs_feat_delta= 0.297679\n"}
,{"stream_name":"stdout","time":2041.993538147,"data":"SECONDARY_EDGE_TTA_ACTIVE views= 8 weight= 0.75 mean_abs_feat_delta= 0.28649\n"}
,{"stream_name":"stdout","time":2041.997747024,"data":"BIOHUB_RETENTION_GUARD {\"blended_candidates\": 514, \"dataset\": \"44b6_12dfb391\", \"frame\": 90, \"minimum_retention\": 0.9, \"primary_candidates\": 598, \"retention\": 0.8595317725752508, \"use_primary\": true}\n"}
,{"stream_name":"stdout","time":2042.061929785,"data":"SECONDARY_EDGE_TTA_ACTIVE views= 8 weight= 0.75 mean_abs_feat_delta= 0.297679\n"}
,{"stream_name":"stdout","time":2042.061958116,"data":"SECONDARY_EDGE_TTA_ACTIVE views= 8 weight= 0.75 mean_abs_feat_delta= 0.28649\n"}
,{"stream_name":"stdout","time":2042.061962936,"data":"BIOHUB_RETENTION_GUARD {\"blended_candidates\": 514, \"dataset\": \"44b6_12dfb391\", \"frame\": 90, \"minimum_retention\": 0.9, \"primary_candidates\": 598, \"retention\": 0.8595317725752508, \"use_primary\": true}\n"}
,{"stream_name":"stdout","time":2043.236327442,"data":"EDGE_TTA_ACTIVE views= 8 mean_abs_feat_delta= 0.380801\n"}
,{"stream_name":"stdout","time":2043.439198796,"data":"EDGE_TTA_ACTIVE views= 8 mean_abs_feat_delta= 0.380801\n"}
,{"stream_name":"stdout","time":2044.214858089,"data":"SECONDARY_EDGE_TTA_ACTIVE views= 8 weight= 0.75 mean_abs_feat_delta= 0.287258\n"}
,{"stream_name":"stdout","time":2044.219756837,"data":"BIOHUB_RETENTION_GUARD {\"blended_candidates\": 539, \"dataset\": \"44b6_12dfb391\", \"frame\": 91, \"minimum_retention\": 0.9, \"primary_candidates\": 606, \"retention\": 0.8894389438943895, \"use_primary\": true}\n"}
,{"stream_name":"stdout","time":2044.417222599,"data":"SECONDARY_EDGE_TTA_ACTIVE views= 8 weight= 0.75 mean_abs_feat_delta= 0.287258\n"}
,{"stream_name":"stdout","time":2044.417276367,"data":"BIOHUB_RETENTION_GUARD {\"blended_candidates\": 539, \"dataset\": \"44b6_12dfb391\", \"frame\": 91, \"minimum_retention\": 0.9, \"primary_candidates\": 606, \"retention\": 0.8894389438943895, \"use_primary\": true}\n"}
,{"stream_name":"stdout","time":2045.58859859,"data":"EDGE_TTA_ACTIVE views= 8 mean_abs_feat_delta= 0.38522\n"}
,{"stream_name":"stdout","time":2045.7909048,"data":"EDGE_TTA_ACTIVE views= 8 mean_abs_feat_delta= 0.38522\n"}
,{"stream_name":"stdout","time":2046.563719828,"data":"SECONDARY_EDGE_TTA_ACTIVE views= 8 weight= 0.75 mean_abs_feat_delta= 0.293549\n"}
,{"stream_name":"stdout","time":2046.766997599,"data":"SECONDARY_EDGE_TTA_ACTIVE views= 8 weight= 0.75 mean_abs_feat_delta= 0.293549\n"}
,{"stream_name":"stdout","time":2047.950083677,"data":"EDGE_TTA_ACTIVE views= 8 mean_abs_feat_delta= 0.388166\n"}
,{"stream_name":"stdout","time":2048.152908335,"data":"EDGE_TTA_ACTIVE views= 8 mean_abs_feat_delta= 0.388166\n"}
,{"stream_name":"stdout","time":2048.92948046,"data":"SECONDARY_EDGE_TTA_ACTIVE views= 8 weight= 0.75 mean_abs_feat_delta= 0.300178\n"}
,{"stream_name":"stdout","time":2049.13203898,"data":"SECONDARY_EDGE_TTA_ACTIVE views= 8 weight= 0.75 mean_abs_feat_delta= 0.300178\n"}
,{"stream_name":"stdout","time":2050.284246568,"data":"EDGE_TTA_ACTIVE views= 8 mean_abs_feat_delta= 0.384739\n"}
,{"stream_name":"stdout","time":2050.486888674,"data":"EDGE_TTA_ACTIVE views= 8 mean_abs_feat_delta= 0.384739\n"}
,{"stream_name":"stdout","time":2051.257786182,"data":"SECONDARY_EDGE_TTA_ACTIVE views= 8 weight= 0.75 mean_abs_feat_delta= 0.298496\n"}
,{"stream_name":"stdout","time":2051.261933673,"data":"BIOHUB_RETENTION_GUARD {\"blended_candidates\": 505, \"dataset\": \"44b6_12dfb391\", \"frame\": 94, \"minimum_retention\": 0.9, \"primary_candidates\": 580, \"retention\": 0.8706896551724138, \"use_primary\": true}\n"}
,{"stream_name":"stdout","time":2051.461046477,"data":"SECONDARY_EDGE_TTA_ACTIVE views= 8 weight= 0.75 mean_abs_feat_delta= 0.298496\n"}
,{"stream_name":"stdout","time":2051.461081692,"data":"BIOHUB_RETENTION_GUARD {\"blended_candidates\": 505, \"dataset\": \"44b6_12dfb391\", \"frame\": 94, \"minimum_retention\": 0.9, \"primary_candidates\": 580, \"retention\": 0.8706896551724138, \"use_primary\": true}\n"}
,{"stream_name":"stdout","time":2052.447786574,"data":"EDGE_TTA_ACTIVE views= 8 mean_abs_feat_delta= 0.378807\n"}
,{"stream_name":"stdout","time":2052.650343952,"data":"EDGE_TTA_ACTIVE views= 8 mean_abs_feat_delta= 0.378807\n"}
,{"stream_name":"stdout","time":2053.426042831,"data":"SECONDARY_EDGE_TTA_ACTIVE views= 8 weight= 0.75 mean_abs_feat_delta= 0.300381\n"}
,{"stream_name":"stdout","time":2053.43031228,"data":"BIOHUB_RETENTION_GUARD {\"blended_candidates\": 522, \"dataset\": \"44b6_12dfb391\", \"frame\": 95, \"minimum_retention\": 0.9, \"primary_candidates\": 582, \"retention\": 0.8969072164948454, \"use_primary\": true}\n"}
,{"stream_name":"stdout","time":2053.628381085,"data":"SECONDARY_EDGE_TTA_ACTIVE views= 8 weight= 0.75 mean_abs_feat_delta= 0.300381\n"}
,{"stream_name":"stdout","time":2053.628451387,"data":"BIOHUB_RETENTION_GUARD {\"blended_candidates\": 522, \"dataset\": \"44b6_12dfb391\", \"frame\": 95, \"minimum_retention\": 0.9, \"primary_candidates\": 582, \"retention\": 0.8969072164948454, \"use_primary\": true}\n"}
,{"stream_name":"stdout","time":2054.639885049,"data":"EDGE_TTA_ACTIVE views= 8 mean_abs_feat_delta= 0.381585\n"}
,{"stream_name":"stdout","time":2054.917211366,"data":"EDGE_TTA_ACTIVE views= 8 mean_abs_feat_delta= 0.381585\n"}
,{"stream_name":"stdout","time":2055.616203463,"data":"SECONDARY_EDGE_TTA_ACTIVE views= 8 weight= 0.75 mean_abs_feat_delta= 0.300111\n"}
,{"stream_name":"stdout","time":2055.620978584,"data":"BIOHUB_RETENTION_GUARD {\"blended_candidates\": 522, \"dataset\": \"44b6_12dfb391\", \"frame\": 96, \"minimum_retention\": 0.9, \"primary_candidates\": 593, \"retention\": 0.8802698145025295, \"use_primary\": true}\n"}
,{"stream_name":"stdout","time":2055.818454613,"data":"SECONDARY_EDGE_TTA_ACTIVE views= 8 weight= 0.75 mean_abs_feat_delta= 0.300111\n"}
,{"stream_name":"stdout","time":2055.818485549,"data":"BIOHUB_RETENTION_GUARD {\"blended_candidates\": 522, \"dataset\": \"44b6_12dfb391\", \"frame\": 96, \"minimum_retention\": 0.9, \"primary_candidates\": 593, \"retention\": 0.8802698145025295, \"use_primary\": true}\n"}
,{"stream_name":"stdout","time":2056.827736487,"data":"EDGE_TTA_ACTIVE views= 8 mean_abs_feat_delta= 0.380187\n"}
,{"stream_name":"stdout","time":2057.030303826,"data":"EDGE_TTA_ACTIVE views= 8 mean_abs_feat_delta= 0.380187\n"}
,{"stream_name":"stdout","time":2057.810507122,"data":"SECONDARY_EDGE_TTA_ACTIVE views= 8 weight= 0.75 mean_abs_feat_delta= 0.295505\n"}
,{"stream_name":"stdout","time":2057.814784955,"data":"BIOHUB_RETENTION_GUARD {\"blended_candidates\": 517, \"dataset\": \"44b6_12dfb391\", \"frame\": 97, \"minimum_retention\": 0.9, \"primary_candidates\": 587, \"retention\": 0.8807495741056218, \"use_primary\": true}\n"}
,{"stream_name":"stdout","time":2058.01302525,"data":"SECONDARY_EDGE_TTA_ACTIVE views= 8 weight= 0.75 mean_abs_feat_delta= 0.295505\n"}
,{"stream_name":"stdout","time":2058.013066638,"data":"BIOHUB_RETENTION_GUARD {\"blended_candidates\": 517, \"dataset\": \"44b6_12dfb391\", \"frame\": 97, \"minimum_retention\": 0.9, \"primary_candidates\": 587, \"retention\": 0.8807495741056218, \"use_primary\": true}\n"}
,{"stream_name":"stdout","time":2059.01796992,"data":"EDGE_TTA_ACTIVE views= 8 mean_abs_feat_delta= 0.378846\n"}
,{"stream_name":"stdout","time":2059.220754749,"data":"EDGE_TTA_ACTIVE views= 8 mean_abs_feat_delta= 0.378846\n"}
,{"stream_name":"stdout","time":2060.008787586,"data":"SECONDARY_EDGE_TTA_ACTIVE views= 8 weight= 0.75 mean_abs_feat_delta= 0.291917\n"}
,{"stream_name":"stdout","time":2060.211266798,"data":"SECONDARY_EDGE_TTA_ACTIVE views= 8 weight= 0.75 mean_abs_feat_delta= 0.291917\n"}
,{"stream_name":"stdout","time":2061.080045608,"data":"EDGE_TTA_ACTIVE views= 8 mean_abs_feat_delta= 0.320294\n"}
,{"stream_name":"stdout","time":2061.224136666,"data":"EDGE_TTA_ACTIVE views= 8 mean_abs_feat_delta= 0.382171\n"}
,{"stream_name":"stdout","time":2061.28427684,"data":"EDGE_TTA_ACTIVE views= 8 mean_abs_feat_delta= 0.320294\n"}
,{"stream_name":"stdout","time":2061.284297728,"data":"EDGE_TTA_ACTIVE views= 8 mean_abs_feat_delta= 0.382171\n"}
,{"stream_name":"stdout","time":2062.033284573,"data":"SECONDARY_EDGE_TTA_ACTIVE views= 8 weight= 0.75 mean_abs_feat_delta= 0.27846\n"}
,{"stream_name":"stdout","time":2062.201812757,"data":"SECONDARY_EDGE_TTA_ACTIVE views= 8 weight= 0.75 mean_abs_feat_delta= 0.291821\n"}
,{"stream_name":"stdout","time":2062.235805794,"data":"SECONDARY_EDGE_TTA_ACTIVE views= 8 weight= 0.75 mean_abs_feat_delta= 0.27846\n"}
,{"stream_name":"stdout","time":2062.235828664,"data":"SECONDARY_EDGE_TTA_ACTIVE views= 8 weight= 0.75 mean_abs_feat_delta= 0.291821\n"}
,{"stream_name":"stdout","time":2063.116499744,"data":"EDGE_TTA_ACTIVE views= 8 mean_abs_feat_delta= 0.322134\n"}
,{"stream_name":"stdout","time":2063.319248324,"data":"EDGE_TTA_ACTIVE views= 8 mean_abs_feat_delta= 0.322134\n"}
,{"stream_name":"stdout","time":2064.073558935,"data":"SECONDARY_EDGE_TTA_ACTIVE views= 8 weight= 0.75 mean_abs_feat_delta= 0.277016\n"}
,{"stream_name":"stdout","time":2064.276000678,"data":"SECONDARY_EDGE_TTA_ACTIVE views= 8 weight= 0.75 mean_abs_feat_delta= 0.277016\n"}
,{"stream_name":"stdout","time":2065.153831291,"data":"EDGE_TTA_ACTIVE views= 8 mean_abs_feat_delta= 0.326251\n"}
,{"stream_name":"stdout","time":2065.356606343,"data":"EDGE_TTA_ACTIVE views= 8 mean_abs_feat_delta= 0.326251\n"}
,{"stream_name":"stdout","time":2066.112841247,"data":"SECONDARY_EDGE_TTA_ACTIVE views= 8 weight= 0.75 mean_abs_feat_delta= 0.278317\n"}
,{"stream_name":"stdout","time":2066.315519551,"data":"SECONDARY_EDGE_TTA_ACTIVE views= 8 weight= 0.75 mean_abs_feat_delta= 0.278317\n"}
,{"stream_name":"stdout","time":2067.206334294,"data":"EDGE_TTA_ACTIVE views= 8 mean_abs_feat_delta= 0.322679\n"}
,{"stream_name":"stdout","time":2067.407224498,"data":"EDGE_TTA_ACTIVE views= 8 mean_abs_feat_delta= 0.322679\n"}
,{"stream_name":"stdout","time":2068.166201065,"data":"SECONDARY_EDGE_TTA_ACTIVE views= 8 weight= 0.75 mean_abs_feat_delta= 0.284588\n"}
,{"stream_name":"stdout","time":2068.368829607,"data":"SECONDARY_EDGE_TTA_ACTIVE views= 8 weight= 0.75 mean_abs_feat_delta= 0.284588\n"}
,{"stream_name":"stdout","time":2069.256322406,"data":"EDGE_TTA_ACTIVE views= 8 mean_abs_feat_delta= 0.320224\n"}
,{"stream_name":"stdout","time":2069.459865287,"data":"EDGE_TTA_ACTIVE views= 8 mean_abs_feat_delta= 0.320224\n"}
,{"stream_name":"stdout","time":2070.216321221,"data":"SECONDARY_EDGE_TTA_ACTIVE views= 8 weight= 0.75 mean_abs_feat_delta= 0.286296\n"}
,{"stream_name":"stdout","time":2070.420196321,"data":"SECONDARY_EDGE_TTA_ACTIVE views= 8 weight= 0.75 mean_abs_feat_delta= 0.286296\n"}
,{"stream_name":"stdout","time":2071.307178649,"data":"EDGE_TTA_ACTIVE views= 8 mean_abs_feat_delta= 0.31943\n"}
,{"stream_name":"stdout","time":2071.509558715,"data":"EDGE_TTA_ACTIVE views= 8 mean_abs_feat_delta= 0.31943\n"}
,{"stream_name":"stdout","time":2072.275520259,"data":"SECONDARY_EDGE_TTA_ACTIVE views= 8 weight= 0.75 mean_abs_feat_delta= 0.285455\n"}
,{"stream_name":"stdout","time":2072.477934161,"data":"SECONDARY_EDGE_TTA_ACTIVE views= 8 weight= 0.75 mean_abs_feat_delta= 0.285455\n"}
,{"stream_name":"stdout","time":2073.361421878,"data":"EDGE_TTA_ACTIVE views= 8 mean_abs_feat_delta= 0.321787\n"}
,{"stream_name":"stdout","time":2073.563243921,"data":"EDGE_TTA_ACTIVE views= 8 mean_abs_feat_delta= 0.321787\n"}
,{"stream_name":"stdout","time":2074.332243903,"data":"SECONDARY_EDGE_TTA_ACTIVE views= 8 weight= 0.75 mean_abs_feat_delta= 0.283678\n"}
,{"stream_name":"stdout","time":2074.531871529,"data":"SECONDARY_EDGE_TTA_ACTIVE views= 8 weight= 0.75 mean_abs_feat_delta= 0.283678\n"}
,{"stream_name":"stdout","time":2075.482965167,"data":"EDGE_TTA_ACTIVE views= 8 mean_abs_feat_delta= 0.329635\n"}
,{"stream_name":"stdout","time":2075.686060802,"data":"EDGE_TTA_ACTIVE views= 8 mean_abs_feat_delta= 0.329635\n"}
,{"stream_name":"stdout","time":2076.447655431,"data":"SECONDARY_EDGE_TTA_ACTIVE views= 8 weight= 0.75 mean_abs_feat_delta= 0.283703\n"}
,{"stream_name":"stdout","time":2076.650463182,"data":"SECONDARY_EDGE_TTA_ACTIVE views= 8 weight= 0.75 mean_abs_feat_delta= 0.283703\n"}
,{"stream_name":"stdout","time":2077.537852821,"data":"EDGE_TTA_ACTIVE views= 8 mean_abs_feat_delta= 0.323907\n"}
,{"stream_name":"stdout","time":2077.740673619,"data":"EDGE_TTA_ACTIVE views= 8 mean_abs_feat_delta= 0.323907\n"}
,{"stream_name":"stdout","time":2078.509622771,"data":"SECONDARY_EDGE_TTA_ACTIVE views= 8 weight= 0.75 mean_abs_feat_delta= 0.277948\n"}
,{"stream_name":"stdout","time":2078.712466171,"data":"SECONDARY_EDGE_TTA_ACTIVE views= 8 weight= 0.75 mean_abs_feat_delta= 0.277948\n"}
,{"stream_name":"stdout","time":2079.565037079,"data":"EDGE_TTA_ACTIVE views= 8 mean_abs_feat_delta= 0.321417\n"}
,{"stream_name":"stdout","time":2079.767708483,"data":"EDGE_TTA_ACTIVE views= 8 mean_abs_feat_delta= 0.321417\n"}
,{"stream_name":"stdout","time":2080.538751662,"data":"SECONDARY_EDGE_TTA_ACTIVE views= 8 weight= 0.75 mean_abs_feat_delta= 0.274814\n"}
,{"stream_name":"stdout","time":2080.74140044,"data":"SECONDARY_EDGE_TTA_ACTIVE views= 8 weight= 0.75 mean_abs_feat_delta= 0.274814\n"}
,{"stream_name":"stdout","time":2081.591352677,"data":"EDGE_TTA_ACTIVE views= 8 mean_abs_feat_delta= 0.321586\n"}
,{"stream_name":"stdout","time":2081.793991087,"data":"EDGE_TTA_ACTIVE views= 8 mean_abs_feat_delta= 0.321586\n"}
,{"stream_name":"stdout","time":2082.566289657,"data":"SECONDARY_EDGE_TTA_ACTIVE views= 8 weight= 0.75 mean_abs_feat_delta= 0.277029\n"}
,{"stream_name":"stdout","time":2082.769042807,"data":"SECONDARY_EDGE_TTA_ACTIVE views= 8 weight= 0.75 mean_abs_feat_delta= 0.277029\n"}
,{"stream_name":"stdout","time":2083.63215297,"data":"EDGE_TTA_ACTIVE views= 8 mean_abs_feat_delta= 0.320398\n"}
,{"stream_name":"stdout","time":2083.834754282,"data":"EDGE_TTA_ACTIVE views= 8 mean_abs_feat_delta= 0.320398\n"}
,{"stream_name":"stdout","time":2084.612167025,"data":"SECONDARY_EDGE_TTA_ACTIVE views= 8 weight= 0.75 mean_abs_feat_delta= 0.268918\n"}
,{"stream_name":"stdout","time":2084.814805661,"data":"SECONDARY_EDGE_TTA_ACTIVE views= 8 weight= 0.75 mean_abs_feat_delta= 0.268918\n"}
,{"stream_name":"stdout","time":2085.668288868,"data":"EDGE_TTA_ACTIVE views= 8 mean_abs_feat_delta= 0.321138\n"}
,{"stream_name":"stdout","time":2085.952222782,"data":"EDGE_TTA_ACTIVE views= 8 mean_abs_feat_delta= 0.321138\n"}
,{"stream_name":"stdout","time":2086.649872737,"data":"SECONDARY_EDGE_TTA_ACTIVE views= 8 weight= 0.75 mean_abs_feat_delta= 0.271352\n"}
,{"stream_name":"stdout","time":2086.85229863,"data":"SECONDARY_EDGE_TTA_ACTIVE views= 8 weight= 0.75 mean_abs_feat_delta= 0.271352\n"}
,{"stream_name":"stdout","time":2087.732838339,"data":"EDGE_TTA_ACTIVE views= 8 mean_abs_feat_delta= 0.318212\n"}
,{"stream_name":"stdout","time":2087.935552471,"data":"EDGE_TTA_ACTIVE views= 8 mean_abs_feat_delta= 0.318212\n"}
,{"stream_name":"stdout","time":2088.711030151,"data":"SECONDARY_EDGE_TTA_ACTIVE views= 8 weight= 0.75 mean_abs_feat_delta= 0.269307\n"}
,{"stream_name":"stdout","time":2088.91373722,"data":"SECONDARY_EDGE_TTA_ACTIVE views= 8 weight= 0.75 mean_abs_feat_delta= 0.269307\n"}
,{"stream_name":"stdout","time":2089.780992244,"data":"EDGE_TTA_ACTIVE views= 8 mean_abs_feat_delta= 0.331097\n"}
,{"stream_name":"stdout","time":2089.983638786,"data":"EDGE_TTA_ACTIVE views= 8 mean_abs_feat_delta= 0.331097\n"}
,{"stream_name":"stdout","time":2090.779219565,"data":"SECONDARY_EDGE_TTA_ACTIVE views= 8 weight= 0.75 mean_abs_feat_delta= 0.270557\n"}
,{"stream_name":"stdout","time":2090.981798282,"data":"SECONDARY_EDGE_TTA_ACTIVE views= 8 weight= 0.75 mean_abs_feat_delta= 0.270557\n"}
,{"stream_name":"stdout","time":2091.856643405,"data":"EDGE_TTA_ACTIVE views= 8 mean_abs_feat_delta= 0.334289\n"}
,{"stream_name":"stdout","time":2092.059689164,"data":"EDGE_TTA_ACTIVE views= 8 mean_abs_feat_delta= 0.334289\n"}
,{"stream_name":"stdout","time":2092.861756961,"data":"SECONDARY_EDGE_TTA_ACTIVE views= 8 weight= 0.75 mean_abs_feat_delta= 0.280394\n"}
,{"stream_name":"stdout","time":2093.064424013,"data":"SECONDARY_EDGE_TTA_ACTIVE views= 8 weight= 0.75 mean_abs_feat_delta= 0.280394\n"}
,{"stream_name":"stdout","time":2093.963789891,"data":"EDGE_TTA_ACTIVE views= 8 mean_abs_feat_delta= 0.332325\n"}
,{"stream_name":"stdout","time":2094.165941577,"data":"EDGE_TTA_ACTIVE views= 8 mean_abs_feat_delta= 0.332325\n"}
,{"stream_name":"stdout","time":2094.973561253,"data":"SECONDARY_EDGE_TTA_ACTIVE views= 8 weight= 0.75 mean_abs_feat_delta= 0.278966\n"}
,{"stream_name":"stdout","time":2095.176096678,"data":"SECONDARY_EDGE_TTA_ACTIVE views= 8 weight= 0.75 mean_abs_feat_delta= 0.278966\n"}
,{"stream_name":"stdout","time":2096.073839069,"data":"EDGE_TTA_ACTIVE views= 8 mean_abs_feat_delta= 0.335563\n"}
,{"stream_name":"stdout","time":2096.276470511,"data":"EDGE_TTA_ACTIVE views= 8 mean_abs_feat_delta= 0.335563\n"}
,{"stream_name":"stdout","time":2097.085992119,"data":"SECONDARY_EDGE_TTA_ACTIVE views= 8 weight= 0.75 mean_abs_feat_delta= 0.278061\n"}
,{"stream_name":"stdout","time":2097.288527758,"data":"SECONDARY_EDGE_TTA_ACTIVE views= 8 weight= 0.75 mean_abs_feat_delta= 0.278061\n"}
,{"stream_name":"stdout","time":2098.175478385,"data":"EDGE_TTA_ACTIVE views= 8 mean_abs_feat_delta= 0.341829\n"}
,{"stream_name":"stdout","time":2098.378549933,"data":"EDGE_TTA_ACTIVE views= 8 mean_abs_feat_delta= 0.341829\n"}
,{"stream_name":"stdout","time":2099.198911651,"data":"SECONDARY_EDGE_TTA_ACTIVE views= 8 weight= 0.75 mean_abs_feat_delta= 0.282144\n"}
,{"stream_name":"stdout","time":2099.401587257,"data":"SECONDARY_EDGE_TTA_ACTIVE views= 8 weight= 0.75 mean_abs_feat_delta= 0.282144\n"}
,{"stream_name":"stdout","time":2100.298741442,"data":"EDGE_TTA_ACTIVE views= 8 mean_abs_feat_delta= 0.332693\n"}
,{"stream_name":"stdout","time":2100.501407784,"data":"EDGE_TTA_ACTIVE views= 8 mean_abs_feat_delta= 0.332693\n"}
,{"stream_name":"stdout","time":2101.327832136,"data":"SECONDARY_EDGE_TTA_ACTIVE views= 8 weight= 0.75 mean_abs_feat_delta= 0.285501\n"}
,{"stream_name":"stdout","time":2101.530259217,"data":"SECONDARY_EDGE_TTA_ACTIVE views= 8 weight= 0.75 mean_abs_feat_delta= 0.285501\n"}
,{"stream_name":"stdout","time":2102.436642046,"data":"EDGE_TTA_ACTIVE views= 8 mean_abs_feat_delta= 0.332604\n"}
,{"stream_name":"stdout","time":2102.63918818,"data":"EDGE_TTA_ACTIVE views= 8 mean_abs_feat_delta= 0.332604\n"}
,{"stream_name":"stdout","time":2103.470764343,"data":"SECONDARY_EDGE_TTA_ACTIVE views= 8 weight= 0.75 mean_abs_feat_delta= 0.283968\n"}
,{"stream_name":"stdout","time":2103.673675142,"data":"SECONDARY_EDGE_TTA_ACTIVE views= 8 weight= 0.75 mean_abs_feat_delta= 0.283968\n"}
,{"stream_name":"stdout","time":2104.587743461,"data":"EDGE_TTA_ACTIVE views= 8 mean_abs_feat_delta= 0.338983\n"}
,{"stream_name":"stdout","time":2104.790687543,"data":"EDGE_TTA_ACTIVE views= 8 mean_abs_feat_delta= 0.338983\n"}
,{"stream_name":"stdout","time":2105.625592932,"data":"SECONDARY_EDGE_TTA_ACTIVE views= 8 weight= 0.75 mean_abs_feat_delta= 0.284824\n"}
,{"stream_name":"stdout","time":2105.8282221,"data":"SECONDARY_EDGE_TTA_ACTIVE views= 8 weight= 0.75 mean_abs_feat_delta= 0.284824\n"}
,{"stream_name":"stdout","time":2106.73817035,"data":"EDGE_TTA_ACTIVE views= 8 mean_abs_feat_delta= 0.337056\n"}
,{"stream_name":"stdout","time":2106.94094859,"data":"EDGE_TTA_ACTIVE views= 8 mean_abs_feat_delta= 0.337056\n"}
,{"stream_name":"stdout","time":2107.781257823,"data":"SECONDARY_EDGE_TTA_ACTIVE views= 8 weight= 0.75 mean_abs_feat_delta= 0.283118\n"}
,{"stream_name":"stdout","time":2107.983914418,"data":"SECONDARY_EDGE_TTA_ACTIVE views= 8 weight= 0.75 mean_abs_feat_delta= 0.283118\n"}
,{"stream_name":"stdout","time":2108.904157695,"data":"EDGE_TTA_ACTIVE views= 8 mean_abs_feat_delta= 0.325229\n"}
,{"stream_name":"stdout","time":2109.106900092,"data":"EDGE_TTA_ACTIVE views= 8 mean_abs_feat_delta= 0.325229\n"}
,{"stream_name":"stdout","time":2109.950811615,"data":"SECONDARY_EDGE_TTA_ACTIVE views= 8 weight= 0.75 mean_abs_feat_delta= 0.276919\n"}
,{"stream_name":"stdout","time":2110.153816084,"data":"SECONDARY_EDGE_TTA_ACTIVE views= 8 weight= 0.75 mean_abs_feat_delta= 0.276919\n"}
,{"stream_name":"stdout","time":2111.076819273,"data":"EDGE_TTA_ACTIVE views= 8 mean_abs_feat_delta= 0.329605\n"}
,{"stream_name":"stdout","time":2111.279888929,"data":"EDGE_TTA_ACTIVE views= 8 mean_abs_feat_delta= 0.329605\n"}
,{"stream_name":"stdout","time":2111.86861818,"data":"EDGE_TTA_ACTIVE views= 8 mean_abs_feat_delta= 0.368675\n"}
,{"stream_name":"stdout","time":2112.071032594,"data":"EDGE_TTA_ACTIVE views= 8 mean_abs_feat_delta= 0.368675\n"}
,{"stream_name":"stdout","time":2112.133996982,"data":"SECONDARY_EDGE_TTA_ACTIVE views= 8 weight= 0.75 mean_abs_feat_delta= 0.278302\n"}
,{"stream_name":"stdout","time":2112.336200777,"data":"SECONDARY_EDGE_TTA_ACTIVE views= 8 weight= 0.75 mean_abs_feat_delta= 0.278302\n"}
,{"stream_name":"stdout","time":2112.827676486,"data":"SECONDARY_EDGE_TTA_ACTIVE views= 8 weight= 0.75 mean_abs_feat_delta= 0.331652\n"}
,{"stream_name":"stdout","time":2112.831074269,"data":"BIOHUB_RETENTION_GUARD {\"blended_candidates\": 436, \"dataset\": \"44b6_2a2eff9f\", \"frame\": 0, \"minimum_retention\": 0.9, \"primary_candidates\": 549, \"retention\": 0.7941712204007286, \"use_primary\": true}\n"}
,{"stream_name":"stdout","time":2112.832379574,"data":"BIOHUB_RETENTION_GUARD {\"blended_candidates\": 442, \"dataset\": \"44b6_2a2eff9f\", \"frame\": 1, \"minimum_retention\": 0.9, \"primary_candidates\": 537, \"retention\": 0.8230912476722533, \"use_primary\": true}\n"}
,{"stream_name":"stdout","time":2113.03020729,"data":"SECONDARY_EDGE_TTA_ACTIVE views= 8 weight= 0.75 mean_abs_feat_delta= 0.331652\n"}
,{"stream_name":"stdout","time":2113.030233531,"data":"BIOHUB_RETENTION_GUARD {\"blended_candidates\": 436, \"dataset\": \"44b6_2a2eff9f\", \"frame\": 0, \"minimum_retention\": 0.9, \"primary_candidates\": 549, \"retention\": 0.7941712204007286, \"use_primary\": true}\n"}
,{"stream_name":"stdout","time":2113.030240761,"data":"BIOHUB_RETENTION_GUARD {\"blended_candidates\": 442, \"dataset\": \"44b6_2a2eff9f\", \"frame\": 1, \"minimum_retention\": 0.9, \"primary_candidates\": 537, \"retention\": 0.8230912476722533, \"use_primary\": true}\n"}
,{"stream_name":"stdout","time":2113.267804496,"data":"EDGE_TTA_ACTIVE views= 8 mean_abs_feat_delta= 0.337701\n"}
,{"stream_name":"stdout","time":2113.470525341,"data":"EDGE_TTA_ACTIVE views= 8 mean_abs_feat_delta= 0.337701\n"}
,{"stream_name":"stdout","time":2113.995711434,"data":"EDGE_TTA_ACTIVE views= 8 mean_abs_feat_delta= 0.367044\n"}
,{"stream_name":"stdout","time":2114.198256613,"data":"EDGE_TTA_ACTIVE views= 8 mean_abs_feat_delta= 0.367044\n"}
,{"stream_name":"stdout","time":2114.323844985,"data":"SECONDARY_EDGE_TTA_ACTIVE views= 8 weight= 0.75 mean_abs_feat_delta= 0.278753\n"}
,{"stream_name":"stdout","time":2114.526398831,"data":"SECONDARY_EDGE_TTA_ACTIVE views= 8 weight= 0.75 mean_abs_feat_delta= 0.278753\n"}
,{"stream_name":"stdout","time":2114.959502652,"data":"SECONDARY_EDGE_TTA_ACTIVE views= 8 weight= 0.75 mean_abs_feat_delta= 0.333378\n"}
,{"stream_name":"stdout","time":2114.964036202,"data":"BIOHUB_RETENTION_GUARD {\"blended_candidates\": 429, \"dataset\": \"44b6_2a2eff9f\", \"frame\": 2, \"minimum_retention\": 0.9, \"primary_candidates\": 528, \"retention\": 0.8125, \"use_primary\": true}\n"}
,{"stream_name":"stdout","time":2115.162120582,"data":"SECONDARY_EDGE_TTA_ACTIVE views= 8 weight= 0.75 mean_abs_feat_delta= 0.333378\n"}
,{"stream_name":"stdout","time":2115.162160356,"data":"BIOHUB_RETENTION_GUARD {\"blended_candidates\": 429, \"dataset\": \"44b6_2a2eff9f\", \"frame\": 2, \"minimum_retention\": 0.9, \"primary_candidates\": 528, \"retention\": 0.8125, \"use_primary\": true}\n"}
,{"stream_name":"stdout","time":2115.496273579,"data":"EDGE_TTA_ACTIVE views= 8 mean_abs_feat_delta= 0.335302\n"}
,{"stream_name":"stdout","time":2115.698945818,"data":"EDGE_TTA_ACTIVE views= 8 mean_abs_feat_delta= 0.335302\n"}
,{"stream_name":"stdout","time":2116.111968054,"data":"EDGE_TTA_ACTIVE views= 8 mean_abs_feat_delta= 0.367038\n"}
,{"stream_name":"stdout","time":2116.393441872,"data":"EDGE_TTA_ACTIVE views= 8 mean_abs_feat_delta= 0.367038\n"}
,{"stream_name":"stdout","time":2116.547191958,"data":"SECONDARY_EDGE_TTA_ACTIVE views= 8 weight= 0.75 mean_abs_feat_delta= 0.275509\n"}
,{"stream_name":"stdout","time":2116.55147603,"data":"BIOHUB_RETENTION_GUARD {\"blended_candidates\": 90, \"dataset\": \"44b6_341df25f\", \"frame\": 27, \"minimum_retention\": 0.9, \"primary_candidates\": 101, \"retention\": 0.8910891089108911, \"use_primary\": true}\n"}
,{"stream_name":"stdout","time":2116.749660464,"data":"SECONDARY_EDGE_TTA_ACTIVE views= 8 weight= 0.75 mean_abs_feat_delta= 0.275509\n"}
,{"stream_name":"stdout","time":2116.749690454,"data":"BIOHUB_RETENTION_GUARD {\"blended_candidates\": 90, \"dataset\": \"44b6_341df25f\", \"frame\": 27, \"minimum_retention\": 0.9, \"primary_candidates\": 101, \"retention\": 0.8910891089108911, \"use_primary\": true}\n"}
,{"stream_name":"stdout","time":2117.084722131,"data":"SECONDARY_EDGE_TTA_ACTIVE views= 8 weight= 0.75 mean_abs_feat_delta= 0.332657\n"}
,{"stream_name":"stdout","time":2117.089085855,"data":"BIOHUB_RETENTION_GUARD {\"blended_candidates\": 403, \"dataset\": \"44b6_2a2eff9f\", \"frame\": 3, \"minimum_retention\": 0.9, \"primary_candidates\": 515, \"retention\": 0.7825242718446602, \"use_primary\": true}\n"}
,{"stream_name":"stdout","time":2117.286976409,"data":"SECONDARY_EDGE_TTA_ACTIVE views= 8 weight= 0.75 mean_abs_feat_delta= 0.332657\n"}
,{"stream_name":"stdout","time":2117.287008549,"data":"BIOHUB_RETENTION_GUARD {\"blended_candidates\": 403, \"dataset\": \"44b6_2a2eff9f\", \"frame\": 3, \"minimum_retention\": 0.9, \"primary_candidates\": 515, \"retention\": 0.7825242718446602, \"use_primary\": true}\n"}
,{"stream_name":"stdout","time":2117.711400203,"data":"EDGE_TTA_ACTIVE views= 8 mean_abs_feat_delta= 0.340387\n"}
,{"stream_name":"stdout","time":2117.91394168,"data":"EDGE_TTA_ACTIVE views= 8 mean_abs_feat_delta= 0.340387\n"}
,{"stream_name":"stdout","time":2118.256078031,"data":"EDGE_TTA_ACTIVE views= 8 mean_abs_feat_delta= 0.366333\n"}
,{"stream_name":"stdout","time":2118.458832528,"data":"EDGE_TTA_ACTIVE views= 8 mean_abs_feat_delta= 0.366333\n"}
,{"stream_name":"stdout","time":2118.775427774,"data":"SECONDARY_EDGE_TTA_ACTIVE views= 8 weight= 0.75 mean_abs_feat_delta= 0.277739\n"}
,{"stream_name":"stdout","time":2118.977970211,"data":"SECONDARY_EDGE_TTA_ACTIVE views= 8 weight= 0.75 mean_abs_feat_delta= 0.277739\n"}
,{"stream_name":"stdout","time":2119.231924598,"data":"SECONDARY_EDGE_TTA_ACTIVE views= 8 weight= 0.75 mean_abs_feat_delta= 0.332816\n"}
,{"stream_name":"stdout","time":2119.234232323,"data":"BIOHUB_RETENTION_GUARD {\"blended_candidates\": 448, \"dataset\": \"44b6_2a2eff9f\", \"frame\": 4, \"minimum_retention\": 0.9, \"primary_candidates\": 536, \"retention\": 0.835820895522388, \"use_primary\": true}\n"}
,{"stream_name":"stdout","time":2119.431759865,"data":"SECONDARY_EDGE_TTA_ACTIVE views= 8 weight= 0.75 mean_abs_feat_delta= 0.332816\n"}
,{"stream_name":"stdout","time":2119.431788617,"data":"BIOHUB_RETENTION_GUARD {\"blended_candidates\": 448, \"dataset\": \"44b6_2a2eff9f\", \"frame\": 4, \"minimum_retention\": 0.9, \"primary_candidates\": 536, \"retention\": 0.835820895522388, \"use_primary\": true}\n"}
,{"stream_name":"stdout","time":2119.91758514,"data":"EDGE_TTA_ACTIVE views= 8 mean_abs_feat_delta= 0.34191\n"}
,{"stream_name":"stdout","time":2120.119903693,"data":"EDGE_TTA_ACTIVE views= 8 mean_abs_feat_delta= 0.34191\n"}
,{"stream_name":"stdout","time":2120.396975363,"data":"EDGE_TTA_ACTIVE views= 8 mean_abs_feat_delta= 0.368384\n"}
,{"stream_name":"stdout","time":2120.599339639,"data":"EDGE_TTA_ACTIVE views= 8 mean_abs_feat_delta= 0.368384\n"}
,{"stream_name":"stdout","time":2120.974689108,"data":"SECONDARY_EDGE_TTA_ACTIVE views= 8 weight= 0.75 mean_abs_feat_delta= 0.280155\n"}
,{"stream_name":"stdout","time":2121.177237121,"data":"SECONDARY_EDGE_TTA_ACTIVE views= 8 weight= 0.75 mean_abs_feat_delta= 0.280155\n"}
,{"stream_name":"stdout","time":2121.375491934,"data":"SECONDARY_EDGE_TTA_ACTIVE views= 8 weight= 0.75 mean_abs_feat_delta= 0.331497\n"}
,{"stream_name":"stdout","time":2121.379694859,"data":"BIOHUB_RETENTION_GUARD {\"blended_candidates\": 433, \"dataset\": \"44b6_2a2eff9f\", \"frame\": 5, \"minimum_retention\": 0.9, \"primary_candidates\": 534, \"retention\": 0.8108614232209738, \"use_primary\": true}\n"}
,{"stream_name":"stdout","time":2121.57813473,"data":"SECONDARY_EDGE_TTA_ACTIVE views= 8 weight= 0.75 mean_abs_feat_delta= 0.331497\n"}
,{"stream_name":"stdout","time":2121.578165378,"data":"BIOHUB_RETENTION_GUARD {\"blended_candidates\": 433, \"dataset\": \"44b6_2a2eff9f\", \"frame\": 5, \"minimum_retention\": 0.9, \"primary_candidates\": 534, \"retention\": 0.8108614232209738, \"use_primary\": true}\n"}
,{"stream_name":"stdout","time":2122.132978314,"data":"EDGE_TTA_ACTIVE views= 8 mean_abs_feat_delta= 0.340312\n"}
,{"stream_name":"stdout","time":2122.335170876,"data":"EDGE_TTA_ACTIVE views= 8 mean_abs_feat_delta= 0.340312\n"}
,{"stream_name":"stdout","time":2122.547394807,"data":"EDGE_TTA_ACTIVE views= 8 mean_abs_feat_delta= 0.369645\n"}
,{"stream_name":"stdout","time":2122.74964719,"data":"EDGE_TTA_ACTIVE views= 8 mean_abs_feat_delta= 0.369645\n"}
,{"stream_name":"stdout","time":2123.191516763,"data":"SECONDARY_EDGE_TTA_ACTIVE views= 8 weight= 0.75 mean_abs_feat_delta= 0.281274\n"}
,{"stream_name":"stdout","time":2123.393939234,"data":"SECONDARY_EDGE_TTA_ACTIVE views= 8 weight= 0.75 mean_abs_feat_delta= 0.281274\n"}
,{"stream_name":"stdout","time":2123.521730546,"data":"SECONDARY_EDGE_TTA_ACTIVE views= 8 weight= 0.75 mean_abs_feat_delta= 0.332483\n"}
,{"stream_name":"stdout","time":2123.525787963,"data":"BIOHUB_RETENTION_GUARD {\"blended_candidates\": 432, \"dataset\": \"44b6_2a2eff9f\", \"frame\": 6, \"minimum_retention\": 0.9, \"primary_candidates\": 542, \"retention\": 0.7970479704797048, \"use_primary\": true}\n"}
,{"stream_name":"stdout","time":2123.72412333,"data":"SECONDARY_EDGE_TTA_ACTIVE views= 8 weight= 0.75 mean_abs_feat_delta= 0.332483\n"}
,{"stream_name":"stdout","time":2123.724152026,"data":"BIOHUB_RETENTION_GUARD {\"blended_candidates\": 432, \"dataset\": \"44b6_2a2eff9f\", \"frame\": 6, \"minimum_retention\": 0.9, \"primary_candidates\": 542, \"retention\": 0.7970479704797048, \"use_primary\": true}\n"}
,{"stream_name":"stdout","time":2124.323220453,"data":"EDGE_TTA_ACTIVE views= 8 mean_abs_feat_delta= 0.338733\n"}
,{"stream_name":"stdout","time":2124.525437999,"data":"EDGE_TTA_ACTIVE views= 8 mean_abs_feat_delta= 0.338733\n"}
,{"stream_name":"stdout","time":2124.713053911,"data":"EDGE_TTA_ACTIVE views= 8 mean_abs_feat_delta= 0.375347\n"}
,{"stream_name":"stdout","time":2124.915365364,"data":"EDGE_TTA_ACTIVE views= 8 mean_abs_feat_delta= 0.375347\n"}
,{"stream_name":"stdout","time":2125.372087517,"data":"SECONDARY_EDGE_TTA_ACTIVE views= 8 weight= 0.75 mean_abs_feat_delta= 0.277922\n"}
,{"stream_name":"stdout","time":2125.574566395,"data":"SECONDARY_EDGE_TTA_ACTIVE views= 8 weight= 0.75 mean_abs_feat_delta= 0.277922\n"}
,{"stream_name":"stdout","time":2125.686606916,"data":"SECONDARY_EDGE_TTA_ACTIVE views= 8 weight= 0.75 mean_abs_feat_delta= 0.331461\n"}
,{"stream_name":"stdout","time":2125.690754445,"data":"BIOHUB_RETENTION_GUARD {\"blended_candidates\": 403, \"dataset\": \"44b6_2a2eff9f\", \"frame\": 7, \"minimum_retention\": 0.9, \"primary_candidates\": 527, \"retention\": 0.7647058823529411, \"use_primary\": true}\n"}
,{"stream_name":"stdout","time":2125.889145087,"data":"SECONDARY_EDGE_TTA_ACTIVE views= 8 weight= 0.75 mean_abs_feat_delta= 0.331461\n"}
,{"stream_name":"stdout","time":2125.889210065,"data":"BIOHUB_RETENTION_GUARD {\"blended_candidates\": 403, \"dataset\": \"44b6_2a2eff9f\", \"frame\": 7, \"minimum_retention\": 0.9, \"primary_candidates\": 527, \"retention\": 0.7647058823529411, \"use_primary\": true}\n"}
,{"stream_name":"stdout","time":2126.544243355,"data":"EDGE_TTA_ACTIVE views= 8 mean_abs_feat_delta= 0.338922\n"}
,{"stream_name":"stdout","time":2126.746882972,"data":"EDGE_TTA_ACTIVE views= 8 mean_abs_feat_delta= 0.338922\n"}
,{"stream_name":"stdout","time":2126.84254602,"data":"EDGE_TTA_ACTIVE views= 8 mean_abs_feat_delta= 0.384044\n"}
,{"stream_name":"stdout","time":2127.044562892,"data":"EDGE_TTA_ACTIVE views= 8 mean_abs_feat_delta= 0.384044\n"}
,{"stream_name":"stdout","time":2127.583588075,"data":"SECONDARY_EDGE_TTA_ACTIVE views= 8 weight= 0.75 mean_abs_feat_delta= 0.273272\n"}
,{"stream_name":"stdout","time":2127.786147077,"data":"SECONDARY_EDGE_TTA_ACTIVE views= 8 weight= 0.75 mean_abs_feat_delta= 0.273272\n"}
,{"stream_name":"stdout","time":2127.815532028,"data":"SECONDARY_EDGE_TTA_ACTIVE views= 8 weight= 0.75 mean_abs_feat_delta= 0.333149\n"}
,{"stream_name":"stdout","time":2127.819825455,"data":"BIOHUB_RETENTION_GUARD {\"blended_candidates\": 402, \"dataset\": \"44b6_2a2eff9f\", \"frame\": 8, \"minimum_retention\": 0.9, \"primary_candidates\": 522, \"retention\": 0.7701149425287356, \"use_primary\": true}\n"}
,{"stream_name":"stdout","time":2128.017721405,"data":"SECONDARY_EDGE_TTA_ACTIVE views= 8 weight= 0.75 mean_abs_feat_delta= 0.333149\n"}
,{"stream_name":"stdout","time":2128.01774642,"data":"BIOHUB_RETENTION_GUARD {\"blended_candidates\": 402, \"dataset\": \"44b6_2a2eff9f\", \"frame\": 8, \"minimum_retention\": 0.9, \"primary_candidates\": 522, \"retention\": 0.7701149425287356, \"use_primary\": true}\n"}
,{"stream_name":"stdout","time":2128.69315954,"data":"EDGE_TTA_ACTIVE views= 8 mean_abs_feat_delta= 0.336195\n"}
,{"stream_name":"stdout","time":2128.895832096,"data":"EDGE_TTA_ACTIVE views= 8 mean_abs_feat_delta= 0.336195\n"}
,{"stream_name":"stdout","time":2128.999272432,"data":"EDGE_TTA_ACTIVE views= 8 mean_abs_feat_delta= 0.383452\n"}
,{"stream_name":"stdout","time":2129.201206444,"data":"EDGE_TTA_ACTIVE views= 8 mean_abs_feat_delta= 0.383452\n"}
,{"stream_name":"stdout","time":2129.72944615,"data":"SECONDARY_EDGE_TTA_ACTIVE views= 8 weight= 0.75 mean_abs_feat_delta= 0.272198\n"}
,{"stream_name":"stdout","time":2129.931850104,"data":"SECONDARY_EDGE_TTA_ACTIVE views= 8 weight= 0.75 mean_abs_feat_delta= 0.272198\n"}
,{"stream_name":"stdout","time":2129.965960884,"data":"SECONDARY_EDGE_TTA_ACTIVE views= 8 weight= 0.75 mean_abs_feat_delta= 0.335352\n"}
,{"stream_name":"stdout","time":2129.970215644,"data":"BIOHUB_RETENTION_GUARD {\"blended_candidates\": 429, \"dataset\": \"44b6_2a2eff9f\", \"frame\": 9, \"minimum_retention\": 0.9, \"primary_candidates\": 539, \"retention\": 0.7959183673469388, \"use_primary\": true}\n"}
,{"stream_name":"stdout","time":2130.168428722,"data":"SECONDARY_EDGE_TTA_ACTIVE views= 8 weight= 0.75 mean_abs_feat_delta= 0.335352\n"}
,{"stream_name":"stdout","time":2130.168456994,"data":"BIOHUB_RETENTION_GUARD {\"blended_candidates\": 429, \"dataset\": \"44b6_2a2eff9f\", \"frame\": 9, \"minimum_retention\": 0.9, \"primary_candidates\": 539, \"retention\": 0.7959183673469388, \"use_primary\": true}\n"}
,{"stream_name":"stdout","time":2130.86345356,"data":"EDGE_TTA_ACTIVE views= 8 mean_abs_feat_delta= 0.339932\n"}
,{"stream_name":"stdout","time":2131.067459337,"data":"EDGE_TTA_ACTIVE views= 8 mean_abs_feat_delta= 0.339932\n"}
,{"stream_name":"stdout","time":2131.117490554,"data":"EDGE_TTA_ACTIVE views= 8 mean_abs_feat_delta= 0.383048\n"}
,{"stream_name":"stdout","time":2131.319812278,"data":"EDGE_TTA_ACTIVE views= 8 mean_abs_feat_delta= 0.383048\n"}
,{"stream_name":"stdout","time":2131.893001031,"data":"SECONDARY_EDGE_TTA_ACTIVE views= 8 weight= 0.75 mean_abs_feat_delta= 0.274166\n"}
,{"stream_name":"stdout","time":2132.087901128,"data":"SECONDARY_EDGE_TTA_ACTIVE views= 8 weight= 0.75 mean_abs_feat_delta= 0.333216\n"}
,{"stream_name":"stdout","time":2132.09219862,"data":"BIOHUB_RETENTION_GUARD {\"blended_candidates\": 399, \"dataset\": \"44b6_2a2eff9f\", \"frame\": 10, \"minimum_retention\": 0.9, \"primary_candidates\": 511, \"retention\": 0.7808219178082192, \"use_primary\": true}\n"}
,{"stream_name":"stdout","time":2132.095563693,"data":"SECONDARY_EDGE_TTA_ACTIVE views= 8 weight= 0.75 mean_abs_feat_delta= 0.274166\n"}
,{"stream_name":"stdout","time":2132.095582193,"data":"SECONDARY_EDGE_TTA_ACTIVE views= 8 weight= 0.75 mean_abs_feat_delta= 0.333216\n"}
,{"stream_name":"stdout","time":2132.095588064,"data":"BIOHUB_RETENTION_GUARD {\"blended_candidates\": 399, \"dataset\": \"44b6_2a2eff9f\", \"frame\": 10, \"minimum_retention\": 0.9, \"primary_candidates\": 511, \"retention\": 0.7808219178082192, \"use_primary\": true}\n"}
,{"stream_name":"stdout","time":2132.995641972,"data":"EDGE_TTA_ACTIVE views= 8 mean_abs_feat_delta= 0.338352\n"}
,{"stream_name":"stdout","time":2133.198288341,"data":"EDGE_TTA_ACTIVE views= 8 mean_abs_feat_delta= 0.338352\n"}
,{"stream_name":"stdout","time":2133.242401264,"data":"EDGE_TTA_ACTIVE views= 8 mean_abs_feat_delta= 0.378293\n"}
,{"stream_name":"stdout","time":2133.445043141,"data":"EDGE_TTA_ACTIVE views= 8 mean_abs_feat_delta= 0.378293\n"}
,{"stream_name":"stdout","time":2134.024887247,"data":"SECONDARY_EDGE_TTA_ACTIVE views= 8 weight= 0.75 mean_abs_feat_delta= 0.277084\n"}
,{"stream_name":"stdout","time":2134.206805116,"data":"SECONDARY_EDGE_TTA_ACTIVE views= 8 weight= 0.75 mean_abs_feat_delta= 0.331794\n"}
,{"stream_name":"stdout","time":2134.210930401,"data":"BIOHUB_RETENTION_GUARD {\"blended_candidates\": 443, \"dataset\": \"44b6_2a2eff9f\", \"frame\": 11, \"minimum_retention\": 0.9, \"primary_candidates\": 529, \"retention\": 0.8374291115311909, \"use_primary\": true}\n"}
,{"stream_name":"stdout","time":2134.227357708,"data":"SECONDARY_EDGE_TTA_ACTIVE views= 8 weight= 0.75 mean_abs_feat_delta= 0.277084\n"}
,{"stream_name":"stdout","time":2134.227376049,"data":"SECONDARY_EDGE_TTA_ACTIVE views= 8 weight= 0.75 mean_abs_feat_delta= 0.331794\n"}
,{"stream_name":"stdout","time":2134.227380935,"data":"BIOHUB_RETENTION_GUARD {\"blended_candidates\": 443, \"dataset\": \"44b6_2a2eff9f\", \"frame\": 11, \"minimum_retention\": 0.9, \"primary_candidates\": 529, \"retention\": 0.8374291115311909, \"use_primary\": true}\n"}
,{"stream_name":"stdout","time":2135.146576219,"data":"EDGE_TTA_ACTIVE views= 8 mean_abs_feat_delta= 0.341813\n"}
,{"stream_name":"stdout","time":2135.349174916,"data":"EDGE_TTA_ACTIVE views= 8 mean_abs_feat_delta= 0.341813\n"}
,{"stream_name":"stdout","time":2135.379191712,"data":"EDGE_TTA_ACTIVE views= 8 mean_abs_feat_delta= 0.378679\n"}
,{"stream_name":"stdout","time":2135.581586081,"data":"EDGE_TTA_ACTIVE views= 8 mean_abs_feat_delta= 0.378679\n"}
,{"stream_name":"stdout","time":2136.17376213,"data":"SECONDARY_EDGE_TTA_ACTIVE views= 8 weight= 0.75 mean_abs_feat_delta= 0.273805\n"}
,{"stream_name":"stdout","time":2136.349006588,"data":"SECONDARY_EDGE_TTA_ACTIVE views= 8 weight= 0.75 mean_abs_feat_delta= 0.335819\n"}
,{"stream_name":"stdout","time":2136.353414112,"data":"BIOHUB_RETENTION_GUARD {\"blended_candidates\": 404, \"dataset\": \"44b6_2a2eff9f\", \"frame\": 12, \"minimum_retention\": 0.9, \"primary_candidates\": 496, \"retention\": 0.8145161290322581, \"use_primary\": true}\n"}
,{"stream_name":"stdout","time":2136.376102163,"data":"SECONDARY_EDGE_TTA_ACTIVE views= 8 weight= 0.75 mean_abs_feat_delta= 0.273805\n"}
,{"stream_name":"stdout","time":2136.376122073,"data":"SECONDARY_EDGE_TTA_ACTIVE views= 8 weight= 0.75 mean_abs_feat_delta= 0.335819\n"}
,{"stream_name":"stdout","time":2136.376128144,"data":"BIOHUB_RETENTION_GUARD {\"blended_candidates\": 404, \"dataset\": \"44b6_2a2eff9f\", \"frame\": 12, \"minimum_retention\": 0.9, \"primary_candidates\": 496, \"retention\": 0.8145161290322581, \"use_primary\": true}\n"}
,{"stream_name":"stdout","time":2137.273335509,"data":"EDGE_TTA_ACTIVE views= 8 mean_abs_feat_delta= 0.344274\n"}
,{"stream_name":"stdout","time":2137.475656779,"data":"EDGE_TTA_ACTIVE views= 8 mean_abs_feat_delta= 0.344274\n"}
,{"stream_name":"stdout","time":2137.499443897,"data":"EDGE_TTA_ACTIVE views= 8 mean_abs_feat_delta= 0.377433\n"}
,{"stream_name":"stdout","time":2137.70156859,"data":"EDGE_TTA_ACTIVE views= 8 mean_abs_feat_delta= 0.377433\n"}
,{"stream_name":"stdout","time":2138.293251077,"data":"SECONDARY_EDGE_TTA_ACTIVE views= 8 weight= 0.75 mean_abs_feat_delta= 0.268171\n"}
,{"stream_name":"stdout","time":2138.463975138,"data":"SECONDARY_EDGE_TTA_ACTIVE views= 8 weight= 0.75 mean_abs_feat_delta= 0.334166\n"}
,{"stream_name":"stdout","time":2138.468274525,"data":"BIOHUB_RETENTION_GUARD {\"blended_candidates\": 382, \"dataset\": \"44b6_2a2eff9f\", \"frame\": 13, \"minimum_retention\": 0.9, \"primary_candidates\": 500, \"retention\": 0.764, \"use_primary\": true}\n"}
,{"stream_name":"stdout","time":2138.49601566,"data":"SECONDARY_EDGE_TTA_ACTIVE views= 8 weight= 0.75 mean_abs_feat_delta= 0.268171\n"}
,{"stream_name":"stdout","time":2138.496034309,"data":"SECONDARY_EDGE_TTA_ACTIVE views= 8 weight= 0.75 mean_abs_feat_delta= 0.334166\n"}
,{"stream_name":"stdout","time":2138.496039217,"data":"BIOHUB_RETENTION_GUARD {\"blended_candidates\": 382, \"dataset\": \"44b6_2a2eff9f\", \"frame\": 13, \"minimum_retention\": 0.9, \"primary_candidates\": 500, \"retention\": 0.764, \"use_primary\": true}\n"}
,{"stream_name":"stdout","time":2139.384523022,"data":"EDGE_TTA_ACTIVE views= 8 mean_abs_feat_delta= 0.342944\n"}
,{"stream_name":"stdout","time":2139.586967581,"data":"EDGE_TTA_ACTIVE views= 8 mean_abs_feat_delta= 0.342944\n"}
,{"stream_name":"stdout","time":2139.603397446,"data":"EDGE_TTA_ACTIVE views= 8 mean_abs_feat_delta= 0.372459\n"}
,{"stream_name":"stdout","time":2139.805347162,"data":"EDGE_TTA_ACTIVE views= 8 mean_abs_feat_delta= 0.372459\n"}
,{"stream_name":"stdout","time":2140.40088892,"data":"SECONDARY_EDGE_TTA_ACTIVE views= 8 weight= 0.75 mean_abs_feat_delta= 0.270246\n"}
,{"stream_name":"stdout","time":2140.567443177,"data":"SECONDARY_EDGE_TTA_ACTIVE views= 8 weight= 0.75 mean_abs_feat_delta= 0.335942\n"}
,{"stream_name":"stdout","time":2140.571856345,"data":"BIOHUB_RETENTION_GUARD {\"blended_candidates\": 380, \"dataset\": \"44b6_2a2eff9f\", \"frame\": 14, \"minimum_retention\": 0.9, \"primary_candidates\": 487, \"retention\": 0.7802874743326489, \"use_primary\": true}\n"}
,{"stream_name":"stdout","time":2140.603395353,"data":"SECONDARY_EDGE_TTA_ACTIVE views= 8 weight= 0.75 mean_abs_feat_delta= 0.270246\n"}
,{"stream_name":"stdout","time":2140.603415941,"data":"SECONDARY_EDGE_TTA_ACTIVE views= 8 weight= 0.75 mean_abs_feat_delta= 0.335942\n"}
,{"stream_name":"stdout","time":2140.603421636,"data":"BIOHUB_RETENTION_GUARD {\"blended_candidates\": 380, \"dataset\": \"44b6_2a2eff9f\", \"frame\": 14, \"minimum_retention\": 0.9, \"primary_candidates\": 487, \"retention\": 0.7802874743326489, \"use_primary\": true}\n"}
,{"stream_name":"stdout","time":2141.504801085,"data":"EDGE_TTA_ACTIVE views= 8 mean_abs_feat_delta= 0.328478\n"}
,{"stream_name":"stdout","time":2141.707120745,"data":"EDGE_TTA_ACTIVE views= 8 mean_abs_feat_delta= 0.328478\n"}
,{"stream_name":"stdout","time":2141.72633161,"data":"EDGE_TTA_ACTIVE views= 8 mean_abs_feat_delta= 0.374765\n"}
,{"stream_name":"stdout","time":2141.928730401,"data":"EDGE_TTA_ACTIVE views= 8 mean_abs_feat_delta= 0.374765\n"}
,{"stream_name":"stdout","time":2142.505503259,"data":"SECONDARY_EDGE_TTA_ACTIVE views= 8 weight= 0.75 mean_abs_feat_delta= 0.277938\n"}
,{"stream_name":"stdout","time":2142.689030394,"data":"SECONDARY_EDGE_TTA_ACTIVE views= 8 weight= 0.75 mean_abs_feat_delta= 0.338638\n"}
,{"stream_name":"stdout","time":2142.692947017,"data":"BIOHUB_RETENTION_GUARD {\"blended_candidates\": 369, \"dataset\": \"44b6_2a2eff9f\", \"frame\": 15, \"minimum_retention\": 0.9, \"primary_candidates\": 473, \"retention\": 0.7801268498942917, \"use_primary\": true}\n"}
,{"stream_name":"stdout","time":2142.708044038,"data":"SECONDARY_EDGE_TTA_ACTIVE views= 8 weight= 0.75 mean_abs_feat_delta= 0.277938\n"}
,{"stream_name":"stdout","time":2142.708065351,"data":"SECONDARY_EDGE_TTA_ACTIVE views= 8 weight= 0.75 mean_abs_feat_delta= 0.338638\n"}
,{"stream_name":"stdout","time":2142.708071978,"data":"BIOHUB_RETENTION_GUARD {\"blended_candidates\": 369, \"dataset\": \"44b6_2a2eff9f\", \"frame\": 15, \"minimum_retention\": 0.9, \"primary_candidates\": 473, \"retention\": 0.7801268498942917, \"use_primary\": true}\n"}
,{"stream_name":"stdout","time":2143.62240985,"data":"EDGE_TTA_ACTIVE views= 8 mean_abs_feat_delta= 0.333556\n"}
,{"stream_name":"stdout","time":2143.824798675,"data":"EDGE_TTA_ACTIVE views= 8 mean_abs_feat_delta= 0.333556\n"}
,{"stream_name":"stdout","time":2143.853270313,"data":"EDGE_TTA_ACTIVE views= 8 mean_abs_feat_delta= 0.3767\n"}
,{"stream_name":"stdout","time":2144.055316022,"data":"EDGE_TTA_ACTIVE views= 8 mean_abs_feat_delta= 0.3767\n"}
,{"stream_name":"stdout","time":2144.633598892,"data":"SECONDARY_EDGE_TTA_ACTIVE views= 8 weight= 0.75 mean_abs_feat_delta= 0.275575\n"}
,{"stream_name":"stdout","time":2144.812849021,"data":"SECONDARY_EDGE_TTA_ACTIVE views= 8 weight= 0.75 mean_abs_feat_delta= 0.340625\n"}
,{"stream_name":"stdout","time":2144.817129835,"data":"BIOHUB_RETENTION_GUARD {\"blended_candidates\": 327, \"dataset\": \"44b6_2a2eff9f\", \"frame\": 16, \"minimum_retention\": 0.9, \"primary_candidates\": 471, \"retention\": 0.6942675159235668, \"use_primary\": true}\n"}
,{"stream_name":"stdout","time":2144.836358362,"data":"SECONDARY_EDGE_TTA_ACTIVE views= 8 weight= 0.75 mean_abs_feat_delta= 0.275575\n"}
,{"stream_name":"stdout","time":2144.83637705,"data":"SECONDARY_EDGE_TTA_ACTIVE views= 8 weight= 0.75 mean_abs_feat_delta= 0.340625\n"}
,{"stream_name":"stdout","time":2144.836381917,"data":"BIOHUB_RETENTION_GUARD {\"blended_candidates\": 327, \"dataset\": \"44b6_2a2eff9f\", \"frame\": 16, \"minimum_retention\": 0.9, \"primary_candidates\": 471, \"retention\": 0.6942675159235668, \"use_primary\": true}\n"}
,{"stream_name":"stdout","time":2145.720567778,"data":"EDGE_TTA_ACTIVE views= 8 mean_abs_feat_delta= 0.337329\n"}
,{"stream_name":"stdout","time":2145.923134333,"data":"EDGE_TTA_ACTIVE views= 8 mean_abs_feat_delta= 0.337329\n"}
,{"stream_name":"stdout","time":2145.969832927,"data":"EDGE_TTA_ACTIVE views= 8 mean_abs_feat_delta= 0.375285\n"}
,{"stream_name":"stdout","time":2146.17221168,"data":"EDGE_TTA_ACTIVE views= 8 mean_abs_feat_delta= 0.375285\n"}
,{"stream_name":"stdout","time":2146.73147611,"data":"SECONDARY_EDGE_TTA_ACTIVE views= 8 weight= 0.75 mean_abs_feat_delta= 0.270516\n"}
,{"stream_name":"stdout","time":2146.933322347,"data":"SECONDARY_EDGE_TTA_ACTIVE views= 8 weight= 0.75 mean_abs_feat_delta= 0.338876\n"}
,{"stream_name":"stdout","time":2146.938129046,"data":"BIOHUB_RETENTION_GUARD {\"blended_candidates\": 301, \"dataset\": \"44b6_2a2eff9f\", \"frame\": 17, \"minimum_retention\": 0.9, \"primary_candidates\": 445, \"retention\": 0.6764044943820224, \"use_primary\": true}\n"}
,{"stream_name":"stdout","time":2147.018393531,"data":"SECONDARY_EDGE_TTA_ACTIVE views= 8 weight= 0.75 mean_abs_feat_delta= 0.270516\n"}
,{"stream_name":"stdout","time":2147.135487334,"data":"SECONDARY_EDGE_TTA_ACTIVE views= 8 weight= 0.75 mean_abs_feat_delta= 0.338876\n"}
,{"stream_name":"stdout","time":2147.135666854,"data":"BIOHUB_RETENTION_GUARD {\"blended_candidates\": 301, \"dataset\": \"44b6_2a2eff9f\", \"frame\": 17, \"minimum_retention\": 0.9, \"primary_candidates\": 445, \"retention\": 0.6764044943820224, \"use_primary\": true}\n"}
,{"stream_name":"stdout","time":2147.805239803,"data":"EDGE_TTA_ACTIVE views= 8 mean_abs_feat_delta= 0.336948\n"}
,{"stream_name":"stdout","time":2148.007305356,"data":"EDGE_TTA_ACTIVE views= 8 mean_abs_feat_delta= 0.336948\n"}
,{"stream_name":"stdout","time":2148.092208134,"data":"EDGE_TTA_ACTIVE views= 8 mean_abs_feat_delta= 0.374333\n"}
,{"stream_name":"stdout","time":2148.294713623,"data":"EDGE_TTA_ACTIVE views= 8 mean_abs_feat_delta= 0.374333\n"}
,{"stream_name":"stdout","time":2148.811686322,"data":"SECONDARY_EDGE_TTA_ACTIVE views= 8 weight= 0.75 mean_abs_feat_delta= 0.273985\n"}
,{"stream_name":"stdout","time":2149.014362951,"data":"SECONDARY_EDGE_TTA_ACTIVE views= 8 weight= 0.75 mean_abs_feat_delta= 0.273985\n"}
,{"stream_name":"stdout","time":2149.05068979,"data":"SECONDARY_EDGE_TTA_ACTIVE views= 8 weight= 0.75 mean_abs_feat_delta= 0.341669\n"}
,{"stream_name":"stdout","time":2149.054853148,"data":"BIOHUB_RETENTION_GUARD {\"blended_candidates\": 388, \"dataset\": \"44b6_2a2eff9f\", \"frame\": 18, \"minimum_retention\": 0.9, \"primary_candidates\": 478, \"retention\": 0.8117154811715481, \"use_primary\": true}\n"}
,{"stream_name":"stdout","time":2149.253334674,"data":"SECONDARY_EDGE_TTA_ACTIVE views= 8 weight= 0.75 mean_abs_feat_delta= 0.341669\n"}
,{"stream_name":"stdout","time":2149.253365911,"data":"BIOHUB_RETENTION_GUARD {\"blended_candidates\": 388, \"dataset\": \"44b6_2a2eff9f\", \"frame\": 18, \"minimum_retention\": 0.9, \"primary_candidates\": 478, \"retention\": 0.8117154811715481, \"use_primary\": true}\n"}
,{"stream_name":"stdout","time":2149.873229539,"data":"EDGE_TTA_ACTIVE views= 8 mean_abs_feat_delta= 0.340784\n"}
,{"stream_name":"stdout","time":2150.07550286,"data":"EDGE_TTA_ACTIVE views= 8 mean_abs_feat_delta= 0.340784\n"}
,{"stream_name":"stdout","time":2150.170199007,"data":"EDGE_TTA_ACTIVE views= 8 mean_abs_feat_delta= 0.371061\n"}
,{"stream_name":"stdout","time":2150.372346891,"data":"EDGE_TTA_ACTIVE views= 8 mean_abs_feat_delta= 0.371061\n"}
,{"stream_name":"stdout","time":2150.881854976,"data":"SECONDARY_EDGE_TTA_ACTIVE views= 8 weight= 0.75 mean_abs_feat_delta= 0.272425\n"}
,{"stream_name":"stdout","time":2151.084474017,"data":"SECONDARY_EDGE_TTA_ACTIVE views= 8 weight= 0.75 mean_abs_feat_delta= 0.272425\n"}
,{"stream_name":"stdout","time":2151.130620347,"data":"SECONDARY_EDGE_TTA_ACTIVE views= 8 weight= 0.75 mean_abs_feat_delta= 0.344657\n"}
,{"stream_name":"stdout","time":2151.134752414,"data":"BIOHUB_RETENTION_GUARD {\"blended_candidates\": 360, \"dataset\": \"44b6_2a2eff9f\", \"frame\": 19, \"minimum_retention\": 0.9, \"primary_candidates\": 466, \"retention\": 0.7725321888412017, \"use_primary\": true}\n"}
,{"stream_name":"stdout","time":2151.332722708,"data":"SECONDARY_EDGE_TTA_ACTIVE views= 8 weight= 0.75 mean_abs_feat_delta= 0.344657\n"}
,{"stream_name":"stdout","time":2151.332753424,"data":"BIOHUB_RETENTION_GUARD {\"blended_candidates\": 360, \"dataset\": \"44b6_2a2eff9f\", \"frame\": 19, \"minimum_retention\": 0.9, \"primary_candidates\": 466, \"retention\": 0.7725321888412017, \"use_primary\": true}\n"}
,{"stream_name":"stdout","time":2151.962191756,"data":"EDGE_TTA_ACTIVE views= 8 mean_abs_feat_delta= 0.343654\n"}
,{"stream_name":"stdout","time":2152.16444995,"data":"EDGE_TTA_ACTIVE views= 8 mean_abs_feat_delta= 0.343654\n"}
,{"stream_name":"stdout","time":2152.287892683,"data":"EDGE_TTA_ACTIVE views= 8 mean_abs_feat_delta= 0.368032\n"}
,{"stream_name":"stdout","time":2152.490022433,"data":"EDGE_TTA_ACTIVE views= 8 mean_abs_feat_delta= 0.368032\n"}
,{"stream_name":"stdout","time":2152.966177633,"data":"SECONDARY_EDGE_TTA_ACTIVE views= 8 weight= 0.75 mean_abs_feat_delta= 0.272157\n"}
,{"stream_name":"stdout","time":2153.169063298,"data":"SECONDARY_EDGE_TTA_ACTIVE views= 8 weight= 0.75 mean_abs_feat_delta= 0.272157\n"}
,{"stream_name":"stdout","time":2153.247768803,"data":"SECONDARY_EDGE_TTA_ACTIVE views= 8 weight= 0.75 mean_abs_feat_delta= 0.338526\n"}
,{"stream_name":"stdout","time":2153.251935349,"data":"BIOHUB_RETENTION_GUARD {\"blended_candidates\": 394, \"dataset\": \"44b6_2a2eff9f\", \"frame\": 20, \"minimum_retention\": 0.9, \"primary_candidates\": 496, \"retention\": 0.7943548387096774, \"use_primary\": true}\n"}
,{"stream_name":"stdout","time":2153.450501077,"data":"SECONDARY_EDGE_TTA_ACTIVE views= 8 weight= 0.75 mean_abs_feat_delta= 0.338526\n"}
,{"stream_name":"stdout","time":2153.45054578,"data":"BIOHUB_RETENTION_GUARD {\"blended_candidates\": 394, \"dataset\": \"44b6_2a2eff9f\", \"frame\": 20, \"minimum_retention\": 0.9, \"primary_candidates\": 496, \"retention\": 0.7943548387096774, \"use_primary\": true}\n"}
,{"stream_name":"stdout","time":2154.047929255,"data":"EDGE_TTA_ACTIVE views= 8 mean_abs_feat_delta= 0.342462\n"}
,{"stream_name":"stdout","time":2154.250309688,"data":"EDGE_TTA_ACTIVE views= 8 mean_abs_feat_delta= 0.342462\n"}
,{"stream_name":"stdout","time":2154.380338785,"data":"EDGE_TTA_ACTIVE views= 8 mean_abs_feat_delta= 0.369114\n"}
,{"stream_name":"stdout","time":2154.582608653,"data":"EDGE_TTA_ACTIVE views= 8 mean_abs_feat_delta= 0.369114\n"}
,{"stream_name":"stdout","time":2155.048278553,"data":"SECONDARY_EDGE_TTA_ACTIVE views= 8 weight= 0.75 mean_abs_feat_delta= 0.271341\n"}
,{"stream_name":"stdout","time":2155.250826324,"data":"SECONDARY_EDGE_TTA_ACTIVE views= 8 weight= 0.75 mean_abs_feat_delta= 0.271341\n"}
,{"stream_name":"stdout","time":2155.340888972,"data":"SECONDARY_EDGE_TTA_ACTIVE views= 8 weight= 0.75 mean_abs_feat_delta= 0.339952\n"}
,{"stream_name":"stdout","time":2155.345040977,"data":"BIOHUB_RETENTION_GUARD {\"blended_candidates\": 396, \"dataset\": \"44b6_2a2eff9f\", \"frame\": 21, \"minimum_retention\": 0.9, \"primary_candidates\": 487, \"retention\": 0.813141683778234, \"use_primary\": true}\n"}
,{"stream_name":"stdout","time":2155.543463236,"data":"SECONDARY_EDGE_TTA_ACTIVE views= 8 weight= 0.75 mean_abs_feat_delta= 0.339952\n"}
,{"stream_name":"stdout","time":2155.543491105,"data":"BIOHUB_RETENTION_GUARD {\"blended_candidates\": 396, \"dataset\": \"44b6_2a2eff9f\", \"frame\": 21, \"minimum_retention\": 0.9, \"primary_candidates\": 487, \"retention\": 0.813141683778234, \"use_primary\": true}\n"}
,{"stream_name":"stdout","time":2156.122881599,"data":"EDGE_TTA_ACTIVE views= 8 mean_abs_feat_delta= 0.338408\n"}
,{"stream_name":"stdout","time":2156.325423745,"data":"EDGE_TTA_ACTIVE views= 8 mean_abs_feat_delta= 0.338408\n"}
,{"stream_name":"stdout","time":2156.46626983,"data":"EDGE_TTA_ACTIVE views= 8 mean_abs_feat_delta= 0.370244\n"}
,{"stream_name":"stdout","time":2156.668447349,"data":"EDGE_TTA_ACTIVE views= 8 mean_abs_feat_delta= 0.370244\n"}
,{"stream_name":"stdout","time":2157.125358378,"data":"SECONDARY_EDGE_TTA_ACTIVE views= 8 weight= 0.75 mean_abs_feat_delta= 0.273436\n"}
,{"stream_name":"stdout","time":2157.327615991,"data":"SECONDARY_EDGE_TTA_ACTIVE views= 8 weight= 0.75 mean_abs_feat_delta= 0.273436\n"}
,{"stream_name":"stdout","time":2157.426556632,"data":"SECONDARY_EDGE_TTA_ACTIVE views= 8 weight= 0.75 mean_abs_feat_delta= 0.333552\n"}
,{"stream_name":"stdout","time":2157.430880124,"data":"BIOHUB_RETENTION_GUARD {\"blended_candidates\": 341, \"dataset\": \"44b6_2a2eff9f\", \"frame\": 22, \"minimum_retention\": 0.9, \"primary_candidates\": 457, \"retention\": 0.7461706783369803, \"use_primary\": true}\n"}
,{"stream_name":"stdout","time":2157.62914722,"data":"SECONDARY_EDGE_TTA_ACTIVE views= 8 weight= 0.75 mean_abs_feat_delta= 0.333552\n"}
,{"stream_name":"stdout","time":2157.629176409,"data":"BIOHUB_RETENTION_GUARD {\"blended_candidates\": 341, \"dataset\": \"44b6_2a2eff9f\", \"frame\": 22, \"minimum_retention\": 0.9, \"primary_candidates\": 457, \"retention\": 0.7461706783369803, \"use_primary\": true}\n"}
,{"stream_name":"stdout","time":2158.197130608,"data":"EDGE_TTA_ACTIVE views= 8 mean_abs_feat_delta= 0.339472\n"}
,{"stream_name":"stdout","time":2158.400038564,"data":"EDGE_TTA_ACTIVE views= 8 mean_abs_feat_delta= 0.339472\n"}
,{"stream_name":"stdout","time":2158.568082738,"data":"EDGE_TTA_ACTIVE views= 8 mean_abs_feat_delta= 0.371332\n"}
,{"stream_name":"stdout","time":2158.770629854,"data":"EDGE_TTA_ACTIVE views= 8 mean_abs_feat_delta= 0.371332\n"}
,{"stream_name":"stdout","time":2159.199954519,"data":"SECONDARY_EDGE_TTA_ACTIVE views= 8 weight= 0.75 mean_abs_feat_delta= 0.270905\n"}
,{"stream_name":"stdout","time":2159.402150142,"data":"SECONDARY_EDGE_TTA_ACTIVE views= 8 weight= 0.75 mean_abs_feat_delta= 0.270905\n"}
,{"stream_name":"stdout","time":2159.53046893,"data":"SECONDARY_EDGE_TTA_ACTIVE views= 8 weight= 0.75 mean_abs_feat_delta= 0.332357\n"}
,{"stream_name":"stdout","time":2159.534459289,"data":"BIOHUB_RETENTION_GUARD {\"blended_candidates\": 360, \"dataset\": \"44b6_2a2eff9f\", \"frame\": 23, \"minimum_retention\": 0.9, \"primary_candidates\": 468, \"retention\": 0.7692307692307693, \"use_primary\": true}\n"}
,{"stream_name":"stdout","time":2159.733429185,"data":"SECONDARY_EDGE_TTA_ACTIVE views= 8 weight= 0.75 mean_abs_feat_delta= 0.332357\n"}
,{"stream_name":"stdout","time":2159.733458474,"data":"BIOHUB_RETENTION_GUARD {\"blended_candidates\": 360, \"dataset\": \"44b6_2a2eff9f\", \"frame\": 23, \"minimum_retention\": 0.9, \"primary_candidates\": 468, \"retention\": 0.7692307692307693, \"use_primary\": true}\n"}
,{"stream_name":"stdout","time":2160.275218087,"data":"EDGE_TTA_ACTIVE views= 8 mean_abs_feat_delta= 0.344435\n"}
,{"stream_name":"stdout","time":2160.477817367,"data":"EDGE_TTA_ACTIVE views= 8 mean_abs_feat_delta= 0.344435\n"}
,{"stream_name":"stdout","time":2160.653186191,"data":"EDGE_TTA_ACTIVE views= 8 mean_abs_feat_delta= 0.37097\n"}
,{"stream_name":"stdout","time":2160.855654649,"data":"EDGE_TTA_ACTIVE views= 8 mean_abs_feat_delta= 0.37097\n"}
,{"stream_name":"stdout","time":2161.27935283,"data":"SECONDARY_EDGE_TTA_ACTIVE views= 8 weight= 0.75 mean_abs_feat_delta= 0.270331\n"}
,{"stream_name":"stdout","time":2161.482072528,"data":"SECONDARY_EDGE_TTA_ACTIVE views= 8 weight= 0.75 mean_abs_feat_delta= 0.270331\n"}
,{"stream_name":"stdout","time":2161.616752662,"data":"SECONDARY_EDGE_TTA_ACTIVE views= 8 weight= 0.75 mean_abs_feat_delta= 0.34183\n"}
,{"stream_name":"stdout","time":2161.620941702,"data":"BIOHUB_RETENTION_GUARD {\"blended_candidates\": 369, \"dataset\": \"44b6_2a2eff9f\", \"frame\": 24, \"minimum_retention\": 0.9, \"primary_candidates\": 471, \"retention\": 0.7834394904458599, \"use_primary\": true}\n"}
,{"stream_name":"stdout","time":2161.819365101,"data":"SECONDARY_EDGE_TTA_ACTIVE views= 8 weight= 0.75 mean_abs_feat_delta= 0.34183\n"}
,{"stream_name":"stdout","time":2161.819406676,"data":"BIOHUB_RETENTION_GUARD {\"blended_candidates\": 369, \"dataset\": \"44b6_2a2eff9f\", \"frame\": 24, \"minimum_retention\": 0.9, \"primary_candidates\": 471, \"retention\": 0.7834394904458599, \"use_primary\": true}\n"}
,{"stream_name":"stdout","time":2162.349131272,"data":"EDGE_TTA_ACTIVE views= 8 mean_abs_feat_delta= 0.338009\n"}
,{"stream_name":"stdout","time":2162.551477335,"data":"EDGE_TTA_ACTIVE views= 8 mean_abs_feat_delta= 0.338009\n"}
,{"stream_name":"stdout","time":2162.763659901,"data":"EDGE_TTA_ACTIVE views= 8 mean_abs_feat_delta= 0.377559\n"}
,{"stream_name":"stdout","time":2162.96604488,"data":"EDGE_TTA_ACTIVE views= 8 mean_abs_feat_delta= 0.377559\n"}
,{"stream_name":"stdout","time":2163.351590104,"data":"SECONDARY_EDGE_TTA_ACTIVE views= 8 weight= 0.75 mean_abs_feat_delta= 0.269842\n"}
,{"stream_name":"stdout","time":2163.553665073,"data":"SECONDARY_EDGE_TTA_ACTIVE views= 8 weight= 0.75 mean_abs_feat_delta= 0.269842\n"}
,{"stream_name":"stdout","time":2163.728002314,"data":"SECONDARY_EDGE_TTA_ACTIVE views= 8 weight= 0.75 mean_abs_feat_delta= 0.341945\n"}
,{"stream_name":"stdout","time":2163.73211285,"data":"BIOHUB_RETENTION_GUARD {\"blended_candidates\": 347, \"dataset\": \"44b6_2a2eff9f\", \"frame\": 25, \"minimum_retention\": 0.9, \"primary_candidates\": 445, \"retention\": 0.7797752808988764, \"use_primary\": true}\n"}
,{"stream_name":"stdout","time":2163.930621119,"data":"SECONDARY_EDGE_TTA_ACTIVE views= 8 weight= 0.75 mean_abs_feat_delta= 0.341945\n"}
,{"stream_name":"stdout","time":2163.930671553,"data":"BIOHUB_RETENTION_GUARD {\"blended_candidates\": 347, \"dataset\": \"44b6_2a2eff9f\", \"frame\": 25, \"minimum_retention\": 0.9, \"primary_candidates\": 445, \"retention\": 0.7797752808988764, \"use_primary\": true}\n"}
,{"stream_name":"stdout","time":2164.452622087,"data":"EDGE_TTA_ACTIVE views= 8 mean_abs_feat_delta= 0.339771\n"}
,{"stream_name":"stdout","time":2164.654878415,"data":"EDGE_TTA_ACTIVE views= 8 mean_abs_feat_delta= 0.339771\n"}
,{"stream_name":"stdout","time":2164.895615599,"data":"EDGE_TTA_ACTIVE views= 8 mean_abs_feat_delta= 0.382061\n"}
,{"stream_name":"stdout","time":2165.097942187,"data":"EDGE_TTA_ACTIVE views= 8 mean_abs_feat_delta= 0.382061\n"}
,{"stream_name":"stdout","time":2165.454739898,"data":"SECONDARY_EDGE_TTA_ACTIVE views= 8 weight= 0.75 mean_abs_feat_delta= 0.271709\n"}
,{"stream_name":"stdout","time":2165.657208892,"data":"SECONDARY_EDGE_TTA_ACTIVE views= 8 weight= 0.75 mean_abs_feat_delta= 0.271709\n"}
,{"stream_name":"stdout","time":2165.856257828,"data":"SECONDARY_EDGE_TTA_ACTIVE views= 8 weight= 0.75 mean_abs_feat_delta= 0.337158\n"}
,{"stream_name":"stdout","time":2165.860259166,"data":"BIOHUB_RETENTION_GUARD {\"blended_candidates\": 333, \"dataset\": \"44b6_2a2eff9f\", \"frame\": 26, \"minimum_retention\": 0.9, \"primary_candidates\": 440, \"retention\": 0.7568181818181818, \"use_primary\": true}\n"}
,{"stream_name":"stdout","time":2166.060172595,"data":"SECONDARY_EDGE_TTA_ACTIVE views= 8 weight= 0.75 mean_abs_feat_delta= 0.337158\n"}
,{"stream_name":"stdout","time":2166.060201098,"data":"BIOHUB_RETENTION_GUARD {\"blended_candidates\": 333, \"dataset\": \"44b6_2a2eff9f\", \"frame\": 26, \"minimum_retention\": 0.9, \"primary_candidates\": 440, \"retention\": 0.7568181818181818, \"use_primary\": true}\n"}
,{"stream_name":"stdout","time":2166.53716672,"data":"EDGE_TTA_ACTIVE views= 8 mean_abs_feat_delta= 0.340586\n"}
,{"stream_name":"stdout","time":2166.739693324,"data":"EDGE_TTA_ACTIVE views= 8 mean_abs_feat_delta= 0.340586\n"}
,{"stream_name":"stdout","time":2166.995341992,"data":"EDGE_TTA_ACTIVE views= 8 mean_abs_feat_delta= 0.378629\n"}
,{"stream_name":"stdout","time":2167.197618251,"data":"EDGE_TTA_ACTIVE views= 8 mean_abs_feat_delta= 0.378629\n"}
,{"stream_name":"stdout","time":2167.544932902,"data":"SECONDARY_EDGE_TTA_ACTIVE views= 8 weight= 0.75 mean_abs_feat_delta= 0.27798\n"}
,{"stream_name":"stdout","time":2167.747594874,"data":"SECONDARY_EDGE_TTA_ACTIVE views= 8 weight= 0.75 mean_abs_feat_delta= 0.27798\n"}
,{"stream_name":"stdout","time":2167.958585877,"data":"SECONDARY_EDGE_TTA_ACTIVE views= 8 weight= 0.75 mean_abs_feat_delta= 0.335396\n"}
,{"stream_name":"stdout","time":2167.962689446,"data":"BIOHUB_RETENTION_GUARD {\"blended_candidates\": 352, \"dataset\": \"44b6_2a2eff9f\", \"frame\": 27, \"minimum_retention\": 0.9, \"primary_candidates\": 462, \"retention\": 0.7619047619047619, \"use_primary\": true}\n"}
,{"stream_name":"stdout","time":2168.160487272,"data":"SECONDARY_EDGE_TTA_ACTIVE views= 8 weight= 0.75 mean_abs_feat_delta= 0.335396\n"}
,{"stream_name":"stdout","time":2168.160516338,"data":"BIOHUB_RETENTION_GUARD {\"blended_candidates\": 352, \"dataset\": \"44b6_2a2eff9f\", \"frame\": 27, \"minimum_retention\": 0.9, \"primary_candidates\": 462, \"retention\": 0.7619047619047619, \"use_primary\": true}\n"}
,{"stream_name":"stdout","time":2168.619499241,"data":"EDGE_TTA_ACTIVE views= 8 mean_abs_feat_delta= 0.340374\n"}
,{"stream_name":"stdout","time":2168.82210689,"data":"EDGE_TTA_ACTIVE views= 8 mean_abs_feat_delta= 0.340374\n"}
,{"stream_name":"stdout","time":2169.11103625,"data":"EDGE_TTA_ACTIVE views= 8 mean_abs_feat_delta= 0.378592\n"}
,{"stream_name":"stdout","time":2169.313649037,"data":"EDGE_TTA_ACTIVE views= 8 mean_abs_feat_delta= 0.378592\n"}
,{"stream_name":"stdout","time":2169.624479589,"data":"SECONDARY_EDGE_TTA_ACTIVE views= 8 weight= 0.75 mean_abs_feat_delta= 0.278223\n"}
,{"stream_name":"stdout","time":2169.826708891,"data":"SECONDARY_EDGE_TTA_ACTIVE views= 8 weight= 0.75 mean_abs_feat_delta= 0.278223\n"}
,{"stream_name":"stdout","time":2170.069756199,"data":"SECONDARY_EDGE_TTA_ACTIVE views= 8 weight= 0.75 mean_abs_feat_delta= 0.334551\n"}
,{"stream_name":"stdout","time":2170.073842829,"data":"BIOHUB_RETENTION_GUARD {\"blended_candidates\": 336, \"dataset\": \"44b6_2a2eff9f\", \"frame\": 28, \"minimum_retention\": 0.9, \"primary_candidates\": 458, \"retention\": 0.7336244541484717, \"use_primary\": true}\n"}
,{"stream_name":"stdout","time":2170.271891049,"data":"SECONDARY_EDGE_TTA_ACTIVE views= 8 weight= 0.75 mean_abs_feat_delta= 0.334551\n"}
,{"stream_name":"stdout","time":2170.271972164,"data":"BIOHUB_RETENTION_GUARD {\"blended_candidates\": 336, \"dataset\": \"44b6_2a2eff9f\", \"frame\": 28, \"minimum_retention\": 0.9, \"primary_candidates\": 458, \"retention\": 0.7336244541484717, \"use_primary\": true}\n"}
,{"stream_name":"stdout","time":2170.738174114,"data":"EDGE_TTA_ACTIVE views= 8 mean_abs_feat_delta= 0.34437\n"}
,{"stream_name":"stdout","time":2170.940848069,"data":"EDGE_TTA_ACTIVE views= 8 mean_abs_feat_delta= 0.34437\n"}
,{"stream_name":"stdout","time":2171.193965887,"data":"EDGE_TTA_ACTIVE views= 8 mean_abs_feat_delta= 0.378468\n"}
,{"stream_name":"stdout","time":2171.396420688,"data":"EDGE_TTA_ACTIVE views= 8 mean_abs_feat_delta= 0.378468\n"}
,{"stream_name":"stdout","time":2171.745519367,"data":"SECONDARY_EDGE_TTA_ACTIVE views= 8 weight= 0.75 mean_abs_feat_delta= 0.272784\n"}
,{"stream_name":"stdout","time":2171.947793922,"data":"SECONDARY_EDGE_TTA_ACTIVE views= 8 weight= 0.75 mean_abs_feat_delta= 0.272784\n"}
,{"stream_name":"stdout","time":2172.156143624,"data":"SECONDARY_EDGE_TTA_ACTIVE views= 8 weight= 0.75 mean_abs_feat_delta= 0.334954\n"}
,{"stream_name":"stdout","time":2172.160445304,"data":"BIOHUB_RETENTION_GUARD {\"blended_candidates\": 328, \"dataset\": \"44b6_2a2eff9f\", \"frame\": 29, \"minimum_retention\": 0.9, \"primary_candidates\": 458, \"retention\": 0.7161572052401747, \"use_primary\": true}\n"}
,{"stream_name":"stdout","time":2172.359034591,"data":"SECONDARY_EDGE_TTA_ACTIVE views= 8 weight= 0.75 mean_abs_feat_delta= 0.334954\n"}
,{"stream_name":"stdout","time":2172.359067142,"data":"BIOHUB_RETENTION_GUARD {\"blended_candidates\": 328, \"dataset\": \"44b6_2a2eff9f\", \"frame\": 29, \"minimum_retention\": 0.9, \"primary_candidates\": 458, \"retention\": 0.7161572052401747, \"use_primary\": true}\n"}
,{"stream_name":"stdout","time":2172.847384051,"data":"EDGE_TTA_ACTIVE views= 8 mean_abs_feat_delta= 0.340669\n"}
,{"stream_name":"stdout","time":2173.050037842,"data":"EDGE_TTA_ACTIVE views= 8 mean_abs_feat_delta= 0.340669\n"}
,{"stream_name":"stdout","time":2173.275584452,"data":"EDGE_TTA_ACTIVE views= 8 mean_abs_feat_delta= 0.383462\n"}
,{"stream_name":"stdout","time":2173.478143511,"data":"EDGE_TTA_ACTIVE views= 8 mean_abs_feat_delta= 0.383462\n"}
,{"stream_name":"stdout","time":2173.854454857,"data":"SECONDARY_EDGE_TTA_ACTIVE views= 8 weight= 0.75 mean_abs_feat_delta= 0.272125\n"}
,{"stream_name":"stdout","time":2174.056903496,"data":"SECONDARY_EDGE_TTA_ACTIVE views= 8 weight= 0.75 mean_abs_feat_delta= 0.272125\n"}
,{"stream_name":"stdout","time":2174.241724008,"data":"SECONDARY_EDGE_TTA_ACTIVE views= 8 weight= 0.75 mean_abs_feat_delta= 0.338365\n"}
,{"stream_name":"stdout","time":2174.246454084,"data":"BIOHUB_RETENTION_GUARD {\"blended_candidates\": 325, \"dataset\": \"44b6_2a2eff9f\", \"frame\": 30, \"minimum_retention\": 0.9, \"primary_candidates\": 446, \"retention\": 0.7286995515695067, \"use_primary\": true}\n"}
,{"stream_name":"stdout","time":2174.444253307,"data":"SECONDARY_EDGE_TTA_ACTIVE views= 8 weight= 0.75 mean_abs_feat_delta= 0.338365\n"}
,{"stream_name":"stdout","time":2174.444280344,"data":"BIOHUB_RETENTION_GUARD {\"blended_candidates\": 325, \"dataset\": \"44b6_2a2eff9f\", \"frame\": 30, \"minimum_retention\": 0.9, \"primary_candidates\": 446, \"retention\": 0.7286995515695067, \"use_primary\": true}\n"}
,{"stream_name":"stdout","time":2174.933061867,"data":"EDGE_TTA_ACTIVE views= 8 mean_abs_feat_delta= 0.340289\n"}
,{"stream_name":"stdout","time":2175.13544618,"data":"EDGE_TTA_ACTIVE views= 8 mean_abs_feat_delta= 0.340289\n"}
,{"stream_name":"stdout","time":2175.396891631,"data":"EDGE_TTA_ACTIVE views= 8 mean_abs_feat_delta= 0.385872\n"}
,{"stream_name":"stdout","time":2175.598872411,"data":"EDGE_TTA_ACTIVE views= 8 mean_abs_feat_delta= 0.385872\n"}
,{"stream_name":"stdout","time":2175.942794573,"data":"SECONDARY_EDGE_TTA_ACTIVE views= 8 weight= 0.75 mean_abs_feat_delta= 0.269794\n"}
,{"stream_name":"stdout","time":2176.145061827,"data":"SECONDARY_EDGE_TTA_ACTIVE views= 8 weight= 0.75 mean_abs_feat_delta= 0.269794\n"}
,{"stream_name":"stdout","time":2176.367001113,"data":"SECONDARY_EDGE_TTA_ACTIVE views= 8 weight= 0.75 mean_abs_feat_delta= 0.336732\n"}
,{"stream_name":"stdout","time":2176.371293475,"data":"BIOHUB_RETENTION_GUARD {\"blended_candidates\": 344, \"dataset\": \"44b6_2a2eff9f\", \"frame\": 31, \"minimum_retention\": 0.9, \"primary_candidates\": 450, \"retention\": 0.7644444444444445, \"use_primary\": true}\n"}
,{"stream_name":"stdout","time":2176.569510322,"data":"SECONDARY_EDGE_TTA_ACTIVE views= 8 weight= 0.75 mean_abs_feat_delta= 0.336732\n"}
,{"stream_name":"stdout","time":2176.569541186,"data":"BIOHUB_RETENTION_GUARD {\"blended_candidates\": 344, \"dataset\": \"44b6_2a2eff9f\", \"frame\": 31, \"minimum_retention\": 0.9, \"primary_candidates\": 450, \"retention\": 0.7644444444444445, \"use_primary\": true}\n"}
,{"stream_name":"stdout","time":2177.024068102,"data":"EDGE_TTA_ACTIVE views= 8 mean_abs_feat_delta= 0.346245\n"}
,{"stream_name":"stdout","time":2177.311384771,"data":"EDGE_TTA_ACTIVE views= 8 mean_abs_feat_delta= 0.346245\n"}
,{"stream_name":"stdout","time":2177.479699294,"data":"EDGE_TTA_ACTIVE views= 8 mean_abs_feat_delta= 0.387909\n"}
,{"stream_name":"stdout","time":2177.682067855,"data":"EDGE_TTA_ACTIVE views= 8 mean_abs_feat_delta= 0.387909\n"}
,{"stream_name":"stdout","time":2178.035327763,"data":"SECONDARY_EDGE_TTA_ACTIVE views= 8 weight= 0.75 mean_abs_feat_delta= 0.272474\n"}
,{"stream_name":"stdout","time":2178.237750408,"data":"SECONDARY_EDGE_TTA_ACTIVE views= 8 weight= 0.75 mean_abs_feat_delta= 0.272474\n"}
,{"stream_name":"stdout","time":2178.44905483,"data":"SECONDARY_EDGE_TTA_ACTIVE views= 8 weight= 0.75 mean_abs_feat_delta= 0.336889\n"}
,{"stream_name":"stdout","time":2178.453301675,"data":"BIOHUB_RETENTION_GUARD {\"blended_candidates\": 344, \"dataset\": \"44b6_2a2eff9f\", \"frame\": 32, \"minimum_retention\": 0.9, \"primary_candidates\": 460, \"retention\": 0.7478260869565218, \"use_primary\": true}\n"}
,{"stream_name":"stdout","time":2178.651958073,"data":"SECONDARY_EDGE_TTA_ACTIVE views= 8 weight= 0.75 mean_abs_feat_delta= 0.336889\n"}
,{"stream_name":"stdout","time":2178.651992707,"data":"BIOHUB_RETENTION_GUARD {\"blended_candidates\": 344, \"dataset\": \"44b6_2a2eff9f\", \"frame\": 32, \"minimum_retention\": 0.9, \"primary_candidates\": 460, \"retention\": 0.7478260869565218, \"use_primary\": true}\n"}
,{"stream_name":"stdout","time":2179.119932955,"data":"EDGE_TTA_ACTIVE views= 8 mean_abs_feat_delta= 0.351971\n"}
,{"stream_name":"stdout","time":2179.322315452,"data":"EDGE_TTA_ACTIVE views= 8 mean_abs_feat_delta= 0.351971\n"}
,{"stream_name":"stdout","time":2179.57519125,"data":"EDGE_TTA_ACTIVE views= 8 mean_abs_feat_delta= 0.389825\n"}
,{"stream_name":"stdout","time":2179.77739948,"data":"EDGE_TTA_ACTIVE views= 8 mean_abs_feat_delta= 0.389825\n"}
,{"stream_name":"stdout","time":2180.135310377,"data":"SECONDARY_EDGE_TTA_ACTIVE views= 8 weight= 0.75 mean_abs_feat_delta= 0.275112\n"}
,{"stream_name":"stdout","time":2180.337848547,"data":"SECONDARY_EDGE_TTA_ACTIVE views= 8 weight= 0.75 mean_abs_feat_delta= 0.275112\n"}
,{"stream_name":"stdout","time":2180.54613291,"data":"SECONDARY_EDGE_TTA_ACTIVE views= 8 weight= 0.75 mean_abs_feat_delta= 0.339126\n"}
,{"stream_name":"stdout","time":2180.550476628,"data":"BIOHUB_RETENTION_GUARD {\"blended_candidates\": 314, \"dataset\": \"44b6_2a2eff9f\", \"frame\": 33, \"minimum_retention\": 0.9, \"primary_candidates\": 440, \"retention\": 0.7136363636363636, \"use_primary\": true}\n"}
,{"stream_name":"stdout","time":2180.750099485,"data":"SECONDARY_EDGE_TTA_ACTIVE views= 8 weight= 0.75 mean_abs_feat_delta= 0.339126\n"}
,{"stream_name":"stdout","time":2180.750147879,"data":"BIOHUB_RETENTION_GUARD {\"blended_candidates\": 314, \"dataset\": \"44b6_2a2eff9f\", \"frame\": 33, \"minimum_retention\": 0.9, \"primary_candidates\": 440, \"retention\": 0.7136363636363636, \"use_primary\": true}\n"}
,{"stream_name":"stdout","time":2181.217652505,"data":"EDGE_TTA_ACTIVE views= 8 mean_abs_feat_delta= 0.348058\n"}
,{"stream_name":"stdout","time":2181.420340845,"data":"EDGE_TTA_ACTIVE views= 8 mean_abs_feat_delta= 0.348058\n"}
,{"stream_name":"stdout","time":2181.676206842,"data":"EDGE_TTA_ACTIVE views= 8 mean_abs_feat_delta= 0.386081\n"}
,{"stream_name":"stdout","time":2181.878786647,"data":"EDGE_TTA_ACTIVE views= 8 mean_abs_feat_delta= 0.386081\n"}
,{"stream_name":"stdout","time":2182.231019567,"data":"SECONDARY_EDGE_TTA_ACTIVE views= 8 weight= 0.75 mean_abs_feat_delta= 0.273371\n"}
,{"stream_name":"stdout","time":2182.433350754,"data":"SECONDARY_EDGE_TTA_ACTIVE views= 8 weight= 0.75 mean_abs_feat_delta= 0.273371\n"}
,{"stream_name":"stdout","time":2182.65229486,"data":"SECONDARY_EDGE_TTA_ACTIVE views= 8 weight= 0.75 mean_abs_feat_delta= 0.342772\n"}
,{"stream_name":"stdout","time":2182.656356891,"data":"BIOHUB_RETENTION_GUARD {\"blended_candidates\": 335, \"dataset\": \"44b6_2a2eff9f\", \"frame\": 34, \"minimum_retention\": 0.9, \"primary_candidates\": 454, \"retention\": 0.737885462555066, \"use_primary\": true}\n"}
,{"stream_name":"stdout","time":2182.854827307,"data":"SECONDARY_EDGE_TTA_ACTIVE views= 8 weight= 0.75 mean_abs_feat_delta= 0.342772\n"}
,{"stream_name":"stdout","time":2182.854860604,"data":"BIOHUB_RETENTION_GUARD {\"blended_candidates\": 335, \"dataset\": \"44b6_2a2eff9f\", \"frame\": 34, \"minimum_retention\": 0.9, \"primary_candidates\": 454, \"retention\": 0.737885462555066, \"use_primary\": true}\n"}
,{"stream_name":"stdout","time":2183.320727125,"data":"EDGE_TTA_ACTIVE views= 8 mean_abs_feat_delta= 0.347978\n"}
,{"stream_name":"stdout","time":2183.523033856,"data":"EDGE_TTA_ACTIVE views= 8 mean_abs_feat_delta= 0.347978\n"}
,{"stream_name":"stdout","time":2183.768294567,"data":"EDGE_TTA_ACTIVE views= 8 mean_abs_feat_delta= 0.380286\n"}
,{"stream_name":"stdout","time":2183.970992686,"data":"EDGE_TTA_ACTIVE views= 8 mean_abs_feat_delta= 0.380286\n"}
,{"stream_name":"stdout","time":2184.335750938,"data":"SECONDARY_EDGE_TTA_ACTIVE views= 8 weight= 0.75 mean_abs_feat_delta= 0.277052\n"}
,{"stream_name":"stdout","time":2184.53802819,"data":"SECONDARY_EDGE_TTA_ACTIVE views= 8 weight= 0.75 mean_abs_feat_delta= 0.277052\n"}
,{"stream_name":"stdout","time":2184.740347936,"data":"SECONDARY_EDGE_TTA_ACTIVE views= 8 weight= 0.75 mean_abs_feat_delta= 0.347232\n"}
,{"stream_name":"stdout","time":2184.744517623,"data":"BIOHUB_RETENTION_GUARD {\"blended_candidates\": 319, \"dataset\": \"44b6_2a2eff9f\", \"frame\": 35, \"minimum_retention\": 0.9, \"primary_candidates\": 448, \"retention\": 0.7120535714285714, \"use_primary\": true}\n"}
,{"stream_name":"stdout","time":2184.942812113,"data":"SECONDARY_EDGE_TTA_ACTIVE views= 8 weight= 0.75 mean_abs_feat_delta= 0.347232\n"}
,{"stream_name":"stdout","time":2184.942843212,"data":"BIOHUB_RETENTION_GUARD {\"blended_candidates\": 319, \"dataset\": \"44b6_2a2eff9f\", \"frame\": 35, \"minimum_retention\": 0.9, \"primary_candidates\": 448, \"retention\": 0.7120535714285714, \"use_primary\": true}\n"}
,{"stream_name":"stdout","time":2185.453018329,"data":"EDGE_TTA_ACTIVE views= 8 mean_abs_feat_delta= 0.356868\n"}
,{"stream_name":"stdout","time":2185.655445533,"data":"EDGE_TTA_ACTIVE views= 8 mean_abs_feat_delta= 0.356868\n"}
,{"stream_name":"stdout","time":2185.871508732,"data":"EDGE_TTA_ACTIVE views= 8 mean_abs_feat_delta= 0.37797\n"}
,{"stream_name":"stdout","time":2186.073699465,"data":"EDGE_TTA_ACTIVE views= 8 mean_abs_feat_delta= 0.37797\n"}
,{"stream_name":"stdout","time":2186.471418886,"data":"SECONDARY_EDGE_TTA_ACTIVE views= 8 weight= 0.75 mean_abs_feat_delta= 0.279606\n"}
,{"stream_name":"stdout","time":2186.673635211,"data":"SECONDARY_EDGE_TTA_ACTIVE views= 8 weight= 0.75 mean_abs_feat_delta= 0.279606\n"}
,{"stream_name":"stdout","time":2186.843599628,"data":"SECONDARY_EDGE_TTA_ACTIVE views= 8 weight= 0.75 mean_abs_feat_delta= 0.35012\n"}
,{"stream_name":"stdout","time":2186.847790781,"data":"BIOHUB_RETENTION_GUARD {\"blended_candidates\": 330, \"dataset\": \"44b6_2a2eff9f\", \"frame\": 36, \"minimum_retention\": 0.9, \"primary_candidates\": 440, \"retention\": 0.75, \"use_primary\": true}\n"}
,{"stream_name":"stdout","time":2187.046218833,"data":"SECONDARY_EDGE_TTA_ACTIVE views= 8 weight= 0.75 mean_abs_feat_delta= 0.35012\n"}
,{"stream_name":"stdout","time":2187.046253191,"data":"BIOHUB_RETENTION_GUARD {\"blended_candidates\": 330, \"dataset\": \"44b6_2a2eff9f\", \"frame\": 36, \"minimum_retention\": 0.9, \"primary_candidates\": 440, \"retention\": 0.75, \"use_primary\": true}\n"}
,{"stream_name":"stdout","time":2187.552690209,"data":"EDGE_TTA_ACTIVE views= 8 mean_abs_feat_delta= 0.355657\n"}
,{"stream_name":"stdout","time":2187.7551227,"data":"EDGE_TTA_ACTIVE views= 8 mean_abs_feat_delta= 0.355657\n"}
,{"stream_name":"stdout","time":2187.976005014,"data":"EDGE_TTA_ACTIVE views= 8 mean_abs_feat_delta= 0.377683\n"}
,{"stream_name":"stdout","time":2188.178149639,"data":"EDGE_TTA_ACTIVE views= 8 mean_abs_feat_delta= 0.377683\n"}
,{"stream_name":"stdout","time":2188.57057715,"data":"SECONDARY_EDGE_TTA_ACTIVE views= 8 weight= 0.75 mean_abs_feat_delta= 0.276806\n"}
,{"stream_name":"stdout","time":2188.772989159,"data":"SECONDARY_EDGE_TTA_ACTIVE views= 8 weight= 0.75 mean_abs_feat_delta= 0.276806\n"}
,{"stream_name":"stdout","time":2188.947448604,"data":"SECONDARY_EDGE_TTA_ACTIVE views= 8 weight= 0.75 mean_abs_feat_delta= 0.351738\n"}
,{"stream_name":"stdout","time":2188.951899257,"data":"BIOHUB_RETENTION_GUARD {\"blended_candidates\": 318, \"dataset\": \"44b6_2a2eff9f\", \"frame\": 37, \"minimum_retention\": 0.9, \"primary_candidates\": 423, \"retention\": 0.75177304964539, \"use_primary\": true}\n"}
,{"stream_name":"stdout","time":2189.150111798,"data":"SECONDARY_EDGE_TTA_ACTIVE views= 8 weight= 0.75 mean_abs_feat_delta= 0.351738\n"}
,{"stream_name":"stdout","time":2189.150157602,"data":"BIOHUB_RETENTION_GUARD {\"blended_candidates\": 318, \"dataset\": \"44b6_2a2eff9f\", \"frame\": 37, \"minimum_retention\": 0.9, \"primary_candidates\": 423, \"retention\": 0.75177304964539, \"use_primary\": true}\n"}
,{"stream_name":"stdout","time":2189.690565717,"data":"EDGE_TTA_ACTIVE views= 8 mean_abs_feat_delta= 0.350956\n"}
,{"stream_name":"stdout","time":2189.892995547,"data":"EDGE_TTA_ACTIVE views= 8 mean_abs_feat_delta= 0.350956\n"}
,{"stream_name":"stdout","time":2190.062181975,"data":"EDGE_TTA_ACTIVE views= 8 mean_abs_feat_delta= 0.379186\n"}
,{"stream_name":"stdout","time":2190.264618895,"data":"EDGE_TTA_ACTIVE views= 8 mean_abs_feat_delta= 0.379186\n"}
,{"stream_name":"stdout","time":2190.710530876,"data":"SECONDARY_EDGE_TTA_ACTIVE views= 8 weight= 0.75 mean_abs_feat_delta= 0.274764\n"}
,{"stream_name":"stdout","time":2190.912970945,"data":"SECONDARY_EDGE_TTA_ACTIVE views= 8 weight= 0.75 mean_abs_feat_delta= 0.274764\n"}
,{"stream_name":"stdout","time":2191.035251188,"data":"SECONDARY_EDGE_TTA_ACTIVE views= 8 weight= 0.75 mean_abs_feat_delta= 0.354439\n"}
,{"stream_name":"stdout","time":2191.040269469,"data":"BIOHUB_RETENTION_GUARD {\"blended_candidates\": 309, \"dataset\": \"44b6_2a2eff9f\", \"frame\": 38, \"minimum_retention\": 0.9, \"primary_candidates\": 424, \"retention\": 0.7287735849056604, \"use_primary\": true}\n"}
,{"stream_name":"stdout","time":2191.239220337,"data":"SECONDARY_EDGE_TTA_ACTIVE views= 8 weight= 0.75 mean_abs_feat_delta= 0.354439\n"}
,{"stream_name":"stdout","time":2191.23927704,"data":"BIOHUB_RETENTION_GUARD {\"blended_candidates\": 309, \"dataset\": \"44b6_2a2eff9f\", \"frame\": 38, \"minimum_retention\": 0.9, \"primary_candidates\": 424, \"retention\": 0.7287735849056604, \"use_primary\": true}\n"}
,{"stream_name":"stdout","time":2191.806328668,"data":"EDGE_TTA_ACTIVE views= 8 mean_abs_feat_delta= 0.353603\n"}
,{"stream_name":"stdout","time":2192.008954228,"data":"EDGE_TTA_ACTIVE views= 8 mean_abs_feat_delta= 0.353603\n"}
,{"stream_name":"stdout","time":2192.186701968,"data":"EDGE_TTA_ACTIVE views= 8 mean_abs_feat_delta= 0.381231\n"}
,{"stream_name":"stdout","time":2192.389026177,"data":"EDGE_TTA_ACTIVE views= 8 mean_abs_feat_delta= 0.381231\n"}
,{"stream_name":"stdout","time":2192.824304451,"data":"SECONDARY_EDGE_TTA_ACTIVE views= 8 weight= 0.75 mean_abs_feat_delta= 0.270051\n"}
,{"stream_name":"stdout","time":2193.02671165,"data":"SECONDARY_EDGE_TTA_ACTIVE views= 8 weight= 0.75 mean_abs_feat_delta= 0.270051\n"}
,{"stream_name":"stdout","time":2193.161460619,"data":"SECONDARY_EDGE_TTA_ACTIVE views= 8 weight= 0.75 mean_abs_feat_delta= 0.360742\n"}
,{"stream_name":"stdout","time":2193.16578545,"data":"BIOHUB_RETENTION_GUARD {\"blended_candidates\": 336, \"dataset\": \"44b6_2a2eff9f\", \"frame\": 39, \"minimum_retention\": 0.9, \"primary_candidates\": 423, \"retention\": 0.7943262411347518, \"use_primary\": true}\n"}
,{"stream_name":"stdout","time":2193.364053202,"data":"SECONDARY_EDGE_TTA_ACTIVE views= 8 weight= 0.75 mean_abs_feat_delta= 0.360742\n"}
,{"stream_name":"stdout","time":2193.36408551,"data":"BIOHUB_RETENTION_GUARD {\"blended_candidates\": 336, \"dataset\": \"44b6_2a2eff9f\", \"frame\": 39, \"minimum_retention\": 0.9, \"primary_candidates\": 423, \"retention\": 0.7943262411347518, \"use_primary\": true}\n"}
,{"stream_name":"stdout","time":2193.914657797,"data":"EDGE_TTA_ACTIVE views= 8 mean_abs_feat_delta= 0.351967\n"}
,{"stream_name":"stdout","time":2194.117104592,"data":"EDGE_TTA_ACTIVE views= 8 mean_abs_feat_delta= 0.351967\n"}
,{"stream_name":"stdout","time":2194.286283083,"data":"EDGE_TTA_ACTIVE views= 8 mean_abs_feat_delta= 0.381762\n"}
,{"stream_name":"stdout","time":2194.488766144,"data":"EDGE_TTA_ACTIVE views= 8 mean_abs_feat_delta= 0.381762\n"}
,{"stream_name":"stdout","time":2194.93472066,"data":"SECONDARY_EDGE_TTA_ACTIVE views= 8 weight= 0.75 mean_abs_feat_delta= 0.266677\n"}
,{"stream_name":"stdout","time":2195.13723502,"data":"SECONDARY_EDGE_TTA_ACTIVE views= 8 weight= 0.75 mean_abs_feat_delta= 0.266677\n"}
,{"stream_name":"stdout","time":2195.267844278,"data":"SECONDARY_EDGE_TTA_ACTIVE views= 8 weight= 0.75 mean_abs_feat_delta= 0.356104\n"}
,{"stream_name":"stdout","time":2195.272078871,"data":"BIOHUB_RETENTION_GUARD {\"blended_candidates\": 315, \"dataset\": \"44b6_2a2eff9f\", \"frame\": 40, \"minimum_retention\": 0.9, \"primary_candidates\": 412, \"retention\": 0.7645631067961165, \"use_primary\": true}\n"}
,{"stream_name":"stdout","time":2195.470360804,"data":"SECONDARY_EDGE_TTA_ACTIVE views= 8 weight= 0.75 mean_abs_feat_delta= 0.356104\n"}
,{"stream_name":"stdout","time":2195.470390936,"data":"BIOHUB_RETENTION_GUARD {\"blended_candidates\": 315, \"dataset\": \"44b6_2a2eff9f\", \"frame\": 40, \"minimum_retention\": 0.9, \"primary_candidates\": 412, \"retention\": 0.7645631067961165, \"use_primary\": true}\n"}
,{"stream_name":"stdout","time":2196.029764395,"data":"EDGE_TTA_ACTIVE views= 8 mean_abs_feat_delta= 0.358268\n"}
,{"stream_name":"stdout","time":2196.232406882,"data":"EDGE_TTA_ACTIVE views= 8 mean_abs_feat_delta= 0.358268\n"}
,{"stream_name":"stdout","time":2196.384795732,"data":"EDGE_TTA_ACTIVE views= 8 mean_abs_feat_delta= 0.379964\n"}
,{"stream_name":"stdout","time":2196.587011501,"data":"EDGE_TTA_ACTIVE views= 8 mean_abs_feat_delta= 0.379964\n"}
,{"stream_name":"stdout","time":2197.05255471,"data":"SECONDARY_EDGE_TTA_ACTIVE views= 8 weight= 0.75 mean_abs_feat_delta= 0.266701\n"}
,{"stream_name":"stdout","time":2197.254938865,"data":"SECONDARY_EDGE_TTA_ACTIVE views= 8 weight= 0.75 mean_abs_feat_delta= 0.266701\n"}
,{"stream_name":"stdout","time":2197.359145647,"data":"SECONDARY_EDGE_TTA_ACTIVE views= 8 weight= 0.75 mean_abs_feat_delta= 0.352586\n"}
,{"stream_name":"stdout","time":2197.363466045,"data":"BIOHUB_RETENTION_GUARD {\"blended_candidates\": 349, \"dataset\": \"44b6_2a2eff9f\", \"frame\": 41, \"minimum_retention\": 0.9, \"primary_candidates\": 434, \"retention\": 0.804147465437788, \"use_primary\": true}\n"}
,{"stream_name":"stdout","time":2197.561542949,"data":"SECONDARY_EDGE_TTA_ACTIVE views= 8 weight= 0.75 mean_abs_feat_delta= 0.352586\n"}
,{"stream_name":"stdout","time":2197.561572409,"data":"BIOHUB_RETENTION_GUARD {\"blended_candidates\": 349, \"dataset\": \"44b6_2a2eff9f\", \"frame\": 41, \"minimum_retention\": 0.9, \"primary_candidates\": 434, \"retention\": 0.804147465437788, \"use_primary\": true}\n"}
,{"stream_name":"stdout","time":2198.144148429,"data":"EDGE_TTA_ACTIVE views= 8 mean_abs_feat_delta= 0.362934\n"}
,{"stream_name":"stdout","time":2198.346843226,"data":"EDGE_TTA_ACTIVE views= 8 mean_abs_feat_delta= 0.362934\n"}
,{"stream_name":"stdout","time":2198.474410139,"data":"EDGE_TTA_ACTIVE views= 8 mean_abs_feat_delta= 0.377857\n"}
,{"stream_name":"stdout","time":2198.676713289,"data":"EDGE_TTA_ACTIVE views= 8 mean_abs_feat_delta= 0.377857\n"}
,{"stream_name":"stdout","time":2199.17065112,"data":"SECONDARY_EDGE_TTA_ACTIVE views= 8 weight= 0.75 mean_abs_feat_delta= 0.275498\n"}
,{"stream_name":"stdout","time":2199.373133663,"data":"SECONDARY_EDGE_TTA_ACTIVE views= 8 weight= 0.75 mean_abs_feat_delta= 0.275498\n"}
,{"stream_name":"stdout","time":2199.448857162,"data":"SECONDARY_EDGE_TTA_ACTIVE views= 8 weight= 0.75 mean_abs_feat_delta= 0.353845\n"}
,{"stream_name":"stdout","time":2199.453206686,"data":"BIOHUB_RETENTION_GUARD {\"blended_candidates\": 340, \"dataset\": \"44b6_2a2eff9f\", \"frame\": 42, \"minimum_retention\": 0.9, \"primary_candidates\": 415, \"retention\": 0.8192771084337349, \"use_primary\": true}\n"}
,{"stream_name":"stdout","time":2199.651236114,"data":"SECONDARY_EDGE_TTA_ACTIVE views= 8 weight= 0.75 mean_abs_feat_delta= 0.353845\n"}
,{"stream_name":"stdout","time":2199.651306347,"data":"BIOHUB_RETENTION_GUARD {\"blended_candidates\": 340, \"dataset\": \"44b6_2a2eff9f\", \"frame\": 42, \"minimum_retention\": 0.9, \"primary_candidates\": 415, \"retention\": 0.8192771084337349, \"use_primary\": true}\n"}
,{"stream_name":"stdout","time":2200.26253385,"data":"EDGE_TTA_ACTIVE views= 8 mean_abs_feat_delta= 0.364263\n"}
,{"stream_name":"stdout","time":2200.46461525,"data":"EDGE_TTA_ACTIVE views= 8 mean_abs_feat_delta= 0.364263\n"}
,{"stream_name":"stdout","time":2200.600313456,"data":"EDGE_TTA_ACTIVE views= 8 mean_abs_feat_delta= 0.376372\n"}
,{"stream_name":"stdout","time":2200.802689629,"data":"EDGE_TTA_ACTIVE views= 8 mean_abs_feat_delta= 0.376372\n"}
,{"stream_name":"stdout","time":2201.283240815,"data":"SECONDARY_EDGE_TTA_ACTIVE views= 8 weight= 0.75 mean_abs_feat_delta= 0.273607\n"}
,{"stream_name":"stdout","time":2201.485686377,"data":"SECONDARY_EDGE_TTA_ACTIVE views= 8 weight= 0.75 mean_abs_feat_delta= 0.273607\n"}
,{"stream_name":"stdout","time":2201.57722011,"data":"SECONDARY_EDGE_TTA_ACTIVE views= 8 weight= 0.75 mean_abs_feat_delta= 0.350476\n"}
,{"stream_name":"stdout","time":2201.581232534,"data":"BIOHUB_RETENTION_GUARD {\"blended_candidates\": 323, \"dataset\": \"44b6_2a2eff9f\", \"frame\": 43, \"minimum_retention\": 0.9, \"primary_candidates\": 411, \"retention\": 0.7858880778588808, \"use_primary\": true}\n"}
,{"stream_name":"stdout","time":2201.779686283,"data":"SECONDARY_EDGE_TTA_ACTIVE views= 8 weight= 0.75 mean_abs_feat_delta= 0.350476\n"}
,{"stream_name":"stdout","time":2201.779750061,"data":"BIOHUB_RETENTION_GUARD {\"blended_candidates\": 323, \"dataset\": \"44b6_2a2eff9f\", \"frame\": 43, \"minimum_retention\": 0.9, \"primary_candidates\": 411, \"retention\": 0.7858880778588808, \"use_primary\": true}\n"}
,{"stream_name":"stdout","time":2202.377051055,"data":"EDGE_TTA_ACTIVE views= 8 mean_abs_feat_delta= 0.354708\n"}
,{"stream_name":"stdout","time":2202.579260502,"data":"EDGE_TTA_ACTIVE views= 8 mean_abs_feat_delta= 0.354708\n"}
,{"stream_name":"stdout","time":2202.710577432,"data":"EDGE_TTA_ACTIVE views= 8 mean_abs_feat_delta= 0.379852\n"}
,{"stream_name":"stdout","time":2202.912874401,"data":"EDGE_TTA_ACTIVE views= 8 mean_abs_feat_delta= 0.379852\n"}
,{"stream_name":"stdout","time":2203.404253786,"data":"SECONDARY_EDGE_TTA_ACTIVE views= 8 weight= 0.75 mean_abs_feat_delta= 0.270603\n"}
,{"stream_name":"stdout","time":2203.606663951,"data":"SECONDARY_EDGE_TTA_ACTIVE views= 8 weight= 0.75 mean_abs_feat_delta= 0.270603\n"}
,{"stream_name":"stdout","time":2203.687459556,"data":"SECONDARY_EDGE_TTA_ACTIVE views= 8 weight= 0.75 mean_abs_feat_delta= 0.348167\n"}
,{"stream_name":"stdout","time":2203.691642438,"data":"BIOHUB_RETENTION_GUARD {\"blended_candidates\": 321, \"dataset\": \"44b6_2a2eff9f\", \"frame\": 44, \"minimum_retention\": 0.9, \"primary_candidates\": 439, \"retention\": 0.7312072892938497, \"use_primary\": true}\n"}
,{"stream_name":"stdout","time":2203.889983665,"data":"SECONDARY_EDGE_TTA_ACTIVE views= 8 weight= 0.75 mean_abs_feat_delta= 0.348167\n"}
,{"stream_name":"stdout","time":2203.890013794,"data":"BIOHUB_RETENTION_GUARD {\"blended_candidates\": 321, \"dataset\": \"44b6_2a2eff9f\", \"frame\": 44, \"minimum_retention\": 0.9, \"primary_candidates\": 439, \"retention\": 0.7312072892938497, \"use_primary\": true}\n"}
,{"stream_name":"stdout","time":2204.508602489,"data":"EDGE_TTA_ACTIVE views= 8 mean_abs_feat_delta= 0.354893\n"}
,{"stream_name":"stdout","time":2204.710940267,"data":"EDGE_TTA_ACTIVE views= 8 mean_abs_feat_delta= 0.354893\n"}
,{"stream_name":"stdout","time":2204.820078691,"data":"EDGE_TTA_ACTIVE views= 8 mean_abs_feat_delta= 0.379756\n"}
,{"stream_name":"stdout","time":2205.022396004,"data":"EDGE_TTA_ACTIVE views= 8 mean_abs_feat_delta= 0.379756\n"}
,{"stream_name":"stdout","time":2205.536432362,"data":"SECONDARY_EDGE_TTA_ACTIVE views= 8 weight= 0.75 mean_abs_feat_delta= 0.27002\n"}
,{"stream_name":"stdout","time":2205.739095263,"data":"SECONDARY_EDGE_TTA_ACTIVE views= 8 weight= 0.75 mean_abs_feat_delta= 0.27002\n"}
,{"stream_name":"stdout","time":2205.796617343,"data":"SECONDARY_EDGE_TTA_ACTIVE views= 8 weight= 0.75 mean_abs_feat_delta= 0.351208\n"}
,{"stream_name":"stdout","time":2205.800984699,"data":"BIOHUB_RETENTION_GUARD {\"blended_candidates\": 316, \"dataset\": \"44b6_2a2eff9f\", \"frame\": 45, \"minimum_retention\": 0.9, \"primary_candidates\": 421, \"retention\": 0.7505938242280285, \"use_primary\": true}\n"}
,{"stream_name":"stdout","time":2205.999005933,"data":"SECONDARY_EDGE_TTA_ACTIVE views= 8 weight= 0.75 mean_abs_feat_delta= 0.351208\n"}
,{"stream_name":"stdout","time":2205.999034961,"data":"BIOHUB_RETENTION_GUARD {\"blended_candidates\": 316, \"dataset\": \"44b6_2a2eff9f\", \"frame\": 45, \"minimum_retention\": 0.9, \"primary_candidates\": 421, \"retention\": 0.7505938242280285, \"use_primary\": true}\n"}
,{"stream_name":"stdout","time":2206.629241469,"data":"EDGE_TTA_ACTIVE views= 8 mean_abs_feat_delta= 0.359158\n"}
,{"stream_name":"stdout","time":2206.83168983,"data":"EDGE_TTA_ACTIVE views= 8 mean_abs_feat_delta= 0.359158\n"}
,{"stream_name":"stdout","time":2206.924370218,"data":"EDGE_TTA_ACTIVE views= 8 mean_abs_feat_delta= 0.37626\n"}
,{"stream_name":"stdout","time":2207.126694044,"data":"EDGE_TTA_ACTIVE views= 8 mean_abs_feat_delta= 0.37626\n"}
,{"stream_name":"stdout","time":2207.653276898,"data":"SECONDARY_EDGE_TTA_ACTIVE views= 8 weight= 0.75 mean_abs_feat_delta= 0.269423\n"}
,{"stream_name":"stdout","time":2207.904304262,"data":"SECONDARY_EDGE_TTA_ACTIVE views= 8 weight= 0.75 mean_abs_feat_delta= 0.348819\n"}
,{"stream_name":"stdout","time":2207.909003049,"data":"BIOHUB_RETENTION_GUARD {\"blended_candidates\": 315, \"dataset\": \"44b6_2a2eff9f\", \"frame\": 46, \"minimum_retention\": 0.9, \"primary_candidates\": 431, \"retention\": 0.7308584686774942, \"use_primary\": true}\n"}
,{"stream_name":"stdout","time":2207.944549137,"data":"SECONDARY_EDGE_TTA_ACTIVE views= 8 weight= 0.75 mean_abs_feat_delta= 0.269423\n"}
,{"stream_name":"stdout","time":2208.106942243,"data":"SECONDARY_EDGE_TTA_ACTIVE views= 8 weight= 0.75 mean_abs_feat_delta= 0.348819\n"}
,{"stream_name":"stdout","time":2208.106976245,"data":"BIOHUB_RETENTION_GUARD {\"blended_candidates\": 315, \"dataset\": \"44b6_2a2eff9f\", \"frame\": 46, \"minimum_retention\": 0.9, \"primary_candidates\": 431, \"retention\": 0.7308584686774942, \"use_primary\": true}\n"}
,{"stream_name":"stdout","time":2208.76151598,"data":"EDGE_TTA_ACTIVE views= 8 mean_abs_feat_delta= 0.352171\n"}
,{"stream_name":"stdout","time":2208.963991811,"data":"EDGE_TTA_ACTIVE views= 8 mean_abs_feat_delta= 0.352171\n"}
,{"stream_name":"stdout","time":2209.039585211,"data":"EDGE_TTA_ACTIVE views= 8 mean_abs_feat_delta= 0.369338\n"}
,{"stream_name":"stdout","time":2209.241837329,"data":"EDGE_TTA_ACTIVE views= 8 mean_abs_feat_delta= 0.369338\n"}
,{"stream_name":"stdout","time":2209.78380234,"data":"SECONDARY_EDGE_TTA_ACTIVE views= 8 weight= 0.75 mean_abs_feat_delta= 0.268284\n"}
,{"stream_name":"stdout","time":2209.986074962,"data":"SECONDARY_EDGE_TTA_ACTIVE views= 8 weight= 0.75 mean_abs_feat_delta= 0.268284\n"}
,{"stream_name":"stdout","time":2210.016987178,"data":"SECONDARY_EDGE_TTA_ACTIVE views= 8 weight= 0.75 mean_abs_feat_delta= 0.336117\n"}
,{"stream_name":"stdout","time":2210.021315037,"data":"BIOHUB_RETENTION_GUARD {\"blended_candidates\": 404, \"dataset\": \"44b6_2a2eff9f\", \"frame\": 47, \"minimum_retention\": 0.9, \"primary_candidates\": 474, \"retention\": 0.8523206751054853, \"use_primary\": true}\n"}
,{"stream_name":"stdout","time":2210.220198339,"data":"SECONDARY_EDGE_TTA_ACTIVE views= 8 weight= 0.75 mean_abs_feat_delta= 0.336117\n"}
,{"stream_name":"stdout","time":2210.22022919,"data":"BIOHUB_RETENTION_GUARD {\"blended_candidates\": 404, \"dataset\": \"44b6_2a2eff9f\", \"frame\": 47, \"minimum_retention\": 0.9, \"primary_candidates\": 474, \"retention\": 0.8523206751054853, \"use_primary\": true}\n"}
,{"stream_name":"stdout","time":2210.893223799,"data":"EDGE_TTA_ACTIVE views= 8 mean_abs_feat_delta= 0.35443\n"}
,{"stream_name":"stdout","time":2211.09595173,"data":"EDGE_TTA_ACTIVE views= 8 mean_abs_feat_delta= 0.35443\n"}
,{"stream_name":"stdout","time":2211.166765238,"data":"EDGE_TTA_ACTIVE views= 8 mean_abs_feat_delta= 0.374499\n"}
,{"stream_name":"stdout","time":2211.369067654,"data":"EDGE_TTA_ACTIVE views= 8 mean_abs_feat_delta= 0.374499\n"}
,{"stream_name":"stdout","time":2211.91211562,"data":"SECONDARY_EDGE_TTA_ACTIVE views= 8 weight= 0.75 mean_abs_feat_delta= 0.270055\n"}
,{"stream_name":"stdout","time":2212.114676899,"data":"SECONDARY_EDGE_TTA_ACTIVE views= 8 weight= 0.75 mean_abs_feat_delta= 0.270055\n"}
,{"stream_name":"stdout","time":2212.14494212,"data":"SECONDARY_EDGE_TTA_ACTIVE views= 8 weight= 0.75 mean_abs_feat_delta= 0.344095\n"}
,{"stream_name":"stdout","time":2212.14926934,"data":"BIOHUB_RETENTION_GUARD {\"blended_candidates\": 296, \"dataset\": \"44b6_2a2eff9f\", \"frame\": 48, \"minimum_retention\": 0.9, \"primary_candidates\": 410, \"retention\": 0.7219512195121951, \"use_primary\": true}\n"}
,{"stream_name":"stdout","time":2212.348196632,"data":"SECONDARY_EDGE_TTA_ACTIVE views= 8 weight= 0.75 mean_abs_feat_delta= 0.344095\n"}
,{"stream_name":"stdout","time":2212.348232423,"data":"BIOHUB_RETENTION_GUARD {\"blended_candidates\": 296, \"dataset\": \"44b6_2a2eff9f\", \"frame\": 48, \"minimum_retention\": 0.9, \"primary_candidates\": 410, \"retention\": 0.7219512195121951, \"use_primary\": true}\n"}
,{"stream_name":"stdout","time":2213.00686101,"data":"EDGE_TTA_ACTIVE views= 8 mean_abs_feat_delta= 0.344965\n"}
,{"stream_name":"stdout","time":2213.2091427,"data":"EDGE_TTA_ACTIVE views= 8 mean_abs_feat_delta= 0.344965\n"}
,{"stream_name":"stdout","time":2213.277392815,"data":"EDGE_TTA_ACTIVE views= 8 mean_abs_feat_delta= 0.379854\n"}
,{"stream_name":"stdout","time":2213.480062274,"data":"EDGE_TTA_ACTIVE views= 8 mean_abs_feat_delta= 0.379854\n"}
,{"stream_name":"stdout","time":2214.034083812,"data":"SECONDARY_EDGE_TTA_ACTIVE views= 8 weight= 0.75 mean_abs_feat_delta= 0.27035\n"}
,{"stream_name":"stdout","time":2214.236455922,"data":"SECONDARY_EDGE_TTA_ACTIVE views= 8 weight= 0.75 mean_abs_feat_delta= 0.27035\n"}
,{"stream_name":"stdout","time":2214.25514612,"data":"SECONDARY_EDGE_TTA_ACTIVE views= 8 weight= 0.75 mean_abs_feat_delta= 0.345283\n"}
,{"stream_name":"stdout","time":2214.259356425,"data":"BIOHUB_RETENTION_GUARD {\"blended_candidates\": 261, \"dataset\": \"44b6_2a2eff9f\", \"frame\": 49, \"minimum_retention\": 0.9, \"primary_candidates\": 402, \"retention\": 0.6492537313432836, \"use_primary\": true}\n"}
,{"stream_name":"stdout","time":2214.457526596,"data":"SECONDARY_EDGE_TTA_ACTIVE views= 8 weight= 0.75 mean_abs_feat_delta= 0.345283\n"}
,{"stream_name":"stdout","time":2214.457586373,"data":"BIOHUB_RETENTION_GUARD {\"blended_candidates\": 261, \"dataset\": \"44b6_2a2eff9f\", \"frame\": 49, \"minimum_retention\": 0.9, \"primary_candidates\": 402, \"retention\": 0.6492537313432836, \"use_primary\": true}\n"}
,{"stream_name":"stdout","time":2215.12282256,"data":"EDGE_TTA_ACTIVE views= 8 mean_abs_feat_delta= 0.350164\n"}
,{"stream_name":"stdout","time":2215.325211376,"data":"EDGE_TTA_ACTIVE views= 8 mean_abs_feat_delta= 0.350164\n"}
,{"stream_name":"stdout","time":2215.387020129,"data":"EDGE_TTA_ACTIVE views= 8 mean_abs_feat_delta= 0.384468\n"}
,{"stream_name":"stdout","time":2215.589167467,"data":"EDGE_TTA_ACTIVE views= 8 mean_abs_feat_delta= 0.384468\n"}
,{"stream_name":"stdout","time":2216.147072168,"data":"SECONDARY_EDGE_TTA_ACTIVE views= 8 weight= 0.75 mean_abs_feat_delta= 0.272091\n"}
,{"stream_name":"stdout","time":2216.349655265,"data":"SECONDARY_EDGE_TTA_ACTIVE views= 8 weight= 0.75 mean_abs_feat_delta= 0.272091\n"}
,{"stream_name":"stdout","time":2216.365406669,"data":"SECONDARY_EDGE_TTA_ACTIVE views= 8 weight= 0.75 mean_abs_feat_delta= 0.349787\n"}
,{"stream_name":"stdout","time":2216.369673788,"data":"BIOHUB_RETENTION_GUARD {\"blended_candidates\": 264, \"dataset\": \"44b6_2a2eff9f\", \"frame\": 50, \"minimum_retention\": 0.9, \"primary_candidates\": 392, \"retention\": 0.673469387755102, \"use_primary\": true}\n"}
,{"stream_name":"stdout","time":2216.567753405,"data":"SECONDARY_EDGE_TTA_ACTIVE views= 8 weight= 0.75 mean_abs_feat_delta= 0.349787\n"}
,{"stream_name":"stdout","time":2216.567784489,"data":"BIOHUB_RETENTION_GUARD {\"blended_candidates\": 264, \"dataset\": \"44b6_2a2eff9f\", \"frame\": 50, \"minimum_retention\": 0.9, \"primary_candidates\": 392, \"retention\": 0.673469387755102, \"use_primary\": true}\n"}
,{"stream_name":"stdout","time":2217.241667352,"data":"EDGE_TTA_ACTIVE views= 8 mean_abs_feat_delta= 0.353071\n"}
,{"stream_name":"stdout","time":2217.444490875,"data":"EDGE_TTA_ACTIVE views= 8 mean_abs_feat_delta= 0.353071\n"}
,{"stream_name":"stdout","time":2217.47854118,"data":"EDGE_TTA_ACTIVE views= 8 mean_abs_feat_delta= 0.380732\n"}
,{"stream_name":"stdout","time":2217.680621269,"data":"EDGE_TTA_ACTIVE views= 8 mean_abs_feat_delta= 0.380732\n"}
,{"stream_name":"stdout","time":2218.267305483,"data":"SECONDARY_EDGE_TTA_ACTIVE views= 8 weight= 0.75 mean_abs_feat_delta= 0.270473\n"}
,{"stream_name":"stdout","time":2218.460809553,"data":"SECONDARY_EDGE_TTA_ACTIVE views= 8 weight= 0.75 mean_abs_feat_delta= 0.353433\n"}
,{"stream_name":"stdout","time":2218.464961397,"data":"BIOHUB_RETENTION_GUARD {\"blended_candidates\": 292, \"dataset\": \"44b6_2a2eff9f\", \"frame\": 51, \"minimum_retention\": 0.9, \"primary_candidates\": 391, \"retention\": 0.7468030690537084, \"use_primary\": true}\n"}
,{"stream_name":"stdout","time":2218.470124036,"data":"SECONDARY_EDGE_TTA_ACTIVE views= 8 weight= 0.75 mean_abs_feat_delta= 0.270473\n"}
,{"stream_name":"stdout","time":2218.470142298,"data":"SECONDARY_EDGE_TTA_ACTIVE views= 8 weight= 0.75 mean_abs_feat_delta= 0.353433\n"}
,{"stream_name":"stdout","time":2218.47014687,"data":"BIOHUB_RETENTION_GUARD {\"blended_candidates\": 292, \"dataset\": \"44b6_2a2eff9f\", \"frame\": 51, \"minimum_retention\": 0.9, \"primary_candidates\": 391, \"retention\": 0.7468030690537084, \"use_primary\": true}\n"}
,{"stream_name":"stdout","time":2219.388986992,"data":"EDGE_TTA_ACTIVE views= 8 mean_abs_feat_delta= 0.354403\n"}
,{"stream_name":"stdout","time":2219.591441423,"data":"EDGE_TTA_ACTIVE views= 8 mean_abs_feat_delta= 0.354403\n"}
,{"stream_name":"stdout","time":2219.605182778,"data":"EDGE_TTA_ACTIVE views= 8 mean_abs_feat_delta= 0.377644\n"}
,{"stream_name":"stdout","time":2219.8072914,"data":"EDGE_TTA_ACTIVE views= 8 mean_abs_feat_delta= 0.377644\n"}
,{"stream_name":"stdout","time":2220.415594132,"data":"SECONDARY_EDGE_TTA_ACTIVE views= 8 weight= 0.75 mean_abs_feat_delta= 0.270897\n"}
,{"stream_name":"stdout","time":2220.578713095,"data":"SECONDARY_EDGE_TTA_ACTIVE views= 8 weight= 0.75 mean_abs_feat_delta= 0.347562\n"}
,{"stream_name":"stdout","time":2220.582852833,"data":"BIOHUB_RETENTION_GUARD {\"blended_candidates\": 274, \"dataset\": \"44b6_2a2eff9f\", \"frame\": 52, \"minimum_retention\": 0.9, \"primary_candidates\": 397, \"retention\": 0.690176322418136, \"use_primary\": true}\n"}
,{"stream_name":"stdout","time":2220.618372479,"data":"SECONDARY_EDGE_TTA_ACTIVE views= 8 weight= 0.75 mean_abs_feat_delta= 0.270897\n"}
,{"stream_name":"stdout","time":2220.61839417,"data":"SECONDARY_EDGE_TTA_ACTIVE views= 8 weight= 0.75 mean_abs_feat_delta= 0.347562\n"}
,{"stream_name":"stdout","time":2220.618399695,"data":"BIOHUB_RETENTION_GUARD {\"blended_candidates\": 274, \"dataset\": \"44b6_2a2eff9f\", \"frame\": 52, \"minimum_retention\": 0.9, \"primary_candidates\": 397, \"retention\": 0.690176322418136, \"use_primary\": true}\n"}
,{"stream_name":"stdout","time":2221.507195046,"data":"EDGE_TTA_ACTIVE views= 8 mean_abs_feat_delta= 0.359695\n"}
,{"stream_name":"stdout","time":2221.709738093,"data":"EDGE_TTA_ACTIVE views= 8 mean_abs_feat_delta= 0.359695\n"}
,{"stream_name":"stdout","time":2221.751641674,"data":"EDGE_TTA_ACTIVE views= 8 mean_abs_feat_delta= 0.380946\n"}
,{"stream_name":"stdout","time":2221.954029328,"data":"EDGE_TTA_ACTIVE views= 8 mean_abs_feat_delta= 0.380946\n"}
,{"stream_name":"stdout","time":2222.528687419,"data":"SECONDARY_EDGE_TTA_ACTIVE views= 8 weight= 0.75 mean_abs_feat_delta= 0.272342\n"}
,{"stream_name":"stdout","time":2222.72553092,"data":"SECONDARY_EDGE_TTA_ACTIVE views= 8 weight= 0.75 mean_abs_feat_delta= 0.350388\n"}
,{"stream_name":"stdout","time":2222.730451671,"data":"BIOHUB_RETENTION_GUARD {\"blended_candidates\": 283, \"dataset\": \"44b6_2a2eff9f\", \"frame\": 53, \"minimum_retention\": 0.9, \"primary_candidates\": 402, \"retention\": 0.7039800995024875, \"use_primary\": true}\n"}
,{"stream_name":"stdout","time":2222.730906854,"data":"SECONDARY_EDGE_TTA_ACTIVE views= 8 weight= 0.75 mean_abs_feat_delta= 0.272342\n"}
,{"stream_name":"stdout","time":2222.730916451,"data":"SECONDARY_EDGE_TTA_ACTIVE views= 8 weight= 0.75 mean_abs_feat_delta= 0.350388\n"}
,{"stream_name":"stdout","time":2222.932638695,"data":"BIOHUB_RETENTION_GUARD {\"blended_candidates\": 283, \"dataset\": \"44b6_2a2eff9f\", \"frame\": 53, \"minimum_retention\": 0.9, \"primary_candidates\": 402, \"retention\": 0.7039800995024875, \"use_primary\": true}\n"}
,{"stream_name":"stdout","time":2223.646115014,"data":"EDGE_TTA_ACTIVE views= 8 mean_abs_feat_delta= 0.357668\n"}
,{"stream_name":"stdout","time":2223.848307853,"data":"EDGE_TTA_ACTIVE views= 8 mean_abs_feat_delta= 0.357668\n"}
,{"stream_name":"stdout","time":2223.866618718,"data":"EDGE_TTA_ACTIVE views= 8 mean_abs_feat_delta= 0.379149\n"}
,{"stream_name":"stdout","time":2224.068910332,"data":"EDGE_TTA_ACTIVE views= 8 mean_abs_feat_delta= 0.379149\n"}
,{"stream_name":"stdout","time":2224.664204482,"data":"SECONDARY_EDGE_TTA_ACTIVE views= 8 weight= 0.75 mean_abs_feat_delta= 0.269746\n"}
,{"stream_name":"stdout","time":2224.852086058,"data":"SECONDARY_EDGE_TTA_ACTIVE views= 8 weight= 0.75 mean_abs_feat_delta= 0.352473\n"}
,{"stream_name":"stdout","time":2224.856286102,"data":"BIOHUB_RETENTION_GUARD {\"blended_candidates\": 256, \"dataset\": \"44b6_2a2eff9f\", \"frame\": 54, \"minimum_retention\": 0.9, \"primary_candidates\": 393, \"retention\": 0.6513994910941476, \"use_primary\": true}\n"}
,{"stream_name":"stdout","time":2224.866903121,"data":"SECONDARY_EDGE_TTA_ACTIVE views= 8 weight= 0.75 mean_abs_feat_delta= 0.269746\n"}
,{"stream_name":"stdout","time":2224.866922214,"data":"SECONDARY_EDGE_TTA_ACTIVE views= 8 weight= 0.75 mean_abs_feat_delta= 0.352473\n"}
,{"stream_name":"stdout","time":2224.866927356,"data":"BIOHUB_RETENTION_GUARD {\"blended_candidates\": 256, \"dataset\": \"44b6_2a2eff9f\", \"frame\": 54, \"minimum_retention\": 0.9, \"primary_candidates\": 393, \"retention\": 0.6513994910941476, \"use_primary\": true}\n"}
,{"stream_name":"stdout","time":2225.78751759,"data":"EDGE_TTA_ACTIVE views= 8 mean_abs_feat_delta= 0.351899\n"}
,{"stream_name":"stdout","time":2225.965509222,"data":"EDGE_TTA_ACTIVE views= 8 mean_abs_feat_delta= 0.377143\n"}
,{"stream_name":"stdout","time":2225.990184826,"data":"EDGE_TTA_ACTIVE views= 8 mean_abs_feat_delta= 0.351899\n"}
,{"stream_name":"stdout","time":2225.990205458,"data":"EDGE_TTA_ACTIVE views= 8 mean_abs_feat_delta= 0.377143\n"}
,{"stream_name":"stdout","time":2226.806814012,"data":"SECONDARY_EDGE_TTA_ACTIVE views= 8 weight= 0.75 mean_abs_feat_delta= 0.267835\n"}
,{"stream_name":"stdout","time":2226.939656283,"data":"SECONDARY_EDGE_TTA_ACTIVE views= 8 weight= 0.75 mean_abs_feat_delta= 0.348621\n"}
,{"stream_name":"stdout","time":2226.943826301,"data":"BIOHUB_RETENTION_GUARD {\"blended_candidates\": 262, \"dataset\": \"44b6_2a2eff9f\", \"frame\": 55, \"minimum_retention\": 0.9, \"primary_candidates\": 400, \"retention\": 0.655, \"use_primary\": true}\n"}
,{"stream_name":"stdout","time":2227.009238512,"data":"SECONDARY_EDGE_TTA_ACTIVE views= 8 weight= 0.75 mean_abs_feat_delta= 0.267835\n"}
,{"stream_name":"stdout","time":2227.009254736,"data":"SECONDARY_EDGE_TTA_ACTIVE views= 8 weight= 0.75 mean_abs_feat_delta= 0.348621\n"}
,{"stream_name":"stdout","time":2227.009259176,"data":"BIOHUB_RETENTION_GUARD {\"blended_candidates\": 262, \"dataset\": \"44b6_2a2eff9f\", \"frame\": 55, \"minimum_retention\": 0.9, \"primary_candidates\": 400, \"retention\": 0.655, \"use_primary\": true}\n"}
,{"stream_name":"stdout","time":2227.892879264,"data":"EDGE_TTA_ACTIVE views= 8 mean_abs_feat_delta= 0.35108\n"}
,{"stream_name":"stdout","time":2228.050842293,"data":"EDGE_TTA_ACTIVE views= 8 mean_abs_feat_delta= 0.37491\n"}
,{"stream_name":"stdout","time":2228.09558127,"data":"EDGE_TTA_ACTIVE views= 8 mean_abs_feat_delta= 0.35108\n"}
,{"stream_name":"stdout","time":2228.095603107,"data":"EDGE_TTA_ACTIVE views= 8 mean_abs_feat_delta= 0.37491\n"}
,{"stream_name":"stdout","time":2228.912274112,"data":"SECONDARY_EDGE_TTA_ACTIVE views= 8 weight= 0.75 mean_abs_feat_delta= 0.268988\n"}
,{"stream_name":"stdout","time":2229.026037887,"data":"SECONDARY_EDGE_TTA_ACTIVE views= 8 weight= 0.75 mean_abs_feat_delta= 0.346741\n"}
,{"stream_name":"stdout","time":2229.030165548,"data":"BIOHUB_RETENTION_GUARD {\"blended_candidates\": 267, \"dataset\": \"44b6_2a2eff9f\", \"frame\": 56, \"minimum_retention\": 0.9, \"primary_candidates\": 407, \"retention\": 0.6560196560196561, \"use_primary\": true}\n"}
,{"stream_name":"stdout","time":2229.114635728,"data":"SECONDARY_EDGE_TTA_ACTIVE views= 8 weight= 0.75 mean_abs_feat_delta= 0.268988\n"}
,{"stream_name":"stdout","time":2229.114676132,"data":"SECONDARY_EDGE_TTA_ACTIVE views= 8 weight= 0.75 mean_abs_feat_delta= 0.346741\n"}
,{"stream_name":"stdout","time":2229.114681252,"data":"BIOHUB_RETENTION_GUARD {\"blended_candidates\": 267, \"dataset\": \"44b6_2a2eff9f\", \"frame\": 56, \"minimum_retention\": 0.9, \"primary_candidates\": 407, \"retention\": 0.6560196560196561, \"use_primary\": true}\n"}
,{"stream_name":"stdout","time":2230.000731919,"data":"EDGE_TTA_ACTIVE views= 8 mean_abs_feat_delta= 0.359784\n"}
,{"stream_name":"stdout","time":2230.152484396,"data":"EDGE_TTA_ACTIVE views= 8 mean_abs_feat_delta= 0.375794\n"}
,{"stream_name":"stdout","time":2230.203127159,"data":"EDGE_TTA_ACTIVE views= 8 mean_abs_feat_delta= 0.359784\n"}
,{"stream_name":"stdout","time":2230.203152525,"data":"EDGE_TTA_ACTIVE views= 8 mean_abs_feat_delta= 0.375794\n"}
,{"stream_name":"stdout","time":2231.020830124,"data":"SECONDARY_EDGE_TTA_ACTIVE views= 8 weight= 0.75 mean_abs_feat_delta= 0.270123\n"}
,{"stream_name":"stdout","time":2231.132914113,"data":"SECONDARY_EDGE_TTA_ACTIVE views= 8 weight= 0.75 mean_abs_feat_delta= 0.344916\n"}
,{"stream_name":"stdout","time":2231.137251917,"data":"BIOHUB_RETENTION_GUARD {\"blended_candidates\": 269, \"dataset\": \"44b6_2a2eff9f\", \"frame\": 57, \"minimum_retention\": 0.9, \"primary_candidates\": 436, \"retention\": 0.6169724770642202, \"use_primary\": true}\n"}
,{"stream_name":"stdout","time":2231.223604437,"data":"SECONDARY_EDGE_TTA_ACTIVE views= 8 weight= 0.75 mean_abs_feat_delta= 0.270123\n"}
,{"stream_name":"stdout","time":2231.223628307,"data":"SECONDARY_EDGE_TTA_ACTIVE views= 8 weight= 0.75 mean_abs_feat_delta= 0.344916\n"}
,{"stream_name":"stdout","time":2231.223634205,"data":"BIOHUB_RETENTION_GUARD {\"blended_candidates\": 269, \"dataset\": \"44b6_2a2eff9f\", \"frame\": 57, \"minimum_retention\": 0.9, \"primary_candidates\": 436, \"retention\": 0.6169724770642202, \"use_primary\": true}\n"}
,{"stream_name":"stdout","time":2232.136350837,"data":"EDGE_TTA_ACTIVE views= 8 mean_abs_feat_delta= 0.357631\n"}
,{"stream_name":"stdout","time":2232.260131815,"data":"EDGE_TTA_ACTIVE views= 8 mean_abs_feat_delta= 0.381184\n"}
,{"stream_name":"stdout","time":2232.338932288,"data":"EDGE_TTA_ACTIVE views= 8 mean_abs_feat_delta= 0.357631\n"}
,{"stream_name":"stdout","time":2232.338953668,"data":"EDGE_TTA_ACTIVE views= 8 mean_abs_feat_delta= 0.381184\n"}
,{"stream_name":"stdout","time":2233.155005161,"data":"SECONDARY_EDGE_TTA_ACTIVE views= 8 weight= 0.75 mean_abs_feat_delta= 0.271875\n"}
,{"stream_name":"stdout","time":2233.237187825,"data":"SECONDARY_EDGE_TTA_ACTIVE views= 8 weight= 0.75 mean_abs_feat_delta= 0.346157\n"}
,{"stream_name":"stdout","time":2233.241394087,"data":"BIOHUB_RETENTION_GUARD {\"blended_candidates\": 274, \"dataset\": \"44b6_2a2eff9f\", \"frame\": 58, \"minimum_retention\": 0.9, \"primary_candidates\": 415, \"retention\": 0.6602409638554216, \"use_primary\": true}\n"}
,{"stream_name":"stdout","time":2233.357755199,"data":"SECONDARY_EDGE_TTA_ACTIVE views= 8 weight= 0.75 mean_abs_feat_delta= 0.271875\n"}
,{"stream_name":"stdout","time":2233.35778567,"data":"SECONDARY_EDGE_TTA_ACTIVE views= 8 weight= 0.75 mean_abs_feat_delta= 0.346157\n"}
,{"stream_name":"stdout","time":2233.357807648,"data":"BIOHUB_RETENTION_GUARD {\"blended_candidates\": 274, \"dataset\": \"44b6_2a2eff9f\", \"frame\": 58, \"minimum_retention\": 0.9, \"primary_candidates\": 415, \"retention\": 0.6602409638554216, \"use_primary\": true}\n"}
,{"stream_name":"stdout","time":2234.262835363,"data":"EDGE_TTA_ACTIVE views= 8 mean_abs_feat_delta= 0.353779\n"}
,{"stream_name":"stdout","time":2234.369537484,"data":"EDGE_TTA_ACTIVE views= 8 mean_abs_feat_delta= 0.385486\n"}
,{"stream_name":"stdout","time":2234.465432664,"data":"EDGE_TTA_ACTIVE views= 8 mean_abs_feat_delta= 0.353779\n"}
,{"stream_name":"stdout","time":2234.465455019,"data":"EDGE_TTA_ACTIVE views= 8 mean_abs_feat_delta= 0.385486\n"}
,{"stream_name":"stdout","time":2235.280389682,"data":"SECONDARY_EDGE_TTA_ACTIVE views= 8 weight= 0.75 mean_abs_feat_delta= 0.271758\n"}
,{"stream_name":"stdout","time":2235.344026453,"data":"SECONDARY_EDGE_TTA_ACTIVE views= 8 weight= 0.75 mean_abs_feat_delta= 0.348021\n"}
,{"stream_name":"stdout","time":2235.34864127,"data":"BIOHUB_RETENTION_GUARD {\"blended_candidates\": 330, \"dataset\": \"44b6_2a2eff9f\", \"frame\": 59, \"minimum_retention\": 0.9, \"primary_candidates\": 460, \"retention\": 0.717391304347826, \"use_primary\": true}\n"}
,{"stream_name":"stdout","time":2235.482784015,"data":"SECONDARY_EDGE_TTA_ACTIVE views= 8 weight= 0.75 mean_abs_feat_delta= 0.271758\n"}
,{"stream_name":"stdout","time":2235.482813786,"data":"SECONDARY_EDGE_TTA_ACTIVE views= 8 weight= 0.75 mean_abs_feat_delta= 0.348021\n"}
,{"stream_name":"stdout","time":2235.482826975,"data":"BIOHUB_RETENTION_GUARD {\"blended_candidates\": 330, \"dataset\": \"44b6_2a2eff9f\", \"frame\": 59, \"minimum_retention\": 0.9, \"primary_candidates\": 460, \"retention\": 0.717391304347826, \"use_primary\": true}\n"}
,{"stream_name":"stdout","time":2236.365671896,"data":"EDGE_TTA_ACTIVE views= 8 mean_abs_feat_delta= 0.353966\n"}
,{"stream_name":"stdout","time":2236.498908431,"data":"EDGE_TTA_ACTIVE views= 8 mean_abs_feat_delta= 0.388019\n"}
,{"stream_name":"stdout","time":2236.568198354,"data":"EDGE_TTA_ACTIVE views= 8 mean_abs_feat_delta= 0.353966\n"}
,{"stream_name":"stdout","time":2236.568220035,"data":"EDGE_TTA_ACTIVE views= 8 mean_abs_feat_delta= 0.388019\n"}
,{"stream_name":"stdout","time":2237.379337768,"data":"SECONDARY_EDGE_TTA_ACTIVE views= 8 weight= 0.75 mean_abs_feat_delta= 0.26716\n"}
,{"stream_name":"stdout","time":2237.471667082,"data":"SECONDARY_EDGE_TTA_ACTIVE views= 8 weight= 0.75 mean_abs_feat_delta= 0.349043\n"}
,{"stream_name":"stdout","time":2237.475979446,"data":"BIOHUB_RETENTION_GUARD {\"blended_candidates\": 280, \"dataset\": \"44b6_2a2eff9f\", \"frame\": 60, \"minimum_retention\": 0.9, \"primary_candidates\": 411, \"retention\": 0.681265206812652, \"use_primary\": true}\n"}
,{"stream_name":"stdout","time":2237.581717411,"data":"SECONDARY_EDGE_TTA_ACTIVE views= 8 weight= 0.75 mean_abs_feat_delta= 0.26716\n"}
,{"stream_name":"stdout","time":2237.581745962,"data":"SECONDARY_EDGE_TTA_ACTIVE views= 8 weight= 0.75 mean_abs_feat_delta= 0.349043\n"}
,{"stream_name":"stdout","time":2237.581751109,"data":"BIOHUB_RETENTION_GUARD {\"blended_candidates\": 280, \"dataset\": \"44b6_2a2eff9f\", \"frame\": 60, \"minimum_retention\": 0.9, \"primary_candidates\": 411, \"retention\": 0.681265206812652, \"use_primary\": true}\n"}
,{"stream_name":"stdout","time":2238.496911864,"data":"EDGE_TTA_ACTIVE views= 8 mean_abs_feat_delta= 0.357781\n"}
,{"stream_name":"stdout","time":2238.605350912,"data":"EDGE_TTA_ACTIVE views= 8 mean_abs_feat_delta= 0.386533\n"}
,{"stream_name":"stdout","time":2238.791355616,"data":"EDGE_TTA_ACTIVE views= 8 mean_abs_feat_delta= 0.357781\n"}
,{"stream_name":"stdout","time":2238.791374098,"data":"EDGE_TTA_ACTIVE views= 8 mean_abs_feat_delta= 0.386533\n"}
,{"stream_name":"stdout","time":2239.509666137,"data":"SECONDARY_EDGE_TTA_ACTIVE views= 8 weight= 0.75 mean_abs_feat_delta= 0.262535\n"}
,{"stream_name":"stdout","time":2239.578557702,"data":"SECONDARY_EDGE_TTA_ACTIVE views= 8 weight= 0.75 mean_abs_feat_delta= 0.344398\n"}
,{"stream_name":"stdout","time":2239.582645867,"data":"BIOHUB_RETENTION_GUARD {\"blended_candidates\": 317, \"dataset\": \"44b6_2a2eff9f\", \"frame\": 61, \"minimum_retention\": 0.9, \"primary_candidates\": 446, \"retention\": 0.7107623318385651, \"use_primary\": true}\n"}
,{"stream_name":"stdout","time":2239.712268495,"data":"SECONDARY_EDGE_TTA_ACTIVE views= 8 weight= 0.75 mean_abs_feat_delta= 0.262535\n"}
,{"stream_name":"stdout","time":2239.71229931,"data":"SECONDARY_EDGE_TTA_ACTIVE views= 8 weight= 0.75 mean_abs_feat_delta= 0.344398\n"}
,{"stream_name":"stdout","time":2239.712304866,"data":"BIOHUB_RETENTION_GUARD {\"blended_candidates\": 317, \"dataset\": \"44b6_2a2eff9f\", \"frame\": 61, \"minimum_retention\": 0.9, \"primary_candidates\": 446, \"retention\": 0.7107623318385651, \"use_primary\": true}\n"}
,{"stream_name":"stdout","time":2240.623297,"data":"EDGE_TTA_ACTIVE views= 8 mean_abs_feat_delta= 0.3585\n"}
,{"stream_name":"stdout","time":2240.730749698,"data":"EDGE_TTA_ACTIVE views= 8 mean_abs_feat_delta= 0.384156\n"}
,{"stream_name":"stdout","time":2240.825575141,"data":"EDGE_TTA_ACTIVE views= 8 mean_abs_feat_delta= 0.3585\n"}
,{"stream_name":"stdout","time":2240.825597829,"data":"EDGE_TTA_ACTIVE views= 8 mean_abs_feat_delta= 0.384156\n"}
,{"stream_name":"stdout","time":2241.637183361,"data":"SECONDARY_EDGE_TTA_ACTIVE views= 8 weight= 0.75 mean_abs_feat_delta= 0.265721\n"}
,{"stream_name":"stdout","time":2241.704174972,"data":"SECONDARY_EDGE_TTA_ACTIVE views= 8 weight= 0.75 mean_abs_feat_delta= 0.345748\n"}
,{"stream_name":"stdout","time":2241.708736658,"data":"BIOHUB_RETENTION_GUARD {\"blended_candidates\": 414, \"dataset\": \"44b6_2a2eff9f\", \"frame\": 62, \"minimum_retention\": 0.9, \"primary_candidates\": 482, \"retention\": 0.8589211618257261, \"use_primary\": true}\n"}
,{"stream_name":"stdout","time":2241.839654532,"data":"SECONDARY_EDGE_TTA_ACTIVE views= 8 weight= 0.75 mean_abs_feat_delta= 0.265721\n"}
,{"stream_name":"stdout","time":2241.839685496,"data":"SECONDARY_EDGE_TTA_ACTIVE views= 8 weight= 0.75 mean_abs_feat_delta= 0.345748\n"}
,{"stream_name":"stdout","time":2241.839705879,"data":"BIOHUB_RETENTION_GUARD {\"blended_candidates\": 414, \"dataset\": \"44b6_2a2eff9f\", \"frame\": 62, \"minimum_retention\": 0.9, \"primary_candidates\": 482, \"retention\": 0.8589211618257261, \"use_primary\": true}\n"}
,{"stream_name":"stdout","time":2242.721354461,"data":"EDGE_TTA_ACTIVE views= 8 mean_abs_feat_delta= 0.350898\n"}
,{"stream_name":"stdout","time":2242.836226802,"data":"EDGE_TTA_ACTIVE views= 8 mean_abs_feat_delta= 0.384155\n"}
,{"stream_name":"stdout","time":2242.923580089,"data":"EDGE_TTA_ACTIVE views= 8 mean_abs_feat_delta= 0.350898\n"}
,{"stream_name":"stdout","time":2242.923598957,"data":"EDGE_TTA_ACTIVE views= 8 mean_abs_feat_delta= 0.384155\n"}
,{"stream_name":"stdout","time":2243.734812662,"data":"SECONDARY_EDGE_TTA_ACTIVE views= 8 weight= 0.75 mean_abs_feat_delta= 0.264991\n"}
,{"stream_name":"stdout","time":2243.809843463,"data":"SECONDARY_EDGE_TTA_ACTIVE views= 8 weight= 0.75 mean_abs_feat_delta= 0.353973\n"}
,{"stream_name":"stdout","time":2243.814348454,"data":"BIOHUB_RETENTION_GUARD {\"blended_candidates\": 331, \"dataset\": \"44b6_2a2eff9f\", \"frame\": 63, \"minimum_retention\": 0.9, \"primary_candidates\": 455, \"retention\": 0.7274725274725274, \"use_primary\": true}\n"}
,{"stream_name":"stdout","time":2243.936822535,"data":"SECONDARY_EDGE_TTA_ACTIVE views= 8 weight= 0.75 mean_abs_feat_delta= 0.264991\n"}
,{"stream_name":"stdout","time":2243.936853897,"data":"SECONDARY_EDGE_TTA_ACTIVE views= 8 weight= 0.75 mean_abs_feat_delta= 0.353973\n"}
,{"stream_name":"stdout","time":2243.936859694,"data":"BIOHUB_RETENTION_GUARD {\"blended_candidates\": 331, \"dataset\": \"44b6_2a2eff9f\", \"frame\": 63, \"minimum_retention\": 0.9, \"primary_candidates\": 455, \"retention\": 0.7274725274725274, \"use_primary\": true}\n"}
,{"stream_name":"stdout","time":2244.826604347,"data":"EDGE_TTA_ACTIVE views= 8 mean_abs_feat_delta= 0.347571\n"}
,{"stream_name":"stdout","time":2244.947053306,"data":"EDGE_TTA_ACTIVE views= 8 mean_abs_feat_delta= 0.381824\n"}
,{"stream_name":"stdout","time":2245.029266815,"data":"EDGE_TTA_ACTIVE views= 8 mean_abs_feat_delta= 0.347571\n"}
,{"stream_name":"stdout","time":2245.029286216,"data":"EDGE_TTA_ACTIVE views= 8 mean_abs_feat_delta= 0.381824\n"}
,{"stream_name":"stdout","time":2245.844569589,"data":"SECONDARY_EDGE_TTA_ACTIVE views= 8 weight= 0.75 mean_abs_feat_delta= 0.265697\n"}
,{"stream_name":"stdout","time":2245.918179071,"data":"SECONDARY_EDGE_TTA_ACTIVE views= 8 weight= 0.75 mean_abs_feat_delta= 0.348265\n"}
,{"stream_name":"stdout","time":2245.922481498,"data":"BIOHUB_RETENTION_GUARD {\"blended_candidates\": 345, \"dataset\": \"44b6_2a2eff9f\", \"frame\": 64, \"minimum_retention\": 0.9, \"primary_candidates\": 457, \"retention\": 0.7549234135667396, \"use_primary\": true}\n"}
,{"stream_name":"stdout","time":2246.047131466,"data":"SECONDARY_EDGE_TTA_ACTIVE views= 8 weight= 0.75 mean_abs_feat_delta= 0.265697\n"}
,{"stream_name":"stdout","time":2246.047167161,"data":"SECONDARY_EDGE_TTA_ACTIVE views= 8 weight= 0.75 mean_abs_feat_delta= 0.348265\n"}
,{"stream_name":"stdout","time":2246.047171249,"data":"BIOHUB_RETENTION_GUARD {\"blended_candidates\": 345, \"dataset\": \"44b6_2a2eff9f\", \"frame\": 64, \"minimum_retention\": 0.9, \"primary_candidates\": 457, \"retention\": 0.7549234135667396, \"use_primary\": true}\n"}
,{"stream_name":"stdout","time":2246.926387667,"data":"EDGE_TTA_ACTIVE views= 8 mean_abs_feat_delta= 0.345748\n"}
,{"stream_name":"stdout","time":2247.070118327,"data":"EDGE_TTA_ACTIVE views= 8 mean_abs_feat_delta= 0.382126\n"}
,{"stream_name":"stdout","time":2247.129000542,"data":"EDGE_TTA_ACTIVE views= 8 mean_abs_feat_delta= 0.345748\n"}
,{"stream_name":"stdout","time":2247.129022575,"data":"EDGE_TTA_ACTIVE views= 8 mean_abs_feat_delta= 0.382126\n"}
,{"stream_name":"stdout","time":2247.940003097,"data":"SECONDARY_EDGE_TTA_ACTIVE views= 8 weight= 0.75 mean_abs_feat_delta= 0.263285\n"}
,{"stream_name":"stdout","time":2248.042538041,"data":"SECONDARY_EDGE_TTA_ACTIVE views= 8 weight= 0.75 mean_abs_feat_delta= 0.342209\n"}
,{"stream_name":"stdout","time":2248.046823137,"data":"BIOHUB_RETENTION_GUARD {\"blended_candidates\": 374, \"dataset\": \"44b6_2a2eff9f\", \"frame\": 65, \"minimum_retention\": 0.9, \"primary_candidates\": 481, \"retention\": 0.7775467775467776, \"use_primary\": true}\n"}
,{"stream_name":"stdout","time":2248.14254424,"data":"SECONDARY_EDGE_TTA_ACTIVE views= 8 weight= 0.75 mean_abs_feat_delta= 0.263285\n"}
,{"stream_name":"stdout","time":2248.142567256,"data":"SECONDARY_EDGE_TTA_ACTIVE views= 8 weight= 0.75 mean_abs_feat_delta= 0.342209\n"}
,{"stream_name":"stdout","time":2248.142571893,"data":"BIOHUB_RETENTION_GUARD {\"blended_candidates\": 374, \"dataset\": \"44b6_2a2eff9f\", \"frame\": 65, \"minimum_retention\": 0.9, \"primary_candidates\": 481, \"retention\": 0.7775467775467776, \"use_primary\": true}\n"}
,{"stream_name":"stdout","time":2249.040791218,"data":"EDGE_TTA_ACTIVE views= 8 mean_abs_feat_delta= 0.343915\n"}
,{"stream_name":"stdout","time":2249.176957009,"data":"EDGE_TTA_ACTIVE views= 8 mean_abs_feat_delta= 0.38103\n"}
,{"stream_name":"stdout","time":2249.243460425,"data":"EDGE_TTA_ACTIVE views= 8 mean_abs_feat_delta= 0.343915\n"}
,{"stream_name":"stdout","time":2249.243489693,"data":"EDGE_TTA_ACTIVE views= 8 mean_abs_feat_delta= 0.38103\n"}
,{"stream_name":"stdout","time":2250.056186699,"data":"SECONDARY_EDGE_TTA_ACTIVE views= 8 weight= 0.75 mean_abs_feat_delta= 0.26296\n"}
,{"stream_name":"stdout","time":2250.148772308,"data":"SECONDARY_EDGE_TTA_ACTIVE views= 8 weight= 0.75 mean_abs_feat_delta= 0.338723\n"}
,{"stream_name":"stdout","time":2250.152786146,"data":"BIOHUB_RETENTION_GUARD {\"blended_candidates\": 331, \"dataset\": \"44b6_2a2eff9f\", \"frame\": 66, \"minimum_retention\": 0.9, \"primary_candidates\": 449, \"retention\": 0.7371937639198218, \"use_primary\": true}\n"}
,{"stream_name":"stdout","time":2250.258848619,"data":"SECONDARY_EDGE_TTA_ACTIVE views= 8 weight= 0.75 mean_abs_feat_delta= 0.26296\n"}
,{"stream_name":"stdout","time":2250.258874995,"data":"SECONDARY_EDGE_TTA_ACTIVE views= 8 weight= 0.75 mean_abs_feat_delta= 0.338723\n"}
,{"stream_name":"stdout","time":2250.258879761,"data":"BIOHUB_RETENTION_GUARD {\"blended_candidates\": 331, \"dataset\": \"44b6_2a2eff9f\", \"frame\": 66, \"minimum_retention\": 0.9, \"primary_candidates\": 449, \"retention\": 0.7371937639198218, \"use_primary\": true}\n"}
,{"stream_name":"stdout","time":2251.166308923,"data":"EDGE_TTA_ACTIVE views= 8 mean_abs_feat_delta= 0.346501\n"}
,{"stream_name":"stdout","time":2251.303895505,"data":"EDGE_TTA_ACTIVE views= 8 mean_abs_feat_delta= 0.382246\n"}
,{"stream_name":"stdout","time":2251.368957913,"data":"EDGE_TTA_ACTIVE views= 8 mean_abs_feat_delta= 0.346501\n"}
,{"stream_name":"stdout","time":2251.36897942,"data":"EDGE_TTA_ACTIVE views= 8 mean_abs_feat_delta= 0.382246\n"}
,{"stream_name":"stdout","time":2252.178367674,"data":"SECONDARY_EDGE_TTA_ACTIVE views= 8 weight= 0.75 mean_abs_feat_delta= 0.263901\n"}
,{"stream_name":"stdout","time":2252.275924693,"data":"SECONDARY_EDGE_TTA_ACTIVE views= 8 weight= 0.75 mean_abs_feat_delta= 0.338539\n"}
,{"stream_name":"stdout","time":2252.280577423,"data":"BIOHUB_RETENTION_GUARD {\"blended_candidates\": 347, \"dataset\": \"44b6_2a2eff9f\", \"frame\": 67, \"minimum_retention\": 0.9, \"primary_candidates\": 457, \"retention\": 0.7592997811816192, \"use_primary\": true}\n"}
,{"stream_name":"stdout","time":2252.381012815,"data":"SECONDARY_EDGE_TTA_ACTIVE views= 8 weight= 0.75 mean_abs_feat_delta= 0.263901\n"}
,{"stream_name":"stdout","time":2252.381039115,"data":"SECONDARY_EDGE_TTA_ACTIVE views= 8 weight= 0.75 mean_abs_feat_delta= 0.338539\n"}
,{"stream_name":"stdout","time":2252.381056468,"data":"BIOHUB_RETENTION_GUARD {\"blended_candidates\": 347, \"dataset\": \"44b6_2a2eff9f\", \"frame\": 67, \"minimum_retention\": 0.9, \"primary_candidates\": 457, \"retention\": 0.7592997811816192, \"use_primary\": true}\n"}
,{"stream_name":"stdout","time":2253.28451066,"data":"EDGE_TTA_ACTIVE views= 8 mean_abs_feat_delta= 0.345694\n"}
,{"stream_name":"stdout","time":2253.429693885,"data":"EDGE_TTA_ACTIVE views= 8 mean_abs_feat_delta= 0.384049\n"}
,{"stream_name":"stdout","time":2253.487220674,"data":"EDGE_TTA_ACTIVE views= 8 mean_abs_feat_delta= 0.345694\n"}
,{"stream_name":"stdout","time":2253.487243999,"data":"EDGE_TTA_ACTIVE views= 8 mean_abs_feat_delta= 0.384049\n"}
,{"stream_name":"stdout","time":2254.296603114,"data":"SECONDARY_EDGE_TTA_ACTIVE views= 8 weight= 0.75 mean_abs_feat_delta= 0.264663\n"}
,{"stream_name":"stdout","time":2254.401312498,"data":"SECONDARY_EDGE_TTA_ACTIVE views= 8 weight= 0.75 mean_abs_feat_delta= 0.340609\n"}
,{"stream_name":"stdout","time":2254.405697629,"data":"BIOHUB_RETENTION_GUARD {\"blended_candidates\": 336, \"dataset\": \"44b6_2a2eff9f\", \"frame\": 68, \"minimum_retention\": 0.9, \"primary_candidates\": 455, \"retention\": 0.7384615384615385, \"use_primary\": true}\n"}
,{"stream_name":"stdout","time":2254.499232181,"data":"SECONDARY_EDGE_TTA_ACTIVE views= 8 weight= 0.75 mean_abs_feat_delta= 0.264663\n"}
,{"stream_name":"stdout","time":2254.49925431,"data":"SECONDARY_EDGE_TTA_ACTIVE views= 8 weight= 0.75 mean_abs_feat_delta= 0.340609\n"}
,{"stream_name":"stdout","time":2254.499258955,"data":"BIOHUB_RETENTION_GUARD {\"blended_candidates\": 336, \"dataset\": \"44b6_2a2eff9f\", \"frame\": 68, \"minimum_retention\": 0.9, \"primary_candidates\": 455, \"retention\": 0.7384615384615385, \"use_primary\": true}\n"}
,{"stream_name":"stdout","time":2255.386029735,"data":"EDGE_TTA_ACTIVE views= 8 mean_abs_feat_delta= 0.348621\n"}
,{"stream_name":"stdout","time":2255.555453806,"data":"EDGE_TTA_ACTIVE views= 8 mean_abs_feat_delta= 0.387022\n"}
,{"stream_name":"stdout","time":2255.588651961,"data":"EDGE_TTA_ACTIVE views= 8 mean_abs_feat_delta= 0.348621\n"}
,{"stream_name":"stdout","time":2255.588673966,"data":"EDGE_TTA_ACTIVE views= 8 mean_abs_feat_delta= 0.387022\n"}
,{"stream_name":"stdout","time":2256.400992528,"data":"SECONDARY_EDGE_TTA_ACTIVE views= 8 weight= 0.75 mean_abs_feat_delta= 0.264826\n"}
,{"stream_name":"stdout","time":2256.527366568,"data":"SECONDARY_EDGE_TTA_ACTIVE views= 8 weight= 0.75 mean_abs_feat_delta= 0.338674\n"}
,{"stream_name":"stdout","time":2256.532179362,"data":"BIOHUB_RETENTION_GUARD {\"blended_candidates\": 341, \"dataset\": \"44b6_2a2eff9f\", \"frame\": 69, \"minimum_retention\": 0.9, \"primary_candidates\": 459, \"retention\": 0.7429193899782135, \"use_primary\": true}\n"}
,{"stream_name":"stdout","time":2256.60353215,"data":"SECONDARY_EDGE_TTA_ACTIVE views= 8 weight= 0.75 mean_abs_feat_delta= 0.264826\n"}
,{"stream_name":"stdout","time":2256.6035526,"data":"SECONDARY_EDGE_TTA_ACTIVE views= 8 weight= 0.75 mean_abs_feat_delta= 0.338674\n"}
,{"stream_name":"stdout","time":2256.603557144,"data":"BIOHUB_RETENTION_GUARD {\"blended_candidates\": 341, \"dataset\": \"44b6_2a2eff9f\", \"frame\": 69, \"minimum_retention\": 0.9, \"primary_candidates\": 459, \"retention\": 0.7429193899782135, \"use_primary\": true}\n"}
,{"stream_name":"stdout","time":2257.522868277,"data":"EDGE_TTA_ACTIVE views= 8 mean_abs_feat_delta= 0.349266\n"}
,{"stream_name":"stdout","time":2257.659528029,"data":"EDGE_TTA_ACTIVE views= 8 mean_abs_feat_delta= 0.383716\n"}
,{"stream_name":"stdout","time":2257.725262381,"data":"EDGE_TTA_ACTIVE views= 8 mean_abs_feat_delta= 0.349266\n"}
,{"stream_name":"stdout","time":2257.725328759,"data":"EDGE_TTA_ACTIVE views= 8 mean_abs_feat_delta= 0.383716\n"}
,{"stream_name":"stdout","time":2258.539027325,"data":"SECONDARY_EDGE_TTA_ACTIVE views= 8 weight= 0.75 mean_abs_feat_delta= 0.265065\n"}
,{"stream_name":"stdout","time":2258.633512884,"data":"SECONDARY_EDGE_TTA_ACTIVE views= 8 weight= 0.75 mean_abs_feat_delta= 0.33713\n"}
,{"stream_name":"stdout","time":2258.637748449,"data":"BIOHUB_RETENTION_GUARD {\"blended_candidates\": 388, \"dataset\": \"44b6_2a2eff9f\", \"frame\": 70, \"minimum_retention\": 0.9, \"primary_candidates\": 502, \"retention\": 0.7729083665338645, \"use_primary\": true}\n"}
,{"stream_name":"stdout","time":2258.741539012,"data":"SECONDARY_EDGE_TTA_ACTIVE views= 8 weight= 0.75 mean_abs_feat_delta= 0.265065\n"}
,{"stream_name":"stdout","time":2258.741572511,"data":"SECONDARY_EDGE_TTA_ACTIVE views= 8 weight= 0.75 mean_abs_feat_delta= 0.33713\n"}
,{"stream_name":"stdout","time":2258.741577056,"data":"BIOHUB_RETENTION_GUARD {\"blended_candidates\": 388, \"dataset\": \"44b6_2a2eff9f\", \"frame\": 70, \"minimum_retention\": 0.9, \"primary_candidates\": 502, \"retention\": 0.7729083665338645, \"use_primary\": true}\n"}
,{"stream_name":"stdout","time":2259.656979416,"data":"EDGE_TTA_ACTIVE views= 8 mean_abs_feat_delta= 0.348459\n"}
,{"stream_name":"stdout","time":2259.786610509,"data":"EDGE_TTA_ACTIVE views= 8 mean_abs_feat_delta= 0.385497\n"}
,{"stream_name":"stdout","time":2259.859469603,"data":"EDGE_TTA_ACTIVE views= 8 mean_abs_feat_delta= 0.348459\n"}
,{"stream_name":"stdout","time":2259.859487655,"data":"EDGE_TTA_ACTIVE views= 8 mean_abs_feat_delta= 0.385497\n"}
,{"stream_name":"stdout","time":2260.674413759,"data":"SECONDARY_EDGE_TTA_ACTIVE views= 8 weight= 0.75 mean_abs_feat_delta= 0.267144\n"}
,{"stream_name":"stdout","time":2260.759694941,"data":"SECONDARY_EDGE_TTA_ACTIVE views= 8 weight= 0.75 mean_abs_feat_delta= 0.341949\n"}
,{"stream_name":"stdout","time":2260.763983686,"data":"BIOHUB_RETENTION_GUARD {\"blended_candidates\": 322, \"dataset\": \"44b6_2a2eff9f\", \"frame\": 71, \"minimum_retention\": 0.9, \"primary_candidates\": 457, \"retention\": 0.7045951859956237, \"use_primary\": true}\n"}
,{"stream_name":"stdout","time":2260.878344885,"data":"SECONDARY_EDGE_TTA_ACTIVE views= 8 weight= 0.75 mean_abs_feat_delta= 0.267144\n"}
,{"stream_name":"stdout","time":2260.878369929,"data":"SECONDARY_EDGE_TTA_ACTIVE views= 8 weight= 0.75 mean_abs_feat_delta= 0.341949\n"}
,{"stream_name":"stdout","time":2260.878374988,"data":"BIOHUB_RETENTION_GUARD {\"blended_candidates\": 322, \"dataset\": \"44b6_2a2eff9f\", \"frame\": 71, \"minimum_retention\": 0.9, \"primary_candidates\": 457, \"retention\": 0.7045951859956237, \"use_primary\": true}\n"}
,{"stream_name":"stdout","time":2261.785259061,"data":"EDGE_TTA_ACTIVE views= 8 mean_abs_feat_delta= 0.349224\n"}
,{"stream_name":"stdout","time":2261.933723031,"data":"EDGE_TTA_ACTIVE views= 8 mean_abs_feat_delta= 0.389578\n"}
,{"stream_name":"stdout","time":2261.986921117,"data":"EDGE_TTA_ACTIVE views= 8 mean_abs_feat_delta= 0.349224\n"}
,{"stream_name":"stdout","time":2261.986939113,"data":"EDGE_TTA_ACTIVE views= 8 mean_abs_feat_delta= 0.389578\n"}
,{"stream_name":"stdout","time":2262.798212845,"data":"SECONDARY_EDGE_TTA_ACTIVE views= 8 weight= 0.75 mean_abs_feat_delta= 0.264124\n"}
,{"stream_name":"stdout","time":2262.908511727,"data":"SECONDARY_EDGE_TTA_ACTIVE views= 8 weight= 0.75 mean_abs_feat_delta= 0.347894\n"}
,{"stream_name":"stdout","time":2262.912651348,"data":"BIOHUB_RETENTION_GUARD {\"blended_candidates\": 320, \"dataset\": \"44b6_2a2eff9f\", \"frame\": 72, \"minimum_retention\": 0.9, \"primary_candidates\": 473, \"retention\": 0.6765327695560254, \"use_primary\": true}\n"}
,{"stream_name":"stdout","time":2263.000740753,"data":"SECONDARY_EDGE_TTA_ACTIVE views= 8 weight= 0.75 mean_abs_feat_delta= 0.264124\n"}
,{"stream_name":"stdout","time":2263.000775266,"data":"SECONDARY_EDGE_TTA_ACTIVE views= 8 weight= 0.75 mean_abs_feat_delta= 0.347894\n"}
,{"stream_name":"stdout","time":2263.000779648,"data":"BIOHUB_RETENTION_GUARD {\"blended_candidates\": 320, \"dataset\": \"44b6_2a2eff9f\", \"frame\": 72, \"minimum_retention\": 0.9, \"primary_candidates\": 473, \"retention\": 0.6765327695560254, \"use_primary\": true}\n"}
,{"stream_name":"stdout","time":2263.876643031,"data":"EDGE_TTA_ACTIVE views= 8 mean_abs_feat_delta= 0.346768\n"}
,{"stream_name":"stdout","time":2264.079238451,"data":"EDGE_TTA_ACTIVE views= 8 mean_abs_feat_delta= 0.346768\n"}
,{"stream_name":"stdout","time":2264.102264432,"data":"EDGE_TTA_ACTIVE views= 8 mean_abs_feat_delta= 0.388876\n"}
,{"stream_name":"stdout","time":2264.30446113,"data":"EDGE_TTA_ACTIVE views= 8 mean_abs_feat_delta= 0.388876\n"}
,{"stream_name":"stdout","time":2264.893115215,"data":"SECONDARY_EDGE_TTA_ACTIVE views= 8 weight= 0.75 mean_abs_feat_delta= 0.262604\n"}
,{"stream_name":"stdout","time":2265.077585157,"data":"SECONDARY_EDGE_TTA_ACTIVE views= 8 weight= 0.75 mean_abs_feat_delta= 0.353215\n"}
,{"stream_name":"stdout","time":2265.081789005,"data":"BIOHUB_RETENTION_GUARD {\"blended_candidates\": 257, \"dataset\": \"44b6_2a2eff9f\", \"frame\": 73, \"minimum_retention\": 0.9, \"primary_candidates\": 426, \"retention\": 0.6032863849765259, \"use_primary\": true}\n"}
,{"stream_name":"stdout","time":2265.095895575,"data":"SECONDARY_EDGE_TTA_ACTIVE views= 8 weight= 0.75 mean_abs_feat_delta= 0.262604\n"}
,{"stream_name":"stdout","time":2265.095915809,"data":"SECONDARY_EDGE_TTA_ACTIVE views= 8 weight= 0.75 mean_abs_feat_delta= 0.353215\n"}
,{"stream_name":"stdout","time":2265.095920567,"data":"BIOHUB_RETENTION_GUARD {\"blended_candidates\": 257, \"dataset\": \"44b6_2a2eff9f\", \"frame\": 73, \"minimum_retention\": 0.9, \"primary_candidates\": 426, \"retention\": 0.6032863849765259, \"use_primary\": true}\n"}
,{"stream_name":"stdout","time":2266.002850338,"data":"EDGE_TTA_ACTIVE views= 8 mean_abs_feat_delta= 0.344162\n"}
,{"stream_name":"stdout","time":2266.205147712,"data":"EDGE_TTA_ACTIVE views= 8 mean_abs_feat_delta= 0.344162\n"}
,{"stream_name":"stdout","time":2266.210851475,"data":"EDGE_TTA_ACTIVE views= 8 mean_abs_feat_delta= 0.389066\n"}
,{"stream_name":"stdout","time":2266.413072404,"data":"EDGE_TTA_ACTIVE views= 8 mean_abs_feat_delta= 0.389066\n"}
,{"stream_name":"stdout","time":2267.015688777,"data":"SECONDARY_EDGE_TTA_ACTIVE views= 8 weight= 0.75 mean_abs_feat_delta= 0.266717\n"}
,{"stream_name":"stdout","time":2267.186330306,"data":"SECONDARY_EDGE_TTA_ACTIVE views= 8 weight= 0.75 mean_abs_feat_delta= 0.354392\n"}
,{"stream_name":"stdout","time":2267.190653318,"data":"BIOHUB_RETENTION_GUARD {\"blended_candidates\": 301, \"dataset\": \"44b6_2a2eff9f\", \"frame\": 74, \"minimum_retention\": 0.9, \"primary_candidates\": 441, \"retention\": 0.6825396825396826, \"use_primary\": true}\n"}
,{"stream_name":"stdout","time":2267.218025234,"data":"SECONDARY_EDGE_TTA_ACTIVE views= 8 weight= 0.75 mean_abs_feat_delta= 0.266717\n"}
,{"stream_name":"stdout","time":2267.218043709,"data":"SECONDARY_EDGE_TTA_ACTIVE views= 8 weight= 0.75 mean_abs_feat_delta= 0.354392\n"}
,{"stream_name":"stdout","time":2267.218048679,"data":"BIOHUB_RETENTION_GUARD {\"blended_candidates\": 301, \"dataset\": \"44b6_2a2eff9f\", \"frame\": 74, \"minimum_retention\": 0.9, \"primary_candidates\": 441, \"retention\": 0.6825396825396826, \"use_primary\": true}\n"}
,{"stream_name":"stdout","time":2268.1336999,"data":"EDGE_TTA_ACTIVE views= 8 mean_abs_feat_delta= 0.34178\n"}
,{"stream_name":"stdout","time":2268.319799794,"data":"EDGE_TTA_ACTIVE views= 8 mean_abs_feat_delta= 0.390664\n"}
,{"stream_name":"stdout","time":2268.33637979,"data":"EDGE_TTA_ACTIVE views= 8 mean_abs_feat_delta= 0.34178\n"}
,{"stream_name":"stdout","time":2268.336441603,"data":"EDGE_TTA_ACTIVE views= 8 mean_abs_feat_delta= 0.390664\n"}
,{"stream_name":"stdout","time":2269.151463646,"data":"SECONDARY_EDGE_TTA_ACTIVE views= 8 weight= 0.75 mean_abs_feat_delta= 0.264716\n"}
,{"stream_name":"stdout","time":2269.295979416,"data":"SECONDARY_EDGE_TTA_ACTIVE views= 8 weight= 0.75 mean_abs_feat_delta= 0.360498\n"}
,{"stream_name":"stdout","time":2269.300362719,"data":"BIOHUB_RETENTION_GUARD {\"blended_candidates\": 271, \"dataset\": \"44b6_2a2eff9f\", \"frame\": 75, \"minimum_retention\": 0.9, \"primary_candidates\": 437, \"retention\": 0.620137299771167, \"use_primary\": true}\n"}
,{"stream_name":"stdout","time":2269.469954617,"data":"SECONDARY_EDGE_TTA_ACTIVE views= 8 weight= 0.75 mean_abs_feat_delta= 0.264716\n"}
,{"stream_name":"stdout","time":2269.469979247,"data":"SECONDARY_EDGE_TTA_ACTIVE views= 8 weight= 0.75 mean_abs_feat_delta= 0.360498\n"}
,{"stream_name":"stdout","time":2269.469985399,"data":"BIOHUB_RETENTION_GUARD {\"blended_candidates\": 271, \"dataset\": \"44b6_2a2eff9f\", \"frame\": 75, \"minimum_retention\": 0.9, \"primary_candidates\": 437, \"retention\": 0.620137299771167, \"use_primary\": true}\n"}
,{"stream_name":"stdout","time":2270.532591775,"data":"EDGE_TTA_ACTIVE views= 8 mean_abs_feat_delta= 0.391353\n"}
,{"stream_name":"stdout","time":2270.73537179,"data":"EDGE_TTA_ACTIVE views= 8 mean_abs_feat_delta= 0.391353\n"}
,{"stream_name":"stdout","time":2271.504719973,"data":"SECONDARY_EDGE_TTA_ACTIVE views= 8 weight= 0.75 mean_abs_feat_delta= 0.363221\n"}
,{"stream_name":"stdout","time":2271.51005008,"data":"BIOHUB_RETENTION_GUARD {\"blended_candidates\": 259, \"dataset\": \"44b6_2a2eff9f\", \"frame\": 76, \"minimum_retention\": 0.9, \"primary_candidates\": 435, \"retention\": 0.5954022988505747, \"use_primary\": true}\n"}
,{"stream_name":"stdout","time":2271.707585758,"data":"SECONDARY_EDGE_TTA_ACTIVE views= 8 weight= 0.75 mean_abs_feat_delta= 0.363221\n"}
,{"stream_name":"stdout","time":2271.707635808,"data":"BIOHUB_RETENTION_GUARD {\"blended_candidates\": 259, \"dataset\": \"44b6_2a2eff9f\", \"frame\": 76, \"minimum_retention\": 0.9, \"primary_candidates\": 435, \"retention\": 0.5954022988505747, \"use_primary\": true}\n"}
,{"stream_name":"stdout","time":2272.76045443,"data":"EDGE_TTA_ACTIVE views= 8 mean_abs_feat_delta= 0.38925\n"}
,{"stream_name":"stdout","time":2272.963256863,"data":"EDGE_TTA_ACTIVE views= 8 mean_abs_feat_delta= 0.38925\n"}
,{"stream_name":"stdout","time":2273.731724494,"data":"SECONDARY_EDGE_TTA_ACTIVE views= 8 weight= 0.75 mean_abs_feat_delta= 0.361696\n"}
,{"stream_name":"stdout","time":2273.7356242,"data":"BIOHUB_RETENTION_GUARD {\"blended_candidates\": 273, \"dataset\": \"44b6_2a2eff9f\", \"frame\": 77, \"minimum_retention\": 0.9, \"primary_candidates\": 445, \"retention\": 0.6134831460674157, \"use_primary\": true}\n"}
,{"stream_name":"stdout","time":2273.934172198,"data":"SECONDARY_EDGE_TTA_ACTIVE views= 8 weight= 0.75 mean_abs_feat_delta= 0.361696\n"}
,{"stream_name":"stdout","time":2273.934204288,"data":"BIOHUB_RETENTION_GUARD {\"blended_candidates\": 273, \"dataset\": \"44b6_2a2eff9f\", \"frame\": 77, \"minimum_retention\": 0.9, \"primary_candidates\": 445, \"retention\": 0.6134831460674157, \"use_primary\": true}\n"}
,{"stream_name":"stdout","time":2274.888892924,"data":"EDGE_TTA_ACTIVE views= 8 mean_abs_feat_delta= 0.382657\n"}
,{"stream_name":"stdout","time":2275.091535407,"data":"EDGE_TTA_ACTIVE views= 8 mean_abs_feat_delta= 0.382657\n"}
,{"stream_name":"stdout","time":2275.861416297,"data":"SECONDARY_EDGE_TTA_ACTIVE views= 8 weight= 0.75 mean_abs_feat_delta= 0.365003\n"}
,{"stream_name":"stdout","time":2275.865639792,"data":"BIOHUB_RETENTION_GUARD {\"blended_candidates\": 367, \"dataset\": \"44b6_2a2eff9f\", \"frame\": 78, \"minimum_retention\": 0.9, \"primary_candidates\": 493, \"retention\": 0.744421906693712, \"use_primary\": true}\n"}
,{"stream_name":"stdout","time":2276.064326009,"data":"SECONDARY_EDGE_TTA_ACTIVE views= 8 weight= 0.75 mean_abs_feat_delta= 0.365003\n"}
,{"stream_name":"stdout","time":2276.064389168,"data":"BIOHUB_RETENTION_GUARD {\"blended_candidates\": 367, \"dataset\": \"44b6_2a2eff9f\", \"frame\": 78, \"minimum_retention\": 0.9, \"primary_candidates\": 493, \"retention\": 0.744421906693712, \"use_primary\": true}\n"}
,{"stream_name":"stdout","time":2276.894966076,"data":"EDGE_TTA_ACTIVE views= 8 mean_abs_feat_delta= 0.374535\n"}
,{"stream_name":"stdout","time":2277.010078891,"data":"EDGE_TTA_ACTIVE views= 8 mean_abs_feat_delta= 0.381042\n"}
,{"stream_name":"stdout","time":2277.097191644,"data":"EDGE_TTA_ACTIVE views= 8 mean_abs_feat_delta= 0.374535\n"}
,{"stream_name":"stdout","time":2277.097212524,"data":"EDGE_TTA_ACTIVE views= 8 mean_abs_feat_delta= 0.381042\n"}
,{"stream_name":"stdout","time":2277.889299049,"data":"SECONDARY_EDGE_TTA_ACTIVE views= 8 weight= 0.75 mean_abs_feat_delta= 0.291784\n"}
,{"stream_name":"stdout","time":2277.990235194,"data":"SECONDARY_EDGE_TTA_ACTIVE views= 8 weight= 0.75 mean_abs_feat_delta= 0.363001\n"}
,{"stream_name":"stdout","time":2277.994876604,"data":"BIOHUB_RETENTION_GUARD {\"blended_candidates\": 379, \"dataset\": \"44b6_2a2eff9f\", \"frame\": 79, \"minimum_retention\": 0.9, \"primary_candidates\": 494, \"retention\": 0.7672064777327935, \"use_primary\": true}\n"}
,{"stream_name":"stdout","time":2278.091942058,"data":"SECONDARY_EDGE_TTA_ACTIVE views= 8 weight= 0.75 mean_abs_feat_delta= 0.291784\n"}
,{"stream_name":"stdout","time":2278.091982598,"data":"SECONDARY_EDGE_TTA_ACTIVE views= 8 weight= 0.75 mean_abs_feat_delta= 0.363001\n"}
,{"stream_name":"stdout","time":2278.091988021,"data":"BIOHUB_RETENTION_GUARD {\"blended_candidates\": 379, \"dataset\": \"44b6_2a2eff9f\", \"frame\": 79, \"minimum_retention\": 0.9, \"primary_candidates\": 494, \"retention\": 0.7672064777327935, \"use_primary\": true}\n"}
,{"stream_name":"stdout","time":2279.049617324,"data":"EDGE_TTA_ACTIVE views= 8 mean_abs_feat_delta= 0.375672\n"}
,{"stream_name":"stdout","time":2279.146217902,"data":"EDGE_TTA_ACTIVE views= 8 mean_abs_feat_delta= 0.386119\n"}
,{"stream_name":"stdout","time":2279.252138578,"data":"EDGE_TTA_ACTIVE views= 8 mean_abs_feat_delta= 0.375672\n"}
,{"stream_name":"stdout","time":2279.252160999,"data":"EDGE_TTA_ACTIVE views= 8 mean_abs_feat_delta= 0.386119\n"}
,{"stream_name":"stdout","time":2280.042986274,"data":"SECONDARY_EDGE_TTA_ACTIVE views= 8 weight= 0.75 mean_abs_feat_delta= 0.294475\n"}
,{"stream_name":"stdout","time":2280.121579777,"data":"SECONDARY_EDGE_TTA_ACTIVE views= 8 weight= 0.75 mean_abs_feat_delta= 0.362126\n"}
,{"stream_name":"stdout","time":2280.125806414,"data":"BIOHUB_RETENTION_GUARD {\"blended_candidates\": 306, \"dataset\": \"44b6_2a2eff9f\", \"frame\": 80, \"minimum_retention\": 0.9, \"primary_candidates\": 474, \"retention\": 0.6455696202531646, \"use_primary\": true}\n"}
,{"stream_name":"stdout","time":2280.245880489,"data":"SECONDARY_EDGE_TTA_ACTIVE views= 8 weight= 0.75 mean_abs_feat_delta= 0.294475\n"}
,{"stream_name":"stdout","time":2280.245910013,"data":"SECONDARY_EDGE_TTA_ACTIVE views= 8 weight= 0.75 mean_abs_feat_delta= 0.362126\n"}
,{"stream_name":"stdout","time":2280.245916174,"data":"BIOHUB_RETENTION_GUARD {\"blended_candidates\": 306, \"dataset\": \"44b6_2a2eff9f\", \"frame\": 80, \"minimum_retention\": 0.9, \"primary_candidates\": 474, \"retention\": 0.6455696202531646, \"use_primary\": true}\n"}
,{"stream_name":"stdout","time":2281.19549185,"data":"EDGE_TTA_ACTIVE views= 8 mean_abs_feat_delta= 0.371126\n"}
,{"stream_name":"stdout","time":2281.275767985,"data":"EDGE_TTA_ACTIVE views= 8 mean_abs_feat_delta= 0.382619\n"}
,{"stream_name":"stdout","time":2281.397734049,"data":"EDGE_TTA_ACTIVE views= 8 mean_abs_feat_delta= 0.371126\n"}
,{"stream_name":"stdout","time":2281.397755753,"data":"EDGE_TTA_ACTIVE views= 8 mean_abs_feat_delta= 0.382619\n"}
,{"stream_name":"stdout","time":2282.192538027,"data":"SECONDARY_EDGE_TTA_ACTIVE views= 8 weight= 0.75 mean_abs_feat_delta= 0.292181\n"}
,{"stream_name":"stdout","time":2282.248687924,"data":"SECONDARY_EDGE_TTA_ACTIVE views= 8 weight= 0.75 mean_abs_feat_delta= 0.3562\n"}
,{"stream_name":"stdout","time":2282.252894714,"data":"BIOHUB_RETENTION_GUARD {\"blended_candidates\": 321, \"dataset\": \"44b6_2a2eff9f\", \"frame\": 81, \"minimum_retention\": 0.9, \"primary_candidates\": 466, \"retention\": 0.6888412017167382, \"use_primary\": true}\n"}
,{"stream_name":"stdout","time":2282.394997997,"data":"SECONDARY_EDGE_TTA_ACTIVE views= 8 weight= 0.75 mean_abs_feat_delta= 0.292181\n"}
,{"stream_name":"stdout","time":2282.395028715,"data":"SECONDARY_EDGE_TTA_ACTIVE views= 8 weight= 0.75 mean_abs_feat_delta= 0.3562\n"}
,{"stream_name":"stdout","time":2282.395034029,"data":"BIOHUB_RETENTION_GUARD {\"blended_candidates\": 321, \"dataset\": \"44b6_2a2eff9f\", \"frame\": 81, \"minimum_retention\": 0.9, \"primary_candidates\": 466, \"retention\": 0.6888412017167382, \"use_primary\": true}\n"}
,{"stream_name":"stdout","time":2283.376699583,"data":"EDGE_TTA_ACTIVE views= 8 mean_abs_feat_delta= 0.366842\n"}
,{"stream_name":"stdout","time":2283.4035257,"data":"EDGE_TTA_ACTIVE views= 8 mean_abs_feat_delta= 0.383518\n"}
,{"stream_name":"stdout","time":2283.578997991,"data":"EDGE_TTA_ACTIVE views= 8 mean_abs_feat_delta= 0.366842\n"}
,{"stream_name":"stdout","time":2283.579020261,"data":"EDGE_TTA_ACTIVE views= 8 mean_abs_feat_delta= 0.383518\n"}
,{"stream_name":"stdout","time":2284.377609248,"data":"SECONDARY_EDGE_TTA_ACTIVE views= 8 weight= 0.75 mean_abs_feat_delta= 0.350604\n"}
,{"stream_name":"stdout","time":2284.378005192,"data":"SECONDARY_EDGE_TTA_ACTIVE views= 8 weight= 0.75 mean_abs_feat_delta= 0.28893\n"}
,{"stream_name":"stdout","time":2284.381954652,"data":"BIOHUB_RETENTION_GUARD {\"blended_candidates\": 303, \"dataset\": \"44b6_2a2eff9f\", \"frame\": 82, \"minimum_retention\": 0.9, \"primary_candidates\": 459, \"retention\": 0.6601307189542484, \"use_primary\": true}\n"}
,{"stream_name":"stdout","time":2284.580234344,"data":"SECONDARY_EDGE_TTA_ACTIVE views= 8 weight= 0.75 mean_abs_feat_delta= 0.350604\n"}
,{"stream_name":"stdout","time":2284.580311962,"data":"SECONDARY_EDGE_TTA_ACTIVE views= 8 weight= 0.75 mean_abs_feat_delta= 0.28893\n"}
,{"stream_name":"stdout","time":2284.580318618,"data":"BIOHUB_RETENTION_GUARD {\"blended_candidates\": 303, \"dataset\": \"44b6_2a2eff9f\", \"frame\": 82, \"minimum_retention\": 0.9, \"primary_candidates\": 459, \"retention\": 0.6601307189542484, \"use_primary\": true}\n"}
,{"stream_name":"stdout","time":2285.549784948,"data":"EDGE_TTA_ACTIVE views= 8 mean_abs_feat_delta= 0.385056\n"}
,{"stream_name":"stdout","time":2285.554733162,"data":"EDGE_TTA_ACTIVE views= 8 mean_abs_feat_delta= 0.365351\n"}
,{"stream_name":"stdout","time":2285.752504865,"data":"EDGE_TTA_ACTIVE views= 8 mean_abs_feat_delta= 0.385056\n"}
,{"stream_name":"stdout","time":2285.752528925,"data":"EDGE_TTA_ACTIVE views= 8 mean_abs_feat_delta= 0.365351\n"}
,{"stream_name":"stdout","time":2286.525687801,"data":"SECONDARY_EDGE_TTA_ACTIVE views= 8 weight= 0.75 mean_abs_feat_delta= 0.347038\n"}
,{"stream_name":"stdout","time":2286.529881727,"data":"BIOHUB_RETENTION_GUARD {\"blended_candidates\": 258, \"dataset\": \"44b6_2a2eff9f\", \"frame\": 83, \"minimum_retention\": 0.9, \"primary_candidates\": 427, \"retention\": 0.6042154566744731, \"use_primary\": true}\n"}
,{"stream_name":"stdout","time":2286.559152646,"data":"SECONDARY_EDGE_TTA_ACTIVE views= 8 weight= 0.75 mean_abs_feat_delta= 0.291667\n"}
,{"stream_name":"stdout","time":2286.728013558,"data":"SECONDARY_EDGE_TTA_ACTIVE views= 8 weight= 0.75 mean_abs_feat_delta= 0.347038\n"}
,{"stream_name":"stdout","time":2286.728045975,"data":"BIOHUB_RETENTION_GUARD {\"blended_candidates\": 258, \"dataset\": \"44b6_2a2eff9f\", \"frame\": 83, \"minimum_retention\": 0.9, \"primary_candidates\": 427, \"retention\": 0.6042154566744731, \"use_primary\": true}\n"}
,{"stream_name":"stdout","time":2286.728052898,"data":"SECONDARY_EDGE_TTA_ACTIVE views= 8 weight= 0.75 mean_abs_feat_delta= 0.291667\n"}
,{"stream_name":"stdout","time":2287.693463019,"data":"EDGE_TTA_ACTIVE views= 8 mean_abs_feat_delta= 0.382849\n"}
,{"stream_name":"stdout","time":2287.723685624,"data":"EDGE_TTA_ACTIVE views= 8 mean_abs_feat_delta= 0.368067\n"}
,{"stream_name":"stdout","time":2287.895868049,"data":"EDGE_TTA_ACTIVE views= 8 mean_abs_feat_delta= 0.382849\n"}
,{"stream_name":"stdout","time":2287.895889416,"data":"EDGE_TTA_ACTIVE views= 8 mean_abs_feat_delta= 0.368067\n"}
,{"stream_name":"stdout","time":2288.671331425,"data":"SECONDARY_EDGE_TTA_ACTIVE views= 8 weight= 0.75 mean_abs_feat_delta= 0.34338\n"}
,{"stream_name":"stdout","time":2288.675552599,"data":"BIOHUB_RETENTION_GUARD {\"blended_candidates\": 284, \"dataset\": \"44b6_2a2eff9f\", \"frame\": 84, \"minimum_retention\": 0.9, \"primary_candidates\": 455, \"retention\": 0.6241758241758242, \"use_primary\": true}\n"}
,{"stream_name":"stdout","time":2288.729468234,"data":"SECONDARY_EDGE_TTA_ACTIVE views= 8 weight= 0.75 mean_abs_feat_delta= 0.295291\n"}
,{"stream_name":"stdout","time":2288.873710741,"data":"SECONDARY_EDGE_TTA_ACTIVE views= 8 weight= 0.75 mean_abs_feat_delta= 0.34338\n"}
,{"stream_name":"stdout","time":2288.873751798,"data":"BIOHUB_RETENTION_GUARD {\"blended_candidates\": 284, \"dataset\": \"44b6_2a2eff9f\", \"frame\": 84, \"minimum_retention\": 0.9, \"primary_candidates\": 455, \"retention\": 0.6241758241758242, \"use_primary\": true}\n"}
,{"stream_name":"stdout","time":2288.873759001,"data":"SECONDARY_EDGE_TTA_ACTIVE views= 8 weight= 0.75 mean_abs_feat_delta= 0.295291\n"}
,{"stream_name":"stdout","time":2289.803511548,"data":"EDGE_TTA_ACTIVE views= 8 mean_abs_feat_delta= 0.382328\n"}
,{"stream_name":"stdout","time":2289.887658566,"data":"EDGE_TTA_ACTIVE views= 8 mean_abs_feat_delta= 0.367093\n"}
,{"stream_name":"stdout","time":2290.006030653,"data":"EDGE_TTA_ACTIVE views= 8 mean_abs_feat_delta= 0.382328\n"}
,{"stream_name":"stdout","time":2290.006053195,"data":"EDGE_TTA_ACTIVE views= 8 mean_abs_feat_delta= 0.367093\n"}
,{"stream_name":"stdout","time":2290.779850786,"data":"SECONDARY_EDGE_TTA_ACTIVE views= 8 weight= 0.75 mean_abs_feat_delta= 0.342971\n"}
,{"stream_name":"stdout","time":2290.784051484,"data":"BIOHUB_RETENTION_GUARD {\"blended_candidates\": 318, \"dataset\": \"44b6_2a2eff9f\", \"frame\": 85, \"minimum_retention\": 0.9, \"primary_candidates\": 465, \"retention\": 0.6838709677419355, \"use_primary\": true}\n"}
,{"stream_name":"stdout","time":2290.891753684,"data":"SECONDARY_EDGE_TTA_ACTIVE views= 8 weight= 0.75 mean_abs_feat_delta= 0.301788\n"}
,{"stream_name":"stdout","time":2290.982389915,"data":"SECONDARY_EDGE_TTA_ACTIVE views= 8 weight= 0.75 mean_abs_feat_delta= 0.342971\n"}
,{"stream_name":"stdout","time":2290.982420771,"data":"BIOHUB_RETENTION_GUARD {\"blended_candidates\": 318, \"dataset\": \"44b6_2a2eff9f\", \"frame\": 85, \"minimum_retention\": 0.9, \"primary_candidates\": 465, \"retention\": 0.6838709677419355, \"use_primary\": true}\n"}
,{"stream_name":"stdout","time":2290.982428663,"data":"SECONDARY_EDGE_TTA_ACTIVE views= 8 weight= 0.75 mean_abs_feat_delta= 0.301788\n"}
,{"stream_name":"stdout","time":2291.951736948,"data":"EDGE_TTA_ACTIVE views= 8 mean_abs_feat_delta= 0.380578\n"}
,{"stream_name":"stdout","time":2292.081328606,"data":"EDGE_TTA_ACTIVE views= 8 mean_abs_feat_delta= 0.364622\n"}
,{"stream_name":"stdout","time":2292.154324317,"data":"EDGE_TTA_ACTIVE views= 8 mean_abs_feat_delta= 0.380578\n"}
,{"stream_name":"stdout","time":2292.154343915,"data":"EDGE_TTA_ACTIVE views= 8 mean_abs_feat_delta= 0.364622\n"}
,{"stream_name":"stdout","time":2292.92610737,"data":"SECONDARY_EDGE_TTA_ACTIVE views= 8 weight= 0.75 mean_abs_feat_delta= 0.345964\n"}
,{"stream_name":"stdout","time":2292.930366942,"data":"BIOHUB_RETENTION_GUARD {\"blended_candidates\": 346, \"dataset\": \"44b6_2a2eff9f\", \"frame\": 86, \"minimum_retention\": 0.9, \"primary_candidates\": 486, \"retention\": 0.7119341563786008, \"use_primary\": true}\n"}
,{"stream_name":"stdout","time":2293.088559417,"data":"SECONDARY_EDGE_TTA_ACTIVE views= 8 weight= 0.75 mean_abs_feat_delta= 0.297905\n"}
,{"stream_name":"stdout","time":2293.128620765,"data":"SECONDARY_EDGE_TTA_ACTIVE views= 8 weight= 0.75 mean_abs_feat_delta= 0.345964\n"}
,{"stream_name":"stdout","time":2293.128644028,"data":"BIOHUB_RETENTION_GUARD {\"blended_candidates\": 346, \"dataset\": \"44b6_2a2eff9f\", \"frame\": 86, \"minimum_retention\": 0.9, \"primary_candidates\": 486, \"retention\": 0.7119341563786008, \"use_primary\": true}\n"}
,{"stream_name":"stdout","time":2293.128650481,"data":"SECONDARY_EDGE_TTA_ACTIVE views= 8 weight= 0.75 mean_abs_feat_delta= 0.297905\n"}
,{"stream_name":"stdout","time":2294.099241488,"data":"EDGE_TTA_ACTIVE views= 8 mean_abs_feat_delta= 0.381379\n"}
,{"stream_name":"stdout","time":2294.268731623,"data":"EDGE_TTA_ACTIVE views= 8 mean_abs_feat_delta= 0.368667\n"}
,{"stream_name":"stdout","time":2294.301720332,"data":"EDGE_TTA_ACTIVE views= 8 mean_abs_feat_delta= 0.381379\n"}
,{"stream_name":"stdout","time":2294.301758103,"data":"EDGE_TTA_ACTIVE views= 8 mean_abs_feat_delta= 0.368667\n"}
,{"stream_name":"stdout","time":2295.084250919,"data":"SECONDARY_EDGE_TTA_ACTIVE views= 8 weight= 0.75 mean_abs_feat_delta= 0.349577\n"}
,{"stream_name":"stdout","time":2295.088536044,"data":"BIOHUB_RETENTION_GUARD {\"blended_candidates\": 329, \"dataset\": \"44b6_2a2eff9f\", \"frame\": 87, \"minimum_retention\": 0.9, \"primary_candidates\": 471, \"retention\": 0.6985138004246284, \"use_primary\": true}\n"}
,{"stream_name":"stdout","time":2295.272941833,"data":"SECONDARY_EDGE_TTA_ACTIVE views= 8 weight= 0.75 mean_abs_feat_delta= 0.296074\n"}
,{"stream_name":"stdout","time":2295.287239664,"data":"SECONDARY_EDGE_TTA_ACTIVE views= 8 weight= 0.75 mean_abs_feat_delta= 0.349577\n"}
,{"stream_name":"stdout","time":2295.287265882,"data":"BIOHUB_RETENTION_GUARD {\"blended_candidates\": 329, \"dataset\": \"44b6_2a2eff9f\", \"frame\": 87, \"minimum_retention\": 0.9, \"primary_candidates\": 471, \"retention\": 0.6985138004246284, \"use_primary\": true}\n"}
,{"stream_name":"stdout","time":2295.287296231,"data":"SECONDARY_EDGE_TTA_ACTIVE views= 8 weight= 0.75 mean_abs_feat_delta= 0.296074\n"}
,{"stream_name":"stdout","time":2296.239401524,"data":"EDGE_TTA_ACTIVE views= 8 mean_abs_feat_delta= 0.37658\n"}
,{"stream_name":"stdout","time":2296.419453312,"data":"EDGE_TTA_ACTIVE views= 8 mean_abs_feat_delta= 0.371332\n"}
,{"stream_name":"stdout","time":2296.442246567,"data":"EDGE_TTA_ACTIVE views= 8 mean_abs_feat_delta= 0.37658\n"}
,{"stream_name":"stdout","time":2296.4422694,"data":"EDGE_TTA_ACTIVE views= 8 mean_abs_feat_delta= 0.371332\n"}
,{"stream_name":"stdout","time":2297.223225896,"data":"SECONDARY_EDGE_TTA_ACTIVE views= 8 weight= 0.75 mean_abs_feat_delta= 0.351977\n"}
,{"stream_name":"stdout","time":2297.2275104,"data":"BIOHUB_RETENTION_GUARD {\"blended_candidates\": 255, \"dataset\": \"44b6_2a2eff9f\", \"frame\": 88, \"minimum_retention\": 0.9, \"primary_candidates\": 452, \"retention\": 0.5641592920353983, \"use_primary\": true}\n"}
,{"stream_name":"stdout","time":2297.426191848,"data":"SECONDARY_EDGE_TTA_ACTIVE views= 8 weight= 0.75 mean_abs_feat_delta= 0.351977\n"}
,{"stream_name":"stdout","time":2297.426224696,"data":"BIOHUB_RETENTION_GUARD {\"blended_candidates\": 255, \"dataset\": \"44b6_2a2eff9f\", \"frame\": 88, \"minimum_retention\": 0.9, \"primary_candidates\": 452, \"retention\": 0.5641592920353983, \"use_primary\": true}\n"}
,{"stream_name":"stdout","time":2297.429845477,"data":"SECONDARY_EDGE_TTA_ACTIVE views= 8 weight= 0.75 mean_abs_feat_delta= 0.299213\n"}
,{"stream_name":"stdout","time":2297.632304179,"data":"SECONDARY_EDGE_TTA_ACTIVE views= 8 weight= 0.75 mean_abs_feat_delta= 0.299213\n"}
,{"stream_name":"stdout","time":2298.37180652,"data":"EDGE_TTA_ACTIVE views= 8 mean_abs_feat_delta= 0.376475\n"}
,{"stream_name":"stdout","time":2298.574439336,"data":"EDGE_TTA_ACTIVE views= 8 mean_abs_feat_delta= 0.376475\n"}
,{"stream_name":"stdout","time":2298.588260987,"data":"EDGE_TTA_ACTIVE views= 8 mean_abs_feat_delta= 0.371704\n"}
,{"stream_name":"stdout","time":2298.790627978,"data":"EDGE_TTA_ACTIVE views= 8 mean_abs_feat_delta= 0.371704\n"}
,{"stream_name":"stdout","time":2299.351319117,"data":"SECONDARY_EDGE_TTA_ACTIVE views= 8 weight= 0.75 mean_abs_feat_delta= 0.350531\n"}
,{"stream_name":"stdout","time":2299.355565383,"data":"BIOHUB_RETENTION_GUARD {\"blended_candidates\": 284, \"dataset\": \"44b6_2a2eff9f\", \"frame\": 89, \"minimum_retention\": 0.9, \"primary_candidates\": 455, \"retention\": 0.6241758241758242, \"use_primary\": true}\n"}
,{"stream_name":"stdout","time":2299.598026845,"data":"SECONDARY_EDGE_TTA_ACTIVE views= 8 weight= 0.75 mean_abs_feat_delta= 0.298305\n"}
,{"stream_name":"stdout","time":2299.655145673,"data":"SECONDARY_EDGE_TTA_ACTIVE views= 8 weight= 0.75 mean_abs_feat_delta= 0.350531\n"}
,{"stream_name":"stdout","time":2299.655165088,"data":"BIOHUB_RETENTION_GUARD {\"blended_candidates\": 284, \"dataset\": \"44b6_2a2eff9f\", \"frame\": 89, \"minimum_retention\": 0.9, \"primary_candidates\": 455, \"retention\": 0.6241758241758242, \"use_primary\": true}\n"}
,{"stream_name":"stdout","time":2299.799844603,"data":"SECONDARY_EDGE_TTA_ACTIVE views= 8 weight= 0.75 mean_abs_feat_delta= 0.298305\n"}
,{"stream_name":"stdout","time":2300.519407082,"data":"EDGE_TTA_ACTIVE views= 8 mean_abs_feat_delta= 0.372575\n"}
,{"stream_name":"stdout","time":2300.721893474,"data":"EDGE_TTA_ACTIVE views= 8 mean_abs_feat_delta= 0.372575\n"}
,{"stream_name":"stdout","time":2300.778622715,"data":"EDGE_TTA_ACTIVE views= 8 mean_abs_feat_delta= 0.36929\n"}
,{"stream_name":"stdout","time":2300.980807782,"data":"EDGE_TTA_ACTIVE views= 8 mean_abs_feat_delta= 0.36929\n"}
,{"stream_name":"stdout","time":2301.504440965,"data":"SECONDARY_EDGE_TTA_ACTIVE views= 8 weight= 0.75 mean_abs_feat_delta= 0.348105\n"}
,{"stream_name":"stdout","time":2301.509163076,"data":"BIOHUB_RETENTION_GUARD {\"blended_candidates\": 332, \"dataset\": \"44b6_2a2eff9f\", \"frame\": 90, \"minimum_retention\": 0.9, \"primary_candidates\": 464, \"retention\": 0.7155172413793104, \"use_primary\": true}\n"}
,{"stream_name":"stdout","time":2301.707885993,"data":"SECONDARY_EDGE_TTA_ACTIVE views= 8 weight= 0.75 mean_abs_feat_delta= 0.348105\n"}
,{"stream_name":"stdout","time":2301.707921252,"data":"BIOHUB_RETENTION_GUARD {\"blended_candidates\": 332, \"dataset\": \"44b6_2a2eff9f\", \"frame\": 90, \"minimum_retention\": 0.9, \"primary_candidates\": 464, \"retention\": 0.7155172413793104, \"use_primary\": true}\n"}
,{"stream_name":"stdout","time":2301.785404958,"data":"SECONDARY_EDGE_TTA_ACTIVE views= 8 weight= 0.75 mean_abs_feat_delta= 0.297892\n"}
,{"stream_name":"stdout","time":2301.987995182,"data":"SECONDARY_EDGE_TTA_ACTIVE views= 8 weight= 0.75 mean_abs_feat_delta= 0.297892\n"}
,{"stream_name":"stdout","time":2302.647467115,"data":"EDGE_TTA_ACTIVE views= 8 mean_abs_feat_delta= 0.372846\n"}
,{"stream_name":"stdout","time":2302.849684246,"data":"EDGE_TTA_ACTIVE views= 8 mean_abs_feat_delta= 0.372846\n"}
,{"stream_name":"stdout","time":2302.973927031,"data":"EDGE_TTA_ACTIVE views= 8 mean_abs_feat_delta= 0.370059\n"}
,{"stream_name":"stdout","time":2303.17639391,"data":"EDGE_TTA_ACTIVE views= 8 mean_abs_feat_delta= 0.370059\n"}
,{"stream_name":"stdout","time":2303.637818214,"data":"SECONDARY_EDGE_TTA_ACTIVE views= 8 weight= 0.75 mean_abs_feat_delta= 0.350915\n"}
,{"stream_name":"stdout","time":2303.642015904,"data":"BIOHUB_RETENTION_GUARD {\"blended_candidates\": 338, \"dataset\": \"44b6_2a2eff9f\", \"frame\": 91, \"minimum_retention\": 0.9, \"primary_candidates\": 463, \"retention\": 0.7300215982721382, \"use_primary\": true}\n"}
,{"stream_name":"stdout","time":2303.840053969,"data":"SECONDARY_EDGE_TTA_ACTIVE views= 8 weight= 0.75 mean_abs_feat_delta= 0.350915\n"}
,{"stream_name":"stdout","time":2303.840081945,"data":"BIOHUB_RETENTION_GUARD {\"blended_candidates\": 338, \"dataset\": \"44b6_2a2eff9f\", \"frame\": 91, \"minimum_retention\": 0.9, \"primary_candidates\": 463, \"retention\": 0.7300215982721382, \"use_primary\": true}\n"}
,{"stream_name":"stdout","time":2303.984104416,"data":"SECONDARY_EDGE_TTA_ACTIVE views= 8 weight= 0.75 mean_abs_feat_delta= 0.294514\n"}
,{"stream_name":"stdout","time":2304.186742887,"data":"SECONDARY_EDGE_TTA_ACTIVE views= 8 weight= 0.75 mean_abs_feat_delta= 0.294514\n"}
,{"stream_name":"stdout","time":2304.816785379,"data":"EDGE_TTA_ACTIVE views= 8 mean_abs_feat_delta= 0.374678\n"}
,{"stream_name":"stdout","time":2305.01892048,"data":"EDGE_TTA_ACTIVE views= 8 mean_abs_feat_delta= 0.374678\n"}
,{"stream_name":"stdout","time":2305.134545059,"data":"EDGE_TTA_ACTIVE views= 8 mean_abs_feat_delta= 0.374672\n"}
,{"stream_name":"stdout","time":2305.336790614,"data":"EDGE_TTA_ACTIVE views= 8 mean_abs_feat_delta= 0.374672\n"}
,{"stream_name":"stdout","time":2305.80592595,"data":"SECONDARY_EDGE_TTA_ACTIVE views= 8 weight= 0.75 mean_abs_feat_delta= 0.35037\n"}
,{"stream_name":"stdout","time":2305.810040271,"data":"BIOHUB_RETENTION_GUARD {\"blended_candidates\": 332, \"dataset\": \"44b6_2a2eff9f\", \"frame\": 92, \"minimum_retention\": 0.9, \"primary_candidates\": 466, \"retention\": 0.7124463519313304, \"use_primary\": true}\n"}
,{"stream_name":"stdout","time":2306.007942861,"data":"SECONDARY_EDGE_TTA_ACTIVE views= 8 weight= 0.75 mean_abs_feat_delta= 0.35037\n"}
,{"stream_name":"stdout","time":2306.007972556,"data":"BIOHUB_RETENTION_GUARD {\"blended_candidates\": 332, \"dataset\": \"44b6_2a2eff9f\", \"frame\": 92, \"minimum_retention\": 0.9, \"primary_candidates\": 466, \"retention\": 0.7124463519313304, \"use_primary\": true}\n"}
,{"stream_name":"stdout","time":2306.142235827,"data":"SECONDARY_EDGE_TTA_ACTIVE views= 8 weight= 0.75 mean_abs_feat_delta= 0.292125\n"}
,{"stream_name":"stdout","time":2306.344430288,"data":"SECONDARY_EDGE_TTA_ACTIVE views= 8 weight= 0.75 mean_abs_feat_delta= 0.292125\n"}
,{"stream_name":"stdout","time":2306.982204305,"data":"EDGE_TTA_ACTIVE views= 8 mean_abs_feat_delta= 0.373042\n"}
,{"stream_name":"stdout","time":2307.184561613,"data":"EDGE_TTA_ACTIVE views= 8 mean_abs_feat_delta= 0.373042\n"}
,{"stream_name":"stdout","time":2307.349087079,"data":"EDGE_TTA_ACTIVE views= 8 mean_abs_feat_delta= 0.372631\n"}
,{"stream_name":"stdout","time":2307.551553624,"data":"EDGE_TTA_ACTIVE views= 8 mean_abs_feat_delta= 0.372631\n"}
,{"stream_name":"stdout","time":2307.964571424,"data":"SECONDARY_EDGE_TTA_ACTIVE views= 8 weight= 0.75 mean_abs_feat_delta= 0.346962\n"}
,{"stream_name":"stdout","time":2307.968862362,"data":"BIOHUB_RETENTION_GUARD {\"blended_candidates\": 336, \"dataset\": \"44b6_2a2eff9f\", \"frame\": 93, \"minimum_retention\": 0.9, \"primary_candidates\": 468, \"retention\": 0.717948717948718, \"use_primary\": true}\n"}
,{"stream_name":"stdout","time":2308.16711893,"data":"SECONDARY_EDGE_TTA_ACTIVE views= 8 weight= 0.75 mean_abs_feat_delta= 0.346962\n"}
,{"stream_name":"stdout","time":2308.167147753,"data":"BIOHUB_RETENTION_GUARD {\"blended_candidates\": 336, \"dataset\": \"44b6_2a2eff9f\", \"frame\": 93, \"minimum_retention\": 0.9, \"primary_candidates\": 468, \"retention\": 0.717948717948718, \"use_primary\": true}\n"}
,{"stream_name":"stdout","time":2308.360077941,"data":"SECONDARY_EDGE_TTA_ACTIVE views= 8 weight= 0.75 mean_abs_feat_delta= 0.298455\n"}
,{"stream_name":"stdout","time":2308.562755448,"data":"SECONDARY_EDGE_TTA_ACTIVE views= 8 weight= 0.75 mean_abs_feat_delta= 0.298455\n"}
,{"stream_name":"stdout","time":2309.130228907,"data":"EDGE_TTA_ACTIVE views= 8 mean_abs_feat_delta= 0.373663\n"}
,{"stream_name":"stdout","time":2309.332753481,"data":"EDGE_TTA_ACTIVE views= 8 mean_abs_feat_delta= 0.373663\n"}
,{"stream_name":"stdout","time":2309.52112918,"data":"EDGE_TTA_ACTIVE views= 8 mean_abs_feat_delta= 0.372436\n"}
,{"stream_name":"stdout","time":2309.72359794,"data":"EDGE_TTA_ACTIVE views= 8 mean_abs_feat_delta= 0.372436\n"}
,{"stream_name":"stdout","time":2310.112156057,"data":"SECONDARY_EDGE_TTA_ACTIVE views= 8 weight= 0.75 mean_abs_feat_delta= 0.346114\n"}
,{"stream_name":"stdout","time":2310.116281055,"data":"BIOHUB_RETENTION_GUARD {\"blended_candidates\": 347, \"dataset\": \"44b6_2a2eff9f\", \"frame\": 94, \"minimum_retention\": 0.9, \"primary_candidates\": 485, \"retention\": 0.7154639175257732, \"use_primary\": true}\n"}
,{"stream_name":"stdout","time":2310.316236484,"data":"SECONDARY_EDGE_TTA_ACTIVE views= 8 weight= 0.75 mean_abs_feat_delta= 0.346114\n"}
,{"stream_name":"stdout","time":2310.316265662,"data":"BIOHUB_RETENTION_GUARD {\"blended_candidates\": 347, \"dataset\": \"44b6_2a2eff9f\", \"frame\": 94, \"minimum_retention\": 0.9, \"primary_candidates\": 485, \"retention\": 0.7154639175257732, \"use_primary\": true}\n"}
,{"stream_name":"stdout","time":2310.531647089,"data":"SECONDARY_EDGE_TTA_ACTIVE views= 8 weight= 0.75 mean_abs_feat_delta= 0.300667\n"}
,{"stream_name":"stdout","time":2310.734198012,"data":"SECONDARY_EDGE_TTA_ACTIVE views= 8 weight= 0.75 mean_abs_feat_delta= 0.300667\n"}
,{"stream_name":"stdout","time":2311.278488935,"data":"EDGE_TTA_ACTIVE views= 8 mean_abs_feat_delta= 0.374073\n"}
,{"stream_name":"stdout","time":2311.480972137,"data":"EDGE_TTA_ACTIVE views= 8 mean_abs_feat_delta= 0.374073\n"}
,{"stream_name":"stdout","time":2311.691884849,"data":"EDGE_TTA_ACTIVE views= 8 mean_abs_feat_delta= 0.366811\n"}
,{"stream_name":"stdout","time":2311.894297448,"data":"EDGE_TTA_ACTIVE views= 8 mean_abs_feat_delta= 0.366811\n"}
,{"stream_name":"stdout","time":2312.256916115,"data":"SECONDARY_EDGE_TTA_ACTIVE views= 8 weight= 0.75 mean_abs_feat_delta= 0.34937\n"}
,{"stream_name":"stdout","time":2312.261431928,"data":"BIOHUB_RETENTION_GUARD {\"blended_candidates\": 331, \"dataset\": \"44b6_2a2eff9f\", \"frame\": 95, \"minimum_retention\": 0.9, \"primary_candidates\": 472, \"retention\": 0.701271186440678, \"use_primary\": true}\n"}
,{"stream_name":"stdout","time":2312.459560136,"data":"SECONDARY_EDGE_TTA_ACTIVE views= 8 weight= 0.75 mean_abs_feat_delta= 0.34937\n"}
,{"stream_name":"stdout","time":2312.459629601,"data":"BIOHUB_RETENTION_GUARD {\"blended_candidates\": 331, \"dataset\": \"44b6_2a2eff9f\", \"frame\": 95, \"minimum_retention\": 0.9, \"primary_candidates\": 472, \"retention\": 0.701271186440678, \"use_primary\": true}\n"}
,{"stream_name":"stdout","time":2312.70489152,"data":"SECONDARY_EDGE_TTA_ACTIVE views= 8 weight= 0.75 mean_abs_feat_delta= 0.3046\n"}
,{"stream_name":"stdout","time":2312.907314421,"data":"SECONDARY_EDGE_TTA_ACTIVE views= 8 weight= 0.75 mean_abs_feat_delta= 0.3046\n"}
,{"stream_name":"stdout","time":2313.41014579,"data":"EDGE_TTA_ACTIVE views= 8 mean_abs_feat_delta= 0.3775\n"}
,{"stream_name":"stdout","time":2313.612636381,"data":"EDGE_TTA_ACTIVE views= 8 mean_abs_feat_delta= 0.3775\n"}
,{"stream_name":"stdout","time":2313.859217751,"data":"EDGE_TTA_ACTIVE views= 8 mean_abs_feat_delta= 0.372403\n"}
,{"stream_name":"stdout","time":2314.06154122,"data":"EDGE_TTA_ACTIVE views= 8 mean_abs_feat_delta= 0.372403\n"}
,{"stream_name":"stdout","time":2314.385043567,"data":"SECONDARY_EDGE_TTA_ACTIVE views= 8 weight= 0.75 mean_abs_feat_delta= 0.35536\n"}
,{"stream_name":"stdout","time":2314.38936944,"data":"BIOHUB_RETENTION_GUARD {\"blended_candidates\": 314, \"dataset\": \"44b6_2a2eff9f\", \"frame\": 96, \"minimum_retention\": 0.9, \"primary_candidates\": 456, \"retention\": 0.6885964912280702, \"use_primary\": true}\n"}
,{"stream_name":"stdout","time":2314.588034708,"data":"SECONDARY_EDGE_TTA_ACTIVE views= 8 weight= 0.75 mean_abs_feat_delta= 0.35536\n"}
,{"stream_name":"stdout","time":2314.588068032,"data":"BIOHUB_RETENTION_GUARD {\"blended_candidates\": 314, \"dataset\": \"44b6_2a2eff9f\", \"frame\": 96, \"minimum_retention\": 0.9, \"primary_candidates\": 456, \"retention\": 0.6885964912280702, \"use_primary\": true}\n"}
,{"stream_name":"stdout","time":2314.871065411,"data":"SECONDARY_EDGE_TTA_ACTIVE views= 8 weight= 0.75 mean_abs_feat_delta= 0.302573\n"}
,{"stream_name":"stdout","time":2315.073690614,"data":"SECONDARY_EDGE_TTA_ACTIVE views= 8 weight= 0.75 mean_abs_feat_delta= 0.302573\n"}
,{"stream_name":"stdout","time":2315.538818128,"data":"EDGE_TTA_ACTIVE views= 8 mean_abs_feat_delta= 0.375971\n"}
,{"stream_name":"stdout","time":2315.741147213,"data":"EDGE_TTA_ACTIVE views= 8 mean_abs_feat_delta= 0.375971\n"}
,{"stream_name":"stdout","time":2316.031349271,"data":"EDGE_TTA_ACTIVE views= 8 mean_abs_feat_delta= 0.369961\n"}
,{"stream_name":"stdout","time":2316.233856604,"data":"EDGE_TTA_ACTIVE views= 8 mean_abs_feat_delta= 0.369961\n"}
,{"stream_name":"stdout","time":2316.517746061,"data":"SECONDARY_EDGE_TTA_ACTIVE views= 8 weight= 0.75 mean_abs_feat_delta= 0.356483\n"}
,{"stream_name":"stdout","time":2316.521949096,"data":"BIOHUB_RETENTION_GUARD {\"blended_candidates\": 273, \"dataset\": \"44b6_2a2eff9f\", \"frame\": 97, \"minimum_retention\": 0.9, \"primary_candidates\": 430, \"retention\": 0.6348837209302326, \"use_primary\": true}\n"}
,{"stream_name":"stdout","time":2316.720202918,"data":"SECONDARY_EDGE_TTA_ACTIVE views= 8 weight= 0.75 mean_abs_feat_delta= 0.356483\n"}
,{"stream_name":"stdout","time":2316.720237225,"data":"BIOHUB_RETENTION_GUARD {\"blended_candidates\": 273, \"dataset\": \"44b6_2a2eff9f\", \"frame\": 97, \"minimum_retention\": 0.9, \"primary_candidates\": 430, \"retention\": 0.6348837209302326, \"use_primary\": true}\n"}
,{"stream_name":"stdout","time":2317.0438982,"data":"SECONDARY_EDGE_TTA_ACTIVE views= 8 weight= 0.75 mean_abs_feat_delta= 0.305405\n"}
,{"stream_name":"stdout","time":2317.246485325,"data":"SECONDARY_EDGE_TTA_ACTIVE views= 8 weight= 0.75 mean_abs_feat_delta= 0.305405\n"}
,{"stream_name":"stdout","time":2317.665042558,"data":"EDGE_TTA_ACTIVE views= 8 mean_abs_feat_delta= 0.373203\n"}
,{"stream_name":"stdout","time":2317.867339908,"data":"EDGE_TTA_ACTIVE views= 8 mean_abs_feat_delta= 0.373203\n"}
,{"stream_name":"stdout","time":2318.199915671,"data":"EDGE_TTA_ACTIVE views= 8 mean_abs_feat_delta= 0.367321\n"}
,{"stream_name":"stdout","time":2318.402492007,"data":"EDGE_TTA_ACTIVE views= 8 mean_abs_feat_delta= 0.367321\n"}
,{"stream_name":"stdout","time":2318.650065918,"data":"SECONDARY_EDGE_TTA_ACTIVE views= 8 weight= 0.75 mean_abs_feat_delta= 0.348601\n"}
,{"stream_name":"stdout","time":2318.654308504,"data":"BIOHUB_RETENTION_GUARD {\"blended_candidates\": 329, \"dataset\": \"44b6_2a2eff9f\", \"frame\": 98, \"minimum_retention\": 0.9, \"primary_candidates\": 480, \"retention\": 0.6854166666666667, \"use_primary\": true}\n"}
,{"stream_name":"stdout","time":2318.852394324,"data":"SECONDARY_EDGE_TTA_ACTIVE views= 8 weight= 0.75 mean_abs_feat_delta= 0.348601\n"}
,{"stream_name":"stdout","time":2318.852438142,"data":"BIOHUB_RETENTION_GUARD {\"blended_candidates\": 329, \"dataset\": \"44b6_2a2eff9f\", \"frame\": 98, \"minimum_retention\": 0.9, \"primary_candidates\": 480, \"retention\": 0.6854166666666667, \"use_primary\": true}\n"}
,{"stream_name":"stdout","time":2319.213893825,"data":"SECONDARY_EDGE_TTA_ACTIVE views= 8 weight= 0.75 mean_abs_feat_delta= 0.303752\n"}
,{"stream_name":"stdout","time":2319.416647612,"data":"SECONDARY_EDGE_TTA_ACTIVE views= 8 weight= 0.75 mean_abs_feat_delta= 0.303752\n"}
,{"stream_name":"stdout","time":2319.814068771,"data":"EDGE_TTA_ACTIVE views= 8 mean_abs_feat_delta= 0.368418\n"}
,{"stream_name":"stdout","time":2320.016616912,"data":"EDGE_TTA_ACTIVE views= 8 mean_abs_feat_delta= 0.368418\n"}
,{"stream_name":"stdout","time":2320.391801868,"data":"EDGE_TTA_ACTIVE views= 8 mean_abs_feat_delta= 0.3716\n"}
,{"stream_name":"stdout","time":2320.594227467,"data":"EDGE_TTA_ACTIVE views= 8 mean_abs_feat_delta= 0.3716\n"}
,{"stream_name":"stdout","time":2320.805618946,"data":"SECONDARY_EDGE_TTA_ACTIVE views= 8 weight= 0.75 mean_abs_feat_delta= 0.350592\n"}
,{"stream_name":"stdout","time":2320.809883195,"data":"BIOHUB_RETENTION_GUARD {\"blended_candidates\": 263, \"dataset\": \"44b6_2a2eff9f\", \"frame\": 99, \"minimum_retention\": 0.9, \"primary_candidates\": 441, \"retention\": 0.5963718820861678, \"use_primary\": true}\n"}
,{"stream_name":"stdout","time":2321.009820563,"data":"SECONDARY_EDGE_TTA_ACTIVE views= 8 weight= 0.75 mean_abs_feat_delta= 0.350592\n"}
,{"stream_name":"stdout","time":2321.009841418,"data":"BIOHUB_RETENTION_GUARD {\"blended_candidates\": 263, \"dataset\": \"44b6_2a2eff9f\", \"frame\": 99, \"minimum_retention\": 0.9, \"primary_candidates\": 441, \"retention\": 0.5963718820861678, \"use_primary\": true}\n"}
,{"stream_name":"stdout","time":2321.40153297,"data":"SECONDARY_EDGE_TTA_ACTIVE views= 8 weight= 0.75 mean_abs_feat_delta= 0.298977\n"}
,{"stream_name":"stdout","time":2321.604243492,"data":"SECONDARY_EDGE_TTA_ACTIVE views= 8 weight= 0.75 mean_abs_feat_delta= 0.298977\n"}
,{"stream_name":"stdout","time":2322.567346592,"data":"EDGE_TTA_ACTIVE views= 8 mean_abs_feat_delta= 0.377221\n"}
,{"stream_name":"stdout","time":2322.770733191,"data":"EDGE_TTA_ACTIVE views= 8 mean_abs_feat_delta= 0.377221\n"}
,{"stream_name":"stdout","time":2323.578783713,"data":"SECONDARY_EDGE_TTA_ACTIVE views= 8 weight= 0.75 mean_abs_feat_delta= 0.298543\n"}
,{"stream_name":"stdout","time":2323.782729474,"data":"SECONDARY_EDGE_TTA_ACTIVE views= 8 weight= 0.75 mean_abs_feat_delta= 0.298543\n"}
,{"stream_name":"stdout","time":2324.859339099,"data":"EDGE_TTA_ACTIVE views= 8 mean_abs_feat_delta= 0.367526\n"}
,{"stream_name":"stdout","time":2325.062151837,"data":"EDGE_TTA_ACTIVE views= 8 mean_abs_feat_delta= 0.367526\n"}
,{"stream_name":"stdout","time":2325.872958001,"data":"SECONDARY_EDGE_TTA_ACTIVE views= 8 weight= 0.75 mean_abs_feat_delta= 0.299321\n"}
,{"stream_name":"stdout","time":2326.075480653,"data":"SECONDARY_EDGE_TTA_ACTIVE views= 8 weight= 0.75 mean_abs_feat_delta= 0.299321\n"}
,{"stream_name":"stdout","time":2327.148158972,"data":"EDGE_TTA_ACTIVE views= 8 mean_abs_feat_delta= 0.36533\n"}
,{"stream_name":"stdout","time":2327.349982437,"data":"EDGE_TTA_ACTIVE views= 8 mean_abs_feat_delta= 0.36533\n"}
,{"stream_name":"stdout","time":2328.162916914,"data":"SECONDARY_EDGE_TTA_ACTIVE views= 8 weight= 0.75 mean_abs_feat_delta= 0.298681\n"}
,{"stream_name":"stdout","time":2328.366294255,"data":"SECONDARY_EDGE_TTA_ACTIVE views= 8 weight= 0.75 mean_abs_feat_delta= 0.298681\n"}
,{"stream_name":"stdout","time":2329.433240905,"data":"EDGE_TTA_ACTIVE views= 8 mean_abs_feat_delta= 0.361139\n"}
,{"stream_name":"stdout","time":2329.635848172,"data":"EDGE_TTA_ACTIVE views= 8 mean_abs_feat_delta= 0.361139\n"}
,{"stream_name":"stdout","time":2330.445513888,"data":"SECONDARY_EDGE_TTA_ACTIVE views= 8 weight= 0.75 mean_abs_feat_delta= 0.301725\n"}
,{"stream_name":"stdout","time":2330.450457753,"data":"BIOHUB_RETENTION_GUARD {\"blended_candidates\": 346, \"dataset\": \"6bba_07e24132\", \"frame\": 25, \"minimum_retention\": 0.9, \"primary_candidates\": 385, \"retention\": 0.8987012987012987, \"use_primary\": true}\n"}
,{"stream_name":"stdout","time":2330.762152238,"data":"SECONDARY_EDGE_TTA_ACTIVE views= 8 weight= 0.75 mean_abs_feat_delta= 0.301725\n"}
,{"stream_name":"stdout","time":2330.762180182,"data":"BIOHUB_RETENTION_GUARD {\"blended_candidates\": 346, \"dataset\": \"6bba_07e24132\", \"frame\": 25, \"minimum_retention\": 0.9, \"primary_candidates\": 385, \"retention\": 0.8987012987012987, \"use_primary\": true}\n"}
,{"stream_name":"stdout","time":2331.750512655,"data":"EDGE_TTA_ACTIVE views= 8 mean_abs_feat_delta= 0.365877\n"}
,{"stream_name":"stdout","time":2331.953138687,"data":"EDGE_TTA_ACTIVE views= 8 mean_abs_feat_delta= 0.365877\n"}
,{"stream_name":"stdout","time":2332.765558055,"data":"SECONDARY_EDGE_TTA_ACTIVE views= 8 weight= 0.75 mean_abs_feat_delta= 0.295034\n"}
,{"stream_name":"stdout","time":2332.967966212,"data":"SECONDARY_EDGE_TTA_ACTIVE views= 8 weight= 0.75 mean_abs_feat_delta= 0.295034\n"}
,{"stream_name":"stdout","time":2334.054781873,"data":"EDGE_TTA_ACTIVE views= 8 mean_abs_feat_delta= 0.362794\n"}
,{"stream_name":"stdout","time":2334.257821192,"data":"EDGE_TTA_ACTIVE views= 8 mean_abs_feat_delta= 0.362794\n"}
,{"stream_name":"stdout","time":2335.07255897,"data":"SECONDARY_EDGE_TTA_ACTIVE views= 8 weight= 0.75 mean_abs_feat_delta= 0.291798\n"}
,{"stream_name":"stdout","time":2335.27485254,"data":"SECONDARY_EDGE_TTA_ACTIVE views= 8 weight= 0.75 mean_abs_feat_delta= 0.291798\n"}
,{"stream_name":"stdout","time":2336.231485,"data":"EDGE_TTA_ACTIVE views= 8 mean_abs_feat_delta= 0.362408\n"}
,{"stream_name":"stdout","time":2336.434675312,"data":"EDGE_TTA_ACTIVE views= 8 mean_abs_feat_delta= 0.362408\n"}
,{"stream_name":"stdout","time":2337.244547459,"data":"SECONDARY_EDGE_TTA_ACTIVE views= 8 weight= 0.75 mean_abs_feat_delta= 0.295109\n"}
,{"stream_name":"stdout","time":2337.447618548,"data":"SECONDARY_EDGE_TTA_ACTIVE views= 8 weight= 0.75 mean_abs_feat_delta= 0.295109\n"}
,{"stream_name":"stdout","time":2338.401739738,"data":"EDGE_TTA_ACTIVE views= 8 mean_abs_feat_delta= 0.367601\n"}
,{"stream_name":"stdout","time":2338.604867933,"data":"EDGE_TTA_ACTIVE views= 8 mean_abs_feat_delta= 0.367601\n"}
,{"stream_name":"stdout","time":2339.41549151,"data":"SECONDARY_EDGE_TTA_ACTIVE views= 8 weight= 0.75 mean_abs_feat_delta= 0.300995\n"}
,{"stream_name":"stdout","time":2339.618006556,"data":"SECONDARY_EDGE_TTA_ACTIVE views= 8 weight= 0.75 mean_abs_feat_delta= 0.300995\n"}
,{"stream_name":"stdout","time":2340.56508672,"data":"EDGE_TTA_ACTIVE views= 8 mean_abs_feat_delta= 0.365322\n"}
,{"stream_name":"stdout","time":2340.768295435,"data":"EDGE_TTA_ACTIVE views= 8 mean_abs_feat_delta= 0.365322\n"}
,{"stream_name":"stdout","time":2341.581007741,"data":"SECONDARY_EDGE_TTA_ACTIVE views= 8 weight= 0.75 mean_abs_feat_delta= 0.298058\n"}
,{"stream_name":"stdout","time":2341.783670307,"data":"SECONDARY_EDGE_TTA_ACTIVE views= 8 weight= 0.75 mean_abs_feat_delta= 0.298058\n"}
,{"stream_name":"stdout","time":2342.725159327,"data":"EDGE_TTA_ACTIVE views= 8 mean_abs_feat_delta= 0.36152\n"}
,{"stream_name":"stdout","time":2342.92790704,"data":"EDGE_TTA_ACTIVE views= 8 mean_abs_feat_delta= 0.36152\n"}
,{"stream_name":"stdout","time":2343.742949983,"data":"SECONDARY_EDGE_TTA_ACTIVE views= 8 weight= 0.75 mean_abs_feat_delta= 0.294072\n"}
,{"stream_name":"stdout","time":2343.945679739,"data":"SECONDARY_EDGE_TTA_ACTIVE views= 8 weight= 0.75 mean_abs_feat_delta= 0.294072\n"}
,{"stream_name":"stdout","time":2344.886574788,"data":"EDGE_TTA_ACTIVE views= 8 mean_abs_feat_delta= 0.36354\n"}
,{"stream_name":"stdout","time":2345.089331226,"data":"EDGE_TTA_ACTIVE views= 8 mean_abs_feat_delta= 0.36354\n"}
,{"stream_name":"stdout","time":2345.90691026,"data":"SECONDARY_EDGE_TTA_ACTIVE views= 8 weight= 0.75 mean_abs_feat_delta= 0.298179\n"}
,{"stream_name":"stdout","time":2346.109703054,"data":"SECONDARY_EDGE_TTA_ACTIVE views= 8 weight= 0.75 mean_abs_feat_delta= 0.298179\n"}
,{"stream_name":"stdout","time":2347.078168063,"data":"EDGE_TTA_ACTIVE views= 8 mean_abs_feat_delta= 0.364059\n"}
,{"stream_name":"stdout","time":2347.280932412,"data":"EDGE_TTA_ACTIVE views= 8 mean_abs_feat_delta= 0.364059\n"}
,{"stream_name":"stdout","time":2348.096814087,"data":"SECONDARY_EDGE_TTA_ACTIVE views= 8 weight= 0.75 mean_abs_feat_delta= 0.296007\n"}
,{"stream_name":"stdout","time":2348.299549295,"data":"SECONDARY_EDGE_TTA_ACTIVE views= 8 weight= 0.75 mean_abs_feat_delta= 0.296007\n"}
,{"stream_name":"stdout","time":2349.235734703,"data":"EDGE_TTA_ACTIVE views= 8 mean_abs_feat_delta= 0.368446\n"}
,{"stream_name":"stdout","time":2349.438221778,"data":"EDGE_TTA_ACTIVE views= 8 mean_abs_feat_delta= 0.368446\n"}
,{"stream_name":"stdout","time":2350.251971364,"data":"SECONDARY_EDGE_TTA_ACTIVE views= 8 weight= 0.75 mean_abs_feat_delta= 0.296913\n"}
,{"stream_name":"stdout","time":2350.454729758,"data":"SECONDARY_EDGE_TTA_ACTIVE views= 8 weight= 0.75 mean_abs_feat_delta= 0.296913\n"}
,{"stream_name":"stdout","time":2351.406665509,"data":"EDGE_TTA_ACTIVE views= 8 mean_abs_feat_delta= 0.363814\n"}
,{"stream_name":"stdout","time":2351.609724205,"data":"EDGE_TTA_ACTIVE views= 8 mean_abs_feat_delta= 0.363814\n"}
,{"stream_name":"stdout","time":2352.423066171,"data":"SECONDARY_EDGE_TTA_ACTIVE views= 8 weight= 0.75 mean_abs_feat_delta= 0.298868\n"}
,{"stream_name":"stdout","time":2352.625691297,"data":"SECONDARY_EDGE_TTA_ACTIVE views= 8 weight= 0.75 mean_abs_feat_delta= 0.298868\n"}
,{"stream_name":"stdout","time":2353.574003482,"data":"EDGE_TTA_ACTIVE views= 8 mean_abs_feat_delta= 0.363628\n"}
,{"stream_name":"stdout","time":2353.776608335,"data":"EDGE_TTA_ACTIVE views= 8 mean_abs_feat_delta= 0.363628\n"}
,{"stream_name":"stdout","time":2354.591169614,"data":"SECONDARY_EDGE_TTA_ACTIVE views= 8 weight= 0.75 mean_abs_feat_delta= 0.296191\n"}
,{"stream_name":"stdout","time":2354.794781454,"data":"SECONDARY_EDGE_TTA_ACTIVE views= 8 weight= 0.75 mean_abs_feat_delta= 0.296191\n"}
,{"stream_name":"stdout","time":2355.774790988,"data":"EDGE_TTA_ACTIVE views= 8 mean_abs_feat_delta= 0.363938\n"}
,{"stream_name":"stdout","time":2355.977052237,"data":"EDGE_TTA_ACTIVE views= 8 mean_abs_feat_delta= 0.363938\n"}
,{"stream_name":"stdout","time":2356.718395827,"data":"EDGE_TTA_ACTIVE views= 8 mean_abs_feat_delta= 0.308598\n"}
,{"stream_name":"stdout","time":2356.791849767,"data":"SECONDARY_EDGE_TTA_ACTIVE views= 8 weight= 0.75 mean_abs_feat_delta= 0.296388\n"}
,{"stream_name":"stdout","time":2356.920970648,"data":"EDGE_TTA_ACTIVE views= 8 mean_abs_feat_delta= 0.308598\n"}
,{"stream_name":"stdout","time":2356.92099954,"data":"SECONDARY_EDGE_TTA_ACTIVE views= 8 weight= 0.75 mean_abs_feat_delta= 0.296388\n"}
,{"stream_name":"stdout","time":2357.651911794,"data":"SECONDARY_EDGE_TTA_ACTIVE views= 8 weight= 0.75 mean_abs_feat_delta= 0.235238\n"}
,{"stream_name":"stdout","time":2357.85444173,"data":"SECONDARY_EDGE_TTA_ACTIVE views= 8 weight= 0.75 mean_abs_feat_delta= 0.235238\n"}
,{"stream_name":"stdout","time":2357.96392781,"data":"EDGE_TTA_ACTIVE views= 8 mean_abs_feat_delta= 0.361773\n"}
,{"stream_name":"stdout","time":2358.166421731,"data":"EDGE_TTA_ACTIVE views= 8 mean_abs_feat_delta= 0.361773\n"}
,{"stream_name":"stdout","time":2358.670016577,"data":"EDGE_TTA_ACTIVE views= 8 mean_abs_feat_delta= 0.306061\n"}
,{"stream_name":"stdout","time":2358.87248763,"data":"EDGE_TTA_ACTIVE views= 8 mean_abs_feat_delta= 0.306061\n"}
,{"stream_name":"stdout","time":2358.982449142,"data":"SECONDARY_EDGE_TTA_ACTIVE views= 8 weight= 0.75 mean_abs_feat_delta= 0.292039\n"}
,{"stream_name":"stdout","time":2359.185459525,"data":"SECONDARY_EDGE_TTA_ACTIVE views= 8 weight= 0.75 mean_abs_feat_delta= 0.292039\n"}
,{"stream_name":"stdout","time":2359.609119664,"data":"SECONDARY_EDGE_TTA_ACTIVE views= 8 weight= 0.75 mean_abs_feat_delta= 0.233924\n"}
,{"stream_name":"stdout","time":2359.811695271,"data":"SECONDARY_EDGE_TTA_ACTIVE views= 8 weight= 0.75 mean_abs_feat_delta= 0.233924\n"}
,{"stream_name":"stdout","time":2360.171720194,"data":"EDGE_TTA_ACTIVE views= 8 mean_abs_feat_delta= 0.358532\n"}
,{"stream_name":"stdout","time":2360.373998736,"data":"EDGE_TTA_ACTIVE views= 8 mean_abs_feat_delta= 0.358532\n"}
,{"stream_name":"stdout","time":2360.64499618,"data":"EDGE_TTA_ACTIVE views= 8 mean_abs_feat_delta= 0.308745\n"}
,{"stream_name":"stdout","time":2360.951630696,"data":"EDGE_TTA_ACTIVE views= 8 mean_abs_feat_delta= 0.308745\n"}
,{"stream_name":"stdout","time":2361.189921857,"data":"SECONDARY_EDGE_TTA_ACTIVE views= 8 weight= 0.75 mean_abs_feat_delta= 0.286652\n"}
,{"stream_name":"stdout","time":2361.392551426,"data":"SECONDARY_EDGE_TTA_ACTIVE views= 8 weight= 0.75 mean_abs_feat_delta= 0.286652\n"}
,{"stream_name":"stdout","time":2361.583560004,"data":"SECONDARY_EDGE_TTA_ACTIVE views= 8 weight= 0.75 mean_abs_feat_delta= 0.231145\n"}
,{"stream_name":"stdout","time":2361.786000046,"data":"SECONDARY_EDGE_TTA_ACTIVE views= 8 weight= 0.75 mean_abs_feat_delta= 0.231145\n"}
,{"stream_name":"stdout","time":2362.337997889,"data":"EDGE_TTA_ACTIVE views= 8 mean_abs_feat_delta= 0.351285\n"}
,{"stream_name":"stdout","time":2362.540629012,"data":"EDGE_TTA_ACTIVE views= 8 mean_abs_feat_delta= 0.351285\n"}
,{"stream_name":"stdout","time":2362.632273459,"data":"EDGE_TTA_ACTIVE views= 8 mean_abs_feat_delta= 0.304609\n"}
,{"stream_name":"stdout","time":2362.834622538,"data":"EDGE_TTA_ACTIVE views= 8 mean_abs_feat_delta= 0.304609\n"}
,{"stream_name":"stdout","time":2363.357580067,"data":"SECONDARY_EDGE_TTA_ACTIVE views= 8 weight= 0.75 mean_abs_feat_delta= 0.28757\n"}
,{"stream_name":"stdout","time":2363.56005315,"data":"SECONDARY_EDGE_TTA_ACTIVE views= 8 weight= 0.75 mean_abs_feat_delta= 0.28757\n"}
,{"stream_name":"stdout","time":2363.572407596,"data":"SECONDARY_EDGE_TTA_ACTIVE views= 8 weight= 0.75 mean_abs_feat_delta= 0.235368\n"}
,{"stream_name":"stdout","time":2363.774874431,"data":"SECONDARY_EDGE_TTA_ACTIVE views= 8 weight= 0.75 mean_abs_feat_delta= 0.235368\n"}
,{"stream_name":"stdout","time":2364.528210077,"data":"EDGE_TTA_ACTIVE views= 8 mean_abs_feat_delta= 0.360479\n"}
,{"stream_name":"stdout","time":2364.582031942,"data":"EDGE_TTA_ACTIVE views= 8 mean_abs_feat_delta= 0.307497\n"}
,{"stream_name":"stdout","time":2364.730728655,"data":"EDGE_TTA_ACTIVE views= 8 mean_abs_feat_delta= 0.360479\n"}
,{"stream_name":"stdout","time":2364.730751875,"data":"EDGE_TTA_ACTIVE views= 8 mean_abs_feat_delta= 0.307497\n"}
,{"stream_name":"stdout","time":2365.530459761,"data":"SECONDARY_EDGE_TTA_ACTIVE views= 8 weight= 0.75 mean_abs_feat_delta= 0.230657\n"}
,{"stream_name":"stdout","time":2365.54747993,"data":"SECONDARY_EDGE_TTA_ACTIVE views= 8 weight= 0.75 mean_abs_feat_delta= 0.282995\n"}
,{"stream_name":"stdout","time":2365.733053565,"data":"SECONDARY_EDGE_TTA_ACTIVE views= 8 weight= 0.75 mean_abs_feat_delta= 0.230657\n"}
,{"stream_name":"stdout","time":2365.733084563,"data":"SECONDARY_EDGE_TTA_ACTIVE views= 8 weight= 0.75 mean_abs_feat_delta= 0.282995\n"}
,{"stream_name":"stdout","time":2366.56888763,"data":"EDGE_TTA_ACTIVE views= 8 mean_abs_feat_delta= 0.305817\n"}
,{"stream_name":"stdout","time":2366.696950038,"data":"EDGE_TTA_ACTIVE views= 8 mean_abs_feat_delta= 0.362454\n"}
,{"stream_name":"stdout","time":2366.771496159,"data":"EDGE_TTA_ACTIVE views= 8 mean_abs_feat_delta= 0.305817\n"}
,{"stream_name":"stdout","time":2366.77152049,"data":"EDGE_TTA_ACTIVE views= 8 mean_abs_feat_delta= 0.362454\n"}
,{"stream_name":"stdout","time":2367.517360163,"data":"SECONDARY_EDGE_TTA_ACTIVE views= 8 weight= 0.75 mean_abs_feat_delta= 0.228222\n"}
,{"stream_name":"stdout","time":2367.715291479,"data":"SECONDARY_EDGE_TTA_ACTIVE views= 8 weight= 0.75 mean_abs_feat_delta= 0.285657\n"}
,{"stream_name":"stdout","time":2367.720202081,"data":"SECONDARY_EDGE_TTA_ACTIVE views= 8 weight= 0.75 mean_abs_feat_delta= 0.228222\n"}
,{"stream_name":"stdout","time":2367.720224735,"data":"SECONDARY_EDGE_TTA_ACTIVE views= 8 weight= 0.75 mean_abs_feat_delta= 0.285657\n"}
,{"stream_name":"stdout","time":2368.537497343,"data":"EDGE_TTA_ACTIVE views= 8 mean_abs_feat_delta= 0.304907\n"}
,{"stream_name":"stdout","time":2368.739608481,"data":"EDGE_TTA_ACTIVE views= 8 mean_abs_feat_delta= 0.304907\n"}
,{"stream_name":"stdout","time":2368.85842484,"data":"EDGE_TTA_ACTIVE views= 8 mean_abs_feat_delta= 0.364162\n"}
,{"stream_name":"stdout","time":2369.06069339,"data":"EDGE_TTA_ACTIVE views= 8 mean_abs_feat_delta= 0.364162\n"}
,{"stream_name":"stdout","time":2369.485159646,"data":"SECONDARY_EDGE_TTA_ACTIVE views= 8 weight= 0.75 mean_abs_feat_delta= 0.229735\n"}
,{"stream_name":"stdout","time":2369.687639272,"data":"SECONDARY_EDGE_TTA_ACTIVE views= 8 weight= 0.75 mean_abs_feat_delta= 0.229735\n"}
,{"stream_name":"stdout","time":2369.87775805,"data":"SECONDARY_EDGE_TTA_ACTIVE views= 8 weight= 0.75 mean_abs_feat_delta= 0.287231\n"}
,{"stream_name":"stdout","time":2370.080272291,"data":"SECONDARY_EDGE_TTA_ACTIVE views= 8 weight= 0.75 mean_abs_feat_delta= 0.287231\n"}
,{"stream_name":"stdout","time":2370.501199538,"data":"EDGE_TTA_ACTIVE views= 8 mean_abs_feat_delta= 0.308807\n"}
,{"stream_name":"stdout","time":2370.703565728,"data":"EDGE_TTA_ACTIVE views= 8 mean_abs_feat_delta= 0.308807\n"}
,{"stream_name":"stdout","time":2371.016261977,"data":"EDGE_TTA_ACTIVE views= 8 mean_abs_feat_delta= 0.359506\n"}
,{"stream_name":"stdout","time":2371.218980397,"data":"EDGE_TTA_ACTIVE views= 8 mean_abs_feat_delta= 0.359506\n"}
,{"stream_name":"stdout","time":2371.451623797,"data":"SECONDARY_EDGE_TTA_ACTIVE views= 8 weight= 0.75 mean_abs_feat_delta= 0.240832\n"}
,{"stream_name":"stdout","time":2371.654147497,"data":"SECONDARY_EDGE_TTA_ACTIVE views= 8 weight= 0.75 mean_abs_feat_delta= 0.240832\n"}
,{"stream_name":"stdout","time":2372.038283081,"data":"SECONDARY_EDGE_TTA_ACTIVE views= 8 weight= 0.75 mean_abs_feat_delta= 0.285464\n"}
,{"stream_name":"stdout","time":2372.240751927,"data":"SECONDARY_EDGE_TTA_ACTIVE views= 8 weight= 0.75 mean_abs_feat_delta= 0.285464\n"}
,{"stream_name":"stdout","time":2372.476658453,"data":"EDGE_TTA_ACTIVE views= 8 mean_abs_feat_delta= 0.310951\n"}
,{"stream_name":"stdout","time":2372.678737508,"data":"EDGE_TTA_ACTIVE views= 8 mean_abs_feat_delta= 0.310951\n"}
,{"stream_name":"stdout","time":2373.175024318,"data":"EDGE_TTA_ACTIVE views= 8 mean_abs_feat_delta= 0.35949\n"}
,{"stream_name":"stdout","time":2373.377466407,"data":"EDGE_TTA_ACTIVE views= 8 mean_abs_feat_delta= 0.35949\n"}
,{"stream_name":"stdout","time":2373.428837756,"data":"SECONDARY_EDGE_TTA_ACTIVE views= 8 weight= 0.75 mean_abs_feat_delta= 0.228621\n"}
,{"stream_name":"stdout","time":2373.631344534,"data":"SECONDARY_EDGE_TTA_ACTIVE views= 8 weight= 0.75 mean_abs_feat_delta= 0.228621\n"}
,{"stream_name":"stdout","time":2374.195917731,"data":"SECONDARY_EDGE_TTA_ACTIVE views= 8 weight= 0.75 mean_abs_feat_delta= 0.287006\n"}
,{"stream_name":"stdout","time":2374.39843645,"data":"SECONDARY_EDGE_TTA_ACTIVE views= 8 weight= 0.75 mean_abs_feat_delta= 0.287006\n"}
,{"stream_name":"stdout","time":2374.490819565,"data":"EDGE_TTA_ACTIVE views= 8 mean_abs_feat_delta= 0.310755\n"}
,{"stream_name":"stdout","time":2374.693044152,"data":"EDGE_TTA_ACTIVE views= 8 mean_abs_feat_delta= 0.310755\n"}
,{"stream_name":"stdout","time":2375.354487805,"data":"EDGE_TTA_ACTIVE views= 8 mean_abs_feat_delta= 0.357818\n"}
,{"stream_name":"stdout","time":2375.463198563,"data":"SECONDARY_EDGE_TTA_ACTIVE views= 8 weight= 0.75 mean_abs_feat_delta= 0.233666\n"}
,{"stream_name":"stdout","time":2375.55818992,"data":"EDGE_TTA_ACTIVE views= 8 mean_abs_feat_delta= 0.357818\n"}
,{"stream_name":"stdout","time":2375.558217193,"data":"SECONDARY_EDGE_TTA_ACTIVE views= 8 weight= 0.75 mean_abs_feat_delta= 0.233666\n"}
,{"stream_name":"stdout","time":2376.376155017,"data":"SECONDARY_EDGE_TTA_ACTIVE views= 8 weight= 0.75 mean_abs_feat_delta= 0.288782\n"}
,{"stream_name":"stdout","time":2376.488803239,"data":"EDGE_TTA_ACTIVE views= 8 mean_abs_feat_delta= 0.309742\n"}
,{"stream_name":"stdout","time":2376.578568638,"data":"SECONDARY_EDGE_TTA_ACTIVE views= 8 weight= 0.75 mean_abs_feat_delta= 0.288782\n"}
,{"stream_name":"stdout","time":2376.578634532,"data":"EDGE_TTA_ACTIVE views= 8 mean_abs_feat_delta= 0.309742\n"}
,{"stream_name":"stdout","time":2377.443627131,"data":"SECONDARY_EDGE_TTA_ACTIVE views= 8 weight= 0.75 mean_abs_feat_delta= 0.22982\n"}
,{"stream_name":"stdout","time":2377.512964147,"data":"EDGE_TTA_ACTIVE views= 8 mean_abs_feat_delta= 0.355461\n"}
,{"stream_name":"stdout","time":2377.645864193,"data":"SECONDARY_EDGE_TTA_ACTIVE views= 8 weight= 0.75 mean_abs_feat_delta= 0.22982\n"}
,{"stream_name":"stdout","time":2377.64589186,"data":"EDGE_TTA_ACTIVE views= 8 mean_abs_feat_delta= 0.355461\n"}
,{"stream_name":"stdout","time":2378.494689087,"data":"EDGE_TTA_ACTIVE views= 8 mean_abs_feat_delta= 0.306057\n"}
,{"stream_name":"stdout","time":2378.531501686,"data":"SECONDARY_EDGE_TTA_ACTIVE views= 8 weight= 0.75 mean_abs_feat_delta= 0.292604\n"}
,{"stream_name":"stdout","time":2378.697529724,"data":"EDGE_TTA_ACTIVE views= 8 mean_abs_feat_delta= 0.306057\n"}
,{"stream_name":"stdout","time":2378.697562416,"data":"SECONDARY_EDGE_TTA_ACTIVE views= 8 weight= 0.75 mean_abs_feat_delta= 0.292604\n"}
,{"stream_name":"stdout","time":2379.447073603,"data":"SECONDARY_EDGE_TTA_ACTIVE views= 8 weight= 0.75 mean_abs_feat_delta= 0.231534\n"}
,{"stream_name":"stdout","time":2379.649652057,"data":"SECONDARY_EDGE_TTA_ACTIVE views= 8 weight= 0.75 mean_abs_feat_delta= 0.231534\n"}
,{"stream_name":"stdout","time":2379.660045633,"data":"EDGE_TTA_ACTIVE views= 8 mean_abs_feat_delta= 0.357087\n"}
,{"stream_name":"stdout","time":2379.862334895,"data":"EDGE_TTA_ACTIVE views= 8 mean_abs_feat_delta= 0.357087\n"}
,{"stream_name":"stdout","time":2380.468105278,"data":"EDGE_TTA_ACTIVE views= 8 mean_abs_feat_delta= 0.296534\n"}
,{"stream_name":"stdout","time":2380.670503926,"data":"EDGE_TTA_ACTIVE views= 8 mean_abs_feat_delta= 0.296534\n"}
,{"stream_name":"stdout","time":2380.677496408,"data":"SECONDARY_EDGE_TTA_ACTIVE views= 8 weight= 0.75 mean_abs_feat_delta= 0.293479\n"}
,{"stream_name":"stdout","time":2380.880139167,"data":"SECONDARY_EDGE_TTA_ACTIVE views= 8 weight= 0.75 mean_abs_feat_delta= 0.293479\n"}
,{"stream_name":"stdout","time":2381.422890673,"data":"SECONDARY_EDGE_TTA_ACTIVE views= 8 weight= 0.75 mean_abs_feat_delta= 0.245119\n"}
,{"stream_name":"stdout","time":2381.625430063,"data":"SECONDARY_EDGE_TTA_ACTIVE views= 8 weight= 0.75 mean_abs_feat_delta= 0.245119\n"}
,{"stream_name":"stdout","time":2381.839081102,"data":"EDGE_TTA_ACTIVE views= 8 mean_abs_feat_delta= 0.360762\n"}
,{"stream_name":"stdout","time":2382.041470018,"data":"EDGE_TTA_ACTIVE views= 8 mean_abs_feat_delta= 0.360762\n"}
,{"stream_name":"stdout","time":2382.4395144,"data":"EDGE_TTA_ACTIVE views= 8 mean_abs_feat_delta= 0.299863\n"}
,{"stream_name":"stdout","time":2382.641898386,"data":"EDGE_TTA_ACTIVE views= 8 mean_abs_feat_delta= 0.299863\n"}
,{"stream_name":"stdout","time":2382.851336538,"data":"SECONDARY_EDGE_TTA_ACTIVE views= 8 weight= 0.75 mean_abs_feat_delta= 0.294173\n"}
,{"stream_name":"stdout","time":2383.053582436,"data":"SECONDARY_EDGE_TTA_ACTIVE views= 8 weight= 0.75 mean_abs_feat_delta= 0.294173\n"}
,{"stream_name":"stdout","time":2383.392434303,"data":"SECONDARY_EDGE_TTA_ACTIVE views= 8 weight= 0.75 mean_abs_feat_delta= 0.235487\n"}
,{"stream_name":"stdout","time":2383.59496038,"data":"SECONDARY_EDGE_TTA_ACTIVE views= 8 weight= 0.75 mean_abs_feat_delta= 0.235487\n"}
,{"stream_name":"stdout","time":2384.01929981,"data":"EDGE_TTA_ACTIVE views= 8 mean_abs_feat_delta= 0.361484\n"}
,{"stream_name":"stdout","time":2384.221768052,"data":"EDGE_TTA_ACTIVE views= 8 mean_abs_feat_delta= 0.361484\n"}
,{"stream_name":"stdout","time":2384.416337617,"data":"EDGE_TTA_ACTIVE views= 8 mean_abs_feat_delta= 0.304396\n"}
,{"stream_name":"stdout","time":2384.618549093,"data":"EDGE_TTA_ACTIVE views= 8 mean_abs_feat_delta= 0.304396\n"}
,{"stream_name":"stdout","time":2385.038398577,"data":"SECONDARY_EDGE_TTA_ACTIVE views= 8 weight= 0.75 mean_abs_feat_delta= 0.289321\n"}
,{"stream_name":"stdout","time":2385.240807028,"data":"SECONDARY_EDGE_TTA_ACTIVE views= 8 weight= 0.75 mean_abs_feat_delta= 0.289321\n"}
,{"stream_name":"stdout","time":2385.368769364,"data":"SECONDARY_EDGE_TTA_ACTIVE views= 8 weight= 0.75 mean_abs_feat_delta= 0.23596\n"}
,{"stream_name":"stdout","time":2385.571243275,"data":"SECONDARY_EDGE_TTA_ACTIVE views= 8 weight= 0.75 mean_abs_feat_delta= 0.23596\n"}
,{"stream_name":"stdout","time":2386.180627497,"data":"EDGE_TTA_ACTIVE views= 8 mean_abs_feat_delta= 0.359618\n"}
,{"stream_name":"stdout","time":2386.383057102,"data":"EDGE_TTA_ACTIVE views= 8 mean_abs_feat_delta= 0.359618\n"}
,{"stream_name":"stdout","time":2386.390238884,"data":"EDGE_TTA_ACTIVE views= 8 mean_abs_feat_delta= 0.30234\n"}
,{"stream_name":"stdout","time":2386.59252824,"data":"EDGE_TTA_ACTIVE views= 8 mean_abs_feat_delta= 0.30234\n"}
,{"stream_name":"stdout","time":2387.198733218,"data":"SECONDARY_EDGE_TTA_ACTIVE views= 8 weight= 0.75 mean_abs_feat_delta= 0.284765\n"}
,{"stream_name":"stdout","time":2387.349591968,"data":"SECONDARY_EDGE_TTA_ACTIVE views= 8 weight= 0.75 mean_abs_feat_delta= 0.231275\n"}
,{"stream_name":"stdout","time":2387.400994066,"data":"SECONDARY_EDGE_TTA_ACTIVE views= 8 weight= 0.75 mean_abs_feat_delta= 0.284765\n"}
,{"stream_name":"stdout","time":2387.401020856,"data":"SECONDARY_EDGE_TTA_ACTIVE views= 8 weight= 0.75 mean_abs_feat_delta= 0.231275\n"}
,{"stream_name":"stdout","time":2388.338544868,"data":"EDGE_TTA_ACTIVE views= 8 mean_abs_feat_delta= 0.35678\n"}
,{"stream_name":"stdout","time":2388.40475572,"data":"EDGE_TTA_ACTIVE views= 8 mean_abs_feat_delta= 0.29722\n"}
,{"stream_name":"stdout","time":2388.541075016,"data":"EDGE_TTA_ACTIVE views= 8 mean_abs_feat_delta= 0.35678\n"}
,{"stream_name":"stdout","time":2388.541129392,"data":"EDGE_TTA_ACTIVE views= 8 mean_abs_feat_delta= 0.29722\n"}
,{"stream_name":"stdout","time":2389.353410442,"data":"SECONDARY_EDGE_TTA_ACTIVE views= 8 weight= 0.75 mean_abs_feat_delta= 0.287546\n"}
,{"stream_name":"stdout","time":2389.359246504,"data":"SECONDARY_EDGE_TTA_ACTIVE views= 8 weight= 0.75 mean_abs_feat_delta= 0.234748\n"}
,{"stream_name":"stdout","time":2389.555673458,"data":"SECONDARY_EDGE_TTA_ACTIVE views= 8 weight= 0.75 mean_abs_feat_delta= 0.287546\n"}
,{"stream_name":"stdout","time":2389.555703361,"data":"SECONDARY_EDGE_TTA_ACTIVE views= 8 weight= 0.75 mean_abs_feat_delta= 0.234748\n"}
,{"stream_name":"stdout","time":2390.397534633,"data":"EDGE_TTA_ACTIVE views= 8 mean_abs_feat_delta= 0.293381\n"}
,{"stream_name":"stdout","time":2390.50153933,"data":"EDGE_TTA_ACTIVE views= 8 mean_abs_feat_delta= 0.352179\n"}
,{"stream_name":"stdout","time":2390.600272003,"data":"EDGE_TTA_ACTIVE views= 8 mean_abs_feat_delta= 0.293381\n"}
,{"stream_name":"stdout","time":2390.600291898,"data":"EDGE_TTA_ACTIVE views= 8 mean_abs_feat_delta= 0.352179\n"}
,{"stream_name":"stdout","time":2391.351921113,"data":"SECONDARY_EDGE_TTA_ACTIVE views= 8 weight= 0.75 mean_abs_feat_delta= 0.243218\n"}
,{"stream_name":"stdout","time":2391.520353953,"data":"SECONDARY_EDGE_TTA_ACTIVE views= 8 weight= 0.75 mean_abs_feat_delta= 0.285321\n"}
,{"stream_name":"stdout","time":2391.65485432,"data":"SECONDARY_EDGE_TTA_ACTIVE views= 8 weight= 0.75 mean_abs_feat_delta= 0.243218\n"}
,{"stream_name":"stdout","time":2391.654880559,"data":"SECONDARY_EDGE_TTA_ACTIVE views= 8 weight= 0.75 mean_abs_feat_delta= 0.285321\n"}
,{"stream_name":"stdout","time":2392.375463123,"data":"EDGE_TTA_ACTIVE views= 8 mean_abs_feat_delta= 0.294524\n"}
,{"stream_name":"stdout","time":2392.578011227,"data":"EDGE_TTA_ACTIVE views= 8 mean_abs_feat_delta= 0.294524\n"}
,{"stream_name":"stdout","time":2392.753348361,"data":"EDGE_TTA_ACTIVE views= 8 mean_abs_feat_delta= 0.356746\n"}
,{"stream_name":"stdout","time":2392.95571254,"data":"EDGE_TTA_ACTIVE views= 8 mean_abs_feat_delta= 0.356746\n"}
,{"stream_name":"stdout","time":2393.333358153,"data":"SECONDARY_EDGE_TTA_ACTIVE views= 8 weight= 0.75 mean_abs_feat_delta= 0.245108\n"}
,{"stream_name":"stdout","time":2393.535802625,"data":"SECONDARY_EDGE_TTA_ACTIVE views= 8 weight= 0.75 mean_abs_feat_delta= 0.245108\n"}
,{"stream_name":"stdout","time":2393.765263336,"data":"SECONDARY_EDGE_TTA_ACTIVE views= 8 weight= 0.75 mean_abs_feat_delta= 0.285011\n"}
,{"stream_name":"stdout","time":2393.967704589,"data":"SECONDARY_EDGE_TTA_ACTIVE views= 8 weight= 0.75 mean_abs_feat_delta= 0.285011\n"}
,{"stream_name":"stdout","time":2394.368384937,"data":"EDGE_TTA_ACTIVE views= 8 mean_abs_feat_delta= 0.296613\n"}
,{"stream_name":"stdout","time":2394.570550812,"data":"EDGE_TTA_ACTIVE views= 8 mean_abs_feat_delta= 0.296613\n"}
,{"stream_name":"stdout","time":2394.903075535,"data":"EDGE_TTA_ACTIVE views= 8 mean_abs_feat_delta= 0.357206\n"}
,{"stream_name":"stdout","time":2395.105468382,"data":"EDGE_TTA_ACTIVE views= 8 mean_abs_feat_delta= 0.357206\n"}
,{"stream_name":"stdout","time":2395.332378215,"data":"SECONDARY_EDGE_TTA_ACTIVE views= 8 weight= 0.75 mean_abs_feat_delta= 0.240814\n"}
,{"stream_name":"stdout","time":2395.534749562,"data":"SECONDARY_EDGE_TTA_ACTIVE views= 8 weight= 0.75 mean_abs_feat_delta= 0.240814\n"}
,{"stream_name":"stdout","time":2395.924397079,"data":"SECONDARY_EDGE_TTA_ACTIVE views= 8 weight= 0.75 mean_abs_feat_delta= 0.288662\n"}
,{"stream_name":"stdout","time":2396.127118021,"data":"SECONDARY_EDGE_TTA_ACTIVE views= 8 weight= 0.75 mean_abs_feat_delta= 0.288662\n"}
,{"stream_name":"stdout","time":2396.364312897,"data":"EDGE_TTA_ACTIVE views= 8 mean_abs_feat_delta= 0.296379\n"}
,{"stream_name":"stdout","time":2396.566582455,"data":"EDGE_TTA_ACTIVE views= 8 mean_abs_feat_delta= 0.296379\n"}
,{"stream_name":"stdout","time":2397.069715516,"data":"EDGE_TTA_ACTIVE views= 8 mean_abs_feat_delta= 0.353872\n"}
,{"stream_name":"stdout","time":2397.272126606,"data":"EDGE_TTA_ACTIVE views= 8 mean_abs_feat_delta= 0.353872\n"}
,{"stream_name":"stdout","time":2397.324171882,"data":"SECONDARY_EDGE_TTA_ACTIVE views= 8 weight= 0.75 mean_abs_feat_delta= 0.241913\n"}
,{"stream_name":"stdout","time":2397.526365448,"data":"SECONDARY_EDGE_TTA_ACTIVE views= 8 weight= 0.75 mean_abs_feat_delta= 0.241913\n"}
,{"stream_name":"stdout","time":2398.086908603,"data":"SECONDARY_EDGE_TTA_ACTIVE views= 8 weight= 0.75 mean_abs_feat_delta= 0.285835\n"}
,{"stream_name":"stdout","time":2398.289375344,"data":"SECONDARY_EDGE_TTA_ACTIVE views= 8 weight= 0.75 mean_abs_feat_delta= 0.285835\n"}
,{"stream_name":"stdout","time":2398.383077773,"data":"EDGE_TTA_ACTIVE views= 8 mean_abs_feat_delta= 0.300612\n"}
,{"stream_name":"stdout","time":2398.585473946,"data":"EDGE_TTA_ACTIVE views= 8 mean_abs_feat_delta= 0.300612\n"}
,{"stream_name":"stdout","time":2399.298062605,"data":"EDGE_TTA_ACTIVE views= 8 mean_abs_feat_delta= 0.35123\n"}
,{"stream_name":"stdout","time":2399.342346035,"data":"SECONDARY_EDGE_TTA_ACTIVE views= 8 weight= 0.75 mean_abs_feat_delta= 0.239171\n"}
,{"stream_name":"stdout","time":2399.500448403,"data":"EDGE_TTA_ACTIVE views= 8 mean_abs_feat_delta= 0.35123\n"}
,{"stream_name":"stdout","time":2399.500476126,"data":"SECONDARY_EDGE_TTA_ACTIVE views= 8 weight= 0.75 mean_abs_feat_delta= 0.239171\n"}
,{"stream_name":"stdout","time":2400.314164793,"data":"SECONDARY_EDGE_TTA_ACTIVE views= 8 weight= 0.75 mean_abs_feat_delta= 0.284833\n"}
,{"stream_name":"stdout","time":2400.3824299,"data":"EDGE_TTA_ACTIVE views= 8 mean_abs_feat_delta= 0.308819\n"}
,{"stream_name":"stdout","time":2400.51743852,"data":"SECONDARY_EDGE_TTA_ACTIVE views= 8 weight= 0.75 mean_abs_feat_delta= 0.284833\n"}
,{"stream_name":"stdout","time":2400.517469676,"data":"EDGE_TTA_ACTIVE views= 8 mean_abs_feat_delta= 0.308819\n"}
,{"stream_name":"stdout","time":2401.345610704,"data":"SECONDARY_EDGE_TTA_ACTIVE views= 8 weight= 0.75 mean_abs_feat_delta= 0.239359\n"}
,{"stream_name":"stdout","time":2401.49027616,"data":"EDGE_TTA_ACTIVE views= 8 mean_abs_feat_delta= 0.357268\n"}
,{"stream_name":"stdout","time":2401.547945422,"data":"SECONDARY_EDGE_TTA_ACTIVE views= 8 weight= 0.75 mean_abs_feat_delta= 0.239359\n"}
,{"stream_name":"stdout","time":2401.547970806,"data":"EDGE_TTA_ACTIVE views= 8 mean_abs_feat_delta= 0.357268\n"}
,{"stream_name":"stdout","time":2402.392388077,"data":"EDGE_TTA_ACTIVE views= 8 mean_abs_feat_delta= 0.306858\n"}
,{"stream_name":"stdout","time":2402.50517242,"data":"SECONDARY_EDGE_TTA_ACTIVE views= 8 weight= 0.75 mean_abs_feat_delta= 0.283282\n"}
,{"stream_name":"stdout","time":2402.594972346,"data":"EDGE_TTA_ACTIVE views= 8 mean_abs_feat_delta= 0.306858\n"}
,{"stream_name":"stdout","time":2402.594996234,"data":"SECONDARY_EDGE_TTA_ACTIVE views= 8 weight= 0.75 mean_abs_feat_delta= 0.283282\n"}
,{"stream_name":"stdout","time":2403.353025561,"data":"SECONDARY_EDGE_TTA_ACTIVE views= 8 weight= 0.75 mean_abs_feat_delta= 0.237296\n"}
,{"stream_name":"stdout","time":2403.555738797,"data":"SECONDARY_EDGE_TTA_ACTIVE views= 8 weight= 0.75 mean_abs_feat_delta= 0.237296\n"}
,{"stream_name":"stdout","time":2403.648540604,"data":"EDGE_TTA_ACTIVE views= 8 mean_abs_feat_delta= 0.355931\n"}
,{"stream_name":"stdout","time":2403.85057325,"data":"EDGE_TTA_ACTIVE views= 8 mean_abs_feat_delta= 0.355931\n"}
,{"stream_name":"stdout","time":2404.387474481,"data":"EDGE_TTA_ACTIVE views= 8 mean_abs_feat_delta= 0.304604\n"}
,{"stream_name":"stdout","time":2404.589911017,"data":"EDGE_TTA_ACTIVE views= 8 mean_abs_feat_delta= 0.304604\n"}
,{"stream_name":"stdout","time":2404.660794522,"data":"SECONDARY_EDGE_TTA_ACTIVE views= 8 weight= 0.75 mean_abs_feat_delta= 0.282781\n"}
,{"stream_name":"stdout","time":2404.863070696,"data":"SECONDARY_EDGE_TTA_ACTIVE views= 8 weight= 0.75 mean_abs_feat_delta= 0.282781\n"}
,{"stream_name":"stdout","time":2405.347598295,"data":"SECONDARY_EDGE_TTA_ACTIVE views= 8 weight= 0.75 mean_abs_feat_delta= 0.230882\n"}
,{"stream_name":"stdout","time":2405.550128615,"data":"SECONDARY_EDGE_TTA_ACTIVE views= 8 weight= 0.75 mean_abs_feat_delta= 0.230882\n"}
,{"stream_name":"stdout","time":2405.79638037,"data":"EDGE_TTA_ACTIVE views= 8 mean_abs_feat_delta= 0.354871\n"}
,{"stream_name":"stdout","time":2405.998682495,"data":"EDGE_TTA_ACTIVE views= 8 mean_abs_feat_delta= 0.354871\n"}
,{"stream_name":"stdout","time":2406.373649299,"data":"EDGE_TTA_ACTIVE views= 8 mean_abs_feat_delta= 0.312609\n"}
,{"stream_name":"stdout","time":2406.575963184,"data":"EDGE_TTA_ACTIVE views= 8 mean_abs_feat_delta= 0.312609\n"}
,{"stream_name":"stdout","time":2406.812429931,"data":"SECONDARY_EDGE_TTA_ACTIVE views= 8 weight= 0.75 mean_abs_feat_delta= 0.282253\n"}
,{"stream_name":"stdout","time":2407.014874978,"data":"SECONDARY_EDGE_TTA_ACTIVE views= 8 weight= 0.75 mean_abs_feat_delta= 0.282253\n"}
,{"stream_name":"stdout","time":2407.335459181,"data":"SECONDARY_EDGE_TTA_ACTIVE views= 8 weight= 0.75 mean_abs_feat_delta= 0.228825\n"}
,{"stream_name":"stdout","time":2407.339619844,"data":"BIOHUB_RETENTION_GUARD {\"blended_candidates\": 62, \"dataset\": \"6bba_062c8d37\", \"frame\": 26, \"minimum_retention\": 0.9, \"primary_candidates\": 70, \"retention\": 0.8857142857142857, \"use_primary\": true}\n"}
,{"stream_name":"stdout","time":2407.537779825,"data":"SECONDARY_EDGE_TTA_ACTIVE views= 8 weight= 0.75 mean_abs_feat_delta= 0.228825\n"}
,{"stream_name":"stdout","time":2407.537828411,"data":"BIOHUB_RETENTION_GUARD {\"blended_candidates\": 62, \"dataset\": \"6bba_062c8d37\", \"frame\": 26, \"minimum_retention\": 0.9, \"primary_candidates\": 70, \"retention\": 0.8857142857142857, \"use_primary\": true}\n"}
,{"stream_name":"stdout","time":2407.948433667,"data":"EDGE_TTA_ACTIVE views= 8 mean_abs_feat_delta= 0.35651\n"}
,{"stream_name":"stdout","time":2408.15078816,"data":"EDGE_TTA_ACTIVE views= 8 mean_abs_feat_delta= 0.35651\n"}
,{"stream_name":"stdout","time":2408.395576223,"data":"EDGE_TTA_ACTIVE views= 8 mean_abs_feat_delta= 0.30905\n"}
,{"stream_name":"stdout","time":2408.59798351,"data":"EDGE_TTA_ACTIVE views= 8 mean_abs_feat_delta= 0.30905\n"}
,{"stream_name":"stdout","time":2408.964318908,"data":"SECONDARY_EDGE_TTA_ACTIVE views= 8 weight= 0.75 mean_abs_feat_delta= 0.285315\n"}
,{"stream_name":"stdout","time":2409.166906195,"data":"SECONDARY_EDGE_TTA_ACTIVE views= 8 weight= 0.75 mean_abs_feat_delta= 0.285315\n"}
,{"stream_name":"stdout","time":2409.359448041,"data":"SECONDARY_EDGE_TTA_ACTIVE views= 8 weight= 0.75 mean_abs_feat_delta= 0.226998\n"}
,{"stream_name":"stdout","time":2409.363603311,"data":"BIOHUB_RETENTION_GUARD {\"blended_candidates\": 62, \"dataset\": \"6bba_062c8d37\", \"frame\": 27, \"minimum_retention\": 0.9, \"primary_candidates\": 69, \"retention\": 0.8985507246376812, \"use_primary\": true}\n"}
,{"stream_name":"stdout","time":2409.561849347,"data":"SECONDARY_EDGE_TTA_ACTIVE views= 8 weight= 0.75 mean_abs_feat_delta= 0.226998\n"}
,{"stream_name":"stdout","time":2409.561891958,"data":"BIOHUB_RETENTION_GUARD {\"blended_candidates\": 62, \"dataset\": \"6bba_062c8d37\", \"frame\": 27, \"minimum_retention\": 0.9, \"primary_candidates\": 69, \"retention\": 0.8985507246376812, \"use_primary\": true}\n"}
,{"stream_name":"stdout","time":2410.101456349,"data":"EDGE_TTA_ACTIVE views= 8 mean_abs_feat_delta= 0.358321\n"}
,{"stream_name":"stdout","time":2410.304020292,"data":"EDGE_TTA_ACTIVE views= 8 mean_abs_feat_delta= 0.358321\n"}
,{"stream_name":"stdout","time":2410.39357812,"data":"EDGE_TTA_ACTIVE views= 8 mean_abs_feat_delta= 0.305219\n"}
,{"stream_name":"stdout","time":2410.595871664,"data":"EDGE_TTA_ACTIVE views= 8 mean_abs_feat_delta= 0.305219\n"}
,{"stream_name":"stdout","time":2411.118864209,"data":"SECONDARY_EDGE_TTA_ACTIVE views= 8 weight= 0.75 mean_abs_feat_delta= 0.290674\n"}
,{"stream_name":"stdout","time":2411.321503157,"data":"SECONDARY_EDGE_TTA_ACTIVE views= 8 weight= 0.75 mean_abs_feat_delta= 0.290674\n"}
,{"stream_name":"stdout","time":2411.352163385,"data":"SECONDARY_EDGE_TTA_ACTIVE views= 8 weight= 0.75 mean_abs_feat_delta= 0.234617\n"}
,{"stream_name":"stdout","time":2411.554680455,"data":"SECONDARY_EDGE_TTA_ACTIVE views= 8 weight= 0.75 mean_abs_feat_delta= 0.234617\n"}
,{"stream_name":"stdout","time":2412.256281149,"data":"EDGE_TTA_ACTIVE views= 8 mean_abs_feat_delta= 0.359088\n"}
,{"stream_name":"stdout","time":2412.379162134,"data":"EDGE_TTA_ACTIVE views= 8 mean_abs_feat_delta= 0.305321\n"}
,{"stream_name":"stdout","time":2412.458687586,"data":"EDGE_TTA_ACTIVE views= 8 mean_abs_feat_delta= 0.359088\n"}
,{"stream_name":"stdout","time":2412.458706437,"data":"EDGE_TTA_ACTIVE views= 8 mean_abs_feat_delta= 0.305321\n"}
,{"stream_name":"stdout","time":2413.274511167,"data":"SECONDARY_EDGE_TTA_ACTIVE views= 8 weight= 0.75 mean_abs_feat_delta= 0.294828\n"}
,{"stream_name":"stdout","time":2413.342935082,"data":"SECONDARY_EDGE_TTA_ACTIVE views= 8 weight= 0.75 mean_abs_feat_delta= 0.237563\n"}
,{"stream_name":"stdout","time":2413.477144028,"data":"SECONDARY_EDGE_TTA_ACTIVE views= 8 weight= 0.75 mean_abs_feat_delta= 0.294828\n"}
,{"stream_name":"stdout","time":2413.477179494,"data":"SECONDARY_EDGE_TTA_ACTIVE views= 8 weight= 0.75 mean_abs_feat_delta= 0.237563\n"}
,{"stream_name":"stdout","time":2414.38281025,"data":"EDGE_TTA_ACTIVE views= 8 mean_abs_feat_delta= 0.306324\n"}
,{"stream_name":"stdout","time":2414.406894301,"data":"EDGE_TTA_ACTIVE views= 8 mean_abs_feat_delta= 0.356967\n"}
,{"stream_name":"stdout","time":2414.585291292,"data":"EDGE_TTA_ACTIVE views= 8 mean_abs_feat_delta= 0.306324\n"}
,{"stream_name":"stdout","time":2414.585313124,"data":"EDGE_TTA_ACTIVE views= 8 mean_abs_feat_delta= 0.356967\n"}
,{"stream_name":"stdout","time":2415.348455951,"data":"SECONDARY_EDGE_TTA_ACTIVE views= 8 weight= 0.75 mean_abs_feat_delta= 0.244591\n"}
,{"stream_name":"stdout","time":2415.421977,"data":"SECONDARY_EDGE_TTA_ACTIVE views= 8 weight= 0.75 mean_abs_feat_delta= 0.294197\n"}
,{"stream_name":"stdout","time":2415.551201166,"data":"SECONDARY_EDGE_TTA_ACTIVE views= 8 weight= 0.75 mean_abs_feat_delta= 0.244591\n"}
,{"stream_name":"stdout","time":2415.551248108,"data":"SECONDARY_EDGE_TTA_ACTIVE views= 8 weight= 0.75 mean_abs_feat_delta= 0.294197\n"}
,{"stream_name":"stdout","time":2416.382252312,"data":"EDGE_TTA_ACTIVE views= 8 mean_abs_feat_delta= 0.30419\n"}
,{"stream_name":"stdout","time":2416.556744062,"data":"EDGE_TTA_ACTIVE views= 8 mean_abs_feat_delta= 0.351849\n"}
,{"stream_name":"stdout","time":2416.5848027,"data":"EDGE_TTA_ACTIVE views= 8 mean_abs_feat_delta= 0.30419\n"}
,{"stream_name":"stdout","time":2416.584823848,"data":"EDGE_TTA_ACTIVE views= 8 mean_abs_feat_delta= 0.351849\n"}
,{"stream_name":"stdout","time":2417.350484665,"data":"SECONDARY_EDGE_TTA_ACTIVE views= 8 weight= 0.75 mean_abs_feat_delta= 0.242606\n"}
,{"stream_name":"stdout","time":2417.552994401,"data":"SECONDARY_EDGE_TTA_ACTIVE views= 8 weight= 0.75 mean_abs_feat_delta= 0.242606\n"}
,{"stream_name":"stdout","time":2417.573931672,"data":"SECONDARY_EDGE_TTA_ACTIVE views= 8 weight= 0.75 mean_abs_feat_delta= 0.294672\n"}
,{"stream_name":"stdout","time":2417.578053377,"data":"BIOHUB_RETENTION_GUARD {\"blended_candidates\": 284, \"dataset\": \"6bba_07e24132\", \"frame\": 65, \"minimum_retention\": 0.9, \"primary_candidates\": 318, \"retention\": 0.8930817610062893, \"use_primary\": true}\n"}
,{"stream_name":"stdout","time":2417.776417392,"data":"SECONDARY_EDGE_TTA_ACTIVE views= 8 weight= 0.75 mean_abs_feat_delta= 0.294672\n"}
,{"stream_name":"stdout","time":2417.776463698,"data":"BIOHUB_RETENTION_GUARD {\"blended_candidates\": 284, \"dataset\": \"6bba_07e24132\", \"frame\": 65, \"minimum_retention\": 0.9, \"primary_candidates\": 318, \"retention\": 0.8930817610062893, \"use_primary\": true}\n"}
,{"stream_name":"stdout","time":2418.401584996,"data":"EDGE_TTA_ACTIVE views= 8 mean_abs_feat_delta= 0.305292\n"}
,{"stream_name":"stdout","time":2418.603838663,"data":"EDGE_TTA_ACTIVE views= 8 mean_abs_feat_delta= 0.305292\n"}
,{"stream_name":"stdout","time":2418.707064258,"data":"EDGE_TTA_ACTIVE views= 8 mean_abs_feat_delta= 0.359226\n"}
,{"stream_name":"stdout","time":2418.909560472,"data":"EDGE_TTA_ACTIVE views= 8 mean_abs_feat_delta= 0.359226\n"}
,{"stream_name":"stdout","time":2419.365382827,"data":"SECONDARY_EDGE_TTA_ACTIVE views= 8 weight= 0.75 mean_abs_feat_delta= 0.242339\n"}
,{"stream_name":"stdout","time":2419.568028058,"data":"SECONDARY_EDGE_TTA_ACTIVE views= 8 weight= 0.75 mean_abs_feat_delta= 0.242339\n"}
,{"stream_name":"stdout","time":2419.723835824,"data":"SECONDARY_EDGE_TTA_ACTIVE views= 8 weight= 0.75 mean_abs_feat_delta= 0.288968\n"}
,{"stream_name":"stdout","time":2419.926392526,"data":"SECONDARY_EDGE_TTA_ACTIVE views= 8 weight= 0.75 mean_abs_feat_delta= 0.288968\n"}
,{"stream_name":"stdout","time":2420.396841641,"data":"EDGE_TTA_ACTIVE views= 8 mean_abs_feat_delta= 0.305157\n"}
,{"stream_name":"stdout","time":2420.599170568,"data":"EDGE_TTA_ACTIVE views= 8 mean_abs_feat_delta= 0.305157\n"}
,{"stream_name":"stdout","time":2420.855885383,"data":"EDGE_TTA_ACTIVE views= 8 mean_abs_feat_delta= 0.352046\n"}
,{"stream_name":"stdout","time":2421.058666748,"data":"EDGE_TTA_ACTIVE views= 8 mean_abs_feat_delta= 0.352046\n"}
,{"stream_name":"stdout","time":2421.366381934,"data":"SECONDARY_EDGE_TTA_ACTIVE views= 8 weight= 0.75 mean_abs_feat_delta= 0.240179\n"}
,{"stream_name":"stdout","time":2421.568745029,"data":"SECONDARY_EDGE_TTA_ACTIVE views= 8 weight= 0.75 mean_abs_feat_delta= 0.240179\n"}
,{"stream_name":"stdout","time":2421.870176122,"data":"SECONDARY_EDGE_TTA_ACTIVE views= 8 weight= 0.75 mean_abs_feat_delta= 0.285274\n"}
,{"stream_name":"stdout","time":2422.183191402,"data":"SECONDARY_EDGE_TTA_ACTIVE views= 8 weight= 0.75 mean_abs_feat_delta= 0.285274\n"}
,{"stream_name":"stdout","time":2422.402725612,"data":"EDGE_TTA_ACTIVE views= 8 mean_abs_feat_delta= 0.308676\n"}
,{"stream_name":"stdout","time":2422.605121779,"data":"EDGE_TTA_ACTIVE views= 8 mean_abs_feat_delta= 0.308676\n"}
,{"stream_name":"stdout","time":2423.010467225,"data":"EDGE_TTA_ACTIVE views= 8 mean_abs_feat_delta= 0.353669\n"}
,{"stream_name":"stdout","time":2423.212894412,"data":"EDGE_TTA_ACTIVE views= 8 mean_abs_feat_delta= 0.353669\n"}
,{"stream_name":"stdout","time":2423.373883151,"data":"SECONDARY_EDGE_TTA_ACTIVE views= 8 weight= 0.75 mean_abs_feat_delta= 0.244693\n"}
,{"stream_name":"stdout","time":2423.57652577,"data":"SECONDARY_EDGE_TTA_ACTIVE views= 8 weight= 0.75 mean_abs_feat_delta= 0.244693\n"}
,{"stream_name":"stdout","time":2424.023820146,"data":"SECONDARY_EDGE_TTA_ACTIVE views= 8 weight= 0.75 mean_abs_feat_delta= 0.281485\n"}
,{"stream_name":"stdout","time":2424.226552193,"data":"SECONDARY_EDGE_TTA_ACTIVE views= 8 weight= 0.75 mean_abs_feat_delta= 0.281485\n"}
,{"stream_name":"stdout","time":2424.420525321,"data":"EDGE_TTA_ACTIVE views= 8 mean_abs_feat_delta= 0.308345\n"}
,{"stream_name":"stdout","time":2424.622891175,"data":"EDGE_TTA_ACTIVE views= 8 mean_abs_feat_delta= 0.308345\n"}
,{"stream_name":"stdout","time":2425.162119314,"data":"EDGE_TTA_ACTIVE views= 8 mean_abs_feat_delta= 0.354147\n"}
,{"stream_name":"stdout","time":2425.364359396,"data":"EDGE_TTA_ACTIVE views= 8 mean_abs_feat_delta= 0.354147\n"}
,{"stream_name":"stdout","time":2425.387231908,"data":"SECONDARY_EDGE_TTA_ACTIVE views= 8 weight= 0.75 mean_abs_feat_delta= 0.250824\n"}
,{"stream_name":"stdout","time":2425.589540406,"data":"SECONDARY_EDGE_TTA_ACTIVE views= 8 weight= 0.75 mean_abs_feat_delta= 0.250824\n"}
,{"stream_name":"stdout","time":2426.177846353,"data":"SECONDARY_EDGE_TTA_ACTIVE views= 8 weight= 0.75 mean_abs_feat_delta= 0.279548\n"}
,{"stream_name":"stdout","time":2426.380383092,"data":"SECONDARY_EDGE_TTA_ACTIVE views= 8 weight= 0.75 mean_abs_feat_delta= 0.279548\n"}
,{"stream_name":"stdout","time":2426.4265165,"data":"EDGE_TTA_ACTIVE views= 8 mean_abs_feat_delta= 0.303032\n"}
,{"stream_name":"stdout","time":2426.628897664,"data":"EDGE_TTA_ACTIVE views= 8 mean_abs_feat_delta= 0.303032\n"}
,{"stream_name":"stdout","time":2427.341903303,"data":"EDGE_TTA_ACTIVE views= 8 mean_abs_feat_delta= 0.347808\n"}
,{"stream_name":"stdout","time":2427.395851979,"data":"SECONDARY_EDGE_TTA_ACTIVE views= 8 weight= 0.75 mean_abs_feat_delta= 0.249095\n"}
,{"stream_name":"stdout","time":2427.54451585,"data":"EDGE_TTA_ACTIVE views= 8 mean_abs_feat_delta= 0.347808\n"}
,{"stream_name":"stdout","time":2427.544553088,"data":"SECONDARY_EDGE_TTA_ACTIVE views= 8 weight= 0.75 mean_abs_feat_delta= 0.249095\n"}
,{"stream_name":"stdout","time":2428.355318801,"data":"SECONDARY_EDGE_TTA_ACTIVE views= 8 weight= 0.75 mean_abs_feat_delta= 0.276413\n"}
,{"stream_name":"stdout","time":2428.432620469,"data":"EDGE_TTA_ACTIVE views= 8 mean_abs_feat_delta= 0.298001\n"}
,{"stream_name":"stdout","time":2428.558436728,"data":"SECONDARY_EDGE_TTA_ACTIVE views= 8 weight= 0.75 mean_abs_feat_delta= 0.276413\n"}
,{"stream_name":"stdout","time":2428.55846753,"data":"EDGE_TTA_ACTIVE views= 8 mean_abs_feat_delta= 0.298001\n"}
,{"stream_name":"stdout","time":2429.407172195,"data":"SECONDARY_EDGE_TTA_ACTIVE views= 8 weight= 0.75 mean_abs_feat_delta= 0.262977\n"}
,{"stream_name":"stdout","time":2429.54614279,"data":"EDGE_TTA_ACTIVE views= 8 mean_abs_feat_delta= 0.356672\n"}
,{"stream_name":"stdout","time":2429.609664382,"data":"SECONDARY_EDGE_TTA_ACTIVE views= 8 weight= 0.75 mean_abs_feat_delta= 0.262977\n"}
,{"stream_name":"stdout","time":2429.609685824,"data":"EDGE_TTA_ACTIVE views= 8 mean_abs_feat_delta= 0.356672\n"}
,{"stream_name":"stdout","time":2430.441246837,"data":"EDGE_TTA_ACTIVE views= 8 mean_abs_feat_delta= 0.298001\n"}
,{"stream_name":"stdout","time":2430.563309727,"data":"SECONDARY_EDGE_TTA_ACTIVE views= 8 weight= 0.75 mean_abs_feat_delta= 0.276872\n"}
,{"stream_name":"stdout","time":2430.642994146,"data":"EDGE_TTA_ACTIVE views= 8 mean_abs_feat_delta= 0.298001\n"}
,{"stream_name":"stdout","time":2430.643018171,"data":"SECONDARY_EDGE_TTA_ACTIVE views= 8 weight= 0.75 mean_abs_feat_delta= 0.276872\n"}
,{"stream_name":"stdout","time":2431.413330759,"data":"SECONDARY_EDGE_TTA_ACTIVE views= 8 weight= 0.75 mean_abs_feat_delta= 0.262977\n"}
,{"stream_name":"stdout","time":2431.615767772,"data":"SECONDARY_EDGE_TTA_ACTIVE views= 8 weight= 0.75 mean_abs_feat_delta= 0.262977\n"}
,{"stream_name":"stdout","time":2431.698617395,"data":"EDGE_TTA_ACTIVE views= 8 mean_abs_feat_delta= 0.35296\n"}
,{"stream_name":"stdout","time":2431.900839868,"data":"EDGE_TTA_ACTIVE views= 8 mean_abs_feat_delta= 0.35296\n"}
,{"stream_name":"stdout","time":2432.484072493,"data":"EDGE_TTA_ACTIVE views= 8 mean_abs_feat_delta= 0.298001\n"}
,{"stream_name":"stdout","time":2432.686402792,"data":"EDGE_TTA_ACTIVE views= 8 mean_abs_feat_delta= 0.298001\n"}
,{"stream_name":"stdout","time":2432.714463362,"data":"SECONDARY_EDGE_TTA_ACTIVE views= 8 weight= 0.75 mean_abs_feat_delta= 0.28011\n"}
,{"stream_name":"stdout","time":2432.917032564,"data":"SECONDARY_EDGE_TTA_ACTIVE views= 8 weight= 0.75 mean_abs_feat_delta= 0.28011\n"}
,{"stream_name":"stdout","time":2433.45659923,"data":"SECONDARY_EDGE_TTA_ACTIVE views= 8 weight= 0.75 mean_abs_feat_delta= 0.262977\n"}
,{"stream_name":"stdout","time":2433.659068521,"data":"SECONDARY_EDGE_TTA_ACTIVE views= 8 weight= 0.75 mean_abs_feat_delta= 0.262977\n"}
,{"stream_name":"stdout","time":2433.850310087,"data":"EDGE_TTA_ACTIVE views= 8 mean_abs_feat_delta= 0.352197\n"}
,{"stream_name":"stdout","time":2434.052686747,"data":"EDGE_TTA_ACTIVE views= 8 mean_abs_feat_delta= 0.352197\n"}
,{"stream_name":"stdout","time":2434.487294664,"data":"EDGE_TTA_ACTIVE views= 8 mean_abs_feat_delta= 0.332791\n"}
,{"stream_name":"stdout","time":2434.68974607,"data":"EDGE_TTA_ACTIVE views= 8 mean_abs_feat_delta= 0.332791\n"}
,{"stream_name":"stdout","time":2434.870358199,"data":"SECONDARY_EDGE_TTA_ACTIVE views= 8 weight= 0.75 mean_abs_feat_delta= 0.277337\n"}
,{"stream_name":"stdout","time":2435.072926625,"data":"SECONDARY_EDGE_TTA_ACTIVE views= 8 weight= 0.75 mean_abs_feat_delta= 0.277337\n"}
,{"stream_name":"stdout","time":2435.458945581,"data":"SECONDARY_EDGE_TTA_ACTIVE views= 8 weight= 0.75 mean_abs_feat_delta= 0.237599\n"}
,{"stream_name":"stdout","time":2435.661468114,"data":"SECONDARY_EDGE_TTA_ACTIVE views= 8 weight= 0.75 mean_abs_feat_delta= 0.237599\n"}
,{"stream_name":"stdout","time":2436.053697368,"data":"EDGE_TTA_ACTIVE views= 8 mean_abs_feat_delta= 0.346079\n"}
,{"stream_name":"stdout","time":2436.255868495,"data":"EDGE_TTA_ACTIVE views= 8 mean_abs_feat_delta= 0.346079\n"}
,{"stream_name":"stdout","time":2436.491389518,"data":"EDGE_TTA_ACTIVE views= 8 mean_abs_feat_delta= 0.332698\n"}
,{"stream_name":"stdout","time":2436.693687623,"data":"EDGE_TTA_ACTIVE views= 8 mean_abs_feat_delta= 0.332698\n"}
,{"stream_name":"stdout","time":2437.066189108,"data":"SECONDARY_EDGE_TTA_ACTIVE views= 8 weight= 0.75 mean_abs_feat_delta= 0.277176\n"}
,{"stream_name":"stdout","time":2437.268723347,"data":"SECONDARY_EDGE_TTA_ACTIVE views= 8 weight= 0.75 mean_abs_feat_delta= 0.277176\n"}
,{"stream_name":"stdout","time":2437.463653771,"data":"SECONDARY_EDGE_TTA_ACTIVE views= 8 weight= 0.75 mean_abs_feat_delta= 0.236489\n"}
,{"stream_name":"stdout","time":2437.665901867,"data":"SECONDARY_EDGE_TTA_ACTIVE views= 8 weight= 0.75 mean_abs_feat_delta= 0.236489\n"}
,{"stream_name":"stdout","time":2438.209861808,"data":"EDGE_TTA_ACTIVE views= 8 mean_abs_feat_delta= 0.340738\n"}
,{"stream_name":"stdout","time":2438.412612446,"data":"EDGE_TTA_ACTIVE views= 8 mean_abs_feat_delta= 0.340738\n"}
,{"stream_name":"stdout","time":2438.510600993,"data":"EDGE_TTA_ACTIVE views= 8 mean_abs_feat_delta= 0.302273\n"}
,{"stream_name":"stdout","time":2438.713009475,"data":"EDGE_TTA_ACTIVE views= 8 mean_abs_feat_delta= 0.302273\n"}
,{"stream_name":"stdout","time":2439.228956293,"data":"SECONDARY_EDGE_TTA_ACTIVE views= 8 weight= 0.75 mean_abs_feat_delta= 0.276335\n"}
,{"stream_name":"stdout","time":2439.431295411,"data":"SECONDARY_EDGE_TTA_ACTIVE views= 8 weight= 0.75 mean_abs_feat_delta= 0.276335\n"}
,{"stream_name":"stdout","time":2439.486230182,"data":"SECONDARY_EDGE_TTA_ACTIVE views= 8 weight= 0.75 mean_abs_feat_delta= 0.248148\n"}
,{"stream_name":"stdout","time":2439.688517442,"data":"SECONDARY_EDGE_TTA_ACTIVE views= 8 weight= 0.75 mean_abs_feat_delta= 0.248148\n"}
,{"stream_name":"stdout","time":2440.362624399,"data":"EDGE_TTA_ACTIVE views= 8 mean_abs_feat_delta= 0.35233\n"}
,{"stream_name":"stdout","time":2440.537976532,"data":"EDGE_TTA_ACTIVE views= 8 mean_abs_feat_delta= 0.295302\n"}
,{"stream_name":"stdout","time":2440.565072551,"data":"EDGE_TTA_ACTIVE views= 8 mean_abs_feat_delta= 0.35233\n"}
,{"stream_name":"stdout","time":2440.56512139,"data":"EDGE_TTA_ACTIVE views= 8 mean_abs_feat_delta= 0.295302\n"}
,{"stream_name":"stdout","time":2441.376361962,"data":"SECONDARY_EDGE_TTA_ACTIVE views= 8 weight= 0.75 mean_abs_feat_delta= 0.275092\n"}
,{"stream_name":"stdout","time":2441.513218358,"data":"SECONDARY_EDGE_TTA_ACTIVE views= 8 weight= 0.75 mean_abs_feat_delta= 0.25803\n"}
,{"stream_name":"stdout","time":2441.579177767,"data":"SECONDARY_EDGE_TTA_ACTIVE views= 8 weight= 0.75 mean_abs_feat_delta= 0.275092\n"}
,{"stream_name":"stdout","time":2441.579204203,"data":"SECONDARY_EDGE_TTA_ACTIVE views= 8 weight= 0.75 mean_abs_feat_delta= 0.25803\n"}
,{"stream_name":"stdout","time":2442.554755557,"data":"EDGE_TTA_ACTIVE views= 8 mean_abs_feat_delta= 0.349486\n"}
,{"stream_name":"stdout","time":2442.565506697,"data":"EDGE_TTA_ACTIVE views= 8 mean_abs_feat_delta= 0.3029\n"}
,{"stream_name":"stdout","time":2442.756973117,"data":"EDGE_TTA_ACTIVE views= 8 mean_abs_feat_delta= 0.349486\n"}
,{"stream_name":"stdout","time":2442.757027217,"data":"EDGE_TTA_ACTIVE views= 8 mean_abs_feat_delta= 0.3029\n"}
,{"stream_name":"stdout","time":2443.53945619,"data":"SECONDARY_EDGE_TTA_ACTIVE views= 8 weight= 0.75 mean_abs_feat_delta= 0.243043\n"}
,{"stream_name":"stdout","time":2443.573594596,"data":"SECONDARY_EDGE_TTA_ACTIVE views= 8 weight= 0.75 mean_abs_feat_delta= 0.273425\n"}
,{"stream_name":"stdout","time":2443.741913463,"data":"SECONDARY_EDGE_TTA_ACTIVE views= 8 weight= 0.75 mean_abs_feat_delta= 0.243043\n"}
,{"stream_name":"stdout","time":2443.741981855,"data":"SECONDARY_EDGE_TTA_ACTIVE views= 8 weight= 0.75 mean_abs_feat_delta= 0.273425\n"}
,{"stream_name":"stdout","time":2444.591347217,"data":"EDGE_TTA_ACTIVE views= 8 mean_abs_feat_delta= 0.302679\n"}
,{"stream_name":"stdout","time":2444.742052924,"data":"EDGE_TTA_ACTIVE views= 8 mean_abs_feat_delta= 0.338412\n"}
,{"stream_name":"stdout","time":2444.793790386,"data":"EDGE_TTA_ACTIVE views= 8 mean_abs_feat_delta= 0.302679\n"}
,{"stream_name":"stdout","time":2444.793811094,"data":"EDGE_TTA_ACTIVE views= 8 mean_abs_feat_delta= 0.338412\n"}
,{"stream_name":"stdout","time":2445.565139726,"data":"SECONDARY_EDGE_TTA_ACTIVE views= 8 weight= 0.75 mean_abs_feat_delta= 0.245929\n"}
,{"stream_name":"stdout","time":2445.757074465,"data":"SECONDARY_EDGE_TTA_ACTIVE views= 8 weight= 0.75 mean_abs_feat_delta= 0.271654\n"}
,{"stream_name":"stdout","time":2445.767908841,"data":"SECONDARY_EDGE_TTA_ACTIVE views= 8 weight= 0.75 mean_abs_feat_delta= 0.245929\n"}
,{"stream_name":"stdout","time":2445.767931862,"data":"SECONDARY_EDGE_TTA_ACTIVE views= 8 weight= 0.75 mean_abs_feat_delta= 0.271654\n"}
,{"stream_name":"stdout","time":2446.609146587,"data":"EDGE_TTA_ACTIVE views= 8 mean_abs_feat_delta= 0.300717\n"}
,{"stream_name":"stdout","time":2446.81165631,"data":"EDGE_TTA_ACTIVE views= 8 mean_abs_feat_delta= 0.300717\n"}
,{"stream_name":"stdout","time":2446.920428705,"data":"EDGE_TTA_ACTIVE views= 8 mean_abs_feat_delta= 0.332881\n"}
,{"stream_name":"stdout","time":2447.122802487,"data":"EDGE_TTA_ACTIVE views= 8 mean_abs_feat_delta= 0.332881\n"}
,{"stream_name":"stdout","time":2447.585897464,"data":"SECONDARY_EDGE_TTA_ACTIVE views= 8 weight= 0.75 mean_abs_feat_delta= 0.241935\n"}
,{"stream_name":"stdout","time":2447.78857539,"data":"SECONDARY_EDGE_TTA_ACTIVE views= 8 weight= 0.75 mean_abs_feat_delta= 0.241935\n"}
,{"stream_name":"stdout","time":2447.93729003,"data":"SECONDARY_EDGE_TTA_ACTIVE views= 8 weight= 0.75 mean_abs_feat_delta= 0.273657\n"}
,{"stream_name":"stdout","time":2448.139893396,"data":"SECONDARY_EDGE_TTA_ACTIVE views= 8 weight= 0.75 mean_abs_feat_delta= 0.273657\n"}
,{"stream_name":"stdout","time":2448.635345498,"data":"EDGE_TTA_ACTIVE views= 8 mean_abs_feat_delta= 0.303742\n"}
,{"stream_name":"stdout","time":2448.837878827,"data":"EDGE_TTA_ACTIVE views= 8 mean_abs_feat_delta= 0.303742\n"}
,{"stream_name":"stdout","time":2449.096309118,"data":"EDGE_TTA_ACTIVE views= 8 mean_abs_feat_delta= 0.337562\n"}
,{"stream_name":"stdout","time":2449.298697892,"data":"EDGE_TTA_ACTIVE views= 8 mean_abs_feat_delta= 0.337562\n"}
,{"stream_name":"stdout","time":2449.614298687,"data":"SECONDARY_EDGE_TTA_ACTIVE views= 8 weight= 0.75 mean_abs_feat_delta= 0.239726\n"}
,{"stream_name":"stdout","time":2449.816675081,"data":"SECONDARY_EDGE_TTA_ACTIVE views= 8 weight= 0.75 mean_abs_feat_delta= 0.239726\n"}
,{"stream_name":"stdout","time":2450.112876792,"data":"SECONDARY_EDGE_TTA_ACTIVE views= 8 weight= 0.75 mean_abs_feat_delta= 0.273771\n"}
,{"stream_name":"stdout","time":2450.315148131,"data":"SECONDARY_EDGE_TTA_ACTIVE views= 8 weight= 0.75 mean_abs_feat_delta= 0.273771\n"}
,{"stream_name":"stdout","time":2450.668723334,"data":"EDGE_TTA_ACTIVE views= 8 mean_abs_feat_delta= 0.308639\n"}
,{"stream_name":"stdout","time":2450.871118389,"data":"EDGE_TTA_ACTIVE views= 8 mean_abs_feat_delta= 0.308639\n"}
,{"stream_name":"stdout","time":2451.264922118,"data":"EDGE_TTA_ACTIVE views= 8 mean_abs_feat_delta= 0.339823\n"}
,{"stream_name":"stdout","time":2451.467073127,"data":"EDGE_TTA_ACTIVE views= 8 mean_abs_feat_delta= 0.339823\n"}
,{"stream_name":"stdout","time":2451.642176613,"data":"SECONDARY_EDGE_TTA_ACTIVE views= 8 weight= 0.75 mean_abs_feat_delta= 0.24611\n"}
,{"stream_name":"stdout","time":2451.844929146,"data":"SECONDARY_EDGE_TTA_ACTIVE views= 8 weight= 0.75 mean_abs_feat_delta= 0.24611\n"}
,{"stream_name":"stdout","time":2452.283075528,"data":"SECONDARY_EDGE_TTA_ACTIVE views= 8 weight= 0.75 mean_abs_feat_delta= 0.279391\n"}
,{"stream_name":"stdout","time":2452.597013751,"data":"SECONDARY_EDGE_TTA_ACTIVE views= 8 weight= 0.75 mean_abs_feat_delta= 0.279391\n"}
,{"stream_name":"stdout","time":2452.692840864,"data":"EDGE_TTA_ACTIVE views= 8 mean_abs_feat_delta= 0.304516\n"}
,{"stream_name":"stdout","time":2452.895172229,"data":"EDGE_TTA_ACTIVE views= 8 mean_abs_feat_delta= 0.304516\n"}
,{"stream_name":"stdout","time":2453.427042422,"data":"EDGE_TTA_ACTIVE views= 8 mean_abs_feat_delta= 0.342343\n"}
,{"stream_name":"stdout","time":2453.629701853,"data":"EDGE_TTA_ACTIVE views= 8 mean_abs_feat_delta= 0.342343\n"}
,{"stream_name":"stdout","time":2453.666252438,"data":"SECONDARY_EDGE_TTA_ACTIVE views= 8 weight= 0.75 mean_abs_feat_delta= 0.247756\n"}
,{"stream_name":"stdout","time":2453.868694716,"data":"SECONDARY_EDGE_TTA_ACTIVE views= 8 weight= 0.75 mean_abs_feat_delta= 0.247756\n"}
,{"stream_name":"stdout","time":2454.445718731,"data":"SECONDARY_EDGE_TTA_ACTIVE views= 8 weight= 0.75 mean_abs_feat_delta= 0.282258\n"}
,{"stream_name":"stdout","time":2454.648326275,"data":"SECONDARY_EDGE_TTA_ACTIVE views= 8 weight= 0.75 mean_abs_feat_delta= 0.282258\n"}
,{"stream_name":"stdout","time":2454.711519548,"data":"EDGE_TTA_ACTIVE views= 8 mean_abs_feat_delta= 0.298739\n"}
,{"stream_name":"stdout","time":2454.913919276,"data":"EDGE_TTA_ACTIVE views= 8 mean_abs_feat_delta= 0.298739\n"}
,{"stream_name":"stdout","time":2455.579460894,"data":"EDGE_TTA_ACTIVE views= 8 mean_abs_feat_delta= 0.351531\n"}
,{"stream_name":"stdout","time":2455.686259984,"data":"SECONDARY_EDGE_TTA_ACTIVE views= 8 weight= 0.75 mean_abs_feat_delta= 0.246489\n"}
,{"stream_name":"stdout","time":2455.781949119,"data":"EDGE_TTA_ACTIVE views= 8 mean_abs_feat_delta= 0.351531\n"}
,{"stream_name":"stdout","time":2455.781999115,"data":"SECONDARY_EDGE_TTA_ACTIVE views= 8 weight= 0.75 mean_abs_feat_delta= 0.246489\n"}
,{"stream_name":"stdout","time":2456.600756297,"data":"SECONDARY_EDGE_TTA_ACTIVE views= 8 weight= 0.75 mean_abs_feat_delta= 0.284658\n"}
,{"stream_name":"stdout","time":2456.738237178,"data":"EDGE_TTA_ACTIVE views= 8 mean_abs_feat_delta= 0.300803\n"}
,{"stream_name":"stdout","time":2456.803400566,"data":"SECONDARY_EDGE_TTA_ACTIVE views= 8 weight= 0.75 mean_abs_feat_delta= 0.284658\n"}
,{"stream_name":"stdout","time":2456.803430222,"data":"EDGE_TTA_ACTIVE views= 8 mean_abs_feat_delta= 0.300803\n"}
,{"stream_name":"stdout","time":2457.715430233,"data":"SECONDARY_EDGE_TTA_ACTIVE views= 8 weight= 0.75 mean_abs_feat_delta= 0.253985\n"}
,{"stream_name":"stdout","time":2457.749530364,"data":"EDGE_TTA_ACTIVE views= 8 mean_abs_feat_delta= 0.352886\n"}
,{"stream_name":"stdout","time":2457.91788883,"data":"SECONDARY_EDGE_TTA_ACTIVE views= 8 weight= 0.75 mean_abs_feat_delta= 0.253985\n"}
,{"stream_name":"stdout","time":2457.917916308,"data":"EDGE_TTA_ACTIVE views= 8 mean_abs_feat_delta= 0.352886\n"}
,{"stream_name":"stdout","time":2458.748532145,"data":"EDGE_TTA_ACTIVE views= 8 mean_abs_feat_delta= 0.305076\n"}
,{"stream_name":"stdout","time":2458.765794986,"data":"SECONDARY_EDGE_TTA_ACTIVE views= 8 weight= 0.75 mean_abs_feat_delta= 0.280066\n"}
,{"stream_name":"stdout","time":2458.950839921,"data":"EDGE_TTA_ACTIVE views= 8 mean_abs_feat_delta= 0.305076\n"}
,{"stream_name":"stdout","time":2458.950871862,"data":"SECONDARY_EDGE_TTA_ACTIVE views= 8 weight= 0.75 mean_abs_feat_delta= 0.280066\n"}
,{"stream_name":"stdout","time":2459.72079388,"data":"SECONDARY_EDGE_TTA_ACTIVE views= 8 weight= 0.75 mean_abs_feat_delta= 0.245333\n"}
,{"stream_name":"stdout","time":2459.909898616,"data":"EDGE_TTA_ACTIVE views= 8 mean_abs_feat_delta= 0.345989\n"}
,{"stream_name":"stdout","time":2459.923218922,"data":"SECONDARY_EDGE_TTA_ACTIVE views= 8 weight= 0.75 mean_abs_feat_delta= 0.245333\n"}
,{"stream_name":"stdout","time":2459.923240976,"data":"EDGE_TTA_ACTIVE views= 8 mean_abs_feat_delta= 0.345989\n"}
,{"stream_name":"stdout","time":2460.753264353,"data":"EDGE_TTA_ACTIVE views= 8 mean_abs_feat_delta= 0.305154\n"}
,{"stream_name":"stdout","time":2460.92903823,"data":"SECONDARY_EDGE_TTA_ACTIVE views= 8 weight= 0.75 mean_abs_feat_delta= 0.27821\n"}
,{"stream_name":"stdout","time":2460.95589744,"data":"EDGE_TTA_ACTIVE views= 8 mean_abs_feat_delta= 0.305154\n"}
,{"stream_name":"stdout","time":2460.955943906,"data":"SECONDARY_EDGE_TTA_ACTIVE views= 8 weight= 0.75 mean_abs_feat_delta= 0.27821\n"}
,{"stream_name":"stdout","time":2461.725068516,"data":"SECONDARY_EDGE_TTA_ACTIVE views= 8 weight= 0.75 mean_abs_feat_delta= 0.246272\n"}
,{"stream_name":"stdout","time":2461.927625365,"data":"SECONDARY_EDGE_TTA_ACTIVE views= 8 weight= 0.75 mean_abs_feat_delta= 0.246272\n"}
,{"stream_name":"stdout","time":2462.088792138,"data":"EDGE_TTA_ACTIVE views= 8 mean_abs_feat_delta= 0.34868\n"}
,{"stream_name":"stdout","time":2462.291188228,"data":"EDGE_TTA_ACTIVE views= 8 mean_abs_feat_delta= 0.34868\n"}
,{"stream_name":"stdout","time":2462.777118033,"data":"EDGE_TTA_ACTIVE views= 8 mean_abs_feat_delta= 0.308071\n"}
,{"stream_name":"stdout","time":2462.979254877,"data":"EDGE_TTA_ACTIVE views= 8 mean_abs_feat_delta= 0.308071\n"}
,{"stream_name":"stdout","time":2463.109488428,"data":"SECONDARY_EDGE_TTA_ACTIVE views= 8 weight= 0.75 mean_abs_feat_delta= 0.275236\n"}
,{"stream_name":"stdout","time":2463.312121489,"data":"SECONDARY_EDGE_TTA_ACTIVE views= 8 weight= 0.75 mean_abs_feat_delta= 0.275236\n"}
,{"stream_name":"stdout","time":2463.751550901,"data":"SECONDARY_EDGE_TTA_ACTIVE views= 8 weight= 0.75 mean_abs_feat_delta= 0.241094\n"}
,{"stream_name":"stdout","time":2463.954068601,"data":"SECONDARY_EDGE_TTA_ACTIVE views= 8 weight= 0.75 mean_abs_feat_delta= 0.241094\n"}
,{"stream_name":"stdout","time":2464.241733619,"data":"EDGE_TTA_ACTIVE views= 8 mean_abs_feat_delta= 0.350155\n"}
,{"stream_name":"stdout","time":2464.443875332,"data":"EDGE_TTA_ACTIVE views= 8 mean_abs_feat_delta= 0.350155\n"}
,{"stream_name":"stdout","time":2464.798776508,"data":"EDGE_TTA_ACTIVE views= 8 mean_abs_feat_delta= 0.309784\n"}
,{"stream_name":"stdout","time":2465.001452745,"data":"EDGE_TTA_ACTIVE views= 8 mean_abs_feat_delta= 0.309784\n"}
,{"stream_name":"stdout","time":2465.262860801,"data":"SECONDARY_EDGE_TTA_ACTIVE views= 8 weight= 0.75 mean_abs_feat_delta= 0.275361\n"}
,{"stream_name":"stdout","time":2465.465061319,"data":"SECONDARY_EDGE_TTA_ACTIVE views= 8 weight= 0.75 mean_abs_feat_delta= 0.275361\n"}
,{"stream_name":"stdout","time":2465.777946183,"data":"SECONDARY_EDGE_TTA_ACTIVE views= 8 weight= 0.75 mean_abs_feat_delta= 0.247703\n"}
,{"stream_name":"stdout","time":2465.980315078,"data":"SECONDARY_EDGE_TTA_ACTIVE views= 8 weight= 0.75 mean_abs_feat_delta= 0.247703\n"}
,{"stream_name":"stdout","time":2466.401391885,"data":"EDGE_TTA_ACTIVE views= 8 mean_abs_feat_delta= 0.346629\n"}
,{"stream_name":"stdout","time":2466.603952243,"data":"EDGE_TTA_ACTIVE views= 8 mean_abs_feat_delta= 0.346629\n"}
,{"stream_name":"stdout","time":2466.819127802,"data":"EDGE_TTA_ACTIVE views= 8 mean_abs_feat_delta= 0.310187\n"}
,{"stream_name":"stdout","time":2467.021539899,"data":"EDGE_TTA_ACTIVE views= 8 mean_abs_feat_delta= 0.310187\n"}
,{"stream_name":"stdout","time":2467.41675657,"data":"SECONDARY_EDGE_TTA_ACTIVE views= 8 weight= 0.75 mean_abs_feat_delta= 0.271851\n"}
,{"stream_name":"stdout","time":2467.619208371,"data":"SECONDARY_EDGE_TTA_ACTIVE views= 8 weight= 0.75 mean_abs_feat_delta= 0.271851\n"}
,{"stream_name":"stdout","time":2467.801906968,"data":"SECONDARY_EDGE_TTA_ACTIVE views= 8 weight= 0.75 mean_abs_feat_delta= 0.238976\n"}
,{"stream_name":"stdout","time":2468.004228219,"data":"SECONDARY_EDGE_TTA_ACTIVE views= 8 weight= 0.75 mean_abs_feat_delta= 0.238976\n"}
,{"stream_name":"stdout","time":2468.549809589,"data":"EDGE_TTA_ACTIVE views= 8 mean_abs_feat_delta= 0.340993\n"}
,{"stream_name":"stdout","time":2468.752342125,"data":"EDGE_TTA_ACTIVE views= 8 mean_abs_feat_delta= 0.340993\n"}
,{"stream_name":"stdout","time":2468.845759024,"data":"EDGE_TTA_ACTIVE views= 8 mean_abs_feat_delta= 0.305862\n"}
,{"stream_name":"stdout","time":2469.048064053,"data":"EDGE_TTA_ACTIVE views= 8 mean_abs_feat_delta= 0.305862\n"}
,{"stream_name":"stdout","time":2469.567982579,"data":"SECONDARY_EDGE_TTA_ACTIVE views= 8 weight= 0.75 mean_abs_feat_delta= 0.270457\n"}
,{"stream_name":"stdout","time":2469.770372824,"data":"SECONDARY_EDGE_TTA_ACTIVE views= 8 weight= 0.75 mean_abs_feat_delta= 0.270457\n"}
,{"stream_name":"stdout","time":2469.817124749,"data":"SECONDARY_EDGE_TTA_ACTIVE views= 8 weight= 0.75 mean_abs_feat_delta= 0.239763\n"}
,{"stream_name":"stdout","time":2470.019500706,"data":"SECONDARY_EDGE_TTA_ACTIVE views= 8 weight= 0.75 mean_abs_feat_delta= 0.239763\n"}
,{"stream_name":"stdout","time":2470.71244786,"data":"EDGE_TTA_ACTIVE views= 8 mean_abs_feat_delta= 0.350159\n"}
,{"stream_name":"stdout","time":2470.865119163,"data":"EDGE_TTA_ACTIVE views= 8 mean_abs_feat_delta= 0.304244\n"}
,{"stream_name":"stdout","time":2470.914850655,"data":"EDGE_TTA_ACTIVE views= 8 mean_abs_feat_delta= 0.350159\n"}
,{"stream_name":"stdout","time":2470.914873915,"data":"EDGE_TTA_ACTIVE views= 8 mean_abs_feat_delta= 0.304244\n"}
,{"stream_name":"stdout","time":2471.72989474,"data":"SECONDARY_EDGE_TTA_ACTIVE views= 8 weight= 0.75 mean_abs_feat_delta= 0.271699\n"}
,{"stream_name":"stdout","time":2471.845492248,"data":"SECONDARY_EDGE_TTA_ACTIVE views= 8 weight= 0.75 mean_abs_feat_delta= 0.236636\n"}
,{"stream_name":"stdout","time":2471.932489424,"data":"SECONDARY_EDGE_TTA_ACTIVE views= 8 weight= 0.75 mean_abs_feat_delta= 0.271699\n"}
,{"stream_name":"stdout","time":2471.932535375,"data":"SECONDARY_EDGE_TTA_ACTIVE views= 8 weight= 0.75 mean_abs_feat_delta= 0.236636\n"}
,{"stream_name":"stdout","time":2472.865280385,"data":"EDGE_TTA_ACTIVE views= 8 mean_abs_feat_delta= 0.347666\n"}
,{"stream_name":"stdout","time":2472.897111322,"data":"EDGE_TTA_ACTIVE views= 8 mean_abs_feat_delta= 0.305535\n"}
,{"stream_name":"stdout","time":2473.067641135,"data":"EDGE_TTA_ACTIVE views= 8 mean_abs_feat_delta= 0.347666\n"}
,{"stream_name":"stdout","time":2473.067663507,"data":"EDGE_TTA_ACTIVE views= 8 mean_abs_feat_delta= 0.305535\n"}
,{"stream_name":"stdout","time":2473.873196158,"data":"SECONDARY_EDGE_TTA_ACTIVE views= 8 weight= 0.75 mean_abs_feat_delta= 0.236827\n"}
,{"stream_name":"stdout","time":2473.883723454,"data":"SECONDARY_EDGE_TTA_ACTIVE views= 8 weight= 0.75 mean_abs_feat_delta= 0.268294\n"}
,{"stream_name":"stdout","time":2474.075871832,"data":"SECONDARY_EDGE_TTA_ACTIVE views= 8 weight= 0.75 mean_abs_feat_delta= 0.236827\n"}
,{"stream_name":"stdout","time":2474.0759045,"data":"SECONDARY_EDGE_TTA_ACTIVE views= 8 weight= 0.75 mean_abs_feat_delta= 0.268294\n"}
,{"stream_name":"stdout","time":2474.925456929,"data":"EDGE_TTA_ACTIVE views= 8 mean_abs_feat_delta= 0.300695\n"}
,{"stream_name":"stdout","time":2475.023067534,"data":"EDGE_TTA_ACTIVE views= 8 mean_abs_feat_delta= 0.348075\n"}
,{"stream_name":"stdout","time":2475.128242107,"data":"EDGE_TTA_ACTIVE views= 8 mean_abs_feat_delta= 0.300695\n"}
,{"stream_name":"stdout","time":2475.128270753,"data":"EDGE_TTA_ACTIVE views= 8 mean_abs_feat_delta= 0.348075\n"}
,{"stream_name":"stdout","time":2475.900519219,"data":"SECONDARY_EDGE_TTA_ACTIVE views= 8 weight= 0.75 mean_abs_feat_delta= 0.246142\n"}
,{"stream_name":"stdout","time":2476.038764668,"data":"SECONDARY_EDGE_TTA_ACTIVE views= 8 weight= 0.75 mean_abs_feat_delta= 0.264688\n"}
,{"stream_name":"stdout","time":2476.103139993,"data":"SECONDARY_EDGE_TTA_ACTIVE views= 8 weight= 0.75 mean_abs_feat_delta= 0.246142\n"}
,{"stream_name":"stdout","time":2476.103163924,"data":"SECONDARY_EDGE_TTA_ACTIVE views= 8 weight= 0.75 mean_abs_feat_delta= 0.264688\n"}
,{"stream_name":"stdout","time":2476.941580655,"data":"EDGE_TTA_ACTIVE views= 8 mean_abs_feat_delta= 0.307713\n"}
,{"stream_name":"stdout","time":2477.144154241,"data":"EDGE_TTA_ACTIVE views= 8 mean_abs_feat_delta= 0.307713\n"}
,{"stream_name":"stdout","time":2477.169064063,"data":"EDGE_TTA_ACTIVE views= 8 mean_abs_feat_delta= 0.351707\n"}
,{"stream_name":"stdout","time":2477.371132813,"data":"EDGE_TTA_ACTIVE views= 8 mean_abs_feat_delta= 0.351707\n"}
,{"stream_name":"stdout","time":2477.925834273,"data":"SECONDARY_EDGE_TTA_ACTIVE views= 8 weight= 0.75 mean_abs_feat_delta= 0.23768\n"}
,{"stream_name":"stdout","time":2478.128533291,"data":"SECONDARY_EDGE_TTA_ACTIVE views= 8 weight= 0.75 mean_abs_feat_delta= 0.23768\n"}
,{"stream_name":"stdout","time":2478.188999224,"data":"SECONDARY_EDGE_TTA_ACTIVE views= 8 weight= 0.75 mean_abs_feat_delta= 0.266009\n"}
,{"stream_name":"stdout","time":2478.391549587,"data":"SECONDARY_EDGE_TTA_ACTIVE views= 8 weight= 0.75 mean_abs_feat_delta= 0.266009\n"}
,{"stream_name":"stdout","time":2478.982235311,"data":"EDGE_TTA_ACTIVE views= 8 mean_abs_feat_delta= 0.309937\n"}
,{"stream_name":"stdout","time":2479.184888578,"data":"EDGE_TTA_ACTIVE views= 8 mean_abs_feat_delta= 0.309937\n"}
,{"stream_name":"stdout","time":2479.321066898,"data":"EDGE_TTA_ACTIVE views= 8 mean_abs_feat_delta= 0.357343\n"}
,{"stream_name":"stdout","time":2479.523573103,"data":"EDGE_TTA_ACTIVE views= 8 mean_abs_feat_delta= 0.357343\n"}
,{"stream_name":"stdout","time":2479.95552713,"data":"SECONDARY_EDGE_TTA_ACTIVE views= 8 weight= 0.75 mean_abs_feat_delta= 0.245734\n"}
,{"stream_name":"stdout","time":2480.158038492,"data":"SECONDARY_EDGE_TTA_ACTIVE views= 8 weight= 0.75 mean_abs_feat_delta= 0.245734\n"}
,{"stream_name":"stdout","time":2480.33783007,"data":"SECONDARY_EDGE_TTA_ACTIVE views= 8 weight= 0.75 mean_abs_feat_delta= 0.26656\n"}
,{"stream_name":"stdout","time":2480.54005217,"data":"SECONDARY_EDGE_TTA_ACTIVE views= 8 weight= 0.75 mean_abs_feat_delta= 0.26656\n"}
,{"stream_name":"stdout","time":2481.009500562,"data":"EDGE_TTA_ACTIVE views= 8 mean_abs_feat_delta= 0.311094\n"}
,{"stream_name":"stdout","time":2481.212291825,"data":"EDGE_TTA_ACTIVE views= 8 mean_abs_feat_delta= 0.311094\n"}
,{"stream_name":"stdout","time":2481.472551035,"data":"EDGE_TTA_ACTIVE views= 8 mean_abs_feat_delta= 0.357708\n"}
,{"stream_name":"stdout","time":2481.674905098,"data":"EDGE_TTA_ACTIVE views= 8 mean_abs_feat_delta= 0.357708\n"}
,{"stream_name":"stdout","time":2481.98518169,"data":"SECONDARY_EDGE_TTA_ACTIVE views= 8 weight= 0.75 mean_abs_feat_delta= 0.250595\n"}
,{"stream_name":"stdout","time":2482.187683274,"data":"SECONDARY_EDGE_TTA_ACTIVE views= 8 weight= 0.75 mean_abs_feat_delta= 0.250595\n"}
,{"stream_name":"stdout","time":2482.493629373,"data":"SECONDARY_EDGE_TTA_ACTIVE views= 8 weight= 0.75 mean_abs_feat_delta= 0.267204\n"}
,{"stream_name":"stdout","time":2482.81197662,"data":"SECONDARY_EDGE_TTA_ACTIVE views= 8 weight= 0.75 mean_abs_feat_delta= 0.267204\n"}
,{"stream_name":"stdout","time":2483.076576936,"data":"EDGE_TTA_ACTIVE views= 8 mean_abs_feat_delta= 0.309922\n"}
,{"stream_name":"stdout","time":2483.279210881,"data":"EDGE_TTA_ACTIVE views= 8 mean_abs_feat_delta= 0.309922\n"}
,{"stream_name":"stdout","time":2483.637505888,"data":"EDGE_TTA_ACTIVE views= 8 mean_abs_feat_delta= 0.353719\n"}
,{"stream_name":"stdout","time":2483.839885605,"data":"EDGE_TTA_ACTIVE views= 8 mean_abs_feat_delta= 0.353719\n"}
,{"stream_name":"stdout","time":2484.050404191,"data":"SECONDARY_EDGE_TTA_ACTIVE views= 8 weight= 0.75 mean_abs_feat_delta= 0.253315\n"}
,{"stream_name":"stdout","time":2484.253019157,"data":"SECONDARY_EDGE_TTA_ACTIVE views= 8 weight= 0.75 mean_abs_feat_delta= 0.253315\n"}
,{"stream_name":"stdout","time":2484.657229789,"data":"SECONDARY_EDGE_TTA_ACTIVE views= 8 weight= 0.75 mean_abs_feat_delta= 0.26515\n"}
,{"stream_name":"stdout","time":2484.859690188,"data":"SECONDARY_EDGE_TTA_ACTIVE views= 8 weight= 0.75 mean_abs_feat_delta= 0.26515\n"}
,{"stream_name":"stdout","time":2485.122764804,"data":"EDGE_TTA_ACTIVE views= 8 mean_abs_feat_delta= 0.30358\n"}
,{"stream_name":"stdout","time":2485.325175382,"data":"EDGE_TTA_ACTIVE views= 8 mean_abs_feat_delta= 0.30358\n"}
,{"stream_name":"stdout","time":2485.794381147,"data":"EDGE_TTA_ACTIVE views= 8 mean_abs_feat_delta= 0.353385\n"}
,{"stream_name":"stdout","time":2485.996775516,"data":"EDGE_TTA_ACTIVE views= 8 mean_abs_feat_delta= 0.353385\n"}
,{"stream_name":"stdout","time":2486.098426695,"data":"SECONDARY_EDGE_TTA_ACTIVE views= 8 weight= 0.75 mean_abs_feat_delta= 0.250628\n"}
,{"stream_name":"stdout","time":2486.300820478,"data":"SECONDARY_EDGE_TTA_ACTIVE views= 8 weight= 0.75 mean_abs_feat_delta= 0.250628\n"}
,{"stream_name":"stdout","time":2486.812779857,"data":"SECONDARY_EDGE_TTA_ACTIVE views= 8 weight= 0.75 mean_abs_feat_delta= 0.260403\n"}
,{"stream_name":"stdout","time":2487.015106187,"data":"SECONDARY_EDGE_TTA_ACTIVE views= 8 weight= 0.75 mean_abs_feat_delta= 0.260403\n"}
,{"stream_name":"stdout","time":2487.151524934,"data":"EDGE_TTA_ACTIVE views= 8 mean_abs_feat_delta= 0.30504\n"}
,{"stream_name":"stdout","time":2487.353941709,"data":"EDGE_TTA_ACTIVE views= 8 mean_abs_feat_delta= 0.30504\n"}
,{"stream_name":"stdout","time":2487.953126314,"data":"EDGE_TTA_ACTIVE views= 8 mean_abs_feat_delta= 0.349152\n"}
,{"stream_name":"stdout","time":2488.125473419,"data":"SECONDARY_EDGE_TTA_ACTIVE views= 8 weight= 0.75 mean_abs_feat_delta= 0.248101\n"}
,{"stream_name":"stdout","time":2488.155892652,"data":"EDGE_TTA_ACTIVE views= 8 mean_abs_feat_delta= 0.349152\n"}
,{"stream_name":"stdout","time":2488.155911606,"data":"SECONDARY_EDGE_TTA_ACTIVE views= 8 weight= 0.75 mean_abs_feat_delta= 0.248101\n"}
,{"stream_name":"stdout","time":2488.97252503,"data":"SECONDARY_EDGE_TTA_ACTIVE views= 8 weight= 0.75 mean_abs_feat_delta= 0.263831\n"}
,{"stream_name":"stdout","time":2489.175262034,"data":"SECONDARY_EDGE_TTA_ACTIVE views= 8 weight= 0.75 mean_abs_feat_delta= 0.263831\n"}
,{"stream_name":"stdout","time":2489.178138208,"data":"EDGE_TTA_ACTIVE views= 8 mean_abs_feat_delta= 0.306693\n"}
,{"stream_name":"stdout","time":2489.380461039,"data":"EDGE_TTA_ACTIVE views= 8 mean_abs_feat_delta= 0.306693\n"}
,{"stream_name":"stdout","time":2490.104679596,"data":"EDGE_TTA_ACTIVE views= 8 mean_abs_feat_delta= 0.346202\n"}
,{"stream_name":"stdout","time":2490.152989267,"data":"SECONDARY_EDGE_TTA_ACTIVE views= 8 weight= 0.75 mean_abs_feat_delta= 0.251762\n"}
,{"stream_name":"stdout","time":2490.307110877,"data":"EDGE_TTA_ACTIVE views= 8 mean_abs_feat_delta= 0.346202\n"}
,{"stream_name":"stdout","time":2490.307137521,"data":"SECONDARY_EDGE_TTA_ACTIVE views= 8 weight= 0.75 mean_abs_feat_delta= 0.251762\n"}
,{"stream_name":"stdout","time":2491.121629745,"data":"SECONDARY_EDGE_TTA_ACTIVE views= 8 weight= 0.75 mean_abs_feat_delta= 0.26408\n"}
,{"stream_name":"stdout","time":2491.204606656,"data":"EDGE_TTA_ACTIVE views= 8 mean_abs_feat_delta= 0.3131\n"}
,{"stream_name":"stdout","time":2491.324428237,"data":"SECONDARY_EDGE_TTA_ACTIVE views= 8 weight= 0.75 mean_abs_feat_delta= 0.26408\n"}
,{"stream_name":"stdout","time":2491.324462221,"data":"EDGE_TTA_ACTIVE views= 8 mean_abs_feat_delta= 0.3131\n"}
,{"stream_name":"stdout","time":2492.179223898,"data":"SECONDARY_EDGE_TTA_ACTIVE views= 8 weight= 0.75 mean_abs_feat_delta= 0.243649\n"}
,{"stream_name":"stdout","time":2492.38187036,"data":"SECONDARY_EDGE_TTA_ACTIVE views= 8 weight= 0.75 mean_abs_feat_delta= 0.243649\n"}
,{"stream_name":"stdout","time":2493.231338513,"data":"EDGE_TTA_ACTIVE views= 8 mean_abs_feat_delta= 0.309806\n"}
,{"stream_name":"stdout","time":2493.434455362,"data":"EDGE_TTA_ACTIVE views= 8 mean_abs_feat_delta= 0.309806\n"}
,{"stream_name":"stdout","time":2494.204086737,"data":"SECONDARY_EDGE_TTA_ACTIVE views= 8 weight= 0.75 mean_abs_feat_delta= 0.241383\n"}
,{"stream_name":"stdout","time":2494.406185065,"data":"SECONDARY_EDGE_TTA_ACTIVE views= 8 weight= 0.75 mean_abs_feat_delta= 0.241383\n"}
,{"stream_name":"stdout","time":2495.29601867,"data":"EDGE_TTA_ACTIVE views= 8 mean_abs_feat_delta= 0.311865\n"}
,{"stream_name":"stdout","time":2495.499521909,"data":"EDGE_TTA_ACTIVE views= 8 mean_abs_feat_delta= 0.311865\n"}
,{"stream_name":"stdout","time":2496.270039611,"data":"SECONDARY_EDGE_TTA_ACTIVE views= 8 weight= 0.75 mean_abs_feat_delta= 0.241196\n"}
,{"stream_name":"stdout","time":2496.473109687,"data":"SECONDARY_EDGE_TTA_ACTIVE views= 8 weight= 0.75 mean_abs_feat_delta= 0.241196\n"}
,{"stream_name":"stdout","time":2497.398905089,"data":"EDGE_TTA_ACTIVE views= 8 mean_abs_feat_delta= 0.315319\n"}
,{"stream_name":"stdout","time":2497.60155539,"data":"EDGE_TTA_ACTIVE views= 8 mean_abs_feat_delta= 0.315319\n"}
,{"stream_name":"stdout","time":2498.373722801,"data":"SECONDARY_EDGE_TTA_ACTIVE views= 8 weight= 0.75 mean_abs_feat_delta= 0.243608\n"}
,{"stream_name":"stdout","time":2498.576683698,"data":"SECONDARY_EDGE_TTA_ACTIVE views= 8 weight= 0.75 mean_abs_feat_delta= 0.243608\n"}
,{"stream_name":"stdout","time":2499.467046851,"data":"EDGE_TTA_ACTIVE views= 8 mean_abs_feat_delta= 0.316664\n"}
,{"stream_name":"stdout","time":2499.670024181,"data":"EDGE_TTA_ACTIVE views= 8 mean_abs_feat_delta= 0.316664\n"}
,{"stream_name":"stdout","time":2500.440779141,"data":"SECONDARY_EDGE_TTA_ACTIVE views= 8 weight= 0.75 mean_abs_feat_delta= 0.247002\n"}
,{"stream_name":"stdout","time":2500.643552486,"data":"SECONDARY_EDGE_TTA_ACTIVE views= 8 weight= 0.75 mean_abs_feat_delta= 0.247002\n"}
,{"stream_name":"stdout","time":2501.532275058,"data":"EDGE_TTA_ACTIVE views= 8 mean_abs_feat_delta= 0.314554\n"}
,{"stream_name":"stdout","time":2501.733548659,"data":"EDGE_TTA_ACTIVE views= 8 mean_abs_feat_delta= 0.314554\n"}
,{"stream_name":"stdout","time":2502.505063878,"data":"SECONDARY_EDGE_TTA_ACTIVE views= 8 weight= 0.75 mean_abs_feat_delta= 0.244453\n"}
,{"stream_name":"stdout","time":2502.707777148,"data":"SECONDARY_EDGE_TTA_ACTIVE views= 8 weight= 0.75 mean_abs_feat_delta= 0.244453\n"}
,{"stream_name":"stdout","time":2503.556565831,"data":"EDGE_TTA_ACTIVE views= 8 mean_abs_feat_delta= 0.312107\n"}
,{"stream_name":"stdout","time":2503.758846179,"data":"EDGE_TTA_ACTIVE views= 8 mean_abs_feat_delta= 0.312107\n"}
,{"stream_name":"stdout","time":2504.532343302,"data":"SECONDARY_EDGE_TTA_ACTIVE views= 8 weight= 0.75 mean_abs_feat_delta= 0.245336\n"}
,{"stream_name":"stdout","time":2504.735078216,"data":"SECONDARY_EDGE_TTA_ACTIVE views= 8 weight= 0.75 mean_abs_feat_delta= 0.245336\n"}
,{"stream_name":"stdout","time":2505.580673978,"data":"EDGE_TTA_ACTIVE views= 8 mean_abs_feat_delta= 0.307193\n"}
,{"stream_name":"stdout","time":2505.783426906,"data":"EDGE_TTA_ACTIVE views= 8 mean_abs_feat_delta= 0.307193\n"}
,{"stream_name":"stdout","time":2506.555211643,"data":"SECONDARY_EDGE_TTA_ACTIVE views= 8 weight= 0.75 mean_abs_feat_delta= 0.246644\n"}
,{"stream_name":"stdout","time":2506.757910169,"data":"SECONDARY_EDGE_TTA_ACTIVE views= 8 weight= 0.75 mean_abs_feat_delta= 0.246644\n"}
,{"stream_name":"stdout","time":2507.606265402,"data":"EDGE_TTA_ACTIVE views= 8 mean_abs_feat_delta= 0.307894\n"}
,{"stream_name":"stdout","time":2507.808995699,"data":"EDGE_TTA_ACTIVE views= 8 mean_abs_feat_delta= 0.307894\n"}
,{"stream_name":"stdout","time":2508.581107711,"data":"SECONDARY_EDGE_TTA_ACTIVE views= 8 weight= 0.75 mean_abs_feat_delta= 0.251317\n"}
,{"stream_name":"stdout","time":2508.78398197,"data":"SECONDARY_EDGE_TTA_ACTIVE views= 8 weight= 0.75 mean_abs_feat_delta= 0.251317\n"}
,{"stream_name":"stdout","time":2509.631752308,"data":"EDGE_TTA_ACTIVE views= 8 mean_abs_feat_delta= 0.309187\n"}
,{"stream_name":"stdout","time":2509.83465017,"data":"EDGE_TTA_ACTIVE views= 8 mean_abs_feat_delta= 0.309187\n"}
,{"stream_name":"stdout","time":2510.606940832,"data":"SECONDARY_EDGE_TTA_ACTIVE views= 8 weight= 0.75 mean_abs_feat_delta= 0.250676\n"}
,{"stream_name":"stdout","time":2510.809546509,"data":"SECONDARY_EDGE_TTA_ACTIVE views= 8 weight= 0.75 mean_abs_feat_delta= 0.250676\n"}
,{"stream_name":"stdout","time":2511.65812563,"data":"EDGE_TTA_ACTIVE views= 8 mean_abs_feat_delta= 0.307647\n"}
,{"stream_name":"stdout","time":2511.860691305,"data":"EDGE_TTA_ACTIVE views= 8 mean_abs_feat_delta= 0.307647\n"}
,{"stream_name":"stdout","time":2512.644532712,"data":"SECONDARY_EDGE_TTA_ACTIVE views= 8 weight= 0.75 mean_abs_feat_delta= 0.250317\n"}
,{"stream_name":"stdout","time":2512.964300572,"data":"SECONDARY_EDGE_TTA_ACTIVE views= 8 weight= 0.75 mean_abs_feat_delta= 0.250317\n"}
,{"stream_name":"stdout","time":2513.700818682,"data":"EDGE_TTA_ACTIVE views= 8 mean_abs_feat_delta= 0.307706\n"}
,{"stream_name":"stdout","time":2513.903694429,"data":"EDGE_TTA_ACTIVE views= 8 mean_abs_feat_delta= 0.307706\n"}
,{"stream_name":"stdout","time":2514.677722829,"data":"SECONDARY_EDGE_TTA_ACTIVE views= 8 weight= 0.75 mean_abs_feat_delta= 0.247405\n"}
,{"stream_name":"stdout","time":2514.880400865,"data":"SECONDARY_EDGE_TTA_ACTIVE views= 8 weight= 0.75 mean_abs_feat_delta= 0.247405\n"}
,{"stream_name":"stdout","time":2515.727042186,"data":"EDGE_TTA_ACTIVE views= 8 mean_abs_feat_delta= 0.313024\n"}
,{"stream_name":"stdout","time":2515.932515165,"data":"EDGE_TTA_ACTIVE views= 8 mean_abs_feat_delta= 0.313024\n"}
,{"stream_name":"stdout","time":2516.703751356,"data":"SECONDARY_EDGE_TTA_ACTIVE views= 8 weight= 0.75 mean_abs_feat_delta= 0.246152\n"}
,{"stream_name":"stdout","time":2516.906255948,"data":"SECONDARY_EDGE_TTA_ACTIVE views= 8 weight= 0.75 mean_abs_feat_delta= 0.246152\n"}
,{"stream_name":"stdout","time":2517.754952817,"data":"EDGE_TTA_ACTIVE views= 8 mean_abs_feat_delta= 0.314713\n"}
,{"stream_name":"stdout","time":2517.957717873,"data":"EDGE_TTA_ACTIVE views= 8 mean_abs_feat_delta= 0.314713\n"}
,{"stream_name":"stdout","time":2518.739840452,"data":"SECONDARY_EDGE_TTA_ACTIVE views= 8 weight= 0.75 mean_abs_feat_delta= 0.249737\n"}
,{"stream_name":"stdout","time":2518.942522534,"data":"SECONDARY_EDGE_TTA_ACTIVE views= 8 weight= 0.75 mean_abs_feat_delta= 0.249737\n"}
,{"stream_name":"stdout","time":2519.780935922,"data":"EDGE_TTA_ACTIVE views= 8 mean_abs_feat_delta= 0.316544\n"}
,{"stream_name":"stdout","time":2519.983323517,"data":"EDGE_TTA_ACTIVE views= 8 mean_abs_feat_delta= 0.316544\n"}
,{"stream_name":"stdout","time":2520.541967952,"data":"EDGE_TTA_ACTIVE views= 8 mean_abs_feat_delta= 0.309615\n"}
,{"stream_name":"stdout","time":2520.744912426,"data":"EDGE_TTA_ACTIVE views= 8 mean_abs_feat_delta= 0.309615\n"}
,{"stream_name":"stdout","time":2520.763139961,"data":"SECONDARY_EDGE_TTA_ACTIVE views= 8 weight= 0.75 mean_abs_feat_delta= 0.248881\n"}
,{"stream_name":"stdout","time":2520.964904128,"data":"SECONDARY_EDGE_TTA_ACTIVE views= 8 weight= 0.75 mean_abs_feat_delta= 0.248881\n"}
,{"stream_name":"stdout","time":2521.495378475,"data":"SECONDARY_EDGE_TTA_ACTIVE views= 8 weight= 0.75 mean_abs_feat_delta= 0.21761\n"}
,{"stream_name":"stdout","time":2521.697710697,"data":"SECONDARY_EDGE_TTA_ACTIVE views= 8 weight= 0.75 mean_abs_feat_delta= 0.21761\n"}
,{"stream_name":"stdout","time":2521.827910374,"data":"EDGE_TTA_ACTIVE views= 8 mean_abs_feat_delta= 0.314499\n"}
,{"stream_name":"stdout","time":2522.03038935,"data":"EDGE_TTA_ACTIVE views= 8 mean_abs_feat_delta= 0.314499\n"}
,{"stream_name":"stdout","time":2522.588280389,"data":"EDGE_TTA_ACTIVE views= 8 mean_abs_feat_delta= 0.309058\n"}
,{"stream_name":"stdout","time":2522.790564242,"data":"EDGE_TTA_ACTIVE views= 8 mean_abs_feat_delta= 0.309058\n"}
,{"stream_name":"stdout","time":2522.806431001,"data":"SECONDARY_EDGE_TTA_ACTIVE views= 8 weight= 0.75 mean_abs_feat_delta= 0.252604\n"}
,{"stream_name":"stdout","time":2523.008960909,"data":"SECONDARY_EDGE_TTA_ACTIVE views= 8 weight= 0.75 mean_abs_feat_delta= 0.252604\n"}
,{"stream_name":"stdout","time":2523.553254258,"data":"SECONDARY_EDGE_TTA_ACTIVE views= 8 weight= 0.75 mean_abs_feat_delta= 0.214421\n"}
,{"stream_name":"stdout","time":2523.755642651,"data":"SECONDARY_EDGE_TTA_ACTIVE views= 8 weight= 0.75 mean_abs_feat_delta= 0.214421\n"}
,{"stream_name":"stdout","time":2523.853470779,"data":"EDGE_TTA_ACTIVE views= 8 mean_abs_feat_delta= 0.31039\n"}
,{"stream_name":"stdout","time":2524.055600429,"data":"EDGE_TTA_ACTIVE views= 8 mean_abs_feat_delta= 0.31039\n"}
,{"stream_name":"stdout","time":2524.651121863,"data":"EDGE_TTA_ACTIVE views= 8 mean_abs_feat_delta= 0.306949\n"}
,{"stream_name":"stdout","time":2524.82763855,"data":"SECONDARY_EDGE_TTA_ACTIVE views= 8 weight= 0.75 mean_abs_feat_delta= 0.249481\n"}
,{"stream_name":"stdout","time":2524.853868032,"data":"EDGE_TTA_ACTIVE views= 8 mean_abs_feat_delta= 0.306949\n"}
,{"stream_name":"stdout","time":2524.853883962,"data":"SECONDARY_EDGE_TTA_ACTIVE views= 8 weight= 0.75 mean_abs_feat_delta= 0.249481\n"}
,{"stream_name":"stdout","time":2525.610522459,"data":"SECONDARY_EDGE_TTA_ACTIVE views= 8 weight= 0.75 mean_abs_feat_delta= 0.215812\n"}
,{"stream_name":"stdout","time":2525.812983486,"data":"SECONDARY_EDGE_TTA_ACTIVE views= 8 weight= 0.75 mean_abs_feat_delta= 0.215812\n"}
,{"stream_name":"stdout","time":2525.919479422,"data":"EDGE_TTA_ACTIVE views= 8 mean_abs_feat_delta= 0.311503\n"}
,{"stream_name":"stdout","time":2526.121922058,"data":"EDGE_TTA_ACTIVE views= 8 mean_abs_feat_delta= 0.311503\n"}
,{"stream_name":"stdout","time":2526.71774512,"data":"EDGE_TTA_ACTIVE views= 8 mean_abs_feat_delta= 0.305215\n"}
,{"stream_name":"stdout","time":2526.900992062,"data":"SECONDARY_EDGE_TTA_ACTIVE views= 8 weight= 0.75 mean_abs_feat_delta= 0.242744\n"}
,{"stream_name":"stdout","time":2526.920267575,"data":"EDGE_TTA_ACTIVE views= 8 mean_abs_feat_delta= 0.305215\n"}
,{"stream_name":"stdout","time":2526.920287139,"data":"SECONDARY_EDGE_TTA_ACTIVE views= 8 weight= 0.75 mean_abs_feat_delta= 0.242744\n"}
,{"stream_name":"stdout","time":2527.677983197,"data":"SECONDARY_EDGE_TTA_ACTIVE views= 8 weight= 0.75 mean_abs_feat_delta= 0.215305\n"}
,{"stream_name":"stdout","time":2527.880583015,"data":"SECONDARY_EDGE_TTA_ACTIVE views= 8 weight= 0.75 mean_abs_feat_delta= 0.215305\n"}
,{"stream_name":"stdout","time":2527.965365477,"data":"EDGE_TTA_ACTIVE views= 8 mean_abs_feat_delta= 0.31187\n"}
,{"stream_name":"stdout","time":2528.167622075,"data":"EDGE_TTA_ACTIVE views= 8 mean_abs_feat_delta= 0.31187\n"}
,{"stream_name":"stdout","time":2528.778565571,"data":"EDGE_TTA_ACTIVE views= 8 mean_abs_feat_delta= 0.308212\n"}
,{"stream_name":"stdout","time":2528.95162157,"data":"SECONDARY_EDGE_TTA_ACTIVE views= 8 weight= 0.75 mean_abs_feat_delta= 0.244999\n"}
,{"stream_name":"stdout","time":2528.980977157,"data":"EDGE_TTA_ACTIVE views= 8 mean_abs_feat_delta= 0.308212\n"}
,{"stream_name":"stdout","time":2528.980998507,"data":"SECONDARY_EDGE_TTA_ACTIVE views= 8 weight= 0.75 mean_abs_feat_delta= 0.244999\n"}
,{"stream_name":"stdout","time":2529.745724413,"data":"SECONDARY_EDGE_TTA_ACTIVE views= 8 weight= 0.75 mean_abs_feat_delta= 0.215626\n"}
,{"stream_name":"stdout","time":2529.948337106,"data":"SECONDARY_EDGE_TTA_ACTIVE views= 8 weight= 0.75 mean_abs_feat_delta= 0.215626\n"}
,{"stream_name":"stdout","time":2530.012707233,"data":"EDGE_TTA_ACTIVE views= 8 mean_abs_feat_delta= 0.312424\n"}
,{"stream_name":"stdout","time":2530.214902496,"data":"EDGE_TTA_ACTIVE views= 8 mean_abs_feat_delta= 0.312424\n"}
,{"stream_name":"stdout","time":2530.8393596,"data":"EDGE_TTA_ACTIVE views= 8 mean_abs_feat_delta= 0.304803\n"}
,{"stream_name":"stdout","time":2530.987652885,"data":"SECONDARY_EDGE_TTA_ACTIVE views= 8 weight= 0.75 mean_abs_feat_delta= 0.24758\n"}
,{"stream_name":"stdout","time":2531.043147114,"data":"EDGE_TTA_ACTIVE views= 8 mean_abs_feat_delta= 0.304803\n"}
,{"stream_name":"stdout","time":2531.043171249,"data":"SECONDARY_EDGE_TTA_ACTIVE views= 8 weight= 0.75 mean_abs_feat_delta= 0.24758\n"}
,{"stream_name":"stdout","time":2531.812817573,"data":"SECONDARY_EDGE_TTA_ACTIVE views= 8 weight= 0.75 mean_abs_feat_delta= 0.218224\n"}
,{"stream_name":"stdout","time":2532.015184553,"data":"SECONDARY_EDGE_TTA_ACTIVE views= 8 weight= 0.75 mean_abs_feat_delta= 0.218224\n"}
,{"stream_name":"stdout","time":2532.061872664,"data":"EDGE_TTA_ACTIVE views= 8 mean_abs_feat_delta= 0.313356\n"}
,{"stream_name":"stdout","time":2532.264192564,"data":"EDGE_TTA_ACTIVE views= 8 mean_abs_feat_delta= 0.313356\n"}
,{"stream_name":"stdout","time":2532.91950884,"data":"EDGE_TTA_ACTIVE views= 8 mean_abs_feat_delta= 0.304351\n"}
,{"stream_name":"stdout","time":2533.042110104,"data":"SECONDARY_EDGE_TTA_ACTIVE views= 8 weight= 0.75 mean_abs_feat_delta= 0.242936\n"}
,{"stream_name":"stdout","time":2533.121890431,"data":"EDGE_TTA_ACTIVE views= 8 mean_abs_feat_delta= 0.304351\n"}
,{"stream_name":"stdout","time":2533.121914768,"data":"SECONDARY_EDGE_TTA_ACTIVE views= 8 weight= 0.75 mean_abs_feat_delta= 0.242936\n"}
,{"stream_name":"stdout","time":2533.894746335,"data":"SECONDARY_EDGE_TTA_ACTIVE views= 8 weight= 0.75 mean_abs_feat_delta= 0.218718\n"}
,{"stream_name":"stdout","time":2534.092883312,"data":"EDGE_TTA_ACTIVE views= 8 mean_abs_feat_delta= 0.316315\n"}
,{"stream_name":"stdout","time":2534.097549917,"data":"SECONDARY_EDGE_TTA_ACTIVE views= 8 weight= 0.75 mean_abs_feat_delta= 0.218718\n"}
,{"stream_name":"stdout","time":2534.097574925,"data":"EDGE_TTA_ACTIVE views= 8 mean_abs_feat_delta= 0.316315\n"}
,{"stream_name":"stdout","time":2535.016676177,"data":"EDGE_TTA_ACTIVE views= 8 mean_abs_feat_delta= 0.309835\n"}
,{"stream_name":"stdout","time":2535.084788494,"data":"SECONDARY_EDGE_TTA_ACTIVE views= 8 weight= 0.75 mean_abs_feat_delta= 0.244055\n"}
,{"stream_name":"stdout","time":2535.219297077,"data":"EDGE_TTA_ACTIVE views= 8 mean_abs_feat_delta= 0.309835\n"}
,{"stream_name":"stdout","time":2535.21936149,"data":"SECONDARY_EDGE_TTA_ACTIVE views= 8 weight= 0.75 mean_abs_feat_delta= 0.244055\n"}
,{"stream_name":"stdout","time":2535.992667737,"data":"SECONDARY_EDGE_TTA_ACTIVE views= 8 weight= 0.75 mean_abs_feat_delta= 0.220273\n"}
,{"stream_name":"stdout","time":2536.141158204,"data":"EDGE_TTA_ACTIVE views= 8 mean_abs_feat_delta= 0.313104\n"}
,{"stream_name":"stdout","time":2536.195215124,"data":"SECONDARY_EDGE_TTA_ACTIVE views= 8 weight= 0.75 mean_abs_feat_delta= 0.220273\n"}
,{"stream_name":"stdout","time":2536.19524107,"data":"EDGE_TTA_ACTIVE views= 8 mean_abs_feat_delta= 0.313104\n"}
,{"stream_name":"stdout","time":2537.086061066,"data":"EDGE_TTA_ACTIVE views= 8 mean_abs_feat_delta= 0.307835\n"}
,{"stream_name":"stdout","time":2537.119911639,"data":"SECONDARY_EDGE_TTA_ACTIVE views= 8 weight= 0.75 mean_abs_feat_delta= 0.24235\n"}
,{"stream_name":"stdout","time":2537.124135437,"data":"BIOHUB_RETENTION_GUARD {\"blended_candidates\": 59, \"dataset\": \"6bba_062c8d37\", \"frame\": 90, \"minimum_retention\": 0.9, \"primary_candidates\": 67, \"retention\": 0.8805970149253731, \"use_primary\": true}\n"}
,{"stream_name":"stdout","time":2537.288647083,"data":"EDGE_TTA_ACTIVE views= 8 mean_abs_feat_delta= 0.307835\n"}
,{"stream_name":"stdout","time":2537.288680741,"data":"SECONDARY_EDGE_TTA_ACTIVE views= 8 weight= 0.75 mean_abs_feat_delta= 0.24235\n"}
,{"stream_name":"stdout","time":2537.288688082,"data":"BIOHUB_RETENTION_GUARD {\"blended_candidates\": 59, \"dataset\": \"6bba_062c8d37\", \"frame\": 90, \"minimum_retention\": 0.9, \"primary_candidates\": 67, \"retention\": 0.8805970149253731, \"use_primary\": true}\n"}
,{"stream_name":"stdout","time":2538.06101691,"data":"SECONDARY_EDGE_TTA_ACTIVE views= 8 weight= 0.75 mean_abs_feat_delta= 0.22135\n"}
,{"stream_name":"stdout","time":2538.232244446,"data":"EDGE_TTA_ACTIVE views= 8 mean_abs_feat_delta= 0.309564\n"}
,{"stream_name":"stdout","time":2538.263417652,"data":"SECONDARY_EDGE_TTA_ACTIVE views= 8 weight= 0.75 mean_abs_feat_delta= 0.22135\n"}
,{"stream_name":"stdout","time":2538.263440902,"data":"EDGE_TTA_ACTIVE views= 8 mean_abs_feat_delta= 0.309564\n"}
,{"stream_name":"stdout","time":2539.156660087,"data":"EDGE_TTA_ACTIVE views= 8 mean_abs_feat_delta= 0.309283\n"}
,{"stream_name":"stdout","time":2539.22428244,"data":"SECONDARY_EDGE_TTA_ACTIVE views= 8 weight= 0.75 mean_abs_feat_delta= 0.241565\n"}
,{"stream_name":"stdout","time":2539.359115408,"data":"EDGE_TTA_ACTIVE views= 8 mean_abs_feat_delta= 0.309283\n"}
,{"stream_name":"stdout","time":2539.359142249,"data":"SECONDARY_EDGE_TTA_ACTIVE views= 8 weight= 0.75 mean_abs_feat_delta= 0.241565\n"}
,{"stream_name":"stdout","time":2540.129999438,"data":"SECONDARY_EDGE_TTA_ACTIVE views= 8 weight= 0.75 mean_abs_feat_delta= 0.219634\n"}
,{"stream_name":"stdout","time":2540.323925115,"data":"EDGE_TTA_ACTIVE views= 8 mean_abs_feat_delta= 0.308723\n"}
,{"stream_name":"stdout","time":2540.332446235,"data":"SECONDARY_EDGE_TTA_ACTIVE views= 8 weight= 0.75 mean_abs_feat_delta= 0.219634\n"}
,{"stream_name":"stdout","time":2540.332468942,"data":"EDGE_TTA_ACTIVE views= 8 mean_abs_feat_delta= 0.308723\n"}
,{"stream_name":"stdout","time":2541.244940155,"data":"EDGE_TTA_ACTIVE views= 8 mean_abs_feat_delta= 0.301887\n"}
,{"stream_name":"stdout","time":2541.315404214,"data":"SECONDARY_EDGE_TTA_ACTIVE views= 8 weight= 0.75 mean_abs_feat_delta= 0.243967\n"}
,{"stream_name":"stdout","time":2541.447209434,"data":"EDGE_TTA_ACTIVE views= 8 mean_abs_feat_delta= 0.301887\n"}
,{"stream_name":"stdout","time":2541.447238372,"data":"SECONDARY_EDGE_TTA_ACTIVE views= 8 weight= 0.75 mean_abs_feat_delta= 0.243967\n"}
,{"stream_name":"stdout","time":2542.219667289,"data":"SECONDARY_EDGE_TTA_ACTIVE views= 8 weight= 0.75 mean_abs_feat_delta= 0.216854\n"}
,{"stream_name":"stdout","time":2542.368743996,"data":"EDGE_TTA_ACTIVE views= 8 mean_abs_feat_delta= 0.308386\n"}
,{"stream_name":"stdout","time":2542.422281156,"data":"SECONDARY_EDGE_TTA_ACTIVE views= 8 weight= 0.75 mean_abs_feat_delta= 0.216854\n"}
,{"stream_name":"stdout","time":2542.422306225,"data":"EDGE_TTA_ACTIVE views= 8 mean_abs_feat_delta= 0.308386\n"}
,{"stream_name":"stdout","time":2543.334121367,"data":"EDGE_TTA_ACTIVE views= 8 mean_abs_feat_delta= 0.300667\n"}
,{"stream_name":"stdout","time":2543.361287932,"data":"SECONDARY_EDGE_TTA_ACTIVE views= 8 weight= 0.75 mean_abs_feat_delta= 0.246532\n"}
,{"stream_name":"stdout","time":2543.762738415,"data":"EDGE_TTA_ACTIVE views= 8 mean_abs_feat_delta= 0.300667\n"}
,{"stream_name":"stdout","time":2543.76276591,"data":"SECONDARY_EDGE_TTA_ACTIVE views= 8 weight= 0.75 mean_abs_feat_delta= 0.246532\n"}
,{"stream_name":"stdout","time":2544.309172811,"data":"SECONDARY_EDGE_TTA_ACTIVE views= 8 weight= 0.75 mean_abs_feat_delta= 0.225624\n"}
,{"stream_name":"stdout","time":2544.434141304,"data":"EDGE_TTA_ACTIVE views= 8 mean_abs_feat_delta= 0.311825\n"}
,{"stream_name":"stdout","time":2544.511386393,"data":"SECONDARY_EDGE_TTA_ACTIVE views= 8 weight= 0.75 mean_abs_feat_delta= 0.225624\n"}
,{"stream_name":"stdout","time":2544.51141813,"data":"EDGE_TTA_ACTIVE views= 8 mean_abs_feat_delta= 0.311825\n"}
,{"stream_name":"stdout","time":2545.413177069,"data":"EDGE_TTA_ACTIVE views= 8 mean_abs_feat_delta= 0.302532\n"}
,{"stream_name":"stdout","time":2545.42182092,"data":"SECONDARY_EDGE_TTA_ACTIVE views= 8 weight= 0.75 mean_abs_feat_delta= 0.248459\n"}
,{"stream_name":"stdout","time":2545.615928873,"data":"EDGE_TTA_ACTIVE views= 8 mean_abs_feat_delta= 0.302532\n"}
,{"stream_name":"stdout","time":2545.615989038,"data":"SECONDARY_EDGE_TTA_ACTIVE views= 8 weight= 0.75 mean_abs_feat_delta= 0.248459\n"}
,{"stream_name":"stdout","time":2546.395556089,"data":"SECONDARY_EDGE_TTA_ACTIVE views= 8 weight= 0.75 mean_abs_feat_delta= 0.220161\n"}
,{"stream_name":"stdout","time":2546.48000234,"data":"EDGE_TTA_ACTIVE views= 8 mean_abs_feat_delta= 0.315186\n"}
,{"stream_name":"stdout","time":2546.597768919,"data":"SECONDARY_EDGE_TTA_ACTIVE views= 8 weight= 0.75 mean_abs_feat_delta= 0.220161\n"}
,{"stream_name":"stdout","time":2546.597812996,"data":"EDGE_TTA_ACTIVE views= 8 mean_abs_feat_delta= 0.315186\n"}
,{"stream_name":"stdout","time":2547.461212812,"data":"SECONDARY_EDGE_TTA_ACTIVE views= 8 weight= 0.75 mean_abs_feat_delta= 0.249583\n"}
,{"stream_name":"stdout","time":2547.49448782,"data":"EDGE_TTA_ACTIVE views= 8 mean_abs_feat_delta= 0.300085\n"}
,{"stream_name":"stdout","time":2547.663482597,"data":"SECONDARY_EDGE_TTA_ACTIVE views= 8 weight= 0.75 mean_abs_feat_delta= 0.249583\n"}
,{"stream_name":"stdout","time":2547.663511876,"data":"EDGE_TTA_ACTIVE views= 8 mean_abs_feat_delta= 0.300085\n"}
,{"stream_name":"stdout","time":2548.469140027,"data":"SECONDARY_EDGE_TTA_ACTIVE views= 8 weight= 0.75 mean_abs_feat_delta= 0.218619\n"}
,{"stream_name":"stdout","time":2548.512169812,"data":"EDGE_TTA_ACTIVE views= 8 mean_abs_feat_delta= 0.315046\n"}
,{"stream_name":"stdout","time":2548.671866994,"data":"SECONDARY_EDGE_TTA_ACTIVE views= 8 weight= 0.75 mean_abs_feat_delta= 0.218619\n"}
,{"stream_name":"stdout","time":2548.67192783,"data":"EDGE_TTA_ACTIVE views= 8 mean_abs_feat_delta= 0.315046\n"}
,{"stream_name":"stdout","time":2549.503182522,"data":"SECONDARY_EDGE_TTA_ACTIVE views= 8 weight= 0.75 mean_abs_feat_delta= 0.249132\n"}
,{"stream_name":"stdout","time":2549.564718645,"data":"EDGE_TTA_ACTIVE views= 8 mean_abs_feat_delta= 0.299757\n"}
,{"stream_name":"stdout","time":2549.705866868,"data":"SECONDARY_EDGE_TTA_ACTIVE views= 8 weight= 0.75 mean_abs_feat_delta= 0.249132\n"}
,{"stream_name":"stdout","time":2549.705894418,"data":"EDGE_TTA_ACTIVE views= 8 mean_abs_feat_delta= 0.299757\n"}
,{"stream_name":"stdout","time":2550.539873781,"data":"SECONDARY_EDGE_TTA_ACTIVE views= 8 weight= 0.75 mean_abs_feat_delta= 0.223453\n"}
,{"stream_name":"stdout","time":2550.558153936,"data":"EDGE_TTA_ACTIVE views= 8 mean_abs_feat_delta= 0.316283\n"}
,{"stream_name":"stdout","time":2550.742338732,"data":"SECONDARY_EDGE_TTA_ACTIVE views= 8 weight= 0.75 mean_abs_feat_delta= 0.223453\n"}
,{"stream_name":"stdout","time":2550.742387367,"data":"EDGE_TTA_ACTIVE views= 8 mean_abs_feat_delta= 0.316283\n"}
,{"stream_name":"stdout","time":2551.5473635070002,"data":"SECONDARY_EDGE_TTA_ACTIVE views= 8 weight= 0.75 mean_abs_feat_delta= 0.242752\n"}
,{"stream_name":"stdout","time":2551.654145451,"data":"EDGE_TTA_ACTIVE views= 8 mean_abs_feat_delta= 0.302349\n"}
,{"stream_name":"stdout","time":2551.749911408,"data":"SECONDARY_EDGE_TTA_ACTIVE views= 8 weight= 0.75 mean_abs_feat_delta= 0.242752\n"}
,{"stream_name":"stdout","time":2551.74993971,"data":"EDGE_TTA_ACTIVE views= 8 mean_abs_feat_delta= 0.302349\n"}
,{"stream_name":"stdout","time":2552.592868164,"data":"EDGE_TTA_ACTIVE views= 8 mean_abs_feat_delta= 0.315636\n"}
,{"stream_name":"stdout","time":2552.629786912,"data":"SECONDARY_EDGE_TTA_ACTIVE views= 8 weight= 0.75 mean_abs_feat_delta= 0.220801\n"}
,{"stream_name":"stdout","time":2552.795104371,"data":"EDGE_TTA_ACTIVE views= 8 mean_abs_feat_delta= 0.315636\n"}
,{"stream_name":"stdout","time":2552.795143821,"data":"SECONDARY_EDGE_TTA_ACTIVE views= 8 weight= 0.75 mean_abs_feat_delta= 0.220801\n"}
,{"stream_name":"stdout","time":2553.583880214,"data":"SECONDARY_EDGE_TTA_ACTIVE views= 8 weight= 0.75 mean_abs_feat_delta= 0.245568\n"}
,{"stream_name":"stdout","time":2553.723444472,"data":"EDGE_TTA_ACTIVE views= 8 mean_abs_feat_delta= 0.301682\n"}
,{"stream_name":"stdout","time":2553.786104688,"data":"SECONDARY_EDGE_TTA_ACTIVE views= 8 weight= 0.75 mean_abs_feat_delta= 0.245568\n"}
,{"stream_name":"stdout","time":2553.786145741,"data":"EDGE_TTA_ACTIVE views= 8 mean_abs_feat_delta= 0.301682\n"}
,{"stream_name":"stdout","time":2554.636038438,"data":"EDGE_TTA_ACTIVE views= 8 mean_abs_feat_delta= 0.313683\n"}
,{"stream_name":"stdout","time":2554.695828067,"data":"SECONDARY_EDGE_TTA_ACTIVE views= 8 weight= 0.75 mean_abs_feat_delta= 0.220032\n"}
,{"stream_name":"stdout","time":2554.838630831,"data":"EDGE_TTA_ACTIVE views= 8 mean_abs_feat_delta= 0.313683\n"}
,{"stream_name":"stdout","time":2554.838660442,"data":"SECONDARY_EDGE_TTA_ACTIVE views= 8 weight= 0.75 mean_abs_feat_delta= 0.220032\n"}
,{"stream_name":"stdout","time":2555.625582419,"data":"SECONDARY_EDGE_TTA_ACTIVE views= 8 weight= 0.75 mean_abs_feat_delta= 0.245188\n"}
,{"stream_name":"stdout","time":2555.790739609,"data":"EDGE_TTA_ACTIVE views= 8 mean_abs_feat_delta= 0.299208\n"}
,{"stream_name":"stdout","time":2555.828263712,"data":"SECONDARY_EDGE_TTA_ACTIVE views= 8 weight= 0.75 mean_abs_feat_delta= 0.245188\n"}
,{"stream_name":"stdout","time":2555.828296555,"data":"EDGE_TTA_ACTIVE views= 8 mean_abs_feat_delta= 0.299208\n"}
,{"stream_name":"stdout","time":2556.767318163,"data":"SECONDARY_EDGE_TTA_ACTIVE views= 8 weight= 0.75 mean_abs_feat_delta= 0.223545\n"}
,{"stream_name":"stdout","time":2556.97043175,"data":"SECONDARY_EDGE_TTA_ACTIVE views= 8 weight= 0.75 mean_abs_feat_delta= 0.223545\n"}
,{"stream_name":"stdout","time":2557.940405728,"data":"EDGE_TTA_ACTIVE views= 8 mean_abs_feat_delta= 0.301282\n"}
,{"stream_name":"stdout","time":2558.142754251,"data":"EDGE_TTA_ACTIVE views= 8 mean_abs_feat_delta= 0.301282\n"}
,{"stream_name":"stdout","time":2558.918874766,"data":"SECONDARY_EDGE_TTA_ACTIVE views= 8 weight= 0.75 mean_abs_feat_delta= 0.227179\n"}
,{"stream_name":"stdout","time":2559.121534437,"data":"SECONDARY_EDGE_TTA_ACTIVE views= 8 weight= 0.75 mean_abs_feat_delta= 0.227179\n"}
,{"stream_name":"stdout","time":2560.029117397,"data":"EDGE_TTA_ACTIVE views= 8 mean_abs_feat_delta= 0.297455\n"}
,{"stream_name":"stdout","time":2560.231201065,"data":"EDGE_TTA_ACTIVE views= 8 mean_abs_feat_delta= 0.297455\n"}
,{"stream_name":"stdout","time":2560.93192188,"data":"EDGE_TTA_ACTIVE views= 8 mean_abs_feat_delta= 0.340882\n"}
,{"stream_name":"stdout","time":2561.003817397,"data":"SECONDARY_EDGE_TTA_ACTIVE views= 8 weight= 0.75 mean_abs_feat_delta= 0.221286\n"}
,{"stream_name":"stdout","time":2561.133854811,"data":"EDGE_TTA_ACTIVE views= 8 mean_abs_feat_delta= 0.340882\n"}
,{"stream_name":"stdout","time":2561.133882809,"data":"SECONDARY_EDGE_TTA_ACTIVE views= 8 weight= 0.75 mean_abs_feat_delta= 0.221286\n"}
,{"stream_name":"stdout","time":2561.904424237,"data":"SECONDARY_EDGE_TTA_ACTIVE views= 8 weight= 0.75 mean_abs_feat_delta= 0.266443\n"}
,{"stream_name":"stdout","time":2562.106971116,"data":"SECONDARY_EDGE_TTA_ACTIVE views= 8 weight= 0.75 mean_abs_feat_delta= 0.266443\n"}
,{"stream_name":"stdout","time":2562.137147653,"data":"EDGE_TTA_ACTIVE views= 8 mean_abs_feat_delta= 0.298765\n"}
,{"stream_name":"stdout","time":2562.339591016,"data":"EDGE_TTA_ACTIVE views= 8 mean_abs_feat_delta= 0.298765\n"}
,{"stream_name":"stdout","time":2562.973805274,"data":"EDGE_TTA_ACTIVE views= 8 mean_abs_feat_delta= 0.344857\n"}
,{"stream_name":"stdout","time":2563.122373647,"data":"SECONDARY_EDGE_TTA_ACTIVE views= 8 weight= 0.75 mean_abs_feat_delta= 0.220574\n"}
,{"stream_name":"stdout","time":2563.176904946,"data":"EDGE_TTA_ACTIVE views= 8 mean_abs_feat_delta= 0.344857\n"}
,{"stream_name":"stdout","time":2563.176928079,"data":"SECONDARY_EDGE_TTA_ACTIVE views= 8 weight= 0.75 mean_abs_feat_delta= 0.220574\n"}
,{"stream_name":"stdout","time":2563.950337635,"data":"SECONDARY_EDGE_TTA_ACTIVE views= 8 weight= 0.75 mean_abs_feat_delta= 0.263935\n"}
,{"stream_name":"stdout","time":2564.15281945,"data":"SECONDARY_EDGE_TTA_ACTIVE views= 8 weight= 0.75 mean_abs_feat_delta= 0.263935\n"}
,{"stream_name":"stdout","time":2564.252612248,"data":"EDGE_TTA_ACTIVE views= 8 mean_abs_feat_delta= 0.297737\n"}
,{"stream_name":"stdout","time":2564.455061836,"data":"EDGE_TTA_ACTIVE views= 8 mean_abs_feat_delta= 0.297737\n"}
,{"stream_name":"stdout","time":2565.004003412,"data":"EDGE_TTA_ACTIVE views= 8 mean_abs_feat_delta= 0.347777\n"}
,{"stream_name":"stdout","time":2565.206377051,"data":"EDGE_TTA_ACTIVE views= 8 mean_abs_feat_delta= 0.347777\n"}
,{"stream_name":"stdout","time":2565.238194291,"data":"SECONDARY_EDGE_TTA_ACTIVE views= 8 weight= 0.75 mean_abs_feat_delta= 0.219042\n"}
,{"stream_name":"stdout","time":2565.440654774,"data":"SECONDARY_EDGE_TTA_ACTIVE views= 8 weight= 0.75 mean_abs_feat_delta= 0.219042\n"}
,{"stream_name":"stdout","time":2565.974874248,"data":"SECONDARY_EDGE_TTA_ACTIVE views= 8 weight= 0.75 mean_abs_feat_delta= 0.264732\n"}
,{"stream_name":"stdout","time":2566.177295435,"data":"SECONDARY_EDGE_TTA_ACTIVE views= 8 weight= 0.75 mean_abs_feat_delta= 0.264732\n"}
,{"stream_name":"stdout","time":2566.356631944,"data":"EDGE_TTA_ACTIVE views= 8 mean_abs_feat_delta= 0.296358\n"}
,{"stream_name":"stdout","time":2566.558961771,"data":"EDGE_TTA_ACTIVE views= 8 mean_abs_feat_delta= 0.296358\n"}
,{"stream_name":"stdout","time":2567.035120309,"data":"EDGE_TTA_ACTIVE views= 8 mean_abs_feat_delta= 0.348916\n"}
,{"stream_name":"stdout","time":2567.237530975,"data":"EDGE_TTA_ACTIVE views= 8 mean_abs_feat_delta= 0.348916\n"}
,{"stream_name":"stdout","time":2567.340415898,"data":"SECONDARY_EDGE_TTA_ACTIVE views= 8 weight= 0.75 mean_abs_feat_delta= 0.219653\n"}
,{"stream_name":"stdout","time":2567.542874629,"data":"SECONDARY_EDGE_TTA_ACTIVE views= 8 weight= 0.75 mean_abs_feat_delta= 0.219653\n"}
,{"stream_name":"stdout","time":2568.019892843,"data":"SECONDARY_EDGE_TTA_ACTIVE views= 8 weight= 0.75 mean_abs_feat_delta= 0.264047\n"}
,{"stream_name":"stdout","time":2568.22214235,"data":"SECONDARY_EDGE_TTA_ACTIVE views= 8 weight= 0.75 mean_abs_feat_delta= 0.264047\n"}
,{"stream_name":"stdout","time":2568.439795742,"data":"EDGE_TTA_ACTIVE views= 8 mean_abs_feat_delta= 0.296921\n"}
,{"stream_name":"stdout","time":2568.642437305,"data":"EDGE_TTA_ACTIVE views= 8 mean_abs_feat_delta= 0.296921\n"}
,{"stream_name":"stdout","time":2569.073284916,"data":"EDGE_TTA_ACTIVE views= 8 mean_abs_feat_delta= 0.346242\n"}
,{"stream_name":"stdout","time":2569.275649731,"data":"EDGE_TTA_ACTIVE views= 8 mean_abs_feat_delta= 0.346242\n"}
,{"stream_name":"stdout","time":2569.425243396,"data":"SECONDARY_EDGE_TTA_ACTIVE views= 8 weight= 0.75 mean_abs_feat_delta= 0.2178\n"}
,{"stream_name":"stdout","time":2569.627644866,"data":"SECONDARY_EDGE_TTA_ACTIVE views= 8 weight= 0.75 mean_abs_feat_delta= 0.2178\n"}
,{"stream_name":"stdout","time":2570.053872683,"data":"SECONDARY_EDGE_TTA_ACTIVE views= 8 weight= 0.75 mean_abs_feat_delta= 0.264782\n"}
,{"stream_name":"stdout","time":2570.256551009,"data":"SECONDARY_EDGE_TTA_ACTIVE views= 8 weight= 0.75 mean_abs_feat_delta= 0.264782\n"}
,{"stream_name":"stdout","time":2570.55968179,"data":"EDGE_TTA_ACTIVE views= 8 mean_abs_feat_delta= 0.297858\n"}
,{"stream_name":"stdout","time":2570.76275643,"data":"EDGE_TTA_ACTIVE views= 8 mean_abs_feat_delta= 0.297858\n"}
,{"stream_name":"stdout","time":2571.137125212,"data":"EDGE_TTA_ACTIVE views= 8 mean_abs_feat_delta= 0.346675\n"}
,{"stream_name":"stdout","time":2571.339650374,"data":"EDGE_TTA_ACTIVE views= 8 mean_abs_feat_delta= 0.346675\n"}
,{"stream_name":"stdout","time":2571.557024623,"data":"SECONDARY_EDGE_TTA_ACTIVE views= 8 weight= 0.75 mean_abs_feat_delta= 0.219063\n"}
,{"stream_name":"stdout","time":2571.759257448,"data":"SECONDARY_EDGE_TTA_ACTIVE views= 8 weight= 0.75 mean_abs_feat_delta= 0.219063\n"}
,{"stream_name":"stdout","time":2572.117019573,"data":"SECONDARY_EDGE_TTA_ACTIVE views= 8 weight= 0.75 mean_abs_feat_delta= 0.265594\n"}
,{"stream_name":"stdout","time":2572.319430917,"data":"SECONDARY_EDGE_TTA_ACTIVE views= 8 weight= 0.75 mean_abs_feat_delta= 0.265594\n"}
,{"stream_name":"stdout","time":2572.669831566,"data":"EDGE_TTA_ACTIVE views= 8 mean_abs_feat_delta= 0.294055\n"}
,{"stream_name":"stdout","time":2572.872220198,"data":"EDGE_TTA_ACTIVE views= 8 mean_abs_feat_delta= 0.294055\n"}
,{"stream_name":"stdout","time":2573.186939579,"data":"EDGE_TTA_ACTIVE views= 8 mean_abs_feat_delta= 0.347928\n"}
,{"stream_name":"stdout","time":2573.389511455,"data":"EDGE_TTA_ACTIVE views= 8 mean_abs_feat_delta= 0.347928\n"}
,{"stream_name":"stdout","time":2573.664061841,"data":"SECONDARY_EDGE_TTA_ACTIVE views= 8 weight= 0.75 mean_abs_feat_delta= 0.220826\n"}
,{"stream_name":"stdout","time":2573.990041762,"data":"SECONDARY_EDGE_TTA_ACTIVE views= 8 weight= 0.75 mean_abs_feat_delta= 0.220826\n"}
,{"stream_name":"stdout","time":2574.172247166,"data":"SECONDARY_EDGE_TTA_ACTIVE views= 8 weight= 0.75 mean_abs_feat_delta= 0.263361\n"}
,{"stream_name":"stdout","time":2574.374938292,"data":"SECONDARY_EDGE_TTA_ACTIVE views= 8 weight= 0.75 mean_abs_feat_delta= 0.263361\n"}
,{"stream_name":"stdout","time":2574.779418577,"data":"EDGE_TTA_ACTIVE views= 8 mean_abs_feat_delta= 0.285438\n"}
,{"stream_name":"stdout","time":2574.981840861,"data":"EDGE_TTA_ACTIVE views= 8 mean_abs_feat_delta= 0.285438\n"}
,{"stream_name":"stdout","time":2575.234511414,"data":"EDGE_TTA_ACTIVE views= 8 mean_abs_feat_delta= 0.340607\n"}
,{"stream_name":"stdout","time":2575.436948579,"data":"EDGE_TTA_ACTIVE views= 8 mean_abs_feat_delta= 0.340607\n"}
,{"stream_name":"stdout","time":2575.778683493,"data":"SECONDARY_EDGE_TTA_ACTIVE views= 8 weight= 0.75 mean_abs_feat_delta= 0.238021\n"}
,{"stream_name":"stdout","time":2575.981046658,"data":"SECONDARY_EDGE_TTA_ACTIVE views= 8 weight= 0.75 mean_abs_feat_delta= 0.238021\n"}
,{"stream_name":"stdout","time":2576.224407123,"data":"SECONDARY_EDGE_TTA_ACTIVE views= 8 weight= 0.75 mean_abs_feat_delta= 0.258758\n"}
,{"stream_name":"stdout","time":2576.426931734,"data":"SECONDARY_EDGE_TTA_ACTIVE views= 8 weight= 0.75 mean_abs_feat_delta= 0.258758\n"}
,{"stream_name":"stdout","time":2576.878998073,"data":"EDGE_TTA_ACTIVE views= 8 mean_abs_feat_delta= 0.293451\n"}
,{"stream_name":"stdout","time":2577.081305401,"data":"EDGE_TTA_ACTIVE views= 8 mean_abs_feat_delta= 0.293451\n"}
,{"stream_name":"stdout","time":2577.2815681,"data":"EDGE_TTA_ACTIVE views= 8 mean_abs_feat_delta= 0.342988\n"}
,{"stream_name":"stdout","time":2577.483971274,"data":"EDGE_TTA_ACTIVE views= 8 mean_abs_feat_delta= 0.342988\n"}
,{"stream_name":"stdout","time":2577.878682498,"data":"SECONDARY_EDGE_TTA_ACTIVE views= 8 weight= 0.75 mean_abs_feat_delta= 0.223754\n"}
,{"stream_name":"stdout","time":2578.080988658,"data":"SECONDARY_EDGE_TTA_ACTIVE views= 8 weight= 0.75 mean_abs_feat_delta= 0.223754\n"}
,{"stream_name":"stdout","time":2578.273250791,"data":"SECONDARY_EDGE_TTA_ACTIVE views= 8 weight= 0.75 mean_abs_feat_delta= 0.255145\n"}
,{"stream_name":"stdout","time":2578.475747734,"data":"SECONDARY_EDGE_TTA_ACTIVE views= 8 weight= 0.75 mean_abs_feat_delta= 0.255145\n"}
,{"stream_name":"stdout","time":2578.99131774,"data":"EDGE_TTA_ACTIVE views= 8 mean_abs_feat_delta= 0.296442\n"}
,{"stream_name":"stdout","time":2579.193566205,"data":"EDGE_TTA_ACTIVE views= 8 mean_abs_feat_delta= 0.296442\n"}
,{"stream_name":"stdout","time":2579.345988677,"data":"EDGE_TTA_ACTIVE views= 8 mean_abs_feat_delta= 0.352131\n"}
,{"stream_name":"stdout","time":2579.54847919,"data":"EDGE_TTA_ACTIVE views= 8 mean_abs_feat_delta= 0.352131\n"}
,{"stream_name":"stdout","time":2579.993940075,"data":"SECONDARY_EDGE_TTA_ACTIVE views= 8 weight= 0.75 mean_abs_feat_delta= 0.228395\n"}
,{"stream_name":"stdout","time":2580.196180531,"data":"SECONDARY_EDGE_TTA_ACTIVE views= 8 weight= 0.75 mean_abs_feat_delta= 0.228395\n"}
,{"stream_name":"stdout","time":2580.324199203,"data":"SECONDARY_EDGE_TTA_ACTIVE views= 8 weight= 0.75 mean_abs_feat_delta= 0.258634\n"}
,{"stream_name":"stdout","time":2580.5268433,"data":"SECONDARY_EDGE_TTA_ACTIVE views= 8 weight= 0.75 mean_abs_feat_delta= 0.258634\n"}
,{"stream_name":"stdout","time":2581.107622557,"data":"EDGE_TTA_ACTIVE views= 8 mean_abs_feat_delta= 0.297131\n"}
,{"stream_name":"stdout","time":2581.310186364,"data":"EDGE_TTA_ACTIVE views= 8 mean_abs_feat_delta= 0.297131\n"}
,{"stream_name":"stdout","time":2581.416586833,"data":"EDGE_TTA_ACTIVE views= 8 mean_abs_feat_delta= 0.349199\n"}
,{"stream_name":"stdout","time":2581.619012831,"data":"EDGE_TTA_ACTIVE views= 8 mean_abs_feat_delta= 0.349199\n"}
,{"stream_name":"stdout","time":2582.109182238,"data":"SECONDARY_EDGE_TTA_ACTIVE views= 8 weight= 0.75 mean_abs_feat_delta= 0.22598\n"}
,{"stream_name":"stdout","time":2582.311569814,"data":"SECONDARY_EDGE_TTA_ACTIVE views= 8 weight= 0.75 mean_abs_feat_delta= 0.22598\n"}
,{"stream_name":"stdout","time":2582.411045048,"data":"SECONDARY_EDGE_TTA_ACTIVE views= 8 weight= 0.75 mean_abs_feat_delta= 0.26253\n"}
,{"stream_name":"stdout","time":2582.613388849,"data":"SECONDARY_EDGE_TTA_ACTIVE views= 8 weight= 0.75 mean_abs_feat_delta= 0.26253\n"}
,{"stream_name":"stdout","time":2583.24394928,"data":"EDGE_TTA_ACTIVE views= 8 mean_abs_feat_delta= 0.300357\n"}
,{"stream_name":"stdout","time":2583.446593057,"data":"EDGE_TTA_ACTIVE views= 8 mean_abs_feat_delta= 0.300357\n"}
,{"stream_name":"stdout","time":2583.50594897,"data":"EDGE_TTA_ACTIVE views= 8 mean_abs_feat_delta= 0.348478\n"}
,{"stream_name":"stdout","time":2583.708489051,"data":"EDGE_TTA_ACTIVE views= 8 mean_abs_feat_delta= 0.348478\n"}
,{"stream_name":"stdout","time":2584.248956633,"data":"SECONDARY_EDGE_TTA_ACTIVE views= 8 weight= 0.75 mean_abs_feat_delta= 0.220843\n"}
,{"stream_name":"stdout","time":2584.451649762,"data":"SECONDARY_EDGE_TTA_ACTIVE views= 8 weight= 0.75 mean_abs_feat_delta= 0.220843\n"}
,{"stream_name":"stdout","time":2584.49730341,"data":"SECONDARY_EDGE_TTA_ACTIVE views= 8 weight= 0.75 mean_abs_feat_delta= 0.267035\n"}
,{"stream_name":"stdout","time":2584.699853383,"data":"SECONDARY_EDGE_TTA_ACTIVE views= 8 weight= 0.75 mean_abs_feat_delta= 0.267035\n"}
,{"stream_name":"stdout","time":2585.358210403,"data":"EDGE_TTA_ACTIVE views= 8 mean_abs_feat_delta= 0.302717\n"}
,{"stream_name":"stdout","time":2585.560676201,"data":"EDGE_TTA_ACTIVE views= 8 mean_abs_feat_delta= 0.302717\n"}
,{"stream_name":"stdout","time":2585.588736334,"data":"EDGE_TTA_ACTIVE views= 8 mean_abs_feat_delta= 0.347129\n"}
,{"stream_name":"stdout","time":2585.790935338,"data":"EDGE_TTA_ACTIVE views= 8 mean_abs_feat_delta= 0.347129\n"}
,{"stream_name":"stdout","time":2586.361983516,"data":"SECONDARY_EDGE_TTA_ACTIVE views= 8 weight= 0.75 mean_abs_feat_delta= 0.223383\n"}
,{"stream_name":"stdout","time":2586.564333395,"data":"SECONDARY_EDGE_TTA_ACTIVE views= 8 weight= 0.75 mean_abs_feat_delta= 0.223383\n"}
,{"stream_name":"stdout","time":2586.584570125,"data":"SECONDARY_EDGE_TTA_ACTIVE views= 8 weight= 0.75 mean_abs_feat_delta= 0.266677\n"}
,{"stream_name":"stdout","time":2586.786853317,"data":"SECONDARY_EDGE_TTA_ACTIVE views= 8 weight= 0.75 mean_abs_feat_delta= 0.266677\n"}
,{"stream_name":"stdout","time":2587.514835275,"data":"EDGE_TTA_ACTIVE views= 8 mean_abs_feat_delta= 0.300693\n"}
,{"stream_name":"stdout","time":2587.681509353,"data":"EDGE_TTA_ACTIVE views= 8 mean_abs_feat_delta= 0.351163\n"}
,{"stream_name":"stdout","time":2587.71727906,"data":"EDGE_TTA_ACTIVE views= 8 mean_abs_feat_delta= 0.300693\n"}
,{"stream_name":"stdout","time":2587.717311124,"data":"EDGE_TTA_ACTIVE views= 8 mean_abs_feat_delta= 0.351163\n"}
,{"stream_name":"stdout","time":2588.523671297,"data":"SECONDARY_EDGE_TTA_ACTIVE views= 8 weight= 0.75 mean_abs_feat_delta= 0.226845\n"}
,{"stream_name":"stdout","time":2588.674463197,"data":"SECONDARY_EDGE_TTA_ACTIVE views= 8 weight= 0.75 mean_abs_feat_delta= 0.260913\n"}
,{"stream_name":"stdout","time":2588.726069829,"data":"SECONDARY_EDGE_TTA_ACTIVE views= 8 weight= 0.75 mean_abs_feat_delta= 0.226845\n"}
,{"stream_name":"stdout","time":2588.726113838,"data":"SECONDARY_EDGE_TTA_ACTIVE views= 8 weight= 0.75 mean_abs_feat_delta= 0.260913\n"}
,{"stream_name":"stdout","time":2589.663552385,"data":"EDGE_TTA_ACTIVE views= 8 mean_abs_feat_delta= 0.301386\n"}
,{"stream_name":"stdout","time":2589.749611465,"data":"EDGE_TTA_ACTIVE views= 8 mean_abs_feat_delta= 0.35056\n"}
,{"stream_name":"stdout","time":2589.866139877,"data":"EDGE_TTA_ACTIVE views= 8 mean_abs_feat_delta= 0.301386\n"}
,{"stream_name":"stdout","time":2589.866163367,"data":"EDGE_TTA_ACTIVE views= 8 mean_abs_feat_delta= 0.35056\n"}
,{"stream_name":"stdout","time":2590.672323896,"data":"SECONDARY_EDGE_TTA_ACTIVE views= 8 weight= 0.75 mean_abs_feat_delta= 0.223664\n"}
,{"stream_name":"stdout","time":2590.744347783,"data":"SECONDARY_EDGE_TTA_ACTIVE views= 8 weight= 0.75 mean_abs_feat_delta= 0.259464\n"}
,{"stream_name":"stdout","time":2590.875197739,"data":"SECONDARY_EDGE_TTA_ACTIVE views= 8 weight= 0.75 mean_abs_feat_delta= 0.223664\n"}
,{"stream_name":"stdout","time":2590.875271324,"data":"SECONDARY_EDGE_TTA_ACTIVE views= 8 weight= 0.75 mean_abs_feat_delta= 0.259464\n"}
,{"stream_name":"stdout","time":2591.823655978,"data":"EDGE_TTA_ACTIVE views= 8 mean_abs_feat_delta= 0.292866\n"}
,{"stream_name":"stdout","time":2591.851741771,"data":"EDGE_TTA_ACTIVE views= 8 mean_abs_feat_delta= 0.347001\n"}
,{"stream_name":"stdout","time":2592.025930851,"data":"EDGE_TTA_ACTIVE views= 8 mean_abs_feat_delta= 0.292866\n"}
,{"stream_name":"stdout","time":2592.025952536,"data":"EDGE_TTA_ACTIVE views= 8 mean_abs_feat_delta= 0.347001\n"}
,{"stream_name":"stdout","time":2592.827794195,"data":"SECONDARY_EDGE_TTA_ACTIVE views= 8 weight= 0.75 mean_abs_feat_delta= 0.236879\n"}
,{"stream_name":"stdout","time":2592.846208587,"data":"SECONDARY_EDGE_TTA_ACTIVE views= 8 weight= 0.75 mean_abs_feat_delta= 0.264778\n"}
,{"stream_name":"stdout","time":2593.030457301,"data":"SECONDARY_EDGE_TTA_ACTIVE views= 8 weight= 0.75 mean_abs_feat_delta= 0.236879\n"}
,{"stream_name":"stdout","time":2593.030490536,"data":"SECONDARY_EDGE_TTA_ACTIVE views= 8 weight= 0.75 mean_abs_feat_delta= 0.264778\n"}
,{"stream_name":"stdout","time":2593.946131744,"data":"EDGE_TTA_ACTIVE views= 8 mean_abs_feat_delta= 0.346384\n"}
,{"stream_name":"stdout","time":2593.951473999,"data":"EDGE_TTA_ACTIVE views= 8 mean_abs_feat_delta= 0.298866\n"}
,{"stream_name":"stdout","time":2594.148958527,"data":"EDGE_TTA_ACTIVE views= 8 mean_abs_feat_delta= 0.346384\n"}
,{"stream_name":"stdout","time":2594.148988051,"data":"EDGE_TTA_ACTIVE views= 8 mean_abs_feat_delta= 0.298866\n"}
,{"stream_name":"stdout","time":2594.932281762,"data":"SECONDARY_EDGE_TTA_ACTIVE views= 8 weight= 0.75 mean_abs_feat_delta= 0.265361\n"}
,{"stream_name":"stdout","time":2594.954850344,"data":"SECONDARY_EDGE_TTA_ACTIVE views= 8 weight= 0.75 mean_abs_feat_delta= 0.222937\n"}
,{"stream_name":"stdout","time":2595.135129499,"data":"SECONDARY_EDGE_TTA_ACTIVE views= 8 weight= 0.75 mean_abs_feat_delta= 0.265361\n"}
,{"stream_name":"stdout","time":2595.135164913,"data":"SECONDARY_EDGE_TTA_ACTIVE views= 8 weight= 0.75 mean_abs_feat_delta= 0.222937\n"}
,{"stream_name":"stdout","time":2596.021427319,"data":"EDGE_TTA_ACTIVE views= 8 mean_abs_feat_delta= 0.353109\n"}
,{"stream_name":"stdout","time":2596.116552356,"data":"EDGE_TTA_ACTIVE views= 8 mean_abs_feat_delta= 0.300729\n"}
,{"stream_name":"stdout","time":2596.223575439,"data":"EDGE_TTA_ACTIVE views= 8 mean_abs_feat_delta= 0.353109\n"}
,{"stream_name":"stdout","time":2596.223597379,"data":"EDGE_TTA_ACTIVE views= 8 mean_abs_feat_delta= 0.300729\n"}
,{"stream_name":"stdout","time":2597.011950751,"data":"SECONDARY_EDGE_TTA_ACTIVE views= 8 weight= 0.75 mean_abs_feat_delta= 0.265589\n"}
,{"stream_name":"stdout","time":2597.12340373,"data":"SECONDARY_EDGE_TTA_ACTIVE views= 8 weight= 0.75 mean_abs_feat_delta= 0.23103\n"}
,{"stream_name":"stdout","time":2597.214375673,"data":"SECONDARY_EDGE_TTA_ACTIVE views= 8 weight= 0.75 mean_abs_feat_delta= 0.265589\n"}
,{"stream_name":"stdout","time":2597.214401607,"data":"SECONDARY_EDGE_TTA_ACTIVE views= 8 weight= 0.75 mean_abs_feat_delta= 0.23103\n"}
,{"stream_name":"stdout","time":2598.08654294,"data":"EDGE_TTA_ACTIVE views= 8 mean_abs_feat_delta= 0.354048\n"}
,{"stream_name":"stdout","time":2598.236997667,"data":"EDGE_TTA_ACTIVE views= 8 mean_abs_feat_delta= 0.30098\n"}
,{"stream_name":"stdout","time":2598.289311314,"data":"EDGE_TTA_ACTIVE views= 8 mean_abs_feat_delta= 0.354048\n"}
,{"stream_name":"stdout","time":2598.289338716,"data":"EDGE_TTA_ACTIVE views= 8 mean_abs_feat_delta= 0.30098\n"}
,{"stream_name":"stdout","time":2599.080974454,"data":"SECONDARY_EDGE_TTA_ACTIVE views= 8 weight= 0.75 mean_abs_feat_delta= 0.268992\n"}
,{"stream_name":"stdout","time":2599.24623698,"data":"SECONDARY_EDGE_TTA_ACTIVE views= 8 weight= 0.75 mean_abs_feat_delta= 0.228178\n"}
,{"stream_name":"stdout","time":2599.283713734,"data":"SECONDARY_EDGE_TTA_ACTIVE views= 8 weight= 0.75 mean_abs_feat_delta= 0.268992\n"}
,{"stream_name":"stdout","time":2599.283736317,"data":"SECONDARY_EDGE_TTA_ACTIVE views= 8 weight= 0.75 mean_abs_feat_delta= 0.228178\n"}
,{"stream_name":"stdout","time":2600.148243209,"data":"EDGE_TTA_ACTIVE views= 8 mean_abs_feat_delta= 0.35461\n"}
,{"stream_name":"stdout","time":2600.350718009,"data":"EDGE_TTA_ACTIVE views= 8 mean_abs_feat_delta= 0.35461\n"}
,{"stream_name":"stdout","time":2600.35652642,"data":"EDGE_TTA_ACTIVE views= 8 mean_abs_feat_delta= 0.29381\n"}
,{"stream_name":"stdout","time":2600.558790234,"data":"EDGE_TTA_ACTIVE views= 8 mean_abs_feat_delta= 0.29381\n"}
,{"stream_name":"stdout","time":2601.142658918,"data":"SECONDARY_EDGE_TTA_ACTIVE views= 8 weight= 0.75 mean_abs_feat_delta= 0.264986\n"}
,{"stream_name":"stdout","time":2601.345443801,"data":"SECONDARY_EDGE_TTA_ACTIVE views= 8 weight= 0.75 mean_abs_feat_delta= 0.264986\n"}
,{"stream_name":"stdout","time":2601.36051,"data":"SECONDARY_EDGE_TTA_ACTIVE views= 8 weight= 0.75 mean_abs_feat_delta= 0.212504\n"}
,{"stream_name":"stdout","time":2601.563056059,"data":"SECONDARY_EDGE_TTA_ACTIVE views= 8 weight= 0.75 mean_abs_feat_delta= 0.212504\n"}
,{"stream_name":"stdout","time":2602.207349891,"data":"EDGE_TTA_ACTIVE views= 8 mean_abs_feat_delta= 0.352031\n"}
,{"stream_name":"stdout","time":2602.410043479,"data":"EDGE_TTA_ACTIVE views= 8 mean_abs_feat_delta= 0.352031\n"}
,{"stream_name":"stdout","time":2602.471880423,"data":"EDGE_TTA_ACTIVE views= 8 mean_abs_feat_delta= 0.29355\n"}
,{"stream_name":"stdout","time":2602.674063741,"data":"EDGE_TTA_ACTIVE views= 8 mean_abs_feat_delta= 0.29355\n"}
,{"stream_name":"stdout","time":2603.200780449,"data":"SECONDARY_EDGE_TTA_ACTIVE views= 8 weight= 0.75 mean_abs_feat_delta= 0.262848\n"}
,{"stream_name":"stdout","time":2603.404137055,"data":"SECONDARY_EDGE_TTA_ACTIVE views= 8 weight= 0.75 mean_abs_feat_delta= 0.262848\n"}
,{"stream_name":"stdout","time":2603.47524829,"data":"SECONDARY_EDGE_TTA_ACTIVE views= 8 weight= 0.75 mean_abs_feat_delta= 0.209043\n"}
,{"stream_name":"stdout","time":2603.677924666,"data":"SECONDARY_EDGE_TTA_ACTIVE views= 8 weight= 0.75 mean_abs_feat_delta= 0.209043\n"}
,{"stream_name":"stdout","time":2604.275025966,"data":"EDGE_TTA_ACTIVE views= 8 mean_abs_feat_delta= 0.346927\n"}
,{"stream_name":"stdout","time":2604.578082246,"data":"EDGE_TTA_ACTIVE views= 8 mean_abs_feat_delta= 0.29521\n"}
,{"stream_name":"stdout","time":2604.604658925,"data":"EDGE_TTA_ACTIVE views= 8 mean_abs_feat_delta= 0.346927\n"}
,{"stream_name":"stdout","time":2604.780512139,"data":"EDGE_TTA_ACTIVE views= 8 mean_abs_feat_delta= 0.29521\n"}
,{"stream_name":"stdout","time":2605.267255561,"data":"SECONDARY_EDGE_TTA_ACTIVE views= 8 weight= 0.75 mean_abs_feat_delta= 0.262304\n"}
,{"stream_name":"stdout","time":2605.469815513,"data":"SECONDARY_EDGE_TTA_ACTIVE views= 8 weight= 0.75 mean_abs_feat_delta= 0.262304\n"}
,{"stream_name":"stdout","time":2605.580248967,"data":"SECONDARY_EDGE_TTA_ACTIVE views= 8 weight= 0.75 mean_abs_feat_delta= 0.218893\n"}
,{"stream_name":"stdout","time":2605.782591085,"data":"SECONDARY_EDGE_TTA_ACTIVE views= 8 weight= 0.75 mean_abs_feat_delta= 0.218893\n"}
,{"stream_name":"stdout","time":2606.338842367,"data":"EDGE_TTA_ACTIVE views= 8 mean_abs_feat_delta= 0.345966\n"}
,{"stream_name":"stdout","time":2606.541176429,"data":"EDGE_TTA_ACTIVE views= 8 mean_abs_feat_delta= 0.345966\n"}
,{"stream_name":"stdout","time":2606.692029339,"data":"EDGE_TTA_ACTIVE views= 8 mean_abs_feat_delta= 0.296542\n"}
,{"stream_name":"stdout","time":2606.894247701,"data":"EDGE_TTA_ACTIVE views= 8 mean_abs_feat_delta= 0.296542\n"}
,{"stream_name":"stdout","time":2607.327840293,"data":"SECONDARY_EDGE_TTA_ACTIVE views= 8 weight= 0.75 mean_abs_feat_delta= 0.256973\n"}
,{"stream_name":"stdout","time":2607.530439536,"data":"SECONDARY_EDGE_TTA_ACTIVE views= 8 weight= 0.75 mean_abs_feat_delta= 0.256973\n"}
,{"stream_name":"stdout","time":2607.697995373,"data":"SECONDARY_EDGE_TTA_ACTIVE views= 8 weight= 0.75 mean_abs_feat_delta= 0.21962\n"}
,{"stream_name":"stdout","time":2607.900680397,"data":"SECONDARY_EDGE_TTA_ACTIVE views= 8 weight= 0.75 mean_abs_feat_delta= 0.21962\n"}
,{"stream_name":"stdout","time":2608.394239486,"data":"EDGE_TTA_ACTIVE views= 8 mean_abs_feat_delta= 0.351988\n"}
,{"stream_name":"stdout","time":2608.596900659,"data":"EDGE_TTA_ACTIVE views= 8 mean_abs_feat_delta= 0.351988\n"}
,{"stream_name":"stdout","time":2608.867132817,"data":"EDGE_TTA_ACTIVE views= 8 mean_abs_feat_delta= 0.30133\n"}
,{"stream_name":"stdout","time":2609.069516504,"data":"EDGE_TTA_ACTIVE views= 8 mean_abs_feat_delta= 0.30133\n"}
,{"stream_name":"stdout","time":2609.384702669,"data":"SECONDARY_EDGE_TTA_ACTIVE views= 8 weight= 0.75 mean_abs_feat_delta= 0.25568\n"}
,{"stream_name":"stdout","time":2609.587174347,"data":"SECONDARY_EDGE_TTA_ACTIVE views= 8 weight= 0.75 mean_abs_feat_delta= 0.25568\n"}
,{"stream_name":"stdout","time":2609.86926867,"data":"SECONDARY_EDGE_TTA_ACTIVE views= 8 weight= 0.75 mean_abs_feat_delta= 0.222842\n"}
,{"stream_name":"stdout","time":2610.07154573,"data":"SECONDARY_EDGE_TTA_ACTIVE views= 8 weight= 0.75 mean_abs_feat_delta= 0.222842\n"}
,{"stream_name":"stdout","time":2610.484598089,"data":"EDGE_TTA_ACTIVE views= 8 mean_abs_feat_delta= 0.349765\n"}
,{"stream_name":"stdout","time":2610.687170362,"data":"EDGE_TTA_ACTIVE views= 8 mean_abs_feat_delta= 0.349765\n"}
,{"stream_name":"stdout","time":2610.975844657,"data":"EDGE_TTA_ACTIVE views= 8 mean_abs_feat_delta= 0.301611\n"}
,{"stream_name":"stdout","time":2611.178365575,"data":"EDGE_TTA_ACTIVE views= 8 mean_abs_feat_delta= 0.301611\n"}
,{"stream_name":"stdout","time":2611.475086665,"data":"SECONDARY_EDGE_TTA_ACTIVE views= 8 weight= 0.75 mean_abs_feat_delta= 0.253289\n"}
,{"stream_name":"stdout","time":2611.677619474,"data":"SECONDARY_EDGE_TTA_ACTIVE views= 8 weight= 0.75 mean_abs_feat_delta= 0.253289\n"}
,{"stream_name":"stdout","time":2611.977818154,"data":"SECONDARY_EDGE_TTA_ACTIVE views= 8 weight= 0.75 mean_abs_feat_delta= 0.220972\n"}
,{"stream_name":"stdout","time":2612.180112402,"data":"SECONDARY_EDGE_TTA_ACTIVE views= 8 weight= 0.75 mean_abs_feat_delta= 0.220972\n"}
,{"stream_name":"stdout","time":2612.571075243,"data":"EDGE_TTA_ACTIVE views= 8 mean_abs_feat_delta= 0.347205\n"}
,{"stream_name":"stdout","time":2612.773497586,"data":"EDGE_TTA_ACTIVE views= 8 mean_abs_feat_delta= 0.347205\n"}
,{"stream_name":"stdout","time":2613.082743874,"data":"EDGE_TTA_ACTIVE views= 8 mean_abs_feat_delta= 0.298483\n"}
,{"stream_name":"stdout","time":2613.285274376,"data":"EDGE_TTA_ACTIVE views= 8 mean_abs_feat_delta= 0.298483\n"}
,{"stream_name":"stdout","time":2613.563462633,"data":"SECONDARY_EDGE_TTA_ACTIVE views= 8 weight= 0.75 mean_abs_feat_delta= 0.255363\n"}
,{"stream_name":"stdout","time":2613.766067902,"data":"SECONDARY_EDGE_TTA_ACTIVE views= 8 weight= 0.75 mean_abs_feat_delta= 0.255363\n"}
,{"stream_name":"stdout","time":2614.084064264,"data":"SECONDARY_EDGE_TTA_ACTIVE views= 8 weight= 0.75 mean_abs_feat_delta= 0.21625\n"}
,{"stream_name":"stdout","time":2614.286593378,"data":"SECONDARY_EDGE_TTA_ACTIVE views= 8 weight= 0.75 mean_abs_feat_delta= 0.21625\n"}
,{"stream_name":"stdout","time":2614.661763935,"data":"EDGE_TTA_ACTIVE views= 8 mean_abs_feat_delta= 0.352159\n"}
,{"stream_name":"stdout","time":2614.864360352,"data":"EDGE_TTA_ACTIVE views= 8 mean_abs_feat_delta= 0.352159\n"}
,{"stream_name":"stdout","time":2615.212634105,"data":"EDGE_TTA_ACTIVE views= 8 mean_abs_feat_delta= 0.299487\n"}
,{"stream_name":"stdout","time":2615.41513099,"data":"EDGE_TTA_ACTIVE views= 8 mean_abs_feat_delta= 0.299487\n"}
,{"stream_name":"stdout","time":2615.65194244,"data":"SECONDARY_EDGE_TTA_ACTIVE views= 8 weight= 0.75 mean_abs_feat_delta= 0.253874\n"}
,{"stream_name":"stdout","time":2615.854533793,"data":"SECONDARY_EDGE_TTA_ACTIVE views= 8 weight= 0.75 mean_abs_feat_delta= 0.253874\n"}
,{"stream_name":"stdout","time":2616.214221599,"data":"SECONDARY_EDGE_TTA_ACTIVE views= 8 weight= 0.75 mean_abs_feat_delta= 0.215136\n"}
,{"stream_name":"stdout","time":2616.416464097,"data":"SECONDARY_EDGE_TTA_ACTIVE views= 8 weight= 0.75 mean_abs_feat_delta= 0.215136\n"}
,{"stream_name":"stdout","time":2616.71977787,"data":"EDGE_TTA_ACTIVE views= 8 mean_abs_feat_delta= 0.355146\n"}
,{"stream_name":"stdout","time":2616.922231132,"data":"EDGE_TTA_ACTIVE views= 8 mean_abs_feat_delta= 0.355146\n"}
,{"stream_name":"stdout","time":2617.323507551,"data":"EDGE_TTA_ACTIVE views= 8 mean_abs_feat_delta= 0.299982\n"}
,{"stream_name":"stdout","time":2617.525657739,"data":"EDGE_TTA_ACTIVE views= 8 mean_abs_feat_delta= 0.299982\n"}
,{"stream_name":"stdout","time":2617.704238924,"data":"SECONDARY_EDGE_TTA_ACTIVE views= 8 weight= 0.75 mean_abs_feat_delta= 0.256313\n"}
,{"stream_name":"stdout","time":2617.906681061,"data":"SECONDARY_EDGE_TTA_ACTIVE views= 8 weight= 0.75 mean_abs_feat_delta= 0.256313\n"}
,{"stream_name":"stdout","time":2618.32430599,"data":"SECONDARY_EDGE_TTA_ACTIVE views= 8 weight= 0.75 mean_abs_feat_delta= 0.218834\n"}
,{"stream_name":"stdout","time":2618.526781883,"data":"SECONDARY_EDGE_TTA_ACTIVE views= 8 weight= 0.75 mean_abs_feat_delta= 0.218834\n"}
,{"stream_name":"stdout","time":2618.816001769,"data":"EDGE_TTA_ACTIVE views= 8 mean_abs_feat_delta= 0.355632\n"}
,{"stream_name":"stdout","time":2619.018529089,"data":"EDGE_TTA_ACTIVE views= 8 mean_abs_feat_delta= 0.355632\n"}
,{"stream_name":"stdout","time":2619.433179065,"data":"EDGE_TTA_ACTIVE views= 8 mean_abs_feat_delta= 0.302759\n"}
,{"stream_name":"stdout","time":2619.635340688,"data":"EDGE_TTA_ACTIVE views= 8 mean_abs_feat_delta= 0.302759\n"}
,{"stream_name":"stdout","time":2619.793347995,"data":"SECONDARY_EDGE_TTA_ACTIVE views= 8 weight= 0.75 mean_abs_feat_delta= 0.258019\n"}
,{"stream_name":"stdout","time":2619.995886032,"data":"SECONDARY_EDGE_TTA_ACTIVE views= 8 weight= 0.75 mean_abs_feat_delta= 0.258019\n"}
,{"stream_name":"stdout","time":2620.431987592,"data":"SECONDARY_EDGE_TTA_ACTIVE views= 8 weight= 0.75 mean_abs_feat_delta= 0.223637\n"}
,{"stream_name":"stdout","time":2620.634617219,"data":"SECONDARY_EDGE_TTA_ACTIVE views= 8 weight= 0.75 mean_abs_feat_delta= 0.223637\n"}
,{"stream_name":"stdout","time":2620.844214411,"data":"EDGE_TTA_ACTIVE views= 8 mean_abs_feat_delta= 0.352957\n"}
,{"stream_name":"stdout","time":2621.048180237,"data":"EDGE_TTA_ACTIVE views= 8 mean_abs_feat_delta= 0.352957\n"}
,{"stream_name":"stdout","time":2621.54686303,"data":"EDGE_TTA_ACTIVE views= 8 mean_abs_feat_delta= 0.297753\n"}
,{"stream_name":"stdout","time":2621.749576055,"data":"EDGE_TTA_ACTIVE views= 8 mean_abs_feat_delta= 0.297753\n"}
,{"stream_name":"stdout","time":2621.820590502,"data":"SECONDARY_EDGE_TTA_ACTIVE views= 8 weight= 0.75 mean_abs_feat_delta= 0.258151\n"}
,{"stream_name":"stdout","time":2622.022986762,"data":"SECONDARY_EDGE_TTA_ACTIVE views= 8 weight= 0.75 mean_abs_feat_delta= 0.258151\n"}
,{"stream_name":"stdout","time":2622.544385399,"data":"SECONDARY_EDGE_TTA_ACTIVE views= 8 weight= 0.75 mean_abs_feat_delta= 0.228282\n"}
,{"stream_name":"stdout","time":2622.746665831,"data":"SECONDARY_EDGE_TTA_ACTIVE views= 8 weight= 0.75 mean_abs_feat_delta= 0.228282\n"}
,{"stream_name":"stdout","time":2622.872198663,"data":"EDGE_TTA_ACTIVE views= 8 mean_abs_feat_delta= 0.35174\n"}
,{"stream_name":"stdout","time":2623.074443368,"data":"EDGE_TTA_ACTIVE views= 8 mean_abs_feat_delta= 0.35174\n"}
,{"stream_name":"stdout","time":2623.674719796,"data":"EDGE_TTA_ACTIVE views= 8 mean_abs_feat_delta= 0.288645\n"}
,{"stream_name":"stdout","time":2623.862204599,"data":"SECONDARY_EDGE_TTA_ACTIVE views= 8 weight= 0.75 mean_abs_feat_delta= 0.254657\n"}
,{"stream_name":"stdout","time":2623.87707719,"data":"EDGE_TTA_ACTIVE views= 8 mean_abs_feat_delta= 0.288645\n"}
,{"stream_name":"stdout","time":2623.87711183,"data":"SECONDARY_EDGE_TTA_ACTIVE views= 8 weight= 0.75 mean_abs_feat_delta= 0.254657\n"}
,{"stream_name":"stdout","time":2624.6755373,"data":"SECONDARY_EDGE_TTA_ACTIVE views= 8 weight= 0.75 mean_abs_feat_delta= 0.2417\n"}
,{"stream_name":"stdout","time":2624.878158616,"data":"SECONDARY_EDGE_TTA_ACTIVE views= 8 weight= 0.75 mean_abs_feat_delta= 0.2417\n"}
,{"stream_name":"stdout","time":2624.933640825,"data":"EDGE_TTA_ACTIVE views= 8 mean_abs_feat_delta= 0.349272\n"}
,{"stream_name":"stdout","time":2625.135829937,"data":"EDGE_TTA_ACTIVE views= 8 mean_abs_feat_delta= 0.349272\n"}
,{"stream_name":"stdout","time":2625.784842632,"data":"EDGE_TTA_ACTIVE views= 8 mean_abs_feat_delta= 0.295942\n"}
,{"stream_name":"stdout","time":2625.911930622,"data":"SECONDARY_EDGE_TTA_ACTIVE views= 8 weight= 0.75 mean_abs_feat_delta= 0.254634\n"}
,{"stream_name":"stdout","time":2625.987022107,"data":"EDGE_TTA_ACTIVE views= 8 mean_abs_feat_delta= 0.295942\n"}
,{"stream_name":"stdout","time":2625.987049893,"data":"SECONDARY_EDGE_TTA_ACTIVE views= 8 weight= 0.75 mean_abs_feat_delta= 0.254634\n"}
,{"stream_name":"stdout","time":2626.782856513,"data":"SECONDARY_EDGE_TTA_ACTIVE views= 8 weight= 0.75 mean_abs_feat_delta= 0.221896\n"}
,{"stream_name":"stdout","time":2626.98099518,"data":"EDGE_TTA_ACTIVE views= 8 mean_abs_feat_delta= 0.352204\n"}
,{"stream_name":"stdout","time":2626.985413989,"data":"SECONDARY_EDGE_TTA_ACTIVE views= 8 weight= 0.75 mean_abs_feat_delta= 0.221896\n"}
,{"stream_name":"stdout","time":2626.98543275,"data":"EDGE_TTA_ACTIVE views= 8 mean_abs_feat_delta= 0.352204\n"}
,{"stream_name":"stdout","time":2627.888678743,"data":"EDGE_TTA_ACTIVE views= 8 mean_abs_feat_delta= 0.297626\n"}
,{"stream_name":"stdout","time":2627.956841238,"data":"SECONDARY_EDGE_TTA_ACTIVE views= 8 weight= 0.75 mean_abs_feat_delta= 0.256147\n"}
,{"stream_name":"stdout","time":2628.091450082,"data":"EDGE_TTA_ACTIVE views= 8 mean_abs_feat_delta= 0.297626\n"}
,{"stream_name":"stdout","time":2628.091481092,"data":"SECONDARY_EDGE_TTA_ACTIVE views= 8 weight= 0.75 mean_abs_feat_delta= 0.256147\n"}
,{"stream_name":"stdout","time":2628.885532625,"data":"SECONDARY_EDGE_TTA_ACTIVE views= 8 weight= 0.75 mean_abs_feat_delta= 0.223878\n"}
,{"stream_name":"stdout","time":2629.04836499,"data":"EDGE_TTA_ACTIVE views= 8 mean_abs_feat_delta= 0.350453\n"}
,{"stream_name":"stdout","time":2629.088299363,"data":"SECONDARY_EDGE_TTA_ACTIVE views= 8 weight= 0.75 mean_abs_feat_delta= 0.223878\n"}
,{"stream_name":"stdout","time":2629.088325947,"data":"EDGE_TTA_ACTIVE views= 8 mean_abs_feat_delta= 0.350453\n"}
,{"stream_name":"stdout","time":2630.007877207,"data":"EDGE_TTA_ACTIVE views= 8 mean_abs_feat_delta= 0.298847\n"}
,{"stream_name":"stdout","time":2630.025629533,"data":"SECONDARY_EDGE_TTA_ACTIVE views= 8 weight= 0.75 mean_abs_feat_delta= 0.259536\n"}
,{"stream_name":"stdout","time":2630.210244639,"data":"EDGE_TTA_ACTIVE views= 8 mean_abs_feat_delta= 0.298847\n"}
,{"stream_name":"stdout","time":2630.210270857,"data":"SECONDARY_EDGE_TTA_ACTIVE views= 8 weight= 0.75 mean_abs_feat_delta= 0.259536\n"}
,{"stream_name":"stdout","time":2631.002895523,"data":"SECONDARY_EDGE_TTA_ACTIVE views= 8 weight= 0.75 mean_abs_feat_delta= 0.224511\n"}
,{"stream_name":"stdout","time":2631.077923656,"data":"EDGE_TTA_ACTIVE views= 8 mean_abs_feat_delta= 0.352256\n"}
,{"stream_name":"stdout","time":2631.205159603,"data":"SECONDARY_EDGE_TTA_ACTIVE views= 8 weight= 0.75 mean_abs_feat_delta= 0.224511\n"}
,{"stream_name":"stdout","time":2631.205191956,"data":"EDGE_TTA_ACTIVE views= 8 mean_abs_feat_delta= 0.352256\n"}
,{"stream_name":"stdout","time":2632.054102517,"data":"SECONDARY_EDGE_TTA_ACTIVE views= 8 weight= 0.75 mean_abs_feat_delta= 0.262914\n"}
,{"stream_name":"stdout","time":2632.155978439,"data":"EDGE_TTA_ACTIVE views= 8 mean_abs_feat_delta= 0.298851\n"}
,{"stream_name":"stdout","time":2632.25656424,"data":"SECONDARY_EDGE_TTA_ACTIVE views= 8 weight= 0.75 mean_abs_feat_delta= 0.262914\n"}
,{"stream_name":"stdout","time":2632.256587854,"data":"EDGE_TTA_ACTIVE views= 8 mean_abs_feat_delta= 0.298851\n"}
,{"stream_name":"stdout","time":2633.102848833,"data":"EDGE_TTA_ACTIVE views= 8 mean_abs_feat_delta= 0.347362\n"}
,{"stream_name":"stdout","time":2633.154941501,"data":"SECONDARY_EDGE_TTA_ACTIVE views= 8 weight= 0.75 mean_abs_feat_delta= 0.22545\n"}
,{"stream_name":"stdout","time":2633.304962961,"data":"EDGE_TTA_ACTIVE views= 8 mean_abs_feat_delta= 0.347362\n"}
,{"stream_name":"stdout","time":2633.305046548,"data":"SECONDARY_EDGE_TTA_ACTIVE views= 8 weight= 0.75 mean_abs_feat_delta= 0.22545\n"}
,{"stream_name":"stdout","time":2634.078121154,"data":"SECONDARY_EDGE_TTA_ACTIVE views= 8 weight= 0.75 mean_abs_feat_delta= 0.260141\n"}
,{"stream_name":"stdout","time":2634.25672499,"data":"EDGE_TTA_ACTIVE views= 8 mean_abs_feat_delta= 0.300758\n"}
,{"stream_name":"stdout","time":2634.280659835,"data":"SECONDARY_EDGE_TTA_ACTIVE views= 8 weight= 0.75 mean_abs_feat_delta= 0.260141\n"}
,{"stream_name":"stdout","time":2634.280677311,"data":"EDGE_TTA_ACTIVE views= 8 mean_abs_feat_delta= 0.300758\n"}
,{"stream_name":"stdout","time":2635.170650576,"data":"EDGE_TTA_ACTIVE views= 8 mean_abs_feat_delta= 0.339683\n"}
,{"stream_name":"stdout","time":2635.257374074,"data":"SECONDARY_EDGE_TTA_ACTIVE views= 8 weight= 0.75 mean_abs_feat_delta= 0.228076\n"}
,{"stream_name":"stdout","time":2635.505633744,"data":"EDGE_TTA_ACTIVE views= 8 mean_abs_feat_delta= 0.339683\n"}
,{"stream_name":"stdout","time":2635.505658922,"data":"SECONDARY_EDGE_TTA_ACTIVE views= 8 weight= 0.75 mean_abs_feat_delta= 0.228076\n"}
,{"stream_name":"stdout","time":2636.157334797,"data":"SECONDARY_EDGE_TTA_ACTIVE views= 8 weight= 0.75 mean_abs_feat_delta= 0.253163\n"}
,{"stream_name":"stdout","time":2636.360132841,"data":"SECONDARY_EDGE_TTA_ACTIVE views= 8 weight= 0.75 mean_abs_feat_delta= 0.253163\n"}
,{"stream_name":"stdout","time":2636.372897864,"data":"EDGE_TTA_ACTIVE views= 8 mean_abs_feat_delta= 0.30165\n"}
,{"stream_name":"stdout","time":2636.575009047,"data":"EDGE_TTA_ACTIVE views= 8 mean_abs_feat_delta= 0.30165\n"}
,{"stream_name":"stdout","time":2637.215677928,"data":"EDGE_TTA_ACTIVE views= 8 mean_abs_feat_delta= 0.337772\n"}
,{"stream_name":"stdout","time":2637.369272506,"data":"SECONDARY_EDGE_TTA_ACTIVE views= 8 weight= 0.75 mean_abs_feat_delta= 0.230042\n"}
,{"stream_name":"stdout","time":2637.418060479,"data":"EDGE_TTA_ACTIVE views= 8 mean_abs_feat_delta= 0.337772\n"}
,{"stream_name":"stdout","time":2637.418078791,"data":"SECONDARY_EDGE_TTA_ACTIVE views= 8 weight= 0.75 mean_abs_feat_delta= 0.230042\n"}
,{"stream_name":"stdout","time":2638.190320496,"data":"SECONDARY_EDGE_TTA_ACTIVE views= 8 weight= 0.75 mean_abs_feat_delta= 0.250982\n"}
,{"stream_name":"stdout","time":2638.393173539,"data":"SECONDARY_EDGE_TTA_ACTIVE views= 8 weight= 0.75 mean_abs_feat_delta= 0.250982\n"}
,{"stream_name":"stdout","time":2638.481028525,"data":"EDGE_TTA_ACTIVE views= 8 mean_abs_feat_delta= 0.29955\n"}
,{"stream_name":"stdout","time":2638.683580759,"data":"EDGE_TTA_ACTIVE views= 8 mean_abs_feat_delta= 0.29955\n"}
,{"stream_name":"stdout","time":2639.24185663,"data":"EDGE_TTA_ACTIVE views= 8 mean_abs_feat_delta= 0.334219\n"}
,{"stream_name":"stdout","time":2639.444327773,"data":"EDGE_TTA_ACTIVE views= 8 mean_abs_feat_delta= 0.334219\n"}
,{"stream_name":"stdout","time":2639.480636435,"data":"SECONDARY_EDGE_TTA_ACTIVE views= 8 weight= 0.75 mean_abs_feat_delta= 0.227587\n"}
,{"stream_name":"stdout","time":2639.683037286,"data":"SECONDARY_EDGE_TTA_ACTIVE views= 8 weight= 0.75 mean_abs_feat_delta= 0.227587\n"}
,{"stream_name":"stdout","time":2640.231643454,"data":"SECONDARY_EDGE_TTA_ACTIVE views= 8 weight= 0.75 mean_abs_feat_delta= 0.244696\n"}
,{"stream_name":"stdout","time":2640.433961798,"data":"SECONDARY_EDGE_TTA_ACTIVE views= 8 weight= 0.75 mean_abs_feat_delta= 0.244696\n"}
,{"stream_name":"stdout","time":2640.591971206,"data":"EDGE_TTA_ACTIVE views= 8 mean_abs_feat_delta= 0.299966\n"}
,{"stream_name":"stdout","time":2640.79430417,"data":"EDGE_TTA_ACTIVE views= 8 mean_abs_feat_delta= 0.299966\n"}
,{"stream_name":"stdout","time":2641.289750677,"data":"EDGE_TTA_ACTIVE views= 8 mean_abs_feat_delta= 0.334014\n"}
,{"stream_name":"stdout","time":2641.49237438,"data":"EDGE_TTA_ACTIVE views= 8 mean_abs_feat_delta= 0.334014\n"}
,{"stream_name":"stdout","time":2641.594752135,"data":"SECONDARY_EDGE_TTA_ACTIVE views= 8 weight= 0.75 mean_abs_feat_delta= 0.225753\n"}
,{"stream_name":"stdout","time":2641.797057258,"data":"SECONDARY_EDGE_TTA_ACTIVE views= 8 weight= 0.75 mean_abs_feat_delta= 0.225753\n"}
,{"stream_name":"stdout","time":2642.280221685,"data":"SECONDARY_EDGE_TTA_ACTIVE views= 8 weight= 0.75 mean_abs_feat_delta= 0.248503\n"}
,{"stream_name":"stdout","time":2642.482627289,"data":"SECONDARY_EDGE_TTA_ACTIVE views= 8 weight= 0.75 mean_abs_feat_delta= 0.248503\n"}
,{"stream_name":"stdout","time":2642.700992595,"data":"EDGE_TTA_ACTIVE views= 8 mean_abs_feat_delta= 0.298337\n"}
,{"stream_name":"stdout","time":2642.903400784,"data":"EDGE_TTA_ACTIVE views= 8 mean_abs_feat_delta= 0.298337\n"}
,{"stream_name":"stdout","time":2643.335951835,"data":"EDGE_TTA_ACTIVE views= 8 mean_abs_feat_delta= 0.335796\n"}
,{"stream_name":"stdout","time":2643.538394239,"data":"EDGE_TTA_ACTIVE views= 8 mean_abs_feat_delta= 0.335796\n"}
,{"stream_name":"stdout","time":2643.703901829,"data":"SECONDARY_EDGE_TTA_ACTIVE views= 8 weight= 0.75 mean_abs_feat_delta= 0.228401\n"}
,{"stream_name":"stdout","time":2643.906640475,"data":"SECONDARY_EDGE_TTA_ACTIVE views= 8 weight= 0.75 mean_abs_feat_delta= 0.228401\n"}
,{"stream_name":"stdout","time":2644.327396109,"data":"SECONDARY_EDGE_TTA_ACTIVE views= 8 weight= 0.75 mean_abs_feat_delta= 0.255389\n"}
,{"stream_name":"stdout","time":2644.529904298,"data":"SECONDARY_EDGE_TTA_ACTIVE views= 8 weight= 0.75 mean_abs_feat_delta= 0.255389\n"}
,{"stream_name":"stdout","time":2644.816894725,"data":"EDGE_TTA_ACTIVE views= 8 mean_abs_feat_delta= 0.298927\n"}
,{"stream_name":"stdout","time":2645.019384344,"data":"EDGE_TTA_ACTIVE views= 8 mean_abs_feat_delta= 0.298927\n"}
,{"stream_name":"stdout","time":2645.381323938,"data":"EDGE_TTA_ACTIVE views= 8 mean_abs_feat_delta= 0.333509\n"}
,{"stream_name":"stdout","time":2645.583587503,"data":"EDGE_TTA_ACTIVE views= 8 mean_abs_feat_delta= 0.333509\n"}
,{"stream_name":"stdout","time":2645.818682999,"data":"SECONDARY_EDGE_TTA_ACTIVE views= 8 weight= 0.75 mean_abs_feat_delta= 0.228416\n"}
,{"stream_name":"stdout","time":2646.021280196,"data":"SECONDARY_EDGE_TTA_ACTIVE views= 8 weight= 0.75 mean_abs_feat_delta= 0.228416\n"}
,{"stream_name":"stdout","time":2646.370966537,"data":"SECONDARY_EDGE_TTA_ACTIVE views= 8 weight= 0.75 mean_abs_feat_delta= 0.25251\n"}
,{"stream_name":"stdout","time":2646.573681279,"data":"SECONDARY_EDGE_TTA_ACTIVE views= 8 weight= 0.75 mean_abs_feat_delta= 0.25251\n"}
,{"stream_name":"stdout","time":2646.967973013,"data":"EDGE_TTA_ACTIVE views= 8 mean_abs_feat_delta= 0.298494\n"}
,{"stream_name":"stdout","time":2647.170402315,"data":"EDGE_TTA_ACTIVE views= 8 mean_abs_feat_delta= 0.298494\n"}
,{"stream_name":"stdout","time":2647.427459185,"data":"EDGE_TTA_ACTIVE views= 8 mean_abs_feat_delta= 0.333974\n"}
,{"stream_name":"stdout","time":2647.630259376,"data":"EDGE_TTA_ACTIVE views= 8 mean_abs_feat_delta= 0.333974\n"}
,{"stream_name":"stdout","time":2647.967477453,"data":"SECONDARY_EDGE_TTA_ACTIVE views= 8 weight= 0.75 mean_abs_feat_delta= 0.232561\n"}
,{"stream_name":"stdout","time":2648.170236025,"data":"SECONDARY_EDGE_TTA_ACTIVE views= 8 weight= 0.75 mean_abs_feat_delta= 0.232561\n"}
,{"stream_name":"stdout","time":2648.419076151,"data":"SECONDARY_EDGE_TTA_ACTIVE views= 8 weight= 0.75 mean_abs_feat_delta= 0.250282\n"}
,{"stream_name":"stdout","time":2648.62182823,"data":"SECONDARY_EDGE_TTA_ACTIVE views= 8 weight= 0.75 mean_abs_feat_delta= 0.250282\n"}
,{"stream_name":"stdout","time":2649.088684127,"data":"EDGE_TTA_ACTIVE views= 8 mean_abs_feat_delta= 0.301746\n"}
,{"stream_name":"stdout","time":2649.291303906,"data":"EDGE_TTA_ACTIVE views= 8 mean_abs_feat_delta= 0.301746\n"}
,{"stream_name":"stdout","time":2649.492269267,"data":"EDGE_TTA_ACTIVE views= 8 mean_abs_feat_delta= 0.329119\n"}
,{"stream_name":"stdout","time":2649.694828923,"data":"EDGE_TTA_ACTIVE views= 8 mean_abs_feat_delta= 0.329119\n"}
,{"stream_name":"stdout","time":2650.092733856,"data":"SECONDARY_EDGE_TTA_ACTIVE views= 8 weight= 0.75 mean_abs_feat_delta= 0.232119\n"}
,{"stream_name":"stdout","time":2650.295545932,"data":"SECONDARY_EDGE_TTA_ACTIVE views= 8 weight= 0.75 mean_abs_feat_delta= 0.232119\n"}
,{"stream_name":"stdout","time":2650.46835043,"data":"SECONDARY_EDGE_TTA_ACTIVE views= 8 weight= 0.75 mean_abs_feat_delta= 0.24944\n"}
,{"stream_name":"stdout","time":2650.670547813,"data":"SECONDARY_EDGE_TTA_ACTIVE views= 8 weight= 0.75 mean_abs_feat_delta= 0.24944\n"}
,{"stream_name":"stdout","time":2651.216242333,"data":"EDGE_TTA_ACTIVE views= 8 mean_abs_feat_delta= 0.305072\n"}
,{"stream_name":"stdout","time":2651.418513428,"data":"EDGE_TTA_ACTIVE views= 8 mean_abs_feat_delta= 0.305072\n"}
,{"stream_name":"stdout","time":2651.553977406,"data":"EDGE_TTA_ACTIVE views= 8 mean_abs_feat_delta= 0.327003\n"}
,{"stream_name":"stdout","time":2651.756476578,"data":"EDGE_TTA_ACTIVE views= 8 mean_abs_feat_delta= 0.327003\n"}
,{"stream_name":"stdout","time":2652.219774252,"data":"SECONDARY_EDGE_TTA_ACTIVE views= 8 weight= 0.75 mean_abs_feat_delta= 0.231895\n"}
,{"stream_name":"stdout","time":2652.422166046,"data":"SECONDARY_EDGE_TTA_ACTIVE views= 8 weight= 0.75 mean_abs_feat_delta= 0.231895\n"}
,{"stream_name":"stdout","time":2652.537152316,"data":"SECONDARY_EDGE_TTA_ACTIVE views= 8 weight= 0.75 mean_abs_feat_delta= 0.248719\n"}
,{"stream_name":"stdout","time":2652.739773945,"data":"SECONDARY_EDGE_TTA_ACTIVE views= 8 weight= 0.75 mean_abs_feat_delta= 0.248719\n"}
,{"stream_name":"stdout","time":2653.336005751,"data":"EDGE_TTA_ACTIVE views= 8 mean_abs_feat_delta= 0.30493\n"}
,{"stream_name":"stdout","time":2653.538719732,"data":"EDGE_TTA_ACTIVE views= 8 mean_abs_feat_delta= 0.30493\n"}
,{"stream_name":"stdout","time":2653.627300904,"data":"EDGE_TTA_ACTIVE views= 8 mean_abs_feat_delta= 0.330268\n"}
,{"stream_name":"stdout","time":2653.829674903,"data":"EDGE_TTA_ACTIVE views= 8 mean_abs_feat_delta= 0.330268\n"}
,{"stream_name":"stdout","time":2654.343694164,"data":"SECONDARY_EDGE_TTA_ACTIVE views= 8 weight= 0.75 mean_abs_feat_delta= 0.232001\n"}
,{"stream_name":"stdout","time":2654.545997474,"data":"SECONDARY_EDGE_TTA_ACTIVE views= 8 weight= 0.75 mean_abs_feat_delta= 0.232001\n"}
,{"stream_name":"stdout","time":2654.618267328,"data":"SECONDARY_EDGE_TTA_ACTIVE views= 8 weight= 0.75 mean_abs_feat_delta= 0.250111\n"}
,{"stream_name":"stdout","time":2654.820906442,"data":"SECONDARY_EDGE_TTA_ACTIVE views= 8 weight= 0.75 mean_abs_feat_delta= 0.250111\n"}
,{"stream_name":"stdout","time":2655.465928294,"data":"EDGE_TTA_ACTIVE views= 8 mean_abs_feat_delta= 0.297769\n"}
,{"stream_name":"stdout","time":2655.66858346,"data":"EDGE_TTA_ACTIVE views= 8 mean_abs_feat_delta= 0.297769\n"}
,{"stream_name":"stdout","time":2655.692589444,"data":"EDGE_TTA_ACTIVE views= 8 mean_abs_feat_delta= 0.334387\n"}
,{"stream_name":"stdout","time":2655.894877226,"data":"EDGE_TTA_ACTIVE views= 8 mean_abs_feat_delta= 0.334387\n"}
,{"stream_name":"stdout","time":2656.473427982,"data":"SECONDARY_EDGE_TTA_ACTIVE views= 8 weight= 0.75 mean_abs_feat_delta= 0.248577\n"}
,{"stream_name":"stdout","time":2656.675721365,"data":"SECONDARY_EDGE_TTA_ACTIVE views= 8 weight= 0.75 mean_abs_feat_delta= 0.248577\n"}
,{"stream_name":"stdout","time":2656.683926034,"data":"SECONDARY_EDGE_TTA_ACTIVE views= 8 weight= 0.75 mean_abs_feat_delta= 0.244944\n"}
,{"stream_name":"stdout","time":2656.886419921,"data":"SECONDARY_EDGE_TTA_ACTIVE views= 8 weight= 0.75 mean_abs_feat_delta= 0.244944\n"}
,{"stream_name":"stdout","time":2657.625385703,"data":"EDGE_TTA_ACTIVE views= 8 mean_abs_feat_delta= 0.301012\n"}
,{"stream_name":"stdout","time":2657.779924112,"data":"EDGE_TTA_ACTIVE views= 8 mean_abs_feat_delta= 0.334976\n"}
,{"stream_name":"stdout","time":2657.828108432,"data":"EDGE_TTA_ACTIVE views= 8 mean_abs_feat_delta= 0.301012\n"}
,{"stream_name":"stdout","time":2657.828134959,"data":"EDGE_TTA_ACTIVE views= 8 mean_abs_feat_delta= 0.334976\n"}
,{"stream_name":"stdout","time":2658.632223133,"data":"SECONDARY_EDGE_TTA_ACTIVE views= 8 weight= 0.75 mean_abs_feat_delta= 0.230102\n"}
,{"stream_name":"stdout","time":2658.770829043,"data":"SECONDARY_EDGE_TTA_ACTIVE views= 8 weight= 0.75 mean_abs_feat_delta= 0.243994\n"}
,{"stream_name":"stdout","time":2658.835028302,"data":"SECONDARY_EDGE_TTA_ACTIVE views= 8 weight= 0.75 mean_abs_feat_delta= 0.230102\n"}
,{"stream_name":"stdout","time":2658.83506435,"data":"SECONDARY_EDGE_TTA_ACTIVE views= 8 weight= 0.75 mean_abs_feat_delta= 0.243994\n"}
,{"stream_name":"stdout","time":2659.78073922,"data":"EDGE_TTA_ACTIVE views= 8 mean_abs_feat_delta= 0.296955\n"}
,{"stream_name":"stdout","time":2659.839662187,"data":"EDGE_TTA_ACTIVE views= 8 mean_abs_feat_delta= 0.338055\n"}
,{"stream_name":"stdout","time":2659.983389381,"data":"EDGE_TTA_ACTIVE views= 8 mean_abs_feat_delta= 0.296955\n"}
,{"stream_name":"stdout","time":2659.983413171,"data":"EDGE_TTA_ACTIVE views= 8 mean_abs_feat_delta= 0.338055\n"}
,{"stream_name":"stdout","time":2660.789018197,"data":"SECONDARY_EDGE_TTA_ACTIVE views= 8 weight= 0.75 mean_abs_feat_delta= 0.236032\n"}
,{"stream_name":"stdout","time":2660.826681298,"data":"SECONDARY_EDGE_TTA_ACTIVE views= 8 weight= 0.75 mean_abs_feat_delta= 0.244248\n"}
,{"stream_name":"stdout","time":2660.99129857,"data":"SECONDARY_EDGE_TTA_ACTIVE views= 8 weight= 0.75 mean_abs_feat_delta= 0.236032\n"}
,{"stream_name":"stdout","time":2660.991336011,"data":"SECONDARY_EDGE_TTA_ACTIVE views= 8 weight= 0.75 mean_abs_feat_delta= 0.244248\n"}
,{"stream_name":"stdout","time":2661.895877067,"data":"EDGE_TTA_ACTIVE views= 8 mean_abs_feat_delta= 0.34274\n"}
,{"stream_name":"stdout","time":2661.952661114,"data":"EDGE_TTA_ACTIVE views= 8 mean_abs_feat_delta= 0.300893\n"}
,{"stream_name":"stdout","time":2662.098543026,"data":"EDGE_TTA_ACTIVE views= 8 mean_abs_feat_delta= 0.34274\n"}
,{"stream_name":"stdout","time":2662.098583881,"data":"EDGE_TTA_ACTIVE views= 8 mean_abs_feat_delta= 0.300893\n"}
,{"stream_name":"stdout","time":2662.885802493,"data":"SECONDARY_EDGE_TTA_ACTIVE views= 8 weight= 0.75 mean_abs_feat_delta= 0.246574\n"}
,{"stream_name":"stdout","time":2662.956802701,"data":"SECONDARY_EDGE_TTA_ACTIVE views= 8 weight= 0.75 mean_abs_feat_delta= 0.231022\n"}
,{"stream_name":"stdout","time":2663.088484,"data":"SECONDARY_EDGE_TTA_ACTIVE views= 8 weight= 0.75 mean_abs_feat_delta= 0.246574\n"}
,{"stream_name":"stdout","time":2663.088575128,"data":"SECONDARY_EDGE_TTA_ACTIVE views= 8 weight= 0.75 mean_abs_feat_delta= 0.231022\n"}
,{"stream_name":"stdout","time":2663.957800983,"data":"EDGE_TTA_ACTIVE views= 8 mean_abs_feat_delta= 0.33481\n"}
,{"stream_name":"stdout","time":2664.076389393,"data":"EDGE_TTA_ACTIVE views= 8 mean_abs_feat_delta= 0.298703\n"}
,{"stream_name":"stdout","time":2664.160176797,"data":"EDGE_TTA_ACTIVE views= 8 mean_abs_feat_delta= 0.33481\n"}
,{"stream_name":"stdout","time":2664.160201065,"data":"EDGE_TTA_ACTIVE views= 8 mean_abs_feat_delta= 0.298703\n"}
,{"stream_name":"stdout","time":2664.950579764,"data":"SECONDARY_EDGE_TTA_ACTIVE views= 8 weight= 0.75 mean_abs_feat_delta= 0.245721\n"}
,{"stream_name":"stdout","time":2665.085537948,"data":"SECONDARY_EDGE_TTA_ACTIVE views= 8 weight= 0.75 mean_abs_feat_delta= 0.227593\n"}
,{"stream_name":"stdout","time":2665.153260598,"data":"SECONDARY_EDGE_TTA_ACTIVE views= 8 weight= 0.75 mean_abs_feat_delta= 0.245721\n"}
,{"stream_name":"stdout","time":2665.15328839,"data":"SECONDARY_EDGE_TTA_ACTIVE views= 8 weight= 0.75 mean_abs_feat_delta= 0.227593\n"}
,{"stream_name":"stdout","time":2666.004357659,"data":"EDGE_TTA_ACTIVE views= 8 mean_abs_feat_delta= 0.334192\n"}
,{"stream_name":"stdout","time":2666.230222322,"data":"EDGE_TTA_ACTIVE views= 8 mean_abs_feat_delta= 0.298079\n"}
,{"stream_name":"stdout","time":2666.342581224,"data":"EDGE_TTA_ACTIVE views= 8 mean_abs_feat_delta= 0.334192\n"}
,{"stream_name":"stdout","time":2666.431827754,"data":"EDGE_TTA_ACTIVE views= 8 mean_abs_feat_delta= 0.298079\n"}
,{"stream_name":"stdout","time":2666.996973065,"data":"SECONDARY_EDGE_TTA_ACTIVE views= 8 weight= 0.75 mean_abs_feat_delta= 0.242489\n"}
,{"stream_name":"stdout","time":2667.199479683,"data":"SECONDARY_EDGE_TTA_ACTIVE views= 8 weight= 0.75 mean_abs_feat_delta= 0.242489\n"}
,{"stream_name":"stdout","time":2667.233161742,"data":"SECONDARY_EDGE_TTA_ACTIVE views= 8 weight= 0.75 mean_abs_feat_delta= 0.231734\n"}
,{"stream_name":"stdout","time":2667.435631904,"data":"SECONDARY_EDGE_TTA_ACTIVE views= 8 weight= 0.75 mean_abs_feat_delta= 0.231734\n"}
,{"stream_name":"stdout","time":2668.069805149,"data":"EDGE_TTA_ACTIVE views= 8 mean_abs_feat_delta= 0.337186\n"}
,{"stream_name":"stdout","time":2668.272061858,"data":"EDGE_TTA_ACTIVE views= 8 mean_abs_feat_delta= 0.337186\n"}
,{"stream_name":"stdout","time":2668.372575997,"data":"EDGE_TTA_ACTIVE views= 8 mean_abs_feat_delta= 0.295083\n"}
,{"stream_name":"stdout","time":2668.575188825,"data":"EDGE_TTA_ACTIVE views= 8 mean_abs_feat_delta= 0.295083\n"}
,{"stream_name":"stdout","time":2669.059429438,"data":"SECONDARY_EDGE_TTA_ACTIVE views= 8 weight= 0.75 mean_abs_feat_delta= 0.245748\n"}
,{"stream_name":"stdout","time":2669.261916311,"data":"SECONDARY_EDGE_TTA_ACTIVE views= 8 weight= 0.75 mean_abs_feat_delta= 0.245748\n"}
,{"stream_name":"stdout","time":2669.377555745,"data":"SECONDARY_EDGE_TTA_ACTIVE views= 8 weight= 0.75 mean_abs_feat_delta= 0.228138\n"}
,{"stream_name":"stdout","time":2669.580172164,"data":"SECONDARY_EDGE_TTA_ACTIVE views= 8 weight= 0.75 mean_abs_feat_delta= 0.228138\n"}
,{"stream_name":"stdout","time":2670.12134523,"data":"EDGE_TTA_ACTIVE views= 8 mean_abs_feat_delta= 0.34284\n"}
,{"stream_name":"stdout","time":2670.324013257,"data":"EDGE_TTA_ACTIVE views= 8 mean_abs_feat_delta= 0.34284\n"}
,{"stream_name":"stdout","time":2670.491981945,"data":"EDGE_TTA_ACTIVE views= 8 mean_abs_feat_delta= 0.299361\n"}
,{"stream_name":"stdout","time":2670.694284861,"data":"EDGE_TTA_ACTIVE views= 8 mean_abs_feat_delta= 0.299361\n"}
,{"stream_name":"stdout","time":2671.113571623,"data":"SECONDARY_EDGE_TTA_ACTIVE views= 8 weight= 0.75 mean_abs_feat_delta= 0.243091\n"}
,{"stream_name":"stdout","time":2671.316070805,"data":"SECONDARY_EDGE_TTA_ACTIVE views= 8 weight= 0.75 mean_abs_feat_delta= 0.243091\n"}
,{"stream_name":"stdout","time":2671.495558854,"data":"SECONDARY_EDGE_TTA_ACTIVE views= 8 weight= 0.75 mean_abs_feat_delta= 0.227495\n"}
,{"stream_name":"stdout","time":2671.698032981,"data":"SECONDARY_EDGE_TTA_ACTIVE views= 8 weight= 0.75 mean_abs_feat_delta= 0.227495\n"}
,{"stream_name":"stdout","time":2672.210158053,"data":"EDGE_TTA_ACTIVE views= 8 mean_abs_feat_delta= 0.343026\n"}
,{"stream_name":"stdout","time":2672.41248354,"data":"EDGE_TTA_ACTIVE views= 8 mean_abs_feat_delta= 0.343026\n"}
,{"stream_name":"stdout","time":2672.610426655,"data":"EDGE_TTA_ACTIVE views= 8 mean_abs_feat_delta= 0.300989\n"}
,{"stream_name":"stdout","time":2672.812621337,"data":"EDGE_TTA_ACTIVE views= 8 mean_abs_feat_delta= 0.300989\n"}
,{"stream_name":"stdout","time":2673.188176365,"data":"SECONDARY_EDGE_TTA_ACTIVE views= 8 weight= 0.75 mean_abs_feat_delta= 0.244469\n"}
,{"stream_name":"stdout","time":2673.390590436,"data":"SECONDARY_EDGE_TTA_ACTIVE views= 8 weight= 0.75 mean_abs_feat_delta= 0.244469\n"}
,{"stream_name":"stdout","time":2673.617514598,"data":"SECONDARY_EDGE_TTA_ACTIVE views= 8 weight= 0.75 mean_abs_feat_delta= 0.227541\n"}
,{"stream_name":"stdout","time":2673.820055674,"data":"SECONDARY_EDGE_TTA_ACTIVE views= 8 weight= 0.75 mean_abs_feat_delta= 0.227541\n"}
,{"stream_name":"stdout","time":2674.243260094,"data":"EDGE_TTA_ACTIVE views= 8 mean_abs_feat_delta= 0.335511\n"}
,{"stream_name":"stdout","time":2674.445509281,"data":"EDGE_TTA_ACTIVE views= 8 mean_abs_feat_delta= 0.335511\n"}
,{"stream_name":"stdout","time":2674.755198994,"data":"EDGE_TTA_ACTIVE views= 8 mean_abs_feat_delta= 0.298427\n"}
,{"stream_name":"stdout","time":2674.957574422,"data":"EDGE_TTA_ACTIVE views= 8 mean_abs_feat_delta= 0.298427\n"}
,{"stream_name":"stdout","time":2675.233818571,"data":"SECONDARY_EDGE_TTA_ACTIVE views= 8 weight= 0.75 mean_abs_feat_delta= 0.241682\n"}
,{"stream_name":"stdout","time":2675.436505492,"data":"SECONDARY_EDGE_TTA_ACTIVE views= 8 weight= 0.75 mean_abs_feat_delta= 0.241682\n"}
,{"stream_name":"stdout","time":2675.757811702,"data":"SECONDARY_EDGE_TTA_ACTIVE views= 8 weight= 0.75 mean_abs_feat_delta= 0.235526\n"}
,{"stream_name":"stdout","time":2675.960117016,"data":"SECONDARY_EDGE_TTA_ACTIVE views= 8 weight= 0.75 mean_abs_feat_delta= 0.235526\n"}
,{"stream_name":"stdout","time":2676.314220181,"data":"EDGE_TTA_ACTIVE views= 8 mean_abs_feat_delta= 0.334504\n"}
,{"stream_name":"stdout","time":2676.516554767,"data":"EDGE_TTA_ACTIVE views= 8 mean_abs_feat_delta= 0.334504\n"}
,{"stream_name":"stdout","time":2676.872270818,"data":"EDGE_TTA_ACTIVE views= 8 mean_abs_feat_delta= 0.289896\n"}
,{"stream_name":"stdout","time":2677.074555308,"data":"EDGE_TTA_ACTIVE views= 8 mean_abs_feat_delta= 0.289896\n"}
,{"stream_name":"stdout","time":2677.305638446,"data":"SECONDARY_EDGE_TTA_ACTIVE views= 8 weight= 0.75 mean_abs_feat_delta= 0.238123\n"}
,{"stream_name":"stdout","time":2677.508236006,"data":"SECONDARY_EDGE_TTA_ACTIVE views= 8 weight= 0.75 mean_abs_feat_delta= 0.238123\n"}
,{"stream_name":"stdout","time":2677.88115288,"data":"SECONDARY_EDGE_TTA_ACTIVE views= 8 weight= 0.75 mean_abs_feat_delta= 0.254283\n"}
,{"stream_name":"stdout","time":2678.082721981,"data":"SECONDARY_EDGE_TTA_ACTIVE views= 8 weight= 0.75 mean_abs_feat_delta= 0.254283\n"}
,{"stream_name":"stdout","time":2678.362618079,"data":"EDGE_TTA_ACTIVE views= 8 mean_abs_feat_delta= 0.336442\n"}
,{"stream_name":"stdout","time":2678.565347026,"data":"EDGE_TTA_ACTIVE views= 8 mean_abs_feat_delta= 0.336442\n"}
,{"stream_name":"stdout","time":2678.991801956,"data":"EDGE_TTA_ACTIVE views= 8 mean_abs_feat_delta= 0.298587\n"}
,{"stream_name":"stdout","time":2679.194038011,"data":"EDGE_TTA_ACTIVE views= 8 mean_abs_feat_delta= 0.298587\n"}
,{"stream_name":"stdout","time":2679.353051714,"data":"SECONDARY_EDGE_TTA_ACTIVE views= 8 weight= 0.75 mean_abs_feat_delta= 0.238269\n"}
,{"stream_name":"stdout","time":2679.555591577,"data":"SECONDARY_EDGE_TTA_ACTIVE views= 8 weight= 0.75 mean_abs_feat_delta= 0.238269\n"}
,{"stream_name":"stdout","time":2679.993861062,"data":"SECONDARY_EDGE_TTA_ACTIVE views= 8 weight= 0.75 mean_abs_feat_delta= 0.236847\n"}
,{"stream_name":"stdout","time":2680.196240705,"data":"SECONDARY_EDGE_TTA_ACTIVE views= 8 weight= 0.75 mean_abs_feat_delta= 0.236847\n"}
,{"stream_name":"stdout","time":2680.412742722,"data":"EDGE_TTA_ACTIVE views= 8 mean_abs_feat_delta= 0.340784\n"}
,{"stream_name":"stdout","time":2680.615147958,"data":"EDGE_TTA_ACTIVE views= 8 mean_abs_feat_delta= 0.340784\n"}
,{"stream_name":"stdout","time":2681.109761686,"data":"EDGE_TTA_ACTIVE views= 8 mean_abs_feat_delta= 0.304525\n"}
,{"stream_name":"stdout","time":2681.312201523,"data":"EDGE_TTA_ACTIVE views= 8 mean_abs_feat_delta= 0.304525\n"}
,{"stream_name":"stdout","time":2681.400725799,"data":"SECONDARY_EDGE_TTA_ACTIVE views= 8 weight= 0.75 mean_abs_feat_delta= 0.236313\n"}
,{"stream_name":"stdout","time":2681.60324369,"data":"SECONDARY_EDGE_TTA_ACTIVE views= 8 weight= 0.75 mean_abs_feat_delta= 0.236313\n"}
,{"stream_name":"stdout","time":2682.111266036,"data":"SECONDARY_EDGE_TTA_ACTIVE views= 8 weight= 0.75 mean_abs_feat_delta= 0.236182\n"}
,{"stream_name":"stdout","time":2682.313765443,"data":"SECONDARY_EDGE_TTA_ACTIVE views= 8 weight= 0.75 mean_abs_feat_delta= 0.236182\n"}
,{"stream_name":"stdout","time":2682.497987356,"data":"EDGE_TTA_ACTIVE views= 8 mean_abs_feat_delta= 0.343896\n"}
,{"stream_name":"stdout","time":2682.700289289,"data":"EDGE_TTA_ACTIVE views= 8 mean_abs_feat_delta= 0.343896\n"}
,{"stream_name":"stdout","time":2683.244111391,"data":"EDGE_TTA_ACTIVE views= 8 mean_abs_feat_delta= 0.303944\n"}
,{"stream_name":"stdout","time":2683.446379344,"data":"EDGE_TTA_ACTIVE views= 8 mean_abs_feat_delta= 0.303944\n"}
,{"stream_name":"stdout","time":2683.474519649,"data":"SECONDARY_EDGE_TTA_ACTIVE views= 8 weight= 0.75 mean_abs_feat_delta= 0.240317\n"}
,{"stream_name":"stdout","time":2683.677061978,"data":"SECONDARY_EDGE_TTA_ACTIVE views= 8 weight= 0.75 mean_abs_feat_delta= 0.240317\n"}
,{"stream_name":"stdout","time":2684.247334938,"data":"SECONDARY_EDGE_TTA_ACTIVE views= 8 weight= 0.75 mean_abs_feat_delta= 0.234751\n"}
,{"stream_name":"stdout","time":2684.450006924,"data":"SECONDARY_EDGE_TTA_ACTIVE views= 8 weight= 0.75 mean_abs_feat_delta= 0.234751\n"}
,{"stream_name":"stdout","time":2684.548068384,"data":"EDGE_TTA_ACTIVE views= 8 mean_abs_feat_delta= 0.341859\n"}
,{"stream_name":"stdout","time":2684.750689794,"data":"EDGE_TTA_ACTIVE views= 8 mean_abs_feat_delta= 0.341859\n"}
,{"stream_name":"stdout","time":2685.37461423,"data":"EDGE_TTA_ACTIVE views= 8 mean_abs_feat_delta= 0.301432\n"}
,{"stream_name":"stdout","time":2685.539750163,"data":"SECONDARY_EDGE_TTA_ACTIVE views= 8 weight= 0.75 mean_abs_feat_delta= 0.240534\n"}
,{"stream_name":"stdout","time":2685.576848029,"data":"EDGE_TTA_ACTIVE views= 8 mean_abs_feat_delta= 0.301432\n"}
,{"stream_name":"stdout","time":2685.576867532,"data":"SECONDARY_EDGE_TTA_ACTIVE views= 8 weight= 0.75 mean_abs_feat_delta= 0.240534\n"}
,{"stream_name":"stdout","time":2686.379998365,"data":"SECONDARY_EDGE_TTA_ACTIVE views= 8 weight= 0.75 mean_abs_feat_delta= 0.240227\n"}
,{"stream_name":"stdout","time":2686.582726074,"data":"SECONDARY_EDGE_TTA_ACTIVE views= 8 weight= 0.75 mean_abs_feat_delta= 0.240227\n"}
,{"stream_name":"stdout","time":2686.618858086,"data":"EDGE_TTA_ACTIVE views= 8 mean_abs_feat_delta= 0.334519\n"}
,{"stream_name":"stdout","time":2686.821075852,"data":"EDGE_TTA_ACTIVE views= 8 mean_abs_feat_delta= 0.334519\n"}
,{"stream_name":"stdout","time":2687.485515586,"data":"EDGE_TTA_ACTIVE views= 8 mean_abs_feat_delta= 0.289467\n"}
,{"stream_name":"stdout","time":2687.608184948,"data":"SECONDARY_EDGE_TTA_ACTIVE views= 8 weight= 0.75 mean_abs_feat_delta= 0.23974\n"}
,{"stream_name":"stdout","time":2687.687898999,"data":"EDGE_TTA_ACTIVE views= 8 mean_abs_feat_delta= 0.289467\n"}
,{"stream_name":"stdout","time":2687.68792715,"data":"SECONDARY_EDGE_TTA_ACTIVE views= 8 weight= 0.75 mean_abs_feat_delta= 0.23974\n"}
,{"stream_name":"stdout","time":2688.491523844,"data":"SECONDARY_EDGE_TTA_ACTIVE views= 8 weight= 0.75 mean_abs_feat_delta= 0.260123\n"}
,{"stream_name":"stdout","time":2688.69404476,"data":"SECONDARY_EDGE_TTA_ACTIVE views= 8 weight= 0.75 mean_abs_feat_delta= 0.260123\n"}
,{"stream_name":"stdout","time":2688.702381315,"data":"EDGE_TTA_ACTIVE views= 8 mean_abs_feat_delta= 0.330095\n"}
,{"stream_name":"stdout","time":2688.904675021,"data":"EDGE_TTA_ACTIVE views= 8 mean_abs_feat_delta= 0.330095\n"}
,{"stream_name":"stdout","time":2689.602545753,"data":"EDGE_TTA_ACTIVE views= 8 mean_abs_feat_delta= 0.300783\n"}
,{"stream_name":"stdout","time":2689.689446394,"data":"SECONDARY_EDGE_TTA_ACTIVE views= 8 weight= 0.75 mean_abs_feat_delta= 0.242225\n"}
,{"stream_name":"stdout","time":2689.805216119,"data":"EDGE_TTA_ACTIVE views= 8 mean_abs_feat_delta= 0.300783\n"}
,{"stream_name":"stdout","time":2689.805277468,"data":"SECONDARY_EDGE_TTA_ACTIVE views= 8 weight= 0.75 mean_abs_feat_delta= 0.242225\n"}
,{"stream_name":"stdout","time":2690.605386123,"data":"SECONDARY_EDGE_TTA_ACTIVE views= 8 weight= 0.75 mean_abs_feat_delta= 0.234909\n"}
,{"stream_name":"stdout","time":2690.748956779,"data":"EDGE_TTA_ACTIVE views= 8 mean_abs_feat_delta= 0.330524\n"}
,{"stream_name":"stdout","time":2690.807728503,"data":"SECONDARY_EDGE_TTA_ACTIVE views= 8 weight= 0.75 mean_abs_feat_delta= 0.234909\n"}
,{"stream_name":"stdout","time":2690.807754758,"data":"EDGE_TTA_ACTIVE views= 8 mean_abs_feat_delta= 0.330524\n"}
,{"stream_name":"stdout","time":2691.737323444,"data":"SECONDARY_EDGE_TTA_ACTIVE views= 8 weight= 0.75 mean_abs_feat_delta= 0.243802\n"}
,{"stream_name":"stdout","time":2691.74942504,"data":"EDGE_TTA_ACTIVE views= 8 mean_abs_feat_delta= 0.293698\n"}
,{"stream_name":"stdout","time":2691.939988486,"data":"SECONDARY_EDGE_TTA_ACTIVE views= 8 weight= 0.75 mean_abs_feat_delta= 0.243802\n"}
,{"stream_name":"stdout","time":2691.940017224,"data":"EDGE_TTA_ACTIVE views= 8 mean_abs_feat_delta= 0.293698\n"}
,{"stream_name":"stdout","time":2692.751636872,"data":"SECONDARY_EDGE_TTA_ACTIVE views= 8 weight= 0.75 mean_abs_feat_delta= 0.249177\n"}
,{"stream_name":"stdout","time":2692.816667688,"data":"EDGE_TTA_ACTIVE views= 8 mean_abs_feat_delta= 0.334124\n"}
,{"stream_name":"stdout","time":2692.95421624,"data":"SECONDARY_EDGE_TTA_ACTIVE views= 8 weight= 0.75 mean_abs_feat_delta= 0.249177\n"}
,{"stream_name":"stdout","time":2692.954244937,"data":"EDGE_TTA_ACTIVE views= 8 mean_abs_feat_delta= 0.334124\n"}
,{"stream_name":"stdout","time":2693.800727713,"data":"SECONDARY_EDGE_TTA_ACTIVE views= 8 weight= 0.75 mean_abs_feat_delta= 0.244396\n"}
,{"stream_name":"stdout","time":2693.865718027,"data":"EDGE_TTA_ACTIVE views= 8 mean_abs_feat_delta= 0.301827\n"}
,{"stream_name":"stdout","time":2694.003073429,"data":"SECONDARY_EDGE_TTA_ACTIVE views= 8 weight= 0.75 mean_abs_feat_delta= 0.244396\n"}
,{"stream_name":"stdout","time":2694.00311941,"data":"EDGE_TTA_ACTIVE views= 8 mean_abs_feat_delta= 0.301827\n"}
,{"stream_name":"stdout","time":2694.862354785,"data":"EDGE_TTA_ACTIVE views= 8 mean_abs_feat_delta= 0.336626\n"}
,{"stream_name":"stdout","time":2694.871739439,"data":"SECONDARY_EDGE_TTA_ACTIVE views= 8 weight= 0.75 mean_abs_feat_delta= 0.236301\n"}
,{"stream_name":"stdout","time":2695.065250441,"data":"EDGE_TTA_ACTIVE views= 8 mean_abs_feat_delta= 0.336626\n"}
,{"stream_name":"stdout","time":2695.065337356,"data":"SECONDARY_EDGE_TTA_ACTIVE views= 8 weight= 0.75 mean_abs_feat_delta= 0.236301\n"}
,{"stream_name":"stdout","time":2695.842889632,"data":"SECONDARY_EDGE_TTA_ACTIVE views= 8 weight= 0.75 mean_abs_feat_delta= 0.245532\n"}
,{"stream_name":"stdout","time":2696.030410078,"data":"EDGE_TTA_ACTIVE views= 8 mean_abs_feat_delta= 0.297617\n"}
,{"stream_name":"stdout","time":2696.045796501,"data":"SECONDARY_EDGE_TTA_ACTIVE views= 8 weight= 0.75 mean_abs_feat_delta= 0.245532\n"}
,{"stream_name":"stdout","time":2696.045879169,"data":"EDGE_TTA_ACTIVE views= 8 mean_abs_feat_delta= 0.297617\n"}
,{"stream_name":"stdout","time":2696.890346816,"data":"EDGE_TTA_ACTIVE views= 8 mean_abs_feat_delta= 0.336914\n"}
,{"stream_name":"stdout","time":2697.033556175,"data":"SECONDARY_EDGE_TTA_ACTIVE views= 8 weight= 0.75 mean_abs_feat_delta= 0.242844\n"}
,{"stream_name":"stdout","time":2697.187959367,"data":"EDGE_TTA_ACTIVE views= 8 mean_abs_feat_delta= 0.336914\n"}
,{"stream_name":"stdout","time":2697.187985916,"data":"SECONDARY_EDGE_TTA_ACTIVE views= 8 weight= 0.75 mean_abs_feat_delta= 0.242844\n"}
,{"stream_name":"stdout","time":2697.879524805,"data":"SECONDARY_EDGE_TTA_ACTIVE views= 8 weight= 0.75 mean_abs_feat_delta= 0.241999\n"}
,{"stream_name":"stdout","time":2698.082086157,"data":"SECONDARY_EDGE_TTA_ACTIVE views= 8 weight= 0.75 mean_abs_feat_delta= 0.241999\n"}
,{"stream_name":"stdout","time":2698.168873717,"data":"EDGE_TTA_ACTIVE views= 8 mean_abs_feat_delta= 0.28985\n"}
,{"stream_name":"stdout","time":2698.371531269,"data":"EDGE_TTA_ACTIVE views= 8 mean_abs_feat_delta= 0.28985\n"}
,{"stream_name":"stdout","time":2698.958154534,"data":"EDGE_TTA_ACTIVE views= 8 mean_abs_feat_delta= 0.33813\n"}
,{"stream_name":"stdout","time":2699.160842742,"data":"EDGE_TTA_ACTIVE views= 8 mean_abs_feat_delta= 0.33813\n"}
,{"stream_name":"stdout","time":2699.171381909,"data":"SECONDARY_EDGE_TTA_ACTIVE views= 8 weight= 0.75 mean_abs_feat_delta= 0.256212\n"}
,{"stream_name":"stdout","time":2699.37393484,"data":"SECONDARY_EDGE_TTA_ACTIVE views= 8 weight= 0.75 mean_abs_feat_delta= 0.256212\n"}
,{"stream_name":"stdout","time":2699.946850799,"data":"SECONDARY_EDGE_TTA_ACTIVE views= 8 weight= 0.75 mean_abs_feat_delta= 0.243167\n"}
,{"stream_name":"stdout","time":2700.149604508,"data":"SECONDARY_EDGE_TTA_ACTIVE views= 8 weight= 0.75 mean_abs_feat_delta= 0.243167\n"}
,{"stream_name":"stdout","time":2700.319526062,"data":"EDGE_TTA_ACTIVE views= 8 mean_abs_feat_delta= 0.295748\n"}
,{"stream_name":"stdout","time":2700.521654591,"data":"EDGE_TTA_ACTIVE views= 8 mean_abs_feat_delta= 0.295748\n"}
,{"stream_name":"stdout","time":2701.004295463,"data":"EDGE_TTA_ACTIVE views= 8 mean_abs_feat_delta= 0.335099\n"}
,{"stream_name":"stdout","time":2701.207807063,"data":"EDGE_TTA_ACTIVE views= 8 mean_abs_feat_delta= 0.335099\n"}
,{"stream_name":"stdout","time":2701.32053084,"data":"SECONDARY_EDGE_TTA_ACTIVE views= 8 weight= 0.75 mean_abs_feat_delta= 0.23812\n"}
,{"stream_name":"stdout","time":2701.523058397,"data":"SECONDARY_EDGE_TTA_ACTIVE views= 8 weight= 0.75 mean_abs_feat_delta= 0.23812\n"}
,{"stream_name":"stdout","time":2701.994442864,"data":"SECONDARY_EDGE_TTA_ACTIVE views= 8 weight= 0.75 mean_abs_feat_delta= 0.242197\n"}
,{"stream_name":"stdout","time":2702.196925363,"data":"SECONDARY_EDGE_TTA_ACTIVE views= 8 weight= 0.75 mean_abs_feat_delta= 0.242197\n"}
,{"stream_name":"stdout","time":2702.435280499,"data":"EDGE_TTA_ACTIVE views= 8 mean_abs_feat_delta= 0.297354\n"}
,{"stream_name":"stdout","time":2702.637820402,"data":"EDGE_TTA_ACTIVE views= 8 mean_abs_feat_delta= 0.297354\n"}
,{"stream_name":"stdout","time":2703.048551319,"data":"EDGE_TTA_ACTIVE views= 8 mean_abs_feat_delta= 0.33431\n"}
,{"stream_name":"stdout","time":2703.250973753,"data":"EDGE_TTA_ACTIVE views= 8 mean_abs_feat_delta= 0.33431\n"}
,{"stream_name":"stdout","time":2703.438170983,"data":"SECONDARY_EDGE_TTA_ACTIVE views= 8 weight= 0.75 mean_abs_feat_delta= 0.236066\n"}
,{"stream_name":"stdout","time":2703.64080696,"data":"SECONDARY_EDGE_TTA_ACTIVE views= 8 weight= 0.75 mean_abs_feat_delta= 0.236066\n"}
,{"stream_name":"stdout","time":2704.037395996,"data":"SECONDARY_EDGE_TTA_ACTIVE views= 8 weight= 0.75 mean_abs_feat_delta= 0.243122\n"}
,{"stream_name":"stdout","time":2704.239880125,"data":"SECONDARY_EDGE_TTA_ACTIVE views= 8 weight= 0.75 mean_abs_feat_delta= 0.243122\n"}
,{"stream_name":"stdout","time":2704.540470908,"data":"EDGE_TTA_ACTIVE views= 8 mean_abs_feat_delta= 0.297882\n"}
,{"stream_name":"stdout","time":2704.742847877,"data":"EDGE_TTA_ACTIVE views= 8 mean_abs_feat_delta= 0.297882\n"}
,{"stream_name":"stdout","time":2705.115924747,"data":"EDGE_TTA_ACTIVE views= 8 mean_abs_feat_delta= 0.333152\n"}
,{"stream_name":"stdout","time":2705.318428789,"data":"EDGE_TTA_ACTIVE views= 8 mean_abs_feat_delta= 0.333152\n"}
,{"stream_name":"stdout","time":2705.541450382,"data":"SECONDARY_EDGE_TTA_ACTIVE views= 8 weight= 0.75 mean_abs_feat_delta= 0.23011\n"}
,{"stream_name":"stdout","time":2705.743868119,"data":"SECONDARY_EDGE_TTA_ACTIVE views= 8 weight= 0.75 mean_abs_feat_delta= 0.23011\n"}
,{"stream_name":"stdout","time":2706.106333303,"data":"SECONDARY_EDGE_TTA_ACTIVE views= 8 weight= 0.75 mean_abs_feat_delta= 0.242865\n"}
,{"stream_name":"stdout","time":2706.308882967,"data":"SECONDARY_EDGE_TTA_ACTIVE views= 8 weight= 0.75 mean_abs_feat_delta= 0.242865\n"}
,{"stream_name":"stdout","time":2706.652399253,"data":"EDGE_TTA_ACTIVE views= 8 mean_abs_feat_delta= 0.292528\n"}
,{"stream_name":"stdout","time":2706.854749113,"data":"EDGE_TTA_ACTIVE views= 8 mean_abs_feat_delta= 0.292528\n"}
,{"stream_name":"stdout","time":2707.158733665,"data":"EDGE_TTA_ACTIVE views= 8 mean_abs_feat_delta= 0.331443\n"}
,{"stream_name":"stdout","time":2707.360924077,"data":"EDGE_TTA_ACTIVE views= 8 mean_abs_feat_delta= 0.331443\n"}
,{"stream_name":"stdout","time":2707.656829047,"data":"SECONDARY_EDGE_TTA_ACTIVE views= 8 weight= 0.75 mean_abs_feat_delta= 0.244775\n"}
,{"stream_name":"stdout","time":2707.859439384,"data":"SECONDARY_EDGE_TTA_ACTIVE views= 8 weight= 0.75 mean_abs_feat_delta= 0.244775\n"}
,{"stream_name":"stdout","time":2708.135048033,"data":"SECONDARY_EDGE_TTA_ACTIVE views= 8 weight= 0.75 mean_abs_feat_delta= 0.242159\n"}
,{"stream_name":"stdout","time":2708.337646736,"data":"SECONDARY_EDGE_TTA_ACTIVE views= 8 weight= 0.75 mean_abs_feat_delta= 0.242159\n"}
,{"stream_name":"stdout","time":2708.769585043,"data":"EDGE_TTA_ACTIVE views= 8 mean_abs_feat_delta= 0.298729\n"}
,{"stream_name":"stdout","time":2708.971993402,"data":"EDGE_TTA_ACTIVE views= 8 mean_abs_feat_delta= 0.298729\n"}
,{"stream_name":"stdout","time":2709.185549484,"data":"EDGE_TTA_ACTIVE views= 8 mean_abs_feat_delta= 0.331493\n"}
,{"stream_name":"stdout","time":2709.388154608,"data":"EDGE_TTA_ACTIVE views= 8 mean_abs_feat_delta= 0.331493\n"}
,{"stream_name":"stdout","time":2709.769217944,"data":"SECONDARY_EDGE_TTA_ACTIVE views= 8 weight= 0.75 mean_abs_feat_delta= 0.236343\n"}
,{"stream_name":"stdout","time":2709.97163402,"data":"SECONDARY_EDGE_TTA_ACTIVE views= 8 weight= 0.75 mean_abs_feat_delta= 0.236343\n"}
,{"stream_name":"stdout","time":2710.172595195,"data":"SECONDARY_EDGE_TTA_ACTIVE views= 8 weight= 0.75 mean_abs_feat_delta= 0.24022\n"}
,{"stream_name":"stdout","time":2710.375181755,"data":"SECONDARY_EDGE_TTA_ACTIVE views= 8 weight= 0.75 mean_abs_feat_delta= 0.24022\n"}
,{"stream_name":"stdout","time":2710.880741082,"data":"EDGE_TTA_ACTIVE views= 8 mean_abs_feat_delta= 0.296558\n"}
,{"stream_name":"stdout","time":2711.085199781,"data":"EDGE_TTA_ACTIVE views= 8 mean_abs_feat_delta= 0.296558\n"}
,{"stream_name":"stdout","time":2711.229948218,"data":"EDGE_TTA_ACTIVE views= 8 mean_abs_feat_delta= 0.330256\n"}
,{"stream_name":"stdout","time":2711.432364277,"data":"EDGE_TTA_ACTIVE views= 8 mean_abs_feat_delta= 0.330256\n"}
,{"stream_name":"stdout","time":2711.8874516,"data":"SECONDARY_EDGE_TTA_ACTIVE views= 8 weight= 0.75 mean_abs_feat_delta= 0.237557\n"}
,{"stream_name":"stdout","time":2712.090225134,"data":"SECONDARY_EDGE_TTA_ACTIVE views= 8 weight= 0.75 mean_abs_feat_delta= 0.237557\n"}
,{"stream_name":"stdout","time":2712.204614555,"data":"SECONDARY_EDGE_TTA_ACTIVE views= 8 weight= 0.75 mean_abs_feat_delta= 0.242616\n"}
,{"stream_name":"stdout","time":2712.407228753,"data":"SECONDARY_EDGE_TTA_ACTIVE views= 8 weight= 0.75 mean_abs_feat_delta= 0.242616\n"}
,{"stream_name":"stdout","time":2713.027886403,"data":"EDGE_TTA_ACTIVE views= 8 mean_abs_feat_delta= 0.297326\n"}
,{"stream_name":"stdout","time":2713.230332833,"data":"EDGE_TTA_ACTIVE views= 8 mean_abs_feat_delta= 0.297326\n"}
,{"stream_name":"stdout","time":2713.257499409,"data":"EDGE_TTA_ACTIVE views= 8 mean_abs_feat_delta= 0.333297\n"}
,{"stream_name":"stdout","time":2713.4600027,"data":"EDGE_TTA_ACTIVE views= 8 mean_abs_feat_delta= 0.333297\n"}
,{"stream_name":"stdout","time":2714.029408971,"data":"SECONDARY_EDGE_TTA_ACTIVE views= 8 weight= 0.75 mean_abs_feat_delta= 0.241236\n"}
,{"stream_name":"stdout","time":2714.230464381,"data":"SECONDARY_EDGE_TTA_ACTIVE views= 8 weight= 0.75 mean_abs_feat_delta= 0.240225\n"}
,{"stream_name":"stdout","time":2714.231729941,"data":"SECONDARY_EDGE_TTA_ACTIVE views= 8 weight= 0.75 mean_abs_feat_delta= 0.241236\n"}
,{"stream_name":"stdout","time":2714.43287392,"data":"SECONDARY_EDGE_TTA_ACTIVE views= 8 weight= 0.75 mean_abs_feat_delta= 0.240225\n"}
,{"stream_name":"stdout","time":2715.135935836,"data":"EDGE_TTA_ACTIVE views= 8 mean_abs_feat_delta= 0.296832\n"}
,{"stream_name":"stdout","time":2715.305036534,"data":"EDGE_TTA_ACTIVE views= 8 mean_abs_feat_delta= 0.332269\n"}
,{"stream_name":"stdout","time":2715.338398482,"data":"EDGE_TTA_ACTIVE views= 8 mean_abs_feat_delta= 0.296832\n"}
,{"stream_name":"stdout","time":2715.338418317,"data":"EDGE_TTA_ACTIVE views= 8 mean_abs_feat_delta= 0.332269\n"}
,{"stream_name":"stdout","time":2716.139058824,"data":"SECONDARY_EDGE_TTA_ACTIVE views= 8 weight= 0.75 mean_abs_feat_delta= 0.22712\n"}
,{"stream_name":"stdout","time":2716.293973946,"data":"SECONDARY_EDGE_TTA_ACTIVE views= 8 weight= 0.75 mean_abs_feat_delta= 0.239384\n"}
,{"stream_name":"stdout","time":2716.341943883,"data":"SECONDARY_EDGE_TTA_ACTIVE views= 8 weight= 0.75 mean_abs_feat_delta= 0.22712\n"}
,{"stream_name":"stdout","time":2716.341974245,"data":"SECONDARY_EDGE_TTA_ACTIVE views= 8 weight= 0.75 mean_abs_feat_delta= 0.239384\n"}
,{"stream_name":"stdout","time":2717.300591599,"data":"EDGE_TTA_ACTIVE views= 8 mean_abs_feat_delta= 0.30203\n"}
,{"stream_name":"stdout","time":2717.348154648,"data":"EDGE_TTA_ACTIVE views= 8 mean_abs_feat_delta= 0.331013\n"}
,{"stream_name":"stdout","time":2717.503110133,"data":"EDGE_TTA_ACTIVE views= 8 mean_abs_feat_delta= 0.30203\n"}
,{"stream_name":"stdout","time":2717.503132374,"data":"EDGE_TTA_ACTIVE views= 8 mean_abs_feat_delta= 0.331013\n"}
,{"stream_name":"stdout","time":2718.299503324,"data":"SECONDARY_EDGE_TTA_ACTIVE views= 8 weight= 0.75 mean_abs_feat_delta= 0.226643\n"}
,{"stream_name":"stdout","time":2718.330129141,"data":"SECONDARY_EDGE_TTA_ACTIVE views= 8 weight= 0.75 mean_abs_feat_delta= 0.238574\n"}
,{"stream_name":"stdout","time":2718.501789195,"data":"SECONDARY_EDGE_TTA_ACTIVE views= 8 weight= 0.75 mean_abs_feat_delta= 0.226643\n"}
,{"stream_name":"stdout","time":2718.501828383,"data":"SECONDARY_EDGE_TTA_ACTIVE views= 8 weight= 0.75 mean_abs_feat_delta= 0.238574\n"}
,{"stream_name":"stdout","time":2719.416843904,"data":"EDGE_TTA_ACTIVE views= 8 mean_abs_feat_delta= 0.329817\n"}
,{"stream_name":"stdout","time":2719.433820708,"data":"EDGE_TTA_ACTIVE views= 8 mean_abs_feat_delta= 0.306141\n"}
,{"stream_name":"stdout","time":2719.619476529,"data":"EDGE_TTA_ACTIVE views= 8 mean_abs_feat_delta= 0.329817\n"}
,{"stream_name":"stdout","time":2719.619497238,"data":"EDGE_TTA_ACTIVE views= 8 mean_abs_feat_delta= 0.306141\n"}
,{"stream_name":"stdout","time":2720.38938806,"data":"SECONDARY_EDGE_TTA_ACTIVE views= 8 weight= 0.75 mean_abs_feat_delta= 0.234981\n"}
,{"stream_name":"stdout","time":2720.434135704,"data":"SECONDARY_EDGE_TTA_ACTIVE views= 8 weight= 0.75 mean_abs_feat_delta= 0.238856\n"}
,{"stream_name":"stdout","time":2720.59233737,"data":"SECONDARY_EDGE_TTA_ACTIVE views= 8 weight= 0.75 mean_abs_feat_delta= 0.234981\n"}
,{"stream_name":"stdout","time":2720.592379187,"data":"SECONDARY_EDGE_TTA_ACTIVE views= 8 weight= 0.75 mean_abs_feat_delta= 0.238856\n"}
,{"stream_name":"stdout","time":2721.483049765,"data":"EDGE_TTA_ACTIVE views= 8 mean_abs_feat_delta= 0.332042\n"}
,{"stream_name":"stdout","time":2721.547459445,"data":"EDGE_TTA_ACTIVE views= 8 mean_abs_feat_delta= 0.302784\n"}
,{"stream_name":"stdout","time":2721.685469712,"data":"EDGE_TTA_ACTIVE views= 8 mean_abs_feat_delta= 0.332042\n"}
,{"stream_name":"stdout","time":2721.685491534,"data":"EDGE_TTA_ACTIVE views= 8 mean_abs_feat_delta= 0.302784\n"}
,{"stream_name":"stdout","time":2722.462581522,"data":"SECONDARY_EDGE_TTA_ACTIVE views= 8 weight= 0.75 mean_abs_feat_delta= 0.23743\n"}
,{"stream_name":"stdout","time":2722.55181657,"data":"SECONDARY_EDGE_TTA_ACTIVE views= 8 weight= 0.75 mean_abs_feat_delta= 0.240156\n"}
,{"stream_name":"stdout","time":2722.665235953,"data":"SECONDARY_EDGE_TTA_ACTIVE views= 8 weight= 0.75 mean_abs_feat_delta= 0.23743\n"}
,{"stream_name":"stdout","time":2722.665268555,"data":"SECONDARY_EDGE_TTA_ACTIVE views= 8 weight= 0.75 mean_abs_feat_delta= 0.240156\n"}
,{"stream_name":"stdout","time":2723.526983741,"data":"EDGE_TTA_ACTIVE views= 8 mean_abs_feat_delta= 0.334596\n"}
,{"stream_name":"stdout","time":2723.664911792,"data":"EDGE_TTA_ACTIVE views= 8 mean_abs_feat_delta= 0.304876\n"}
,{"stream_name":"stdout","time":2723.729508859,"data":"EDGE_TTA_ACTIVE views= 8 mean_abs_feat_delta= 0.334596\n"}
,{"stream_name":"stdout","time":2723.729533656,"data":"EDGE_TTA_ACTIVE views= 8 mean_abs_feat_delta= 0.304876\n"}
,{"stream_name":"stdout","time":2724.504477527,"data":"SECONDARY_EDGE_TTA_ACTIVE views= 8 weight= 0.75 mean_abs_feat_delta= 0.235652\n"}
,{"stream_name":"stdout","time":2724.671159529,"data":"SECONDARY_EDGE_TTA_ACTIVE views= 8 weight= 0.75 mean_abs_feat_delta= 0.243424\n"}
,{"stream_name":"stdout","time":2724.707157064,"data":"SECONDARY_EDGE_TTA_ACTIVE views= 8 weight= 0.75 mean_abs_feat_delta= 0.235652\n"}
,{"stream_name":"stdout","time":2724.707182392,"data":"SECONDARY_EDGE_TTA_ACTIVE views= 8 weight= 0.75 mean_abs_feat_delta= 0.243424\n"}
,{"stream_name":"stdout","time":2725.556023487,"data":"EDGE_TTA_ACTIVE views= 8 mean_abs_feat_delta= 0.33432\n"}
,{"stream_name":"stdout","time":2725.758701571,"data":"EDGE_TTA_ACTIVE views= 8 mean_abs_feat_delta= 0.33432\n"}
,{"stream_name":"stdout","time":2725.778886527,"data":"EDGE_TTA_ACTIVE views= 8 mean_abs_feat_delta= 0.308079\n"}
,{"stream_name":"stdout","time":2725.98101458,"data":"EDGE_TTA_ACTIVE views= 8 mean_abs_feat_delta= 0.308079\n"}
,{"stream_name":"stdout","time":2726.538321346,"data":"SECONDARY_EDGE_TTA_ACTIVE views= 8 weight= 0.75 mean_abs_feat_delta= 0.23477\n"}
,{"stream_name":"stdout","time":2726.740811723,"data":"SECONDARY_EDGE_TTA_ACTIVE views= 8 weight= 0.75 mean_abs_feat_delta= 0.23477\n"}
,{"stream_name":"stdout","time":2726.78593674,"data":"SECONDARY_EDGE_TTA_ACTIVE views= 8 weight= 0.75 mean_abs_feat_delta= 0.237132\n"}
,{"stream_name":"stdout","time":2726.988273795,"data":"SECONDARY_EDGE_TTA_ACTIVE views= 8 weight= 0.75 mean_abs_feat_delta= 0.237132\n"}
,{"stream_name":"stdout","time":2727.582153846,"data":"EDGE_TTA_ACTIVE views= 8 mean_abs_feat_delta= 0.334142\n"}
,{"stream_name":"stdout","time":2727.921537808,"data":"EDGE_TTA_ACTIVE views= 8 mean_abs_feat_delta= 0.298807\n"}
,{"stream_name":"stdout","time":2727.921614862,"data":"EDGE_TTA_ACTIVE views= 8 mean_abs_feat_delta= 0.334142\n"}
,{"stream_name":"stdout","time":2728.123546082,"data":"EDGE_TTA_ACTIVE views= 8 mean_abs_feat_delta= 0.298807\n"}
,{"stream_name":"stdout","time":2728.555642958,"data":"SECONDARY_EDGE_TTA_ACTIVE views= 8 weight= 0.75 mean_abs_feat_delta= 0.233886\n"}
,{"stream_name":"stdout","time":2728.758087805,"data":"SECONDARY_EDGE_TTA_ACTIVE views= 8 weight= 0.75 mean_abs_feat_delta= 0.233886\n"}
,{"stream_name":"stdout","time":2728.925398857,"data":"SECONDARY_EDGE_TTA_ACTIVE views= 8 weight= 0.75 mean_abs_feat_delta= 0.253195\n"}
,{"stream_name":"stdout","time":2729.128129567,"data":"SECONDARY_EDGE_TTA_ACTIVE views= 8 weight= 0.75 mean_abs_feat_delta= 0.253195\n"}
,{"stream_name":"stdout","time":2729.607428004,"data":"EDGE_TTA_ACTIVE views= 8 mean_abs_feat_delta= 0.330535\n"}
,{"stream_name":"stdout","time":2729.810157905,"data":"EDGE_TTA_ACTIVE views= 8 mean_abs_feat_delta= 0.330535\n"}
,{"stream_name":"stdout","time":2730.584006861,"data":"SECONDARY_EDGE_TTA_ACTIVE views= 8 weight= 0.75 mean_abs_feat_delta= 0.231767\n"}
,{"stream_name":"stdout","time":2730.786467435,"data":"SECONDARY_EDGE_TTA_ACTIVE views= 8 weight= 0.75 mean_abs_feat_delta= 0.231767\n"}
,{"stream_name":"stdout","time":2731.693266373,"data":"EDGE_TTA_ACTIVE views= 8 mean_abs_feat_delta= 0.33141\n"}
,{"stream_name":"stdout","time":2731.895616796,"data":"EDGE_TTA_ACTIVE views= 8 mean_abs_feat_delta= 0.33141\n"}
,{"stream_name":"stdout","time":2732.66996558,"data":"SECONDARY_EDGE_TTA_ACTIVE views= 8 weight= 0.75 mean_abs_feat_delta= 0.232569\n"}
,{"stream_name":"stdout","time":2732.872378982,"data":"SECONDARY_EDGE_TTA_ACTIVE views= 8 weight= 0.75 mean_abs_feat_delta= 0.232569\n"}
,{"stream_name":"stdout","time":2733.802632656,"data":"EDGE_TTA_ACTIVE views= 8 mean_abs_feat_delta= 0.330015\n"}
,{"stream_name":"stdout","time":2734.004994764,"data":"EDGE_TTA_ACTIVE views= 8 mean_abs_feat_delta= 0.330015\n"}
,{"stream_name":"stdout","time":2734.777623158,"data":"SECONDARY_EDGE_TTA_ACTIVE views= 8 weight= 0.75 mean_abs_feat_delta= 0.236034\n"}
,{"stream_name":"stdout","time":2734.983390068,"data":"SECONDARY_EDGE_TTA_ACTIVE views= 8 weight= 0.75 mean_abs_feat_delta= 0.236034\n"}
,{"stream_name":"stdout","time":2735.87007477,"data":"EDGE_TTA_ACTIVE views= 8 mean_abs_feat_delta= 0.334204\n"}
,{"stream_name":"stdout","time":2736.0722252,"data":"EDGE_TTA_ACTIVE views= 8 mean_abs_feat_delta= 0.334204\n"}
,{"stream_name":"stdout","time":2736.847456737,"data":"SECONDARY_EDGE_TTA_ACTIVE views= 8 weight= 0.75 mean_abs_feat_delta= 0.238694\n"}
,{"stream_name":"stdout","time":2737.050514886,"data":"SECONDARY_EDGE_TTA_ACTIVE views= 8 weight= 0.75 mean_abs_feat_delta= 0.238694\n"}
,{"stream_name":"stdout","time":2737.959826617,"data":"EDGE_TTA_ACTIVE views= 8 mean_abs_feat_delta= 0.334902\n"}
,{"stream_name":"stdout","time":2738.162349354,"data":"EDGE_TTA_ACTIVE views= 8 mean_abs_feat_delta= 0.334902\n"}
,{"stream_name":"stdout","time":2738.934731161,"data":"SECONDARY_EDGE_TTA_ACTIVE views= 8 weight= 0.75 mean_abs_feat_delta= 0.233994\n"}
,{"stream_name":"stdout","time":2739.137204609,"data":"SECONDARY_EDGE_TTA_ACTIVE views= 8 weight= 0.75 mean_abs_feat_delta= 0.233994\n"}
,{"stream_name":"stdout","time":2740.029500916,"data":"EDGE_TTA_ACTIVE views= 8 mean_abs_feat_delta= 0.333966\n"}
,{"stream_name":"stdout","time":2740.232440662,"data":"EDGE_TTA_ACTIVE views= 8 mean_abs_feat_delta= 0.333966\n"}
,{"stream_name":"stdout","time":2741.007847338,"data":"SECONDARY_EDGE_TTA_ACTIVE views= 8 weight= 0.75 mean_abs_feat_delta= 0.233155\n"}
,{"stream_name":"stdout","time":2741.211004663,"data":"SECONDARY_EDGE_TTA_ACTIVE views= 8 weight= 0.75 mean_abs_feat_delta= 0.233155\n"}
,{"stream_name":"stdout","time":2742.120563864,"data":"EDGE_TTA_ACTIVE views= 8 mean_abs_feat_delta= 0.332131\n"}
,{"stream_name":"stdout","time":2742.323151441,"data":"EDGE_TTA_ACTIVE views= 8 mean_abs_feat_delta= 0.332131\n"}
,{"stream_name":"stdout","time":2743.096047856,"data":"SECONDARY_EDGE_TTA_ACTIVE views= 8 weight= 0.75 mean_abs_feat_delta= 0.234654\n"}
,{"stream_name":"stdout","time":2743.298785587,"data":"SECONDARY_EDGE_TTA_ACTIVE views= 8 weight= 0.75 mean_abs_feat_delta= 0.234654\n"}
,{"stream_name":"stdout","time":2744.17127051,"data":"EDGE_TTA_ACTIVE views= 8 mean_abs_feat_delta= 0.330277\n"}
,{"stream_name":"stdout","time":2744.373641724,"data":"EDGE_TTA_ACTIVE views= 8 mean_abs_feat_delta= 0.330277\n"}
,{"stream_name":"stdout","time":2745.158067512,"data":"SECONDARY_EDGE_TTA_ACTIVE views= 8 weight= 0.75 mean_abs_feat_delta= 0.232334\n"}
,{"stream_name":"stdout","time":2745.360994598,"data":"SECONDARY_EDGE_TTA_ACTIVE views= 8 weight= 0.75 mean_abs_feat_delta= 0.232334\n"}
,{"stream_name":"stdout","time":2746.238879644,"data":"EDGE_TTA_ACTIVE views= 8 mean_abs_feat_delta= 0.33351\n"}
,{"stream_name":"stdout","time":2746.441619135,"data":"EDGE_TTA_ACTIVE views= 8 mean_abs_feat_delta= 0.33351\n"}
,{"stream_name":"stdout","time":2747.21322818,"data":"SECONDARY_EDGE_TTA_ACTIVE views= 8 weight= 0.75 mean_abs_feat_delta= 0.235645\n"}
,{"stream_name":"stdout","time":2747.415866948,"data":"SECONDARY_EDGE_TTA_ACTIVE views= 8 weight= 0.75 mean_abs_feat_delta= 0.235645\n"}
,{"stream_name":"stdout","time":2748.265537365,"data":"EDGE_TTA_ACTIVE views= 8 mean_abs_feat_delta= 0.331414\n"}
,{"stream_name":"stdout","time":2748.468404949,"data":"EDGE_TTA_ACTIVE views= 8 mean_abs_feat_delta= 0.331414\n"}
,{"stream_name":"stdout","time":2749.243420297,"data":"SECONDARY_EDGE_TTA_ACTIVE views= 8 weight= 0.75 mean_abs_feat_delta= 0.234395\n"}
,{"stream_name":"stdout","time":2749.44618753,"data":"SECONDARY_EDGE_TTA_ACTIVE views= 8 weight= 0.75 mean_abs_feat_delta= 0.234395\n"}
,{"stream_name":"stdout","time":2750.29723044,"data":"EDGE_TTA_ACTIVE views= 8 mean_abs_feat_delta= 0.334764\n"}
,{"stream_name":"stdout","time":2750.499933294,"data":"EDGE_TTA_ACTIVE views= 8 mean_abs_feat_delta= 0.334764\n"}
,{"stream_name":"stdout","time":2751.279107434,"data":"SECONDARY_EDGE_TTA_ACTIVE views= 8 weight= 0.75 mean_abs_feat_delta= 0.233732\n"}
,{"stream_name":"stdout","time":2751.482169283,"data":"SECONDARY_EDGE_TTA_ACTIVE views= 8 weight= 0.75 mean_abs_feat_delta= 0.233732\n"}
,{"stream_name":"stdout","time":2752.363620151,"data":"EDGE_TTA_ACTIVE views= 8 mean_abs_feat_delta= 0.337726\n"}
,{"stream_name":"stdout","time":2752.566294618,"data":"EDGE_TTA_ACTIVE views= 8 mean_abs_feat_delta= 0.337726\n"}
,{"stream_name":"stdout","time":2753.340306326,"data":"SECONDARY_EDGE_TTA_ACTIVE views= 8 weight= 0.75 mean_abs_feat_delta= 0.232528\n"}
,{"stream_name":"stdout","time":2753.543070501,"data":"SECONDARY_EDGE_TTA_ACTIVE views= 8 weight= 0.75 mean_abs_feat_delta= 0.232528\n"}
,{"stream_name":"stdout","time":2754.392689494,"data":"EDGE_TTA_ACTIVE views= 8 mean_abs_feat_delta= 0.339136\n"}
,{"stream_name":"stdout","time":2754.595258996,"data":"EDGE_TTA_ACTIVE views= 8 mean_abs_feat_delta= 0.339136\n"}
,{"stream_name":"stdout","time":2755.370753397,"data":"SECONDARY_EDGE_TTA_ACTIVE views= 8 weight= 0.75 mean_abs_feat_delta= 0.232229\n"}
,{"stream_name":"stdout","time":2755.573452777,"data":"SECONDARY_EDGE_TTA_ACTIVE views= 8 weight= 0.75 mean_abs_feat_delta= 0.232229\n"}
,{"stream_name":"stdout","time":2756.422705838,"data":"EDGE_TTA_ACTIVE views= 8 mean_abs_feat_delta= 0.338505\n"}
,{"stream_name":"stdout","time":2756.625238784,"data":"EDGE_TTA_ACTIVE views= 8 mean_abs_feat_delta= 0.338505\n"}
,{"stream_name":"stdout","time":2757.412193438,"data":"SECONDARY_EDGE_TTA_ACTIVE views= 8 weight= 0.75 mean_abs_feat_delta= 0.233506\n"}
,{"stream_name":"stdout","time":2757.614941742,"data":"SECONDARY_EDGE_TTA_ACTIVE views= 8 weight= 0.75 mean_abs_feat_delta= 0.233506\n"}
,{"stream_name":"stdout","time":2758.466641587,"data":"EDGE_TTA_ACTIVE views= 8 mean_abs_feat_delta= 0.341217\n"}
,{"stream_name":"stdout","time":2758.656710054,"data":"Saved 4 predictions to /kaggle/working/tracking_repo/predictions/unknown/unet_transformer_val_gpu1/split_0\n"}
,{"stream_name":"stdout","time":2758.824815396,"data":"EDGE_TTA_ACTIVE views= 8 mean_abs_feat_delta= 0.341217\n"}
,{"stream_name":"stdout","time":2758.824844529,"data":"Saved 4 predictions to /kaggle/working/tracking_repo/predictions/unknown/unet_transformer_val_gpu1/split_0\n"}
,{"stream_name":"stdout","time":2759.456279976,"data":"SECONDARY_EDGE_TTA_ACTIVE views= 8 weight= 0.75 mean_abs_feat_delta= 0.234139\n"}
,{"stream_name":"stdout","time":2759.659062345,"data":"SECONDARY_EDGE_TTA_ACTIVE views= 8 weight= 0.75 mean_abs_feat_delta= 0.234139\n"}
,{"stream_name":"stdout","time":2760.509844791,"data":"EDGE_TTA_ACTIVE views= 8 mean_abs_feat_delta= 0.341486\n"}
,{"stream_name":"stdout","time":2760.712297543,"data":"EDGE_TTA_ACTIVE views= 8 mean_abs_feat_delta= 0.341486\n"}
,{"stream_name":"stdout","time":2761.49569044,"data":"SECONDARY_EDGE_TTA_ACTIVE views= 8 weight= 0.75 mean_abs_feat_delta= 0.234737\n"}
,{"stream_name":"stdout","time":2761.698269584,"data":"SECONDARY_EDGE_TTA_ACTIVE views= 8 weight= 0.75 mean_abs_feat_delta= 0.234737\n"}
,{"stream_name":"stdout","time":2762.540248027,"data":"EDGE_TTA_ACTIVE views= 8 mean_abs_feat_delta= 0.344569\n"}
,{"stream_name":"stdout","time":2762.742679616,"data":"EDGE_TTA_ACTIVE views= 8 mean_abs_feat_delta= 0.344569\n"}
,{"stream_name":"stdout","time":2763.52954613,"data":"SECONDARY_EDGE_TTA_ACTIVE views= 8 weight= 0.75 mean_abs_feat_delta= 0.230478\n"}
,{"stream_name":"stdout","time":2763.732373839,"data":"SECONDARY_EDGE_TTA_ACTIVE views= 8 weight= 0.75 mean_abs_feat_delta= 0.230478\n"}
,{"stream_name":"stdout","time":2770.42255261,"data":"Saved 4 predictions to /kaggle/working/tracking_repo/predictions/unknown/unet_transformer_val_gpu0/split_0\n"}
,{"stream_name":"stdout","time":2770.625153489,"data":"Saved 4 predictions to /kaggle/working/tracking_repo/predictions/unknown/unet_transformer_val_gpu0/split_0\n"}
,{"stream_name":"stdout","time":2772.24213608,"data":"VALIDATOR: merged 8 prediction graphs into /kaggle/working/tracking_repo/predictions/unknown/unet_transformer_val/split_0\n"}
,{"stream_name":"stdout","time":2772.242167147,"data":"VALIDATOR: prediction completed in 15.54 minutes\n"}
,{"stream_name":"stdout","time":2772.841188153,"data":"Post-process base configuration (public 0.939):\n"}
,{"stream_name":"stdout","time":2772.841219548,"data":"  SAFE_DIV_MAX_UM                          9.0\n"}
,{"stream_name":"stdout","time":2772.841226482,"data":"  SAFE_DIV_SISTER_MAX_UM                   14.0\n"}
,{"stream_name":"stdout","time":2772.841234586,"data":"  SAFE_DIV_DIVERGE_UM                      2.25\n"}
,{"stream_name":"stdout","time":2772.841237901,"data":"  SAFE_DIV_SISTER_SYMMETRY_TAU             0.6\n"}
,{"stream_name":"stdout","time":2772.841241151,"data":"  SAFE_DIV_EXISTING_CHILD_MAX_UM           10.0\n"}
,{"stream_name":"stdout","time":2772.841244272,"data":"  SAFE_DIV_FRAME_FRAC_CAP                  0.0076\n"}
,{"stream_name":"stdout","time":2772.841247506,"data":"  SAFE_DIV_GLOBAL_FRAC_CAP                 0.00375\n"}
,{"stream_name":"stdout","time":2772.841250694,"data":"  DEEPCENTER_SAFE_DIV_THRESHOLD            0.25\n"}
,{"stream_name":"stdout","time":2772.841253787,"data":"  DEEPCENTER_GAP_THRESHOLD                 0.25\n"}
,{"stream_name":"stdout","time":2772.841256827,"data":"  GAP_CLOSE_UM                             5.0\n"}
,{"stream_name":"stdout","time":2772.841260086,"data":"  OUTPUT_MIN_TRACK_LEN                     6\n"}
,{"stream_name":"stdout","time":2772.841263136,"data":"  SHORT_TRACK_RESCUE_MIN_MEAN_EDGE_PROB    0.88\n"}
,{"stream_name":"stdout","time":2772.841266171,"data":"  MOTION_RELINK_TIGHT_UM                   6.0\n"}
,{"stream_name":"stdout","time":2772.841269287,"data":"  MOTION_RELINK_RELAXED_UM                 10.0\n"}
,{"stream_name":"stdout","time":2772.841272327,"data":"  GAP2_MAX_STEP_UM                         4.4\n"}
,{"stream_name":"stdout","time":2772.841275726,"data":"  GAP2_MAX_TOTAL_UM                        10.2\n"}
,{"stream_name":"stdout","time":2772.84129631,"data":"  MOTION_RELINK_LEARNED_BONUS              1.0\n"}
,{"stream_name":"stdout","time":2772.841298882,"data":"  MOTION_RELINK_VELOCITY_WEIGHT            0.5\n"}
,{"stream_name":"stdout","time":2772.841301339,"data":"  GAP_CLOSE_REUSE_UM                       3.2\n"}
,{"stream_name":"stdout","time":2772.841303649,"data":"  OUTPUT_EDGE_MAX_UM                       14.0\n"}
,{"stream_name":"stdout","time":2777.430754956,"data":"VALIDATOR: cached 8 raw prediction graphs + GT\n"}
,{"stream_name":"stdout","time":2777.430796419,"data":"\n"}
,{"stream_name":"stdout","time":2777.430802947,"data":"==============================================================================\n"}
,{"stream_name":"stdout","time":2777.430807593,"data":"LOCAL VALIDATOR -- base configuration (public 0.939), official metric formula\n"}
,{"stream_name":"stdout","time":2777.430812149,"data":"(https://github.com/royerlab/kaggle-cell-tracking-competition/blob/main/metrics.md)\n"}
,{"stream_name":"stdout","time":2777.430826771,"data":"==============================================================================\n"}
,{"stream_name":"stdout","time":2843.202520831,"data":"  [44b6_12dfb391] after edge-filter+motion-relink: 46018 nodes, 43662 edges\n"}
,{"stream_name":"stdout","time":2858.816208556,"data":"  [44b6_12dfb391] after gap-closing (single-frame + gap2): 46702 nodes, 44958 edges\n"}
,{"stream_name":"stdout","time":2885.765691197,"data":"  [44b6_12dfb391] after safe-division repair: 46702 nodes, 44983 edges (geometric_candidates=158, deepcenter_rejected=133, post_veto_candidates=25, added=25, cap_skipped=0, mutual_nn_rejected=67, divergence_rejected=1586)\n"}
,{"stream_name":"stdout","time":2885.76573502,"data":"  [44b6_12dfb391] after division-geometry-filter+prune-isolated: 46702 nodes, 44983 edges\n"}
,{"stream_name":"stdout","time":2885.765744659,"data":"  [44b6_12dfb391] after short-track filtering: 45525 nodes, 44073 edges (components_removed=267)\n"}
,{"stream_name":"stdout","time":2895.142847532,"data":"  [44b6_12dfb391] FINAL: 45525 nodes, 44073 edges\n"}
,{"stream_name":"stdout","time":2912.593017253,"data":"  [44b6_267148e4] after edge-filter+motion-relink: 22852 nodes, 21455 edges\n"}
,{"stream_name":"stdout","time":2923.184840205,"data":"  [44b6_267148e4] after gap-closing (single-frame + gap2): 23102 nodes, 21915 edges\n"}
,{"stream_name":"stdout","time":2949.507830875,"data":"  [44b6_267148e4] after safe-division repair: 23102 nodes, 21940 edges (geometric_candidates=240, deepcenter_rejected=208, post_veto_candidates=32, added=25, cap_skipped=0, mutual_nn_rejected=134, divergence_rejected=1031)\n"}
,{"stream_name":"stdout","time":2949.507880052,"data":"  [44b6_267148e4] after division-geometry-filter+prune-isolated: 23041 nodes, 21940 edges\n"}
,{"stream_name":"stdout","time":2949.507888144,"data":"  [44b6_267148e4] after short-track filtering: 22358 nodes, 21427 edges (components_removed=170)\n"}
,{"stream_name":"stdout","time":2954.410610205,"data":"  [44b6_267148e4] FINAL: 22358 nodes, 21427 edges\n"}
,{"stream_name":"stdout","time":3004.516989122,"data":"  [44b6_2a2eff9f] after edge-filter+motion-relink: 40122 nodes, 37629 edges\n"}
,{"stream_name":"stdout","time":3022.774968716,"data":"  [44b6_2a2eff9f] after gap-closing (single-frame + gap2): 40670 nodes, 38647 edges\n"}
,{"stream_name":"stdout","time":3054.580383529,"data":"  [44b6_2a2eff9f] after safe-division repair: 40670 nodes, 38671 edges (geometric_candidates=287, deepcenter_rejected=262, post_veto_candidates=25, added=24, cap_skipped=0, mutual_nn_rejected=73, divergence_rejected=1589)\n"}
,{"stream_name":"stdout","time":3054.580420014,"data":"  [44b6_2a2eff9f] after division-geometry-filter+prune-isolated: 40669 nodes, 38671 edges\n"}
,{"stream_name":"stdout","time":3054.580435774,"data":"  [44b6_2a2eff9f] after short-track filtering: 39267 nodes, 37586 edges (components_removed=317)\n"}
,{"stream_name":"stdout","time":3062.695962197,"data":"  [44b6_2a2eff9f] FINAL: 39267 nodes, 37586 edges\n"}
,{"stream_name":"stdout","time":3065.476863995,"data":"  [44b6_341df25f] after edge-filter+motion-relink: 8525 nodes, 8201 edges\n"}
,{"stream_name":"stdout","time":3067.461006039,"data":"  [44b6_341df25f] after gap-closing (single-frame + gap2): 8582 nodes, 8301 edges\n"}
,{"stream_name":"stdout","time":3075.513500614,"data":"  [44b6_341df25f] after safe-division repair: 8582 nodes, 8311 edges (geometric_candidates=32, deepcenter_rejected=21, post_veto_candidates=11, added=10, cap_skipped=0, mutual_nn_rejected=5, divergence_rejected=154)\n"}
,{"stream_name":"stdout","time":3075.513550274,"data":"  [44b6_341df25f] after division-geometry-filter+prune-isolated: 8580 nodes, 8311 edges\n"}
,{"stream_name":"stdout","time":3075.513558917,"data":"  [44b6_341df25f] after short-track filtering: 8440 nodes, 8203 edges (components_removed=32)\n"}
,{"stream_name":"stdout","time":3077.219527052,"data":"  [44b6_341df25f] FINAL: 8440 nodes, 8203 edges\n"}
,{"stream_name":"stdout","time":3078.637424683,"data":"  [6bba_062c8d37] after edge-filter+motion-relink: 5986 nodes, 5634 edges\n"}
,{"stream_name":"stdout","time":3080.205415622,"data":"  [6bba_062c8d37] after gap-closing (single-frame + gap2): 6035 nodes, 5727 edges\n"}
,{"stream_name":"stdout","time":3084.45019106,"data":"  [6bba_062c8d37] after safe-division repair: 6035 nodes, 5731 edges (geometric_candidates=15, deepcenter_rejected=10, post_veto_candidates=5, added=4, cap_skipped=0, mutual_nn_rejected=4, divergence_rejected=69)\n"}
,{"stream_name":"stdout","time":3084.45024235,"data":"  [6bba_062c8d37] after division-geometry-filter+prune-isolated: 6012 nodes, 5731 edges\n"}
,{"stream_name":"stdout","time":3084.450253506,"data":"  [6bba_062c8d37] after short-track filtering: 5851 nodes, 5614 edges (components_removed=44)\n"}
,{"stream_name":"stdout","time":3085.718977771,"data":"  [6bba_062c8d37] FINAL: 5851 nodes, 5614 edges\n"}
,{"stream_name":"stdout","time":3116.34386412,"data":"  [6bba_07e24132] after edge-filter+motion-relink: 31271 nodes, 29619 edges\n"}
,{"stream_name":"stdout","time":3128.214497179,"data":"  [6bba_07e24132] after gap-closing (single-frame + gap2): 31603 nodes, 30225 edges\n"}
,{"stream_name":"stdout","time":3147.688117452,"data":"  [6bba_07e24132] after safe-division repair: 31603 nodes, 30229 edges (geometric_candidates=129, deepcenter_rejected=125, post_veto_candidates=4, added=4, cap_skipped=0, mutual_nn_rejected=83, divergence_rejected=1132)\n"}
,{"stream_name":"stdout","time":3147.68816356,"data":"  [6bba_07e24132] after division-geometry-filter+prune-isolated: 31587 nodes, 30229 edges\n"}
,{"stream_name":"stdout","time":3147.68817303,"data":"  [6bba_07e24132] after short-track filtering: 30563 nodes, 29441 edges (components_removed=236)\n"}
,{"stream_name":"stdout","time":3153.94563277,"data":"  [6bba_07e24132] FINAL: 30563 nodes, 29441 edges\n"}
,{"stream_name":"stdout","time":3156.79764879,"data":"  [6bba_085bf656] after edge-filter+motion-relink: 8435 nodes, 8112 edges\n"}
,{"stream_name":"stdout","time":3157.340234896,"data":"  [6bba_085bf656] after gap-closing (single-frame + gap2): 8451 nodes, 8141 edges\n"}
,{"stream_name":"stdout","time":3164.105363073,"data":"  [6bba_085bf656] after safe-division repair: 8451 nodes, 8144 edges (geometric_candidates=20, deepcenter_rejected=17, post_veto_candidates=3, added=3, cap_skipped=0, mutual_nn_rejected=6, divergence_rejected=104)\n"}
,{"stream_name":"stdout","time":3164.105408085,"data":"  [6bba_085bf656] after division-geometry-filter+prune-isolated: 8450 nodes, 8144 edges\n"}
,{"stream_name":"stdout","time":3164.105432386,"data":"  [6bba_085bf656] after short-track filtering: 8315 nodes, 8039 edges (components_removed=30)\n"}
,{"stream_name":"stdout","time":3165.793543747,"data":"  [6bba_085bf656] FINAL: 8315 nodes, 8039 edges\n"}
,{"stream_name":"stdout","time":3193.749554459,"data":"  [6bba_09961292] after edge-filter+motion-relink: 29928 nodes, 28768 edges\n"}
,{"stream_name":"stdout","time":3199.787507905,"data":"  [6bba_09961292] after gap-closing (single-frame + gap2): 30144 nodes, 29162 edges\n"}
,{"stream_name":"stdout","time":3215.840781325,"data":"  [6bba_09961292] after safe-division repair: 30144 nodes, 29190 edges (geometric_candidates=107, deepcenter_rejected=74, post_veto_candidates=33, added=28, cap_skipped=0, mutual_nn_rejected=79, divergence_rejected=993)\n"}
,{"stream_name":"stdout","time":3215.840875238,"data":"  [6bba_09961292] after division-geometry-filter+prune-isolated: 30136 nodes, 29190 edges\n"}
,{"stream_name":"stdout","time":3215.840883204,"data":"  [6bba_09961292] after short-track filtering: 29666 nodes, 28827 edges (components_removed=107)\n"}
,{"stream_name":"stdout","time":3221.909571734,"data":"  [6bba_09961292] FINAL: 29666 nodes, 28827 edges\n"}
,{"stream_name":"stdout","time":3221.909637085,"data":"  44b6_12dfb391                edge_jaccard=0.9071 adj=0.9274 T_pred=45525 T_true=58672.0 div(tp/fp/fn)=(0/1/1) safe_div_added=25\n"}
,{"stream_name":"stdout","time":3221.909657674,"data":"  44b6_267148e4                edge_jaccard=0.8123 adj=0.7986 T_pred=22358 T_true=19130.0 div(tp/fp/fn)=(0/0/1) safe_div_added=25\n"}
,{"stream_name":"stdout","time":3221.909664342,"data":"  44b6_2a2eff9f                edge_jaccard=0.8933 adj=0.9204 T_pred=39267 T_true=56367.0 div(tp/fp/fn)=(1/1/0) safe_div_added=24\n"}
,{"stream_name":"stdout","time":3221.909669861,"data":"  44b6_341df25f                edge_jaccard=0.9810 adj=0.9677 T_pred=8440 T_true=7436.0 div(tp/fp/fn)=(1/0/0) safe_div_added=10\n"}
,{"stream_name":"stdout","time":3221.909675218,"data":"  6bba_062c8d37                edge_jaccard=0.9659 adj=0.9688 T_pred=5851 T_true=6030.0 div(tp/fp/fn)=(1/0/0) safe_div_added=4\n"}
,{"stream_name":"stdout","time":3221.909680444,"data":"  6bba_07e24132                edge_jaccard=0.8152 adj=0.7808 T_pred=30563 T_true=21485.0 div(tp/fp/fn)=(0/0/2) safe_div_added=4\n"}
,{"stream_name":"stdout","time":3221.909685763,"data":"  6bba_085bf656                edge_jaccard=0.9932 adj=0.9949 T_pred=8315 T_true=8463.0 div(tp/fp/fn)=(0/0/1) safe_div_added=3\n"}
,{"stream_name":"stdout","time":3221.909691488,"data":"  6bba_09961292                edge_jaccard=0.8894 adj=0.8935 T_pred=29666 T_true=31117.0 div(tp/fp/fn)=(1/0/3) safe_div_added=28\n"}
,{"stream_name":"stdout","time":3221.909696919,"data":"[base] n=8 adjusted_edge_jaccard=0.9211 division_jaccard=0.2857 (tp/fp/fn=4/2/8) PROXY_SCORE=0.9497  [7.4 min]\n"}
,{"stream_name":"stdout","time":3221.909702714,"data":"Per-sample validator rows written to /kaggle/working/validator_results.csv\n"}
,{"stream_name":"stdout","time":3222.368796335,"data":"==============================================================================\n"}
,{"stream_name":"stdout","time":3222.368833378,"data":"POST-PROCESS SWEEP -- 7 candidates x 8 held-out videos\n"}
,{"stream_name":"stdout","time":3222.368839706,"data":"==============================================================================\n"}
,{"stream_name":"stdout","time":3288.150844488,"data":"  [44b6_12dfb391] after edge-filter+motion-relink: 46018 nodes, 43662 edges\n"}
,{"stream_name":"stdout","time":3299.275367462,"data":"  [44b6_12dfb391] after gap-closing (single-frame + gap2): 46694 nodes, 44940 edges\n"}
,{"stream_name":"stdout","time":3326.555168092,"data":"  [44b6_12dfb391] after safe-division repair: 46694 nodes, 44965 edges (geometric_candidates=159, deepcenter_rejected=134, post_veto_candidates=25, added=25, cap_skipped=0, mutual_nn_rejected=67, divergence_rejected=1600)\n"}
,{"stream_name":"stdout","time":3326.55521895,"data":"  [44b6_12dfb391] after division-geometry-filter+prune-isolated: 46694 nodes, 44965 edges\n"}
,{"stream_name":"stdout","time":3326.555229668,"data":"  [44b6_12dfb391] after short-track filtering: 45496 nodes, 44039 edges (components_removed=272)\n"}
,{"stream_name":"stdout","time":3335.894188934,"data":"  [44b6_12dfb391] FINAL: 45496 nodes, 44039 edges\n"}
,{"stream_name":"stdout","time":3353.219673562,"data":"  [44b6_267148e4] after edge-filter+motion-relink: 22852 nodes, 21455 edges\n"}
,{"stream_name":"stdout","time":3359.659739963,"data":"  [44b6_267148e4] after gap-closing (single-frame + gap2): 23094 nodes, 21899 edges\n"}
,{"stream_name":"stdout","time":3385.537940017,"data":"  [44b6_267148e4] after safe-division repair: 23094 nodes, 21925 edges (geometric_candidates=241, deepcenter_rejected=207, post_veto_candidates=34, added=26, cap_skipped=0, mutual_nn_rejected=138, divergence_rejected=1037)\n"}
,{"stream_name":"stdout","time":3385.537990573,"data":"  [44b6_267148e4] after division-geometry-filter+prune-isolated: 23033 nodes, 21925 edges\n"}
,{"stream_name":"stdout","time":3385.53799878,"data":"  [44b6_267148e4] after short-track filtering: 22344 nodes, 21408 edges (components_removed=172)\n"}
,{"stream_name":"stdout","time":3390.336660068,"data":"  [44b6_267148e4] FINAL: 22344 nodes, 21408 edges\n"}
,{"stream_name":"stdout","time":3440.212012524,"data":"  [44b6_2a2eff9f] after edge-filter+motion-relink: 40122 nodes, 37629 edges\n"}
,{"stream_name":"stdout","time":3451.923913936,"data":"  [44b6_2a2eff9f] after gap-closing (single-frame + gap2): 40662 nodes, 38631 edges\n"}
,{"stream_name":"stdout","time":3483.792392596,"data":"  [44b6_2a2eff9f] after safe-division repair: 40662 nodes, 38655 edges (geometric_candidates=288, deepcenter_rejected=263, post_veto_candidates=25, added=24, cap_skipped=0, mutual_nn_rejected=73, divergence_rejected=1597)\n"}
,{"stream_name":"stdout","time":3483.79243354,"data":"  [44b6_2a2eff9f] after division-geometry-filter+prune-isolated: 40661 nodes, 38655 edges\n"}
,{"stream_name":"stdout","time":3483.792441821,"data":"  [44b6_2a2eff9f] after short-track filtering: 39251 nodes, 37564 edges (components_removed=319)\n"}
,{"stream_name":"stdout","time":3491.815607849,"data":"  [44b6_2a2eff9f] FINAL: 39251 nodes, 37564 edges\n"}
,{"stream_name":"stdout","time":3494.306896686,"data":"  [44b6_341df25f] after edge-filter+motion-relink: 8525 nodes, 8201 edges\n"}
,{"stream_name":"stdout","time":3495.970447981,"data":"  [44b6_341df25f] after gap-closing (single-frame + gap2): 8582 nodes, 8301 edges\n"}
,{"stream_name":"stdout","time":3504.012954694,"data":"  [44b6_341df25f] after safe-division repair: 8582 nodes, 8311 edges (geometric_candidates=32, deepcenter_rejected=21, post_veto_candidates=11, added=10, cap_skipped=0, mutual_nn_rejected=5, divergence_rejected=154)\n"}
,{"stream_name":"stdout","time":3504.01300674,"data":"  [44b6_341df25f] after division-geometry-filter+prune-isolated: 8580 nodes, 8311 edges\n"}
,{"stream_name":"stdout","time":3504.013012359,"data":"  [44b6_341df25f] after short-track filtering: 8440 nodes, 8203 edges (components_removed=32)\n"}
,{"stream_name":"stdout","time":3505.678719264,"data":"  [44b6_341df25f] FINAL: 8440 nodes, 8203 edges\n"}
,{"stream_name":"stdout","time":3507.000849421,"data":"  [6bba_062c8d37] after edge-filter+motion-relink: 5986 nodes, 5634 edges\n"}
,{"stream_name":"stdout","time":3508.326908352,"data":"  [6bba_062c8d37] after gap-closing (single-frame + gap2): 6035 nodes, 5727 edges\n"}
,{"stream_name":"stdout","time":3512.577200265,"data":"  [6bba_062c8d37] after safe-division repair: 6035 nodes, 5731 edges (geometric_candidates=15, deepcenter_rejected=10, post_veto_candidates=5, added=4, cap_skipped=0, mutual_nn_rejected=4, divergence_rejected=69)\n"}
,{"stream_name":"stdout","time":3512.577266929,"data":"  [6bba_062c8d37] after division-geometry-filter+prune-isolated: 6012 nodes, 5731 edges\n"}
,{"stream_name":"stdout","time":3512.577271816,"data":"  [6bba_062c8d37] after short-track filtering: 5851 nodes, 5614 edges (components_removed=44)\n"}
,{"stream_name":"stdout","time":3513.757533062,"data":"  [6bba_062c8d37] FINAL: 5851 nodes, 5614 edges\n"}
,{"stream_name":"stdout","time":3544.834139907,"data":"  [6bba_07e24132] after edge-filter+motion-relink: 31271 nodes, 29619 edges\n"}
,{"stream_name":"stdout","time":3551.767162479,"data":"  [6bba_07e24132] after gap-closing (single-frame + gap2): 31600 nodes, 30219 edges\n"}
,{"stream_name":"stdout","time":3570.636475781,"data":"  [6bba_07e24132] after safe-division repair: 31600 nodes, 30223 edges (geometric_candidates=129, deepcenter_rejected=125, post_veto_candidates=4, added=4, cap_skipped=0, mutual_nn_rejected=83, divergence_rejected=1134)\n"}
,{"stream_name":"stdout","time":3570.636547669,"data":"  [6bba_07e24132] after division-geometry-filter+prune-isolated: 31584 nodes, 30223 edges\n"}
,{"stream_name":"stdout","time":3570.636553757,"data":"  [6bba_07e24132] after short-track filtering: 30551 nodes, 29428 edges (components_removed=238)\n"}
,{"stream_name":"stdout","time":3576.880847064,"data":"  [6bba_07e24132] FINAL: 30551 nodes, 29428 edges\n"}
,{"stream_name":"stdout","time":3579.366401387,"data":"  [6bba_085bf656] after edge-filter+motion-relink: 8435 nodes, 8112 edges\n"}
,{"stream_name":"stdout","time":3580.150928774,"data":"  [6bba_085bf656] after gap-closing (single-frame + gap2): 8451 nodes, 8141 edges\n"}
,{"stream_name":"stdout","time":3587.009442928,"data":"  [6bba_085bf656] after safe-division repair: 8451 nodes, 8144 edges (geometric_candidates=20, deepcenter_rejected=17, post_veto_candidates=3, added=3, cap_skipped=0, mutual_nn_rejected=6, divergence_rejected=104)\n"}
,{"stream_name":"stdout","time":3587.009489128,"data":"  [6bba_085bf656] after division-geometry-filter+prune-isolated: 8450 nodes, 8144 edges\n"}
,{"stream_name":"stdout","time":3587.00949784,"data":"  [6bba_085bf656] after short-track filtering: 8315 nodes, 8039 edges (components_removed=30)\n"}
,{"stream_name":"stdout","time":3588.71642824,"data":"  [6bba_085bf656] FINAL: 8315 nodes, 8039 edges\n"}
,{"stream_name":"stdout","time":3616.577222244,"data":"  [6bba_09961292] after edge-filter+motion-relink: 29928 nodes, 28768 edges\n"}
,{"stream_name":"stdout","time":3620.998941325,"data":"  [6bba_09961292] after gap-closing (single-frame + gap2): 30141 nodes, 29156 edges\n"}
,{"stream_name":"stdout","time":3636.924965125,"data":"  [6bba_09961292] after safe-division repair: 30141 nodes, 29185 edges (geometric_candidates=110, deepcenter_rejected=75, post_veto_candidates=35, added=29, cap_skipped=0, mutual_nn_rejected=78, divergence_rejected=1005)\n"}
,{"stream_name":"stdout","time":3636.925008897,"data":"  [6bba_09961292] after division-geometry-filter+prune-isolated: 30133 nodes, 29185 edges\n"}
,{"stream_name":"stdout","time":3636.925013217,"data":"  [6bba_09961292] after short-track filtering: 29659 nodes, 28819 edges (components_removed=108)\n"}
,{"stream_name":"stdout","time":3643.07757681,"data":"  [6bba_09961292] FINAL: 29659 nodes, 28819 edges\n"}
,{"stream_name":"stdout","time":3643.077624719,"data":"[gap45] n=8 adjusted_edge_jaccard=0.9211 division_jaccard=0.2857 (tp/fp/fn=4/2/8) PROXY_SCORE=0.9497  [7.0 min]\n"}
,{"stream_name":"stdout","time":3708.794735026,"data":"  [44b6_12dfb391] after edge-filter+motion-relink: 46018 nodes, 43661 edges\n"}
,{"stream_name":"stdout","time":3724.568175193,"data":"  [44b6_12dfb391] after gap-closing (single-frame + gap2): 46703 nodes, 44959 edges\n"}
,{"stream_name":"stdout","time":3751.095994592,"data":"  [44b6_12dfb391] after safe-division repair: 46703 nodes, 44984 edges (geometric_candidates=158, deepcenter_rejected=133, post_veto_candidates=25, added=25, cap_skipped=0, mutual_nn_rejected=67, divergence_rejected=1587)\n"}
,{"stream_name":"stdout","time":3751.096052239,"data":"  [44b6_12dfb391] after division-geometry-filter+prune-isolated: 46703 nodes, 44984 edges\n"}
,{"stream_name":"stdout","time":3751.096059939,"data":"  [44b6_12dfb391] after short-track filtering: 45526 nodes, 44074 edges (components_removed=267)\n"}
,{"stream_name":"stdout","time":3760.279955733,"data":"  [44b6_12dfb391] FINAL: 45526 nodes, 44074 edges\n"}
,{"stream_name":"stdout","time":3778.277202449,"data":"  [44b6_267148e4] after edge-filter+motion-relink: 22852 nodes, 21466 edges\n"}
,{"stream_name":"stdout","time":3789.005669412,"data":"  [44b6_267148e4] after gap-closing (single-frame + gap2): 23104 nodes, 21929 edges\n"}
,{"stream_name":"stdout","time":3815.268568827,"data":"  [44b6_267148e4] after safe-division repair: 23104 nodes, 21956 edges (geometric_candidates=245, deepcenter_rejected=209, post_veto_candidates=36, added=27, cap_skipped=0, mutual_nn_rejected=119, divergence_rejected=1028)\n"}
,{"stream_name":"stdout","time":3815.268630502,"data":"  [44b6_267148e4] after division-geometry-filter+prune-isolated: 23052 nodes, 21956 edges\n"}
,{"stream_name":"stdout","time":3815.268638469,"data":"  [44b6_267148e4] after short-track filtering: 22381 nodes, 21453 edges (components_removed=168)\n"}
,{"stream_name":"stdout","time":3819.909452722,"data":"  [44b6_267148e4] FINAL: 22381 nodes, 21453 edges\n"}
,{"stream_name":"stdout","time":3870.098787555,"data":"  [44b6_2a2eff9f] after edge-filter+motion-relink: 40122 nodes, 37632 edges\n"}
,{"stream_name":"stdout","time":3888.083038687,"data":"  [44b6_2a2eff9f] after gap-closing (single-frame + gap2): 40668 nodes, 38646 edges\n"}
,{"stream_name":"stdout","time":3919.854506817,"data":"  [44b6_2a2eff9f] after safe-division repair: 40668 nodes, 38670 edges (geometric_candidates=287, deepcenter_rejected=262, post_veto_candidates=25, added=24, cap_skipped=0, mutual_nn_rejected=73, divergence_rejected=1589)\n"}
,{"stream_name":"stdout","time":3919.854549322,"data":"  [44b6_2a2eff9f] after division-geometry-filter+prune-isolated: 40667 nodes, 38670 edges\n"}
,{"stream_name":"stdout","time":3919.854557614,"data":"  [44b6_2a2eff9f] after short-track filtering: 39265 nodes, 37585 edges (components_removed=317)\n"}
,{"stream_name":"stdout","time":3927.901599162,"data":"  [44b6_2a2eff9f] FINAL: 39265 nodes, 37585 edges\n"}
,{"stream_name":"stdout","time":3930.440037327,"data":"  [44b6_341df25f] after edge-filter+motion-relink: 8525 nodes, 8200 edges\n"}
,{"stream_name":"stdout","time":3932.436849242,"data":"  [44b6_341df25f] after gap-closing (single-frame + gap2): 8582 nodes, 8300 edges\n"}
,{"stream_name":"stdout","time":3940.437870168,"data":"  [44b6_341df25f] after safe-division repair: 8582 nodes, 8310 edges (geometric_candidates=32, deepcenter_rejected=21, post_veto_candidates=11, added=10, cap_skipped=0, mutual_nn_rejected=6, divergence_rejected=156)\n"}
,{"stream_name":"stdout","time":3940.437913663,"data":"  [44b6_341df25f] after division-geometry-filter+prune-isolated: 8580 nodes, 8310 edges\n"}
,{"stream_name":"stdout","time":3940.43792527,"data":"  [44b6_341df25f] after short-track filtering: 8442 nodes, 8204 edges (components_removed=32)\n"}
,{"stream_name":"stdout","time":3942.183841274,"data":"  [44b6_341df25f] FINAL: 8442 nodes, 8204 edges\n"}
,{"stream_name":"stdout","time":3943.648321608,"data":"  [6bba_062c8d37] after edge-filter+motion-relink: 5986 nodes, 5637 edges\n"}
,{"stream_name":"stdout","time":3944.674076923,"data":"  [6bba_062c8d37] after gap-closing (single-frame + gap2): 6034 nodes, 5728 edges\n"}
,{"stream_name":"stdout","time":3948.910028347,"data":"  [6bba_062c8d37] after safe-division repair: 6034 nodes, 5732 edges (geometric_candidates=15, deepcenter_rejected=10, post_veto_candidates=5, added=4, cap_skipped=0, mutual_nn_rejected=4, divergence_rejected=67)\n"}
,{"stream_name":"stdout","time":3948.910078632,"data":"  [6bba_062c8d37] after division-geometry-filter+prune-isolated: 6011 nodes, 5732 edges\n"}
,{"stream_name":"stdout","time":3948.9101183,"data":"  [6bba_062c8d37] after short-track filtering: 5845 nodes, 5611 edges (components_removed=45)\n"}
,{"stream_name":"stdout","time":3950.205846742,"data":"  [6bba_062c8d37] FINAL: 5845 nodes, 5611 edges\n"}
,{"stream_name":"stdout","time":3980.638697174,"data":"  [6bba_07e24132] after edge-filter+motion-relink: 31271 nodes, 29621 edges\n"}
,{"stream_name":"stdout","time":3992.649000207,"data":"  [6bba_07e24132] after gap-closing (single-frame + gap2): 31602 nodes, 30225 edges\n"}
,{"stream_name":"stdout","time":4011.756367407,"data":"  [6bba_07e24132] after safe-division repair: 31602 nodes, 30229 edges (geometric_candidates=131, deepcenter_rejected=125, post_veto_candidates=6, added=4, cap_skipped=0, mutual_nn_rejected=80, divergence_rejected=1136)\n"}
,{"stream_name":"stdout","time":4011.756413075,"data":"  [6bba_07e24132] after division-geometry-filter+prune-isolated: 31588 nodes, 30229 edges\n"}
,{"stream_name":"stdout","time":4011.756425363,"data":"  [6bba_07e24132] after short-track filtering: 30560 nodes, 29437 edges (components_removed=236)\n"}
,{"stream_name":"stdout","time":4017.904021646,"data":"  [6bba_07e24132] FINAL: 30560 nodes, 29437 edges\n"}
,{"stream_name":"stdout","time":4020.788920251,"data":"  [6bba_085bf656] after edge-filter+motion-relink: 8435 nodes, 8112 edges\n"}
,{"stream_name":"stdout","time":4021.372172112,"data":"  [6bba_085bf656] after gap-closing (single-frame + gap2): 8451 nodes, 8141 edges\n"}
,{"stream_name":"stdout","time":4028.134891538,"data":"  [6bba_085bf656] after safe-division repair: 8451 nodes, 8144 edges (geometric_candidates=20, deepcenter_rejected=17, post_veto_candidates=3, added=3, cap_skipped=0, mutual_nn_rejected=6, divergence_rejected=104)\n"}
,{"stream_name":"stdout","time":4028.134936678,"data":"  [6bba_085bf656] after division-geometry-filter+prune-isolated: 8450 nodes, 8144 edges\n"}
,{"stream_name":"stdout","time":4028.134944265,"data":"  [6bba_085bf656] after short-track filtering: 8315 nodes, 8039 edges (components_removed=30)\n"}
,{"stream_name":"stdout","time":4029.800393876,"data":"  [6bba_085bf656] FINAL: 8315 nodes, 8039 edges\n"}
,{"stream_name":"stdout","time":4058.155259294,"data":"  [6bba_09961292] after edge-filter+motion-relink: 29928 nodes, 28774 edges\n"}
,{"stream_name":"stdout","time":4064.025616656,"data":"  [6bba_09961292] after gap-closing (single-frame + gap2): 30141 nodes, 29162 edges\n"}
,{"stream_name":"stdout","time":4079.515280688,"data":"  [6bba_09961292] after safe-division repair: 30141 nodes, 29187 edges (geometric_candidates=102, deepcenter_rejected=73, post_veto_candidates=29, added=25, cap_skipped=0, mutual_nn_rejected=71, divergence_rejected=998)\n"}
,{"stream_name":"stdout","time":4079.51532793,"data":"  [6bba_09961292] after division-geometry-filter+prune-isolated: 30137 nodes, 29187 edges\n"}
,{"stream_name":"stdout","time":4079.515335286,"data":"  [6bba_09961292] after short-track filtering: 29658 nodes, 28817 edges (components_removed=109)\n"}
,{"stream_name":"stdout","time":4085.647224827,"data":"  [6bba_09961292] FINAL: 29658 nodes, 28817 edges\n"}
,{"stream_name":"stdout","time":4085.647271179,"data":"[tight55] n=8 adjusted_edge_jaccard=0.9210 division_jaccard=0.2857 (tp/fp/fn=4/2/8) PROXY_SCORE=0.9495  [7.4 min]\n"}
,{"stream_name":"stdout","time":4150.958052212,"data":"  [44b6_12dfb391] after edge-filter+motion-relink: 46018 nodes, 43625 edges\n"}
,{"stream_name":"stdout","time":4167.256727418,"data":"  [44b6_12dfb391] after gap-closing (single-frame + gap2): 46719 nodes, 44955 edges\n"}
,{"stream_name":"stdout","time":4194.328227115,"data":"  [44b6_12dfb391] after safe-division repair: 46719 nodes, 44980 edges (geometric_candidates=161, deepcenter_rejected=136, post_veto_candidates=25, added=25, cap_skipped=0, mutual_nn_rejected=67, divergence_rejected=1600)\n"}
,{"stream_name":"stdout","time":4194.328271921,"data":"  [44b6_12dfb391] after division-geometry-filter+prune-isolated: 46718 nodes, 44980 edges\n"}
,{"stream_name":"stdout","time":4194.328280933,"data":"  [44b6_12dfb391] after short-track filtering: 45519 nodes, 44053 edges (components_removed=272)\n"}
,{"stream_name":"stdout","time":4203.516802395,"data":"  [44b6_12dfb391] FINAL: 45519 nodes, 44053 edges\n"}
,{"stream_name":"stdout","time":4220.765739772,"data":"  [44b6_267148e4] after edge-filter+motion-relink: 22852 nodes, 21384 edges\n"}
,{"stream_name":"stdout","time":4232.361191693,"data":"  [44b6_267148e4] after gap-closing (single-frame + gap2): 23125 nodes, 21888 edges\n"}
,{"stream_name":"stdout","time":4258.175776695,"data":"  [44b6_267148e4] after safe-division repair: 23125 nodes, 21912 edges (geometric_candidates=237, deepcenter_rejected=207, post_veto_candidates=30, added=24, cap_skipped=0, mutual_nn_rejected=147, divergence_rejected=1071)\n"}
,{"stream_name":"stdout","time":4258.175832721,"data":"  [44b6_267148e4] after division-geometry-filter+prune-isolated: 23054 nodes, 21912 edges\n"}
,{"stream_name":"stdout","time":4258.175841472,"data":"  [44b6_267148e4] after short-track filtering: 22277 nodes, 21331 edges (components_removed=196)\n"}
,{"stream_name":"stdout","time":4262.776502216,"data":"  [44b6_267148e4] FINAL: 22277 nodes, 21331 edges\n"}
,{"stream_name":"stdout","time":4311.807749466,"data":"  [44b6_2a2eff9f] after edge-filter+motion-relink: 40122 nodes, 37586 edges\n"}
,{"stream_name":"stdout","time":4330.377213654,"data":"  [44b6_2a2eff9f] after gap-closing (single-frame + gap2): 40690 nodes, 38643 edges\n"}
,{"stream_name":"stdout","time":4362.413668622,"data":"  [44b6_2a2eff9f] after safe-division repair: 40690 nodes, 38668 edges (geometric_candidates=289, deepcenter_rejected=263, post_veto_candidates=26, added=25, cap_skipped=0, mutual_nn_rejected=71, divergence_rejected=1607)\n"}
,{"stream_name":"stdout","time":4362.413711917,"data":"  [44b6_2a2eff9f] after division-geometry-filter+prune-isolated: 40689 nodes, 38668 edges\n"}
,{"stream_name":"stdout","time":4362.413718849,"data":"  [44b6_2a2eff9f] after short-track filtering: 39228 nodes, 37539 edges (components_removed=332)\n"}
,{"stream_name":"stdout","time":4370.256585354,"data":"  [44b6_2a2eff9f] FINAL: 39228 nodes, 37539 edges\n"}
,{"stream_name":"stdout","time":4372.821556886,"data":"  [44b6_341df25f] after edge-filter+motion-relink: 8525 nodes, 8201 edges\n"}
,{"stream_name":"stdout","time":4374.767516375,"data":"  [44b6_341df25f] after gap-closing (single-frame + gap2): 8582 nodes, 8301 edges\n"}
,{"stream_name":"stdout","time":4382.746124004,"data":"  [44b6_341df25f] after safe-division repair: 8582 nodes, 8311 edges (geometric_candidates=32, deepcenter_rejected=21, post_veto_candidates=11, added=10, cap_skipped=0, mutual_nn_rejected=5, divergence_rejected=154)\n"}
,{"stream_name":"stdout","time":4382.746165874,"data":"  [44b6_341df25f] after division-geometry-filter+prune-isolated: 8580 nodes, 8311 edges\n"}
,{"stream_name":"stdout","time":4382.746170438,"data":"  [44b6_341df25f] after short-track filtering: 8440 nodes, 8203 edges (components_removed=32)\n"}
,{"stream_name":"stdout","time":4384.374124061,"data":"  [44b6_341df25f] FINAL: 8440 nodes, 8203 edges\n"}
,{"stream_name":"stdout","time":4385.777681402,"data":"  [6bba_062c8d37] after edge-filter+motion-relink: 5986 nodes, 5610 edges\n"}
,{"stream_name":"stdout","time":4387.579913269,"data":"  [6bba_062c8d37] after gap-closing (single-frame + gap2): 6041 nodes, 5712 edges\n"}
,{"stream_name":"stdout","time":4391.809699707,"data":"  [6bba_062c8d37] after safe-division repair: 6041 nodes, 5716 edges (geometric_candidates=14, deepcenter_rejected=9, post_veto_candidates=5, added=4, cap_skipped=0, mutual_nn_rejected=4, divergence_rejected=73)\n"}
,{"stream_name":"stdout","time":4391.809743269,"data":"  [6bba_062c8d37] after division-geometry-filter+prune-isolated: 6017 nodes, 5716 edges\n"}
,{"stream_name":"stdout","time":4391.8097485,"data":"  [6bba_062c8d37] after short-track filtering: 5830 nodes, 5581 edges (components_removed=52)\n"}
,{"stream_name":"stdout","time":4393.064713783,"data":"  [6bba_062c8d37] FINAL: 5830 nodes, 5581 edges\n"}
,{"stream_name":"stdout","time":4423.485364199,"data":"  [6bba_07e24132] after edge-filter+motion-relink: 31271 nodes, 29564 edges\n"}
,{"stream_name":"stdout","time":4435.599453722,"data":"  [6bba_07e24132] after gap-closing (single-frame + gap2): 31616 nodes, 30195 edges\n"}
,{"stream_name":"stdout","time":4455.11061366,"data":"  [6bba_07e24132] after safe-division repair: 31616 nodes, 30201 edges (geometric_candidates=136, deepcenter_rejected=128, post_veto_candidates=8, added=6, cap_skipped=0, mutual_nn_rejected=93, divergence_rejected=1163)\n"}
,{"stream_name":"stdout","time":4455.110650529,"data":"  [6bba_07e24132] after division-geometry-filter+prune-isolated: 31598 nodes, 30201 edges\n"}
,{"stream_name":"stdout","time":4455.110656997,"data":"  [6bba_07e24132] after short-track filtering: 30540 nodes, 29389 edges (components_removed=246)\n"}
,{"stream_name":"stdout","time":4461.358823943,"data":"  [6bba_07e24132] FINAL: 30540 nodes, 29389 edges\n"}
,{"stream_name":"stdout","time":4464.272733571,"data":"  [6bba_085bf656] after edge-filter+motion-relink: 8435 nodes, 8106 edges\n"}
,{"stream_name":"stdout","time":4464.8952055,"data":"  [6bba_085bf656] after gap-closing (single-frame + gap2): 8455 nodes, 8141 edges\n"}
,{"stream_name":"stdout","time":4470.974202727,"data":"  [6bba_085bf656] after safe-division repair: 8455 nodes, 8143 edges (geometric_candidates=18, deepcenter_rejected=16, post_veto_candidates=2, added=2, cap_skipped=0, mutual_nn_rejected=6, divergence_rejected=106)\n"}
,{"stream_name":"stdout","time":4470.97424074,"data":"  [6bba_085bf656] after division-geometry-filter+prune-isolated: 8450 nodes, 8143 edges\n"}
,{"stream_name":"stdout","time":4470.97424706,"data":"  [6bba_085bf656] after short-track filtering: 8318 nodes, 8041 edges (components_removed=30)\n"}
,{"stream_name":"stdout","time":4472.691917294,"data":"  [6bba_085bf656] FINAL: 8318 nodes, 8041 edges\n"}
,{"stream_name":"stdout","time":4500.998868922,"data":"  [6bba_09961292] after edge-filter+motion-relink: 29928 nodes, 28733 edges\n"}
,{"stream_name":"stdout","time":4507.058099891,"data":"  [6bba_09961292] after gap-closing (single-frame + gap2): 30161 nodes, 29160 edges\n"}
,{"stream_name":"stdout","time":4522.918197481,"data":"  [6bba_09961292] after safe-division repair: 30161 nodes, 29188 edges (geometric_candidates=112, deepcenter_rejected=77, post_veto_candidates=35, added=28, cap_skipped=0, mutual_nn_rejected=78, divergence_rejected=1020)\n"}
,{"stream_name":"stdout","time":4522.918244041,"data":"  [6bba_09961292] after division-geometry-filter+prune-isolated: 30152 nodes, 29188 edges\n"}
,{"stream_name":"stdout","time":4522.918250084,"data":"  [6bba_09961292] after short-track filtering: 29673 nodes, 28818 edges (components_removed=109)\n"}
,{"stream_name":"stdout","time":4529.04655302,"data":"  [6bba_09961292] FINAL: 29673 nodes, 28818 edges\n"}
,{"stream_name":"stdout","time":4529.046620463,"data":"[relaxed9] n=8 adjusted_edge_jaccard=0.9233 division_jaccard=0.2857 (tp/fp/fn=4/2/8) PROXY_SCORE=0.9519  [7.4 min]\n"}
,{"stream_name":"stdout","time":4594.275839746,"data":"  [44b6_12dfb391] after edge-filter+motion-relink: 46018 nodes, 43662 edges\n"}
,{"stream_name":"stdout","time":4610.195978097,"data":"  [44b6_12dfb391] after gap-closing (single-frame + gap2): 46702 nodes, 44958 edges\n"}
,{"stream_name":"stdout","time":4636.828030472,"data":"  [44b6_12dfb391] after safe-division repair: 46702 nodes, 44983 edges (geometric_candidates=158, deepcenter_rejected=133, post_veto_candidates=25, added=25, cap_skipped=0, mutual_nn_rejected=68, divergence_rejected=1584)\n"}
,{"stream_name":"stdout","time":4636.828065694,"data":"  [44b6_12dfb391] after division-geometry-filter+prune-isolated: 46702 nodes, 44983 edges\n"}
,{"stream_name":"stdout","time":4636.82807319,"data":"  [44b6_12dfb391] after short-track filtering: 45521 nodes, 44070 edges (components_removed=268)\n"}
,{"stream_name":"stdout","time":4646.245684869,"data":"  [44b6_12dfb391] FINAL: 45521 nodes, 44070 edges\n"}
,{"stream_name":"stdout","time":4663.551628594,"data":"  [44b6_267148e4] after edge-filter+motion-relink: 22852 nodes, 21461 edges\n"}
,{"stream_name":"stdout","time":4674.174579661,"data":"  [44b6_267148e4] after gap-closing (single-frame + gap2): 23103 nodes, 21923 edges\n"}
,{"stream_name":"stdout","time":4700.03594116,"data":"  [44b6_267148e4] after safe-division repair: 23103 nodes, 21948 edges (geometric_candidates=235, deepcenter_rejected=204, post_veto_candidates=31, added=25, cap_skipped=0, mutual_nn_rejected=131, divergence_rejected=1022)\n"}
,{"stream_name":"stdout","time":4700.035986863,"data":"  [44b6_267148e4] after division-geometry-filter+prune-isolated: 23043 nodes, 21948 edges\n"}
,{"stream_name":"stdout","time":4700.035994132,"data":"  [44b6_267148e4] after short-track filtering: 22377 nodes, 21446 edges (components_removed=164)\n"}
,{"stream_name":"stdout","time":4704.788896336,"data":"  [44b6_267148e4] FINAL: 22377 nodes, 21446 edges\n"}
,{"stream_name":"stdout","time":4754.055299094,"data":"  [44b6_2a2eff9f] after edge-filter+motion-relink: 40122 nodes, 37629 edges\n"}
,{"stream_name":"stdout","time":4772.270575601,"data":"  [44b6_2a2eff9f] after gap-closing (single-frame + gap2): 40673 nodes, 38652 edges\n"}
,{"stream_name":"stdout","time":4804.055517052,"data":"  [44b6_2a2eff9f] after safe-division repair: 40673 nodes, 38676 edges (geometric_candidates=286, deepcenter_rejected=261, post_veto_candidates=25, added=24, cap_skipped=0, mutual_nn_rejected=73, divergence_rejected=1587)\n"}
,{"stream_name":"stdout","time":4804.055594667,"data":"  [44b6_2a2eff9f] after division-geometry-filter+prune-isolated: 40672 nodes, 38676 edges\n"}
,{"stream_name":"stdout","time":4804.055603903,"data":"  [44b6_2a2eff9f] after short-track filtering: 39285 nodes, 37602 edges (components_removed=313)\n"}
,{"stream_name":"stdout","time":4812.011491974,"data":"  [44b6_2a2eff9f] FINAL: 39285 nodes, 37602 edges\n"}
,{"stream_name":"stdout","time":4814.748952137,"data":"  [44b6_341df25f] after edge-filter+motion-relink: 8525 nodes, 8201 edges\n"}
,{"stream_name":"stdout","time":4816.792012817,"data":"  [44b6_341df25f] after gap-closing (single-frame + gap2): 8582 nodes, 8301 edges\n"}
,{"stream_name":"stdout","time":4824.809178516,"data":"  [44b6_341df25f] after safe-division repair: 8582 nodes, 8311 edges (geometric_candidates=32, deepcenter_rejected=21, post_veto_candidates=11, added=10, cap_skipped=0, mutual_nn_rejected=5, divergence_rejected=154)\n"}
,{"stream_name":"stdout","time":4824.809237959,"data":"  [44b6_341df25f] after division-geometry-filter+prune-isolated: 8580 nodes, 8311 edges\n"}
,{"stream_name":"stdout","time":4824.809262586,"data":"  [44b6_341df25f] after short-track filtering: 8440 nodes, 8203 edges (components_removed=32)\n"}
,{"stream_name":"stdout","time":4826.491896296,"data":"  [44b6_341df25f] FINAL: 8440 nodes, 8203 edges\n"}
,{"stream_name":"stdout","time":4827.851062185,"data":"  [6bba_062c8d37] after edge-filter+motion-relink: 5986 nodes, 5635 edges\n"}
,{"stream_name":"stdout","time":4829.212671563,"data":"  [6bba_062c8d37] after gap-closing (single-frame + gap2): 6036 nodes, 5730 edges\n"}
,{"stream_name":"stdout","time":4833.435408233,"data":"  [6bba_062c8d37] after safe-division repair: 6036 nodes, 5734 edges (geometric_candidates=15, deepcenter_rejected=10, post_veto_candidates=5, added=4, cap_skipped=0, mutual_nn_rejected=4, divergence_rejected=68)\n"}
,{"stream_name":"stdout","time":4833.435457495,"data":"  [6bba_062c8d37] after division-geometry-filter+prune-isolated: 6013 nodes, 5734 edges\n"}
,{"stream_name":"stdout","time":4833.435467181,"data":"  [6bba_062c8d37] after short-track filtering: 5854 nodes, 5618 edges (components_removed=43)\n"}
,{"stream_name":"stdout","time":4834.700912431,"data":"  [6bba_062c8d37] FINAL: 5854 nodes, 5618 edges\n"}
,{"stream_name":"stdout","time":4865.089085186,"data":"  [6bba_07e24132] after edge-filter+motion-relink: 31271 nodes, 29618 edges\n"}
,{"stream_name":"stdout","time":4877.22485819,"data":"  [6bba_07e24132] after gap-closing (single-frame + gap2): 31605 nodes, 30228 edges\n"}
,{"stream_name":"stdout","time":4896.429650589,"data":"  [6bba_07e24132] after safe-division repair: 31605 nodes, 30233 edges (geometric_candidates=130, deepcenter_rejected=125, post_veto_candidates=5, added=5, cap_skipped=0, mutual_nn_rejected=84, divergence_rejected=1135)\n"}
,{"stream_name":"stdout","time":4896.429734641,"data":"  [6bba_07e24132] after division-geometry-filter+prune-isolated: 31591 nodes, 30233 edges\n"}
,{"stream_name":"stdout","time":4896.429742943,"data":"  [6bba_07e24132] after short-track filtering: 30564 nodes, 29443 edges (components_removed=237)\n"}
,{"stream_name":"stdout","time":4902.554628638,"data":"  [6bba_07e24132] FINAL: 30564 nodes, 29443 edges\n"}
,{"stream_name":"stdout","time":4905.49331024,"data":"  [6bba_085bf656] after edge-filter+motion-relink: 8435 nodes, 8112 edges\n"}
,{"stream_name":"stdout","time":4906.051942017,"data":"  [6bba_085bf656] after gap-closing (single-frame + gap2): 8451 nodes, 8141 edges\n"}
,{"stream_name":"stdout","time":4912.834841569,"data":"  [6bba_085bf656] after safe-division repair: 8451 nodes, 8144 edges (geometric_candidates=20, deepcenter_rejected=17, post_veto_candidates=3, added=3, cap_skipped=0, mutual_nn_rejected=6, divergence_rejected=104)\n"}
,{"stream_name":"stdout","time":4912.834890654,"data":"  [6bba_085bf656] after division-geometry-filter+prune-isolated: 8450 nodes, 8144 edges\n"}
,{"stream_name":"stdout","time":4912.834898039,"data":"  [6bba_085bf656] after short-track filtering: 8315 nodes, 8039 edges (components_removed=30)\n"}
,{"stream_name":"stdout","time":4914.508517764,"data":"  [6bba_085bf656] FINAL: 8315 nodes, 8039 edges\n"}
,{"stream_name":"stdout","time":4942.162964532,"data":"  [6bba_09961292] after edge-filter+motion-relink: 29928 nodes, 28768 edges\n"}
,{"stream_name":"stdout","time":4948.130598543,"data":"  [6bba_09961292] after gap-closing (single-frame + gap2): 30148 nodes, 29169 edges\n"}
,{"stream_name":"stdout","time":4964.104814831,"data":"  [6bba_09961292] after safe-division repair: 30148 nodes, 29197 edges (geometric_candidates=107, deepcenter_rejected=74, post_veto_candidates=33, added=28, cap_skipped=0, mutual_nn_rejected=79, divergence_rejected=985)\n"}
,{"stream_name":"stdout","time":4964.104860766,"data":"  [6bba_09961292] after division-geometry-filter+prune-isolated: 30141 nodes, 29197 edges\n"}
,{"stream_name":"stdout","time":4964.104884783,"data":"  [6bba_09961292] after short-track filtering: 29678 nodes, 28839 edges (components_removed=105)\n"}
,{"stream_name":"stdout","time":4970.191719977,"data":"  [6bba_09961292] FINAL: 29678 nodes, 28839 edges\n"}
,{"stream_name":"stdout","time":4970.191766225,"data":"[bonus125] n=8 adjusted_edge_jaccard=0.9214 division_jaccard=0.2857 (tp/fp/fn=4/2/8) PROXY_SCORE=0.9500  [7.4 min]\n"}
,{"stream_name":"stdout","time":5036.235897065,"data":"  [44b6_12dfb391] after edge-filter+motion-relink: 46018 nodes, 43662 edges\n"}
,{"stream_name":"stdout","time":5051.983292847,"data":"  [44b6_12dfb391] after gap-closing (single-frame + gap2): 46702 nodes, 44958 edges\n"}
,{"stream_name":"stdout","time":5078.740153728,"data":"  [44b6_12dfb391] after safe-division repair: 46702 nodes, 44983 edges (geometric_candidates=158, deepcenter_rejected=133, post_veto_candidates=25, added=25, cap_skipped=0, mutual_nn_rejected=67, divergence_rejected=1586)\n"}
,{"stream_name":"stdout","time":5078.740194616,"data":"  [44b6_12dfb391] after division-geometry-filter+prune-isolated: 46702 nodes, 44983 edges\n"}
,{"stream_name":"stdout","time":5078.740203617,"data":"  [44b6_12dfb391] after short-track filtering: 45525 nodes, 44073 edges (components_removed=267)\n"}
,{"stream_name":"stdout","time":5087.888119844,"data":"  [44b6_12dfb391] FINAL: 45525 nodes, 44073 edges\n"}
,{"stream_name":"stdout","time":5105.147622354,"data":"  [44b6_267148e4] after edge-filter+motion-relink: 22852 nodes, 21455 edges\n"}
,{"stream_name":"stdout","time":5115.572512838,"data":"  [44b6_267148e4] after gap-closing (single-frame + gap2): 23102 nodes, 21915 edges\n"}
,{"stream_name":"stdout","time":5141.423724543,"data":"  [44b6_267148e4] after safe-division repair: 23102 nodes, 21940 edges (geometric_candidates=240, deepcenter_rejected=208, post_veto_candidates=32, added=25, cap_skipped=0, mutual_nn_rejected=134, divergence_rejected=1031)\n"}
,{"stream_name":"stdout","time":5141.423772693,"data":"  [44b6_267148e4] after division-geometry-filter+prune-isolated: 23041 nodes, 21940 edges\n"}
,{"stream_name":"stdout","time":5141.42377853,"data":"  [44b6_267148e4] after short-track filtering: 22358 nodes, 21427 edges (components_removed=170)\n"}
,{"stream_name":"stdout","time":5146.143885278,"data":"  [44b6_267148e4] FINAL: 22358 nodes, 21427 edges\n"}
,{"stream_name":"stdout","time":5195.743962485,"data":"  [44b6_2a2eff9f] after edge-filter+motion-relink: 40122 nodes, 37629 edges\n"}
,{"stream_name":"stdout","time":5213.729927442,"data":"  [44b6_2a2eff9f] after gap-closing (single-frame + gap2): 40670 nodes, 38647 edges\n"}
,{"stream_name":"stdout","time":5245.568524611,"data":"  [44b6_2a2eff9f] after safe-division repair: 40670 nodes, 38671 edges (geometric_candidates=287, deepcenter_rejected=262, post_veto_candidates=25, added=24, cap_skipped=0, mutual_nn_rejected=73, divergence_rejected=1589)\n"}
,{"stream_name":"stdout","time":5245.568581732,"data":"  [44b6_2a2eff9f] after division-geometry-filter+prune-isolated: 40669 nodes, 38671 edges\n"}
,{"stream_name":"stdout","time":5245.568589984,"data":"  [44b6_2a2eff9f] after short-track filtering: 39267 nodes, 37586 edges (components_removed=317)\n"}
,{"stream_name":"stdout","time":5253.457532143,"data":"  [44b6_2a2eff9f] FINAL: 39267 nodes, 37586 edges\n"}
,{"stream_name":"stdout","time":5256.196262242,"data":"  [44b6_341df25f] after edge-filter+motion-relink: 8525 nodes, 8201 edges\n"}
,{"stream_name":"stdout","time":5258.171308517,"data":"  [44b6_341df25f] after gap-closing (single-frame + gap2): 8582 nodes, 8301 edges\n"}
,{"stream_name":"stdout","time":5266.216201146,"data":"  [44b6_341df25f] after safe-division repair: 8582 nodes, 8311 edges (geometric_candidates=32, deepcenter_rejected=21, post_veto_candidates=11, added=10, cap_skipped=0, mutual_nn_rejected=5, divergence_rejected=154)\n"}
,{"stream_name":"stdout","time":5266.21630095,"data":"  [44b6_341df25f] after division-geometry-filter+prune-isolated: 8580 nodes, 8311 edges\n"}
,{"stream_name":"stdout","time":5266.216307618,"data":"  [44b6_341df25f] after short-track filtering: 8440 nodes, 8203 edges (components_removed=32)\n"}
,{"stream_name":"stdout","time":5268.04325531,"data":"  [44b6_341df25f] FINAL: 8440 nodes, 8203 edges\n"}
,{"stream_name":"stdout","time":5269.477703823,"data":"  [6bba_062c8d37] after edge-filter+motion-relink: 5986 nodes, 5634 edges\n"}
,{"stream_name":"stdout","time":5270.904789642,"data":"  [6bba_062c8d37] after gap-closing (single-frame + gap2): 6035 nodes, 5727 edges\n"}
,{"stream_name":"stdout","time":5275.128673622,"data":"  [6bba_062c8d37] after safe-division repair: 6035 nodes, 5731 edges (geometric_candidates=15, deepcenter_rejected=10, post_veto_candidates=5, added=4, cap_skipped=0, mutual_nn_rejected=4, divergence_rejected=69)\n"}
,{"stream_name":"stdout","time":5275.128732627,"data":"  [6bba_062c8d37] after division-geometry-filter+prune-isolated: 6012 nodes, 5731 edges\n"}
,{"stream_name":"stdout","time":5275.128741354,"data":"  [6bba_062c8d37] after short-track filtering: 5851 nodes, 5614 edges (components_removed=44)\n"}
,{"stream_name":"stdout","time":5276.386783331,"data":"  [6bba_062c8d37] FINAL: 5851 nodes, 5614 edges\n"}
,{"stream_name":"stdout","time":5307.492544744,"data":"  [6bba_07e24132] after edge-filter+motion-relink: 31271 nodes, 29619 edges\n"}
,{"stream_name":"stdout","time":5320.653475969,"data":"  [6bba_07e24132] after gap-closing (single-frame + gap2): 31603 nodes, 30225 edges\n"}
,{"stream_name":"stdout","time":5340.097163267,"data":"  [6bba_07e24132] after safe-division repair: 31603 nodes, 30229 edges (geometric_candidates=129, deepcenter_rejected=125, post_veto_candidates=4, added=4, cap_skipped=0, mutual_nn_rejected=83, divergence_rejected=1132)\n"}
,{"stream_name":"stdout","time":5340.097207254,"data":"  [6bba_07e24132] after division-geometry-filter+prune-isolated: 31587 nodes, 30229 edges\n"}
,{"stream_name":"stdout","time":5340.097215983,"data":"  [6bba_07e24132] after short-track filtering: 30563 nodes, 29441 edges (components_removed=236)\n"}
,{"stream_name":"stdout","time":5346.212136071,"data":"  [6bba_07e24132] FINAL: 30563 nodes, 29441 edges\n"}
,{"stream_name":"stdout","time":5348.945409471,"data":"  [6bba_085bf656] after edge-filter+motion-relink: 8435 nodes, 8112 edges\n"}
,{"stream_name":"stdout","time":5349.476966337,"data":"  [6bba_085bf656] after gap-closing (single-frame + gap2): 8451 nodes, 8141 edges\n"}
,{"stream_name":"stdout","time":5356.229182343,"data":"  [6bba_085bf656] after safe-division repair: 8451 nodes, 8144 edges (geometric_candidates=20, deepcenter_rejected=17, post_veto_candidates=3, added=3, cap_skipped=0, mutual_nn_rejected=6, divergence_rejected=104)\n"}
,{"stream_name":"stdout","time":5356.229247648,"data":"  [6bba_085bf656] after division-geometry-filter+prune-isolated: 8450 nodes, 8144 edges\n"}
,{"stream_name":"stdout","time":5356.229254643,"data":"  [6bba_085bf656] after short-track filtering: 8315 nodes, 8039 edges (components_removed=30)\n"}
,{"stream_name":"stdout","time":5357.919038844,"data":"  [6bba_085bf656] FINAL: 8315 nodes, 8039 edges\n"}
,{"stream_name":"stdout","time":5385.340559026,"data":"  [6bba_09961292] after edge-filter+motion-relink: 29928 nodes, 28768 edges\n"}
,{"stream_name":"stdout","time":5391.691517557,"data":"  [6bba_09961292] after gap-closing (single-frame + gap2): 30144 nodes, 29162 edges\n"}
,{"stream_name":"stdout","time":5407.445333942,"data":"  [6bba_09961292] after safe-division repair: 30144 nodes, 29190 edges (geometric_candidates=107, deepcenter_rejected=74, post_veto_candidates=33, added=28, cap_skipped=0, mutual_nn_rejected=79, divergence_rejected=993)\n"}
,{"stream_name":"stdout","time":5407.445386938,"data":"  [6bba_09961292] after division-geometry-filter+prune-isolated: 30136 nodes, 29190 edges\n"}
,{"stream_name":"stdout","time":5407.445394599,"data":"  [6bba_09961292] after short-track filtering: 29666 nodes, 28827 edges (components_removed=107)\n"}
,{"stream_name":"stdout","time":5413.459277072,"data":"  [6bba_09961292] FINAL: 29666 nodes, 28827 edges\n"}
,{"stream_name":"stdout","time":5413.459323717,"data":"[gap2step40] n=8 adjusted_edge_jaccard=0.9211 division_jaccard=0.2857 (tp/fp/fn=4/2/8) PROXY_SCORE=0.9497  [7.4 min]\n"}
,{"stream_name":"stdout","time":5479.707400105,"data":"  [44b6_12dfb391] after edge-filter+motion-relink: 46018 nodes, 43662 edges\n"}
,{"stream_name":"stdout","time":5495.624419658,"data":"  [44b6_12dfb391] after gap-closing (single-frame + gap2): 46702 nodes, 44958 edges\n"}
,{"stream_name":"stdout","time":5522.408835266,"data":"  [44b6_12dfb391] after safe-division repair: 46702 nodes, 44983 edges (geometric_candidates=158, deepcenter_rejected=133, post_veto_candidates=25, added=25, cap_skipped=0, mutual_nn_rejected=67, divergence_rejected=1586)\n"}
,{"stream_name":"stdout","time":5522.408870708,"data":"  [44b6_12dfb391] after division-geometry-filter+prune-isolated: 46702 nodes, 44983 edges\n"}
,{"stream_name":"stdout","time":5522.408877008,"data":"  [44b6_12dfb391] after short-track filtering: 45525 nodes, 44073 edges (components_removed=267)\n"}
,{"stream_name":"stdout","time":5531.592265026,"data":"  [44b6_12dfb391] FINAL: 45525 nodes, 44073 edges\n"}
,{"stream_name":"stdout","time":5549.210769253,"data":"  [44b6_267148e4] after edge-filter+motion-relink: 22852 nodes, 21455 edges\n"}
,{"stream_name":"stdout","time":5559.759903972,"data":"  [44b6_267148e4] after gap-closing (single-frame + gap2): 23102 nodes, 21915 edges\n"}
,{"stream_name":"stdout","time":5585.68451811,"data":"  [44b6_267148e4] after safe-division repair: 23102 nodes, 21940 edges (geometric_candidates=240, deepcenter_rejected=208, post_veto_candidates=32, added=25, cap_skipped=0, mutual_nn_rejected=134, divergence_rejected=1031)\n"}
,{"stream_name":"stdout","time":5585.684573992,"data":"  [44b6_267148e4] after division-geometry-filter+prune-isolated: 23041 nodes, 21940 edges\n"}
,{"stream_name":"stdout","time":5585.684590257,"data":"  [44b6_267148e4] after short-track filtering: 22358 nodes, 21427 edges (components_removed=170)\n"}
,{"stream_name":"stdout","time":5590.516275906,"data":"  [44b6_267148e4] FINAL: 22358 nodes, 21427 edges\n"}
,{"stream_name":"stdout","time":5639.930019366,"data":"  [44b6_2a2eff9f] after edge-filter+motion-relink: 40122 nodes, 37629 edges\n"}
,{"stream_name":"stdout","time":5658.407289571,"data":"  [44b6_2a2eff9f] after gap-closing (single-frame + gap2): 40670 nodes, 38647 edges\n"}
,{"stream_name":"stdout","time":5690.220464991,"data":"  [44b6_2a2eff9f] after safe-division repair: 40670 nodes, 38671 edges (geometric_candidates=287, deepcenter_rejected=262, post_veto_candidates=25, added=24, cap_skipped=0, mutual_nn_rejected=73, divergence_rejected=1589)\n"}
,{"stream_name":"stdout","time":5690.22051044,"data":"  [44b6_2a2eff9f] after division-geometry-filter+prune-isolated: 40669 nodes, 38671 edges\n"}
,{"stream_name":"stdout","time":5690.220519454,"data":"  [44b6_2a2eff9f] after short-track filtering: 39267 nodes, 37586 edges (components_removed=317)\n"}
,{"stream_name":"stdout","time":5698.151617326,"data":"  [44b6_2a2eff9f] FINAL: 39267 nodes, 37586 edges\n"}
,{"stream_name":"stdout","time":5700.892379547,"data":"  [44b6_341df25f] after edge-filter+motion-relink: 8525 nodes, 8201 edges\n"}
,{"stream_name":"stdout","time":5702.969739405,"data":"  [44b6_341df25f] after gap-closing (single-frame + gap2): 8582 nodes, 8301 edges\n"}
,{"stream_name":"stdout","time":5711.064832176,"data":"  [44b6_341df25f] after safe-division repair: 8582 nodes, 8311 edges (geometric_candidates=32, deepcenter_rejected=21, post_veto_candidates=11, added=10, cap_skipped=0, mutual_nn_rejected=5, divergence_rejected=154)\n"}
,{"stream_name":"stdout","time":5711.064877689,"data":"  [44b6_341df25f] after division-geometry-filter+prune-isolated: 8580 nodes, 8311 edges\n"}
,{"stream_name":"stdout","time":5711.064882717,"data":"  [44b6_341df25f] after short-track filtering: 8440 nodes, 8203 edges (components_removed=32)\n"}
,{"stream_name":"stdout","time":5712.909222014,"data":"  [44b6_341df25f] FINAL: 8440 nodes, 8203 edges\n"}
,{"stream_name":"stdout","time":5714.205837242,"data":"  [6bba_062c8d37] after edge-filter+motion-relink: 5986 nodes, 5634 edges\n"}
,{"stream_name":"stdout","time":5715.553014545,"data":"  [6bba_062c8d37] after gap-closing (single-frame + gap2): 6035 nodes, 5727 edges\n"}
,{"stream_name":"stdout","time":5719.811291396,"data":"  [6bba_062c8d37] after safe-division repair: 6035 nodes, 5731 edges (geometric_candidates=15, deepcenter_rejected=10, post_veto_candidates=5, added=4, cap_skipped=0, mutual_nn_rejected=4, divergence_rejected=69)\n"}
,{"stream_name":"stdout","time":5719.811325862,"data":"  [6bba_062c8d37] after division-geometry-filter+prune-isolated: 6012 nodes, 5731 edges\n"}
,{"stream_name":"stdout","time":5719.811338424,"data":"  [6bba_062c8d37] after short-track filtering: 5851 nodes, 5614 edges (components_removed=44)\n"}
,{"stream_name":"stdout","time":5721.104050748,"data":"  [6bba_062c8d37] FINAL: 5851 nodes, 5614 edges\n"}
,{"stream_name":"stdout","time":5751.515169206,"data":"  [6bba_07e24132] after edge-filter+motion-relink: 31271 nodes, 29619 edges\n"}
,{"stream_name":"stdout","time":5763.417524619,"data":"  [6bba_07e24132] after gap-closing (single-frame + gap2): 31603 nodes, 30225 edges\n"}
,{"stream_name":"stdout","time":5782.79235822,"data":"  [6bba_07e24132] after safe-division repair: 31603 nodes, 30229 edges (geometric_candidates=129, deepcenter_rejected=125, post_veto_candidates=4, added=4, cap_skipped=0, mutual_nn_rejected=83, divergence_rejected=1132)\n"}
,{"stream_name":"stdout","time":5782.792391329,"data":"  [6bba_07e24132] after division-geometry-filter+prune-isolated: 31587 nodes, 30229 edges\n"}
,{"stream_name":"stdout","time":5782.7923985,"data":"  [6bba_07e24132] after short-track filtering: 30563 nodes, 29441 edges (components_removed=236)\n"}
,{"stream_name":"stdout","time":5789.015111098,"data":"  [6bba_07e24132] FINAL: 30563 nodes, 29441 edges\n"}
,{"stream_name":"stdout","time":5791.572069177,"data":"  [6bba_085bf656] after edge-filter+motion-relink: 8435 nodes, 8112 edges\n"}
,{"stream_name":"stdout","time":5792.13544732,"data":"  [6bba_085bf656] after gap-closing (single-frame + gap2): 8451 nodes, 8141 edges\n"}
,{"stream_name":"stdout","time":5798.915117424,"data":"  [6bba_085bf656] after safe-division repair: 8451 nodes, 8144 edges (geometric_candidates=20, deepcenter_rejected=17, post_veto_candidates=3, added=3, cap_skipped=0, mutual_nn_rejected=6, divergence_rejected=104)\n"}
,{"stream_name":"stdout","time":5798.915168917,"data":"  [6bba_085bf656] after division-geometry-filter+prune-isolated: 8450 nodes, 8144 edges\n"}
,{"stream_name":"stdout","time":5798.915177759,"data":"  [6bba_085bf656] after short-track filtering: 8315 nodes, 8039 edges (components_removed=30)\n"}
,{"stream_name":"stdout","time":5800.599535351,"data":"  [6bba_085bf656] FINAL: 8315 nodes, 8039 edges\n"}
,{"stream_name":"stdout","time":5828.946364705,"data":"  [6bba_09961292] after edge-filter+motion-relink: 29928 nodes, 28768 edges\n"}
,{"stream_name":"stdout","time":5835.204444705,"data":"  [6bba_09961292] after gap-closing (single-frame + gap2): 30144 nodes, 29162 edges\n"}
,{"stream_name":"stdout","time":5850.948488117,"data":"  [6bba_09961292] after safe-division repair: 30144 nodes, 29190 edges (geometric_candidates=107, deepcenter_rejected=74, post_veto_candidates=33, added=28, cap_skipped=0, mutual_nn_rejected=79, divergence_rejected=993)\n"}
,{"stream_name":"stdout","time":5850.948535245,"data":"  [6bba_09961292] after division-geometry-filter+prune-isolated: 30136 nodes, 29190 edges\n"}
,{"stream_name":"stdout","time":5850.948543784,"data":"  [6bba_09961292] after short-track filtering: 29666 nodes, 28827 edges (components_removed=107)\n"}
,{"stream_name":"stdout","time":5856.876500628,"data":"  [6bba_09961292] FINAL: 29666 nodes, 28827 edges\n"}
,{"stream_name":"stdout","time":5856.876547237,"data":"[reuse28] n=8 adjusted_edge_jaccard=0.9211 division_jaccard=0.2857 (tp/fp/fn=4/2/8) PROXY_SCORE=0.9497  [7.4 min]\n"}
,{"stream_name":"stdout","time":5921.979001088,"data":"  [44b6_12dfb391] after edge-filter+motion-relink: 46018 nodes, 43662 edges\n"}
,{"stream_name":"stdout","time":5938.002967503,"data":"  [44b6_12dfb391] after gap-closing (single-frame + gap2): 46688 nodes, 44928 edges\n"}
,{"stream_name":"stdout","time":5964.742394565,"data":"  [44b6_12dfb391] after safe-division repair: 46688 nodes, 44953 edges (geometric_candidates=158, deepcenter_rejected=133, post_veto_candidates=25, added=25, cap_skipped=0, mutual_nn_rejected=68, divergence_rejected=1600)\n"}
,{"stream_name":"stdout","time":5964.742434564,"data":"  [44b6_12dfb391] after division-geometry-filter+prune-isolated: 46688 nodes, 44953 edges\n"}
,{"stream_name":"stdout","time":5964.742442002,"data":"  [44b6_12dfb391] after short-track filtering: 45486 nodes, 44024 edges (components_removed=273)\n"}
,{"stream_name":"stdout","time":5973.802855515,"data":"  [44b6_12dfb391] FINAL: 45486 nodes, 44024 edges\n"}
,{"stream_name":"stdout","time":5991.577140018,"data":"  [44b6_267148e4] after edge-filter+motion-relink: 22852 nodes, 21455 edges\n"}
,{"stream_name":"stdout","time":6002.212509587,"data":"  [44b6_267148e4] after gap-closing (single-frame + gap2): 23097 nodes, 21905 edges\n"}
,{"stream_name":"stdout","time":6028.20274539,"data":"  [44b6_267148e4] after safe-division repair: 23097 nodes, 21930 edges (geometric_candidates=240, deepcenter_rejected=207, post_veto_candidates=33, added=25, cap_skipped=0, mutual_nn_rejected=135, divergence_rejected=1035)\n"}
,{"stream_name":"stdout","time":6028.20280347,"data":"  [44b6_267148e4] after division-geometry-filter+prune-isolated: 23036 nodes, 21930 edges\n"}
,{"stream_name":"stdout","time":6028.202810671,"data":"  [44b6_267148e4] after short-track filtering: 22351 nodes, 21416 edges (components_removed=171)\n"}
,{"stream_name":"stdout","time":6032.960846281,"data":"  [44b6_267148e4] FINAL: 22351 nodes, 21416 edges\n"}
,{"stream_name":"stdout","time":6082.765463722,"data":"  [44b6_2a2eff9f] after edge-filter+motion-relink: 40122 nodes, 37629 edges\n"}
,{"stream_name":"stdout","time":6100.931468447,"data":"  [44b6_2a2eff9f] after gap-closing (single-frame + gap2): 40654 nodes, 38615 edges\n"}
,{"stream_name":"stdout","time":6132.769189115,"data":"  [44b6_2a2eff9f] after safe-division repair: 40654 nodes, 38639 edges (geometric_candidates=288, deepcenter_rejected=263, post_veto_candidates=25, added=24, cap_skipped=0, mutual_nn_rejected=73, divergence_rejected=1616)\n"}
,{"stream_name":"stdout","time":6132.769226966,"data":"  [44b6_2a2eff9f] after division-geometry-filter+prune-isolated: 40653 nodes, 38639 edges\n"}
,{"stream_name":"stdout","time":6132.769233976,"data":"  [44b6_2a2eff9f] after short-track filtering: 39234 nodes, 37541 edges (components_removed=321)\n"}
,{"stream_name":"stdout","time":6140.667982472,"data":"  [44b6_2a2eff9f] FINAL: 39234 nodes, 37541 edges\n"}
,{"stream_name":"stdout","time":6143.198948396,"data":"  [44b6_341df25f] after edge-filter+motion-relink: 8525 nodes, 8201 edges\n"}
,{"stream_name":"stdout","time":6145.21023877,"data":"  [44b6_341df25f] after gap-closing (single-frame + gap2): 8582 nodes, 8301 edges\n"}
,{"stream_name":"stdout","time":6153.251842834,"data":"  [44b6_341df25f] after safe-division repair: 8582 nodes, 8311 edges (geometric_candidates=32, deepcenter_rejected=21, post_veto_candidates=11, added=10, cap_skipped=0, mutual_nn_rejected=5, divergence_rejected=154)\n"}
,{"stream_name":"stdout","time":6153.251892787,"data":"  [44b6_341df25f] after division-geometry-filter+prune-isolated: 8580 nodes, 8311 edges\n"}
,{"stream_name":"stdout","time":6153.251899762,"data":"  [44b6_341df25f] after short-track filtering: 8440 nodes, 8203 edges (components_removed=32)\n"}
,{"stream_name":"stdout","time":6155.128760825,"data":"  [44b6_341df25f] FINAL: 8440 nodes, 8203 edges\n"}
,{"stream_name":"stdout","time":6156.415656196,"data":"  [6bba_062c8d37] after edge-filter+motion-relink: 5986 nodes, 5634 edges\n"}
,{"stream_name":"stdout","time":6157.81821628,"data":"  [6bba_062c8d37] after gap-closing (single-frame + gap2): 6034 nodes, 5725 edges\n"}
,{"stream_name":"stdout","time":6162.026116095,"data":"  [6bba_062c8d37] after safe-division repair: 6034 nodes, 5729 edges (geometric_candidates=15, deepcenter_rejected=10, post_veto_candidates=5, added=4, cap_skipped=0, mutual_nn_rejected=4, divergence_rejected=71)\n"}
,{"stream_name":"stdout","time":6162.026161131,"data":"  [6bba_062c8d37] after division-geometry-filter+prune-isolated: 6011 nodes, 5729 edges\n"}
,{"stream_name":"stdout","time":6162.026172451,"data":"  [6bba_062c8d37] after short-track filtering: 5850 nodes, 5612 edges (components_removed=44)\n"}
,{"stream_name":"stdout","time":6163.282758389,"data":"  [6bba_062c8d37] FINAL: 5850 nodes, 5612 edges\n"}
,{"stream_name":"stdout","time":6194.022225319,"data":"  [6bba_07e24132] after edge-filter+motion-relink: 31271 nodes, 29619 edges\n"}
,{"stream_name":"stdout","time":6206.035928825,"data":"  [6bba_07e24132] after gap-closing (single-frame + gap2): 31599 nodes, 30217 edges\n"}
,{"stream_name":"stdout","time":6225.485313339,"data":"  [6bba_07e24132] after safe-division repair: 31599 nodes, 30222 edges (geometric_candidates=130, deepcenter_rejected=125, post_veto_candidates=5, added=5, cap_skipped=0, mutual_nn_rejected=83, divergence_rejected=1134)\n"}
,{"stream_name":"stdout","time":6225.485348517,"data":"  [6bba_07e24132] after division-geometry-filter+prune-isolated: 31583 nodes, 30222 edges\n"}
,{"stream_name":"stdout","time":6225.485354812,"data":"  [6bba_07e24132] after short-track filtering: 30550 nodes, 29427 edges (components_removed=238)\n"}
,{"stream_name":"stdout","time":6231.631515398,"data":"  [6bba_07e24132] FINAL: 30550 nodes, 29427 edges\n"}
,{"stream_name":"stdout","time":6234.436049653,"data":"  [6bba_085bf656] after edge-filter+motion-relink: 8435 nodes, 8112 edges\n"}
,{"stream_name":"stdout","time":6235.009482799,"data":"  [6bba_085bf656] after gap-closing (single-frame + gap2): 8451 nodes, 8141 edges\n"}
,{"stream_name":"stdout","time":6241.801027874,"data":"  [6bba_085bf656] after safe-division repair: 8451 nodes, 8144 edges (geometric_candidates=20, deepcenter_rejected=17, post_veto_candidates=3, added=3, cap_skipped=0, mutual_nn_rejected=6, divergence_rejected=104)\n"}
,{"stream_name":"stdout","time":6241.801075149,"data":"  [6bba_085bf656] after division-geometry-filter+prune-isolated: 8450 nodes, 8144 edges\n"}
,{"stream_name":"stdout","time":6241.801080344,"data":"  [6bba_085bf656] after short-track filtering: 8315 nodes, 8039 edges (components_removed=30)\n"}
,{"stream_name":"stdout","time":6243.45756066,"data":"  [6bba_085bf656] FINAL: 8315 nodes, 8039 edges\n"}
,{"stream_name":"stdout","time":6271.345279719,"data":"  [6bba_09961292] after edge-filter+motion-relink: 29928 nodes, 28768 edges\n"}
,{"stream_name":"stdout","time":6278.03451442,"data":"  [6bba_09961292] after gap-closing (single-frame + gap2): 30143 nodes, 29160 edges\n"}
,{"stream_name":"stdout","time":6293.826369639,"data":"  [6bba_09961292] after safe-division repair: 30143 nodes, 29188 edges (geometric_candidates=107, deepcenter_rejected=74, post_veto_candidates=33, added=28, cap_skipped=0, mutual_nn_rejected=79, divergence_rejected=993)\n"}
,{"stream_name":"stdout","time":6293.826429426,"data":"  [6bba_09961292] after division-geometry-filter+prune-isolated: 30135 nodes, 29188 edges\n"}
,{"stream_name":"stdout","time":6293.826437632,"data":"  [6bba_09961292] after short-track filtering: 29663 nodes, 28824 edges (components_removed=108)\n"}
,{"stream_name":"stdout","time":6299.883341754,"data":"  [6bba_09961292] FINAL: 29663 nodes, 28824 edges\n"}
,{"stream_name":"stdout","time":6299.883373546,"data":"[dcgap035] n=8 adjusted_edge_jaccard=0.9211 division_jaccard=0.2857 (tp/fp/fn=4/2/8) PROXY_SCORE=0.9497  [7.4 min]\n"}
,{"stream_name":"stdout","time":6299.883397186,"data":"\n"}
,{"stream_name":"stdout","time":6299.883402638,"data":"==============================================================================\n"}
,{"stream_name":"stdout","time":6299.883424202,"data":"SWEEP TABLE (sorted by PROXY_SCORE)\n"}
,{"stream_name":"stdout","time":6299.883428963,"data":"==============================================================================\n"}
,{"stream_name":"stdout","time":6299.883433831,"data":"  relaxed9                                 proxy=0.9519 (+0.0022)  adj=0.9233  divJ=0.2857 (tp/fp/fn=4/2/8)\n"}
,{"stream_name":"stdout","time":6299.88343875,"data":"  bonus125                                 proxy=0.9500 (+0.0003)  adj=0.9214  divJ=0.2857 (tp/fp/fn=4/2/8)\n"}
,{"stream_name":"stdout","time":6299.883443611,"data":"  dcgap035                                 proxy=0.9497 (+0.0000)  adj=0.9211  divJ=0.2857 (tp/fp/fn=4/2/8)\n"}
,{"stream_name":"stdout","time":6299.883448394,"data":"  gap45                                    proxy=0.9497 (+0.0000)  adj=0.9211  divJ=0.2857 (tp/fp/fn=4/2/8)\n"}
,{"stream_name":"stdout","time":6299.883458498,"data":"  base                                     proxy=0.9497 (+0.0000)  adj=0.9211  divJ=0.2857 (tp/fp/fn=4/2/8)\n"}
,{"stream_name":"stdout","time":6299.883462766,"data":"  gap2step40                               proxy=0.9497 (+0.0000)  adj=0.9211  divJ=0.2857 (tp/fp/fn=4/2/8)\n"}
,{"stream_name":"stdout","time":6299.883466577,"data":"  reuse28                                  proxy=0.9497 (+0.0000)  adj=0.9211  divJ=0.2857 (tp/fp/fn=4/2/8)\n"}
,{"stream_name":"stdout","time":6299.883470267,"data":"  tight55                                  proxy=0.9495 (-0.0001)  adj=0.9210  divJ=0.2857 (tp/fp/fn=4/2/8)\n"}
,{"stream_name":"stdout","time":6299.883473661,"data":"\n"}
,{"stream_name":"stdout","time":6299.88347709,"data":"SELECTED: relaxed9  overrides={'MOTION_RELINK_RELAXED_UM': 9.0}  (margin rule: \u003e= +0.001 proxy and adj loss \u003c= 0.0005)\n"}
,{"stream_name":"stdout","time":6299.883480881,"data":"  base     proxy=0.9497 adj=0.9211 divJ=0.2857\n"}
,{"stream_name":"stdout","time":6299.883484237,"data":"  selected proxy=0.9519 adj=0.9233 divJ=0.2857\n"}
,{"stream_name":"stdout","time":6299.883487431,"data":"\n"}
,{"stream_name":"stdout","time":6299.883490615,"data":"Re-writing submission.csv with the selected post-process configuration: relaxed9\n"}
,{"stream_name":"stdout","time":6299.883493988,"data":"Found 4 prediction graphs\n"}
,{"stream_name":"stdout","time":6321.485377084,"data":"  [44b6_0113de3b] after edge-filter+motion-relink: 25743 nodes, 24819 edges\n"}
,{"stream_name":"stdout","time":6324.233940406,"data":"  [44b6_0113de3b] after gap-closing (single-frame + gap2): 25811 nodes, 24945 edges\n"}
,{"stream_name":"stdout","time":6350.224556832,"data":"  [44b6_0113de3b] after safe-division repair: 25811 nodes, 24987 edges (geometric_candidates=172, deepcenter_rejected=118, post_veto_candidates=54, added=42, cap_skipped=0, mutual_nn_rejected=75, divergence_rejected=551)\n"}
,{"stream_name":"stdout","time":6350.224608567,"data":"  [44b6_0113de3b] after division-geometry-filter+prune-isolated: 25804 nodes, 24987 edges\n"}
,{"stream_name":"stdout","time":6350.224614506,"data":"  [44b6_0113de3b] after short-track filtering: 25516 nodes, 24767 edges (components_removed=68)\n"}
,{"stream_name":"stdout","time":6355.534998196,"data":"  [44b6_0113de3b] FINAL: 25516 nodes, 24767 edges\n"}
,{"stream_name":"stdout","time":6371.003324244,"data":"  [44b6_0b24845f] after edge-filter+motion-relink: 21773 nodes, 19660 edges\n"}
,{"stream_name":"stdout","time":6388.673745299,"data":"  [44b6_0b24845f] after gap-closing (single-frame + gap2): 22177 nodes, 20397 edges\n"}
,{"stream_name":"stdout","time":6416.403805092,"data":"  [44b6_0b24845f] after safe-division repair: 22177 nodes, 20411 edges (geometric_candidates=224, deepcenter_rejected=207, post_veto_candidates=17, added=14, cap_skipped=0, mutual_nn_rejected=51, divergence_rejected=861)\n"}
,{"stream_name":"stdout","time":6416.403855163,"data":"  [44b6_0b24845f] after division-geometry-filter+prune-isolated: 22153 nodes, 20411 edges\n"}
,{"stream_name":"stdout","time":6416.403859963,"data":"  [44b6_0b24845f] after short-track filtering: 20045 nodes, 18787 edges (components_removed=484)\n"}
,{"stream_name":"stdout","time":6420.618391599,"data":"  [44b6_0b24845f] FINAL: 20045 nodes, 18787 edges\n"}
,{"stream_name":"stdout","time":6422.191093954,"data":"  [6bba_05b6850b] after edge-filter+motion-relink: 6286 nodes, 6007 edges\n"}
,{"stream_name":"stdout","time":6423.668355383,"data":"  [6bba_05b6850b] after gap-closing (single-frame + gap2): 6318 nodes, 6065 edges\n"}
,{"stream_name":"stdout","time":6429.233965659,"data":"  [6bba_05b6850b] after safe-division repair: 6318 nodes, 6071 edges (geometric_candidates=22, deepcenter_rejected=16, post_veto_candidates=6, added=6, cap_skipped=0, mutual_nn_rejected=5, divergence_rejected=86)\n"}
,{"stream_name":"stdout","time":6429.234043974,"data":"  [6bba_05b6850b] after division-geometry-filter+prune-isolated: 6317 nodes, 6071 edges\n"}
,{"stream_name":"stdout","time":6429.234052076,"data":"  [6bba_05b6850b] after short-track filtering: 6143 nodes, 5938 edges (components_removed=41)\n"}
,{"stream_name":"stdout","time":6430.452128847,"data":"  [6bba_05b6850b] FINAL: 6143 nodes, 5938 edges\n"}
,{"stream_name":"stdout","time":6584.746100051,"data":"  [6bba_05db0fb1] after edge-filter+motion-relink: 70718 nodes, 67861 edges\n"}
,{"stream_name":"stdout","time":6597.924540163,"data":"  [6bba_05db0fb1] after gap-closing (single-frame + gap2): 71169 nodes, 68704 edges\n"}
,{"stream_name":"stdout","time":6623.941306251,"data":"  [6bba_05db0fb1] after safe-division repair: 71169 nodes, 68732 edges (geometric_candidates=327, deepcenter_rejected=294, post_veto_candidates=33, added=28, cap_skipped=0, mutual_nn_rejected=309, divergence_rejected=2855)\n"}
,{"stream_name":"stdout","time":6623.941347951,"data":"  [6bba_05db0fb1] after division-geometry-filter+prune-isolated: 71130 nodes, 68732 edges\n"}
,{"stream_name":"stdout","time":6624.145315441,"data":"  [6bba_05db0fb1] after short-track filtering: 70189 nodes, 68010 edges (components_removed=219)\n"}
,{"stream_name":"stdout","time":6638.345737582,"data":"  [6bba_05db0fb1] FINAL: 70189 nodes, 68010 edges\n"}
,{"stream_name":"stdout","time":6638.857829493,"data":"Wrote /kaggle/working/submission.csv with 239,395 rows\n"}
,{"stream_name":"stdout","time":6638.857879862,"data":"Node rows: 121,893 | edge rows: 117,502\n"}
,{"stream_name":"stdout","time":6638.857884702,"data":"Wrote /kaggle/working/run_stats.csv\n"}
,{"stream_name":"stdout","time":6639.293689458,"data":"  44b6_0113de3b: nodes=25516 edges=24767 divisions=42\n"}
,{"stream_name":"stdout","time":6639.293728936,"data":"  44b6_0b24845f: nodes=20045 edges=18787 divisions=14\n"}
,{"stream_name":"stdout","time":6639.293734408,"data":"  6bba_05b6850b: nodes=6143 edges=5938 divisions=6\n"}
,{"stream_name":"stdout","time":6639.293738698,"data":"  6bba_05db0fb1: nodes=70189 edges=68010 divisions=28\n"}
,{"stream_name":"stdout","time":6639.293743181,"data":"Final submission.csv rows=239395  config=relaxed9\n"}
,{"stream_name":"stdout","time":6639.504800666,"data":"==============================================================================\n"}
,{"stream_name":"stdout","time":6639.504826157,"data":"PIPELINE MANIFEST -- resolved state, not just config\n"}
,{"stream_name":"stdout","time":6639.504832445,"data":"==============================================================================\n"}
,{"stream_name":"stdout","time":6639.504837066,"data":"Dual-seed ensemble:      requested=True  weights_found=True\n"}
,{"stream_name":"stdout","time":6639.504841276,"data":"Bidirectional fusion:    weight=0.15  active=True  mode=harmonic_probability\n"}
,{"stream_name":"stdout","time":6639.504845068,"data":"DeepCenter veto:         requested=True  loaded=True\n"}
,{"stream_name":"stdout","time":6639.504849143,"data":"  - checkpoint file:     /kaggle/input/datasets/pilkwang/biohub-deepcenter-unet3d-center-prior-v1/weights/full_frame_center/best.pt\n"}
,{"stream_name":"stdout","time":6639.504853615,"data":"  - expected epoch:      2\n"}
,{"stream_name":"stdout","time":6639.504857115,"data":"  - gap veto:            True\n"}
,{"stream_name":"stdout","time":6639.504860615,"data":"  - safe-div veto:       True\n"}
,{"stream_name":"stdout","time":6639.504863987,"data":"Safe-div thresholds:     parent\u003c=9.0um  sister\u003c=14.0um  global_cap=0.00375  frame_cap=0.0076\n"}
,{"stream_name":"stdout","time":6639.504868089,"data":"Validator:               enabled=True  held_out_samples=8  match_radius=7.0um\n"}
,{"stream_name":"stdout","time":6639.50487161,"data":"==============================================================================\n"}
,{"stream_name":"stderr","time":6644.721234619,"data":"/usr/local/lib/python3.12/dist-packages/mistune.py:435: SyntaxWarning: invalid escape sequence '\\|'\n"}
,{"stream_name":"stderr","time":6644.721286354,"data":"  cells[i][c] = re.sub('\\\\\\\\\\|', '|', cell)\n"}
,{"stream_name":"stderr","time":6644.864165639,"data":"/usr/local/lib/python3.12/dist-packages/nbconvert/filters/filter_links.py:36: SyntaxWarning: invalid escape sequence '\\_'\n"}
,{"stream_name":"stderr","time":6644.864194439,"data":"  text = re.sub(r'_', '\\_', text) # Escape underscores in display text\n"}
,{"stream_name":"stderr","time":6645.602962525,"data":"[NbConvertApp] Converting notebook __notebook__.ipynb to notebook\n"}
,{"stream_name":"stderr","time":6646.205343799,"data":"[NbConvertApp] Writing 633253 bytes to __notebook__.ipynb\n"}
,{"stream_name":"stderr","time":6648.939156538,"data":"[NbConvertApp] Converting notebook __notebook__.ipynb to html\n"}
,{"stream_name":"stderr","time":6650.538868401,"data":"[NbConvertApp] Writing 1575227 bytes to __results__.html\n"}
]