[{"stream_name":"stderr","time":6.355676573,"data":"0.00s - Debugger warning: It seems that frozen modules are being used, which may\n"}
,{"stream_name":"stderr","time":6.355739613,"data":"0.00s - make the debugger miss breakpoints. Please pass -Xfrozen_modules=off\n"}
,{"stream_name":"stderr","time":6.355743846,"data":"0.00s - to python to disable frozen modules.\n"}
,{"stream_name":"stderr","time":6.355746526,"data":"0.00s - Note: Debugging will proceed. Set PYDEVD_DISABLE_FILE_VALIDATION=1 to disable this validation.\n"}
,{"stream_name":"stderr","time":6.928522062,"data":"0.00s - Debugger warning: It seems that frozen modules are being used, which may\n"}
,{"stream_name":"stderr","time":6.928551067,"data":"0.00s - make the debugger miss breakpoints. Please pass -Xfrozen_modules=off\n"}
,{"stream_name":"stderr","time":6.928560844,"data":"0.00s - to python to disable frozen modules.\n"}
,{"stream_name":"stderr","time":6.928563677,"data":"0.00s - Note: Debugging will proceed. Set PYDEVD_DISABLE_FILE_VALIDATION=1 to disable this validation.\n"}
,{"stream_name":"stdout","time":8.483936402,"data":"BIOHUB_PRESET: harmonic_v3_division_wide\n"}
,{"stream_name":"stdout","time":8.483989164,"data":"BIOHUB_SCORE_AXIS: public 0.939 base + holdout-selected post-process configuration\n"}
,{"stream_name":"stdout","time":11.868639756,"data":"BIOHUB_D4_DEVICE_GUARD: two CUDA devices confirmed\n"}
,{"stream_name":"stdout","time":11.894736845,"data":"Configuration guard: PASS\n"}
,{"stream_name":"stdout","time":11.894760844,"data":"Baseline: fixed-90 dual-seed clean pipeline (public LB 0.913)\n"}
,{"stream_name":"stdout","time":11.894773426,"data":"Single model-level change: harmonic mutual-support association fusion\n"}
,{"stream_name":"stdout","time":11.894777606,"data":"Reverse-time association weight: 0.200\n"}
,{"stream_name":"stdout","time":12.61224571,"data":"Biohub learned UNet + node-transformer + ILP submission\n"}
,{"stream_name":"stdout","time":12.61226872,"data":"COMP_DIR: /kaggle/input/competitions/biohub-cell-tracking-during-development exists: True\n"}
,{"stream_name":"stdout","time":12.61227231,"data":"TEST_DIR: /kaggle/input/competitions/biohub-cell-tracking-during-development/test exists: True\n"}
,{"stream_name":"stdout","time":12.612275038,"data":"{\n"}
,{"stream_name":"stdout","time":12.612278094,"data":"  \"adaptive_short_track_rescue\": true,\n"}
,{"stream_name":"stdout","time":12.612280769,"data":"  \"allow_artifact_fallback\": false,\n"}
,{"stream_name":"stdout","time":12.612283285,"data":"  \"allow_pip_install\": false,\n"}
,{"stream_name":"stdout","time":12.612285671,"data":"  \"deepcenter_checkpoint_default\": \"/kaggle/input/biohub-deepcenter-unet3d-center-prior-v1/weights/full_frame_center/best.pt\",\n"}
,{"stream_name":"stdout","time":12.612288385,"data":"  \"deepcenter_expected_epoch\": 2,\n"}
,{"stream_name":"stdout","time":12.612290804,"data":"  \"deepcenter_gap_add_gate\": true,\n"}
,{"stream_name":"stdout","time":12.612293155,"data":"  \"deepcenter_gap_confirm_min_span_um\": 8.5,\n"}
,{"stream_name":"stdout","time":12.612295554,"data":"  \"deepcenter_gap_threshold\": 0.25,\n"}
,{"stream_name":"stdout","time":12.612297992,"data":"  \"deepcenter_safe_div_add_gate\": true,\n"}
,{"stream_name":"stdout","time":12.61230036,"data":"  \"deepcenter_safe_div_threshold\": 0.25,\n"}
,{"stream_name":"stdout","time":12.612302722,"data":"  \"det_threshold\": 0.965,\n"}
,{"stream_name":"stdout","time":12.612305104,"data":"  \"div_drop_to_single_if_bad\": true,\n"}
,{"stream_name":"stdout","time":12.612307518,"data":"  \"div_parent_max_um\": 10.5,\n"}
,{"stream_name":"stdout","time":12.612309857,"data":"  \"div_sister_max_um\": 8.0,\n"}
,{"stream_name":"stdout","time":12.61232311,"data":"  \"experiment_tag\": \"selected_101_dual_seed_near_balanced_center_confirmed_synthetic_gap\",\n"}
,{"stream_name":"stdout","time":12.612325985,"data":"  \"gap2_frame_frac_cap\": 0.006,\n"}
,{"stream_name":"stdout","time":12.612328455,"data":"  \"gap2_max_links_abs\": 180,\n"}
,{"stream_name":"stdout","time":12.612330795,"data":"  \"gap2_max_links_frac\": 0.0045,\n"}
,{"stream_name":"stdout","time":12.612333189,"data":"  \"gap2_max_step_um\": 4.4,\n"}
,{"stream_name":"stdout","time":12.612335554,"data":"  \"gap2_max_total_um\": 10.2,\n"}
,{"stream_name":"stdout","time":12.612337893,"data":"  \"gap2_require_context\": true,\n"}
,{"stream_name":"stdout","time":12.612340267,"data":"  \"gap_close_effective_max_gap\": 1,\n"}
,{"stream_name":"stdout","time":12.612343066,"data":"  \"gap_close_max_added_abs\": 2000,\n"}
,{"stream_name":"stdout","time":12.612345395,"data":"  \"gap_close_max_added_frac\": 0.05,\n"}
,{"stream_name":"stdout","time":12.612347845,"data":"  \"gap_close_max_gap\": 2,\n"}
,{"stream_name":"stdout","time":12.612350172,"data":"  \"gap_close_reuse_existing\": true,\n"}
,{"stream_name":"stdout","time":12.612352604,"data":"  \"gap_close_reuse_um\": 3.2,\n"}
,{"stream_name":"stdout","time":12.61235496,"data":"  \"gap_close_um\": 5.0,\n"}
,{"stream_name":"stdout","time":12.61235729,"data":"  \"gap_density_adaptive\": true,\n"}
,{"stream_name":"stdout","time":12.612359607,"data":"  \"gap_density_gain\": 0.04,\n"}
,{"stream_name":"stdout","time":12.612362019999999,"data":"  \"gap_density_max_step_delta_um\": 0.125,\n"}
,{"stream_name":"stdout","time":12.6123644,"data":"  \"gap_density_neighbors\": 3,\n"}
,{"stream_name":"stdout","time":12.612370569,"data":"  \"gap_density_reference_um\": 6.5,\n"}
,{"stream_name":"stdout","time":12.612373152,"data":"  \"gap_refine_max_shift_um\": 3.2,\n"}
,{"stream_name":"stdout","time":12.612375507,"data":"  \"gap_refine_synthetic\": true,\n"}
,{"stream_name":"stdout","time":12.612378159,"data":"  \"gap_refine_win_yx\": 3,\n"}
,{"stream_name":"stdout","time":12.61238063,"data":"  \"gap_refine_win_z\": 1,\n"}
,{"stream_name":"stdout","time":12.612382979,"data":"  \"ilp_appearance_weight\": 0.0,\n"}
,{"stream_name":"stdout","time":12.612385425,"data":"  \"ilp_disappearance_weight\": 2.0,\n"}
,{"stream_name":"stdout","time":12.612387777,"data":"  \"ilp_division_weight\": 1.2,\n"}
,{"stream_name":"stdout","time":12.612390179,"data":"  \"ilp_edge_weight\": -1.0,\n"}
,{"stream_name":"stdout","time":12.612392535,"data":"  \"method\": \"unet_transformer\",\n"}
,{"stream_name":"stdout","time":12.612395049,"data":"  \"motion_relink_learned_bonus\": 1.0,\n"}
,{"stream_name":"stdout","time":12.612397449,"data":"  \"motion_relink_max_frame_nodes\": 2600,\n"}
,{"stream_name":"stdout","time":12.612399842,"data":"  \"motion_relink_relaxed_um\": 10.0,\n"}
,{"stream_name":"stdout","time":12.61240222,"data":"  \"motion_relink_tight_um\": 6.0,\n"}
,{"stream_name":"stdout","time":12.61240466,"data":"  \"motion_relink_velocity_weight\": 0.5,\n"}
,{"stream_name":"stdout","time":12.612407045,"data":"  \"output_division_geometry_filter\": false,\n"}
,{"stream_name":"stdout","time":12.612409497,"data":"  \"output_edge_max_um\": 14.0,\n"}
,{"stream_name":"stdout","time":12.612412843,"data":"  \"output_enforce_next_frame\": true,\n"}
,{"stream_name":"stdout","time":12.612415334,"data":"  \"output_filter_short_tracks\": true,\n"}
,{"stream_name":"stdout","time":12.612435131,"data":"  \"output_gap2_recovery\": true,\n"}
,{"stream_name":"stdout","time":12.612437818,"data":"  \"output_gap_close\": true,\n"}
,{"stream_name":"stdout","time":12.612442893,"data":"  \"output_keep_division_components\": true,\n"}
,{"stream_name":"stdout","time":12.612445564,"data":"  \"output_linefit_smooth\": true,\n"}
,{"stream_name":"stdout","time":12.61244808,"data":"  \"output_linefit_weight\": 0.8,\n"}
,{"stream_name":"stdout","time":12.612450704,"data":"  \"output_linefit_window\": 2,\n"}
,{"stream_name":"stdout","time":12.612453199,"data":"  \"output_min_track_len\": 6,\n"}
,{"stream_name":"stdout","time":12.612455714,"data":"  \"output_motion_relink\": true,\n"}
,{"stream_name":"stdout","time":12.612458238,"data":"  \"output_prune_isolated\": true,\n"}
,{"stream_name":"stdout","time":12.612460758,"data":"  \"output_safe_divisions\": true,\n"}
,{"stream_name":"stdout","time":12.612463271,"data":"  \"output_single_child_repair\": false,\n"}
,{"stream_name":"stdout","time":12.612465829,"data":"  \"output_single_parent_repair\": true,\n"}
,{"stream_name":"stdout","time":12.61246839,"data":"  \"primary_artifact_manifest\": \"/kaggle/input/datasets/pilkwang/biohub-tracking-support-pack-50ep-v1/ARTIFACT_MANIFEST.json\",\n"}
,{"stream_name":"stdout","time":12.612471186,"data":"  \"safe_div_existing_child_max_um\": 10.0,\n"}
,{"stream_name":"stdout","time":12.612473722,"data":"  \"safe_div_frame_frac_cap\": 0.0076,\n"}
,{"stream_name":"stdout","time":12.612476252,"data":"  \"safe_div_global_frac_cap\": 0.00375,\n"}
,{"stream_name":"stdout","time":12.612478808,"data":"  \"safe_div_max_um\": 9.0,\n"}
,{"stream_name":"stdout","time":12.612481305,"data":"  \"safe_div_sister_max_um\": 14.0,\n"}
,{"stream_name":"stdout","time":12.612483804,"data":"  \"short_track_rescue_max_mean_edge_dist_um\": 3.0,\n"}
,{"stream_name":"stdout","time":12.61248638,"data":"  \"short_track_rescue_max_nodes_abs\": 120,\n"}
,{"stream_name":"stdout","time":12.612488909,"data":"  \"short_track_rescue_max_nodes_frac\": 0.012,\n"}
,{"stream_name":"stdout","time":12.612491522,"data":"  \"short_track_rescue_min_len\": 4,\n"}
,{"stream_name":"stdout","time":12.61249405,"data":"  \"short_track_rescue_min_mean_edge_prob\": 0.88,\n"}
,{"stream_name":"stdout","time":12.612496604,"data":"  \"short_track_rescue_trigger_removed_frac\": 0.1,\n"}
,{"stream_name":"stdout","time":12.612499204,"data":"  \"slice\": \"\",\n"}
,{"stream_name":"stdout","time":12.612501766,"data":"  \"target_artifact_slug\": \"biohub-tracking-support-pack-50ep-v1\",\n"}
,{"stream_name":"stdout","time":12.612504417,"data":"  \"unet_batch_size\": 4,\n"}
,{"stream_name":"stdout","time":12.612506914,"data":"  \"use_deepcenter_add_only_gate\": true,\n"}
,{"stream_name":"stdout","time":12.612509452,"data":"  \"use_ilp\": true,\n"}
,{"stream_name":"stdout","time":12.612511996,"data":"  \"weights\": \"weights/unet_transformer/split_0/edge_predictor_best.pth\"\n"}
,{"stream_name":"stdout","time":12.612514656,"data":"}\n"}
,{"stream_name":"stdout","time":12.817964461,"data":"ARTIFACTS: /kaggle/input/datasets/pilkwang/biohub-tracking-support-pack-50ep-v1\n"}
,{"stream_name":"stdout","time":12.817988885,"data":"Has offline wheels: True\n"}
,{"stream_name":"stdout","time":12.817992317,"data":"Artifact name: biohub-tracking-support-pack-400ep-snapshot-v1\n"}
,{"stream_name":"stdout","time":12.817995167,"data":"Weight sha256: 12f6881ee3620a831697ca098ff8f48e687a24225f4e048b538deec3562fe771\n"}
,{"stream_name":"stdout","time":12.817997877,"data":"Weight path: weights/unet_transformer/split_0/edge_predictor_best.pth\n"}
,{"stream_name":"stdout","time":13.577859937,"data":"Installing missing packages from offline package dirs: ['polars']\n"}
,{"stream_name":"stdout","time":13.577908324,"data":"Dependency resolver is disabled with --no-deps to avoid replacing Kaggle numpy/scipy in a live kernel.\n"}
,{"stream_name":"stdout","time":13.577927778,"data":"Offline package dirs: ['/kaggle/input/datasets/pilkwang/biohub-tracking-support-pack-50ep-v1/wheels']\n"}
,{"stream_name":"stdout","time":19.226991397,"data":"Offline dependency install succeeded.\n"}
,{"stream_name":"stdout","time":19.227030804,"data":"Installing missing packages from offline package dirs: ['tracksdata', 'zarr', 'pyscipopt', 'geff', 'geff_spec', 'ilpy', 'imagecodecs', 'rustworkx', 'numcodecs', 'donfig', 'bidict']\n"}
,{"stream_name":"stdout","time":19.227051976,"data":"Dependency resolver is disabled with --no-deps to avoid replacing Kaggle numpy/scipy in a live kernel.\n"}
,{"stream_name":"stdout","time":19.22707507,"data":"Offline package dirs: ['/kaggle/input/datasets/pilkwang/biohub-tracking-support-pack-50ep-v1/wheels']\n"}
,{"stream_name":"stdout","time":40.381189335,"data":"Offline dependency install succeeded.\n"}
,{"stream_name":"stderr","time":46.997046569,"data":"/usr/local/lib/python3.12/dist-packages/dask/array/image.py:7: FutureWarning: `find_available_plugins` is deprecated since version 0.25 and will be removed in version 0.27. The plugin infrastructure of `skimage.io` is deprecated. Instead, use `imageio` or other I/O packages directly.\n"}
,{"stream_name":"stderr","time":46.997073682,"data":"  from skimage.io import imread as sk_imread\n"}
,{"stream_name":"stderr","time":46.997079864,"data":"/usr/lib/python3.12/importlib/__init__.py:90: FutureWarning: `reset_plugins` is deprecated since version 0.25 and will be removed in version 0.27. The plugin infrastructure of `skimage.io` is deprecated. Instead, use `imageio` or other I/O packages directly.\n"}
,{"stream_name":"stderr","time":46.997098371,"data":"  return _bootstrap._gcd_import(name[level:], package, level)\n"}
,{"stream_name":"stderr","time":46.997103661,"data":"\n"}
,{"stream_name":"stderr","time":46.997108267,"data":"/usr/local/lib/python3.12/dist-packages/dask/array/image.py:7: FutureWarning: `find_available_plugins` is deprecated since version 0.25 and will be removed in version 0.27. The plugin infrastructure of `skimage.io` is deprecated. Instead, use `imageio` or other I/O packages directly.\n"}
,{"stream_name":"stderr","time":46.997113942,"data":"  from skimage.io import imread as sk_imread\n"}
,{"stream_name":"stderr","time":46.997118656,"data":"/usr/lib/python3.12/importlib/__init__.py:90: FutureWarning: `reset_plugins` is deprecated since version 0.25 and will be removed in version 0.27. The plugin infrastructure of `skimage.io` is deprecated. Instead, use `imageio` or other I/O packages directly.\n"}
,{"stream_name":"stderr","time":46.997123953,"data":"  return _bootstrap._gcd_import(name[level:], package, level)\n"}
,{"stream_name":"stdout","time":47.20890284,"data":"Required graph/Zarr/ILP packages import successfully.\n"}
,{"stream_name":"stdout","time":47.208935394,"data":"Inference repo: /kaggle/working/tracking_repo\n"}
,{"stream_name":"stdout","time":47.208942344,"data":"Weights: /kaggle/working/tracking_repo/weights/unet_transformer/split_0/edge_predictor_best.pth\n"}
,{"stream_name":"stdout","time":47.983285230999996,"data":"Support repo Python manifest SHA256: 978b626d1fd1e7397435a437dfe68691defe1572fc3c20e61012d7c9b52ed029\n"}
,{"stream_name":"stdout","time":47.983324948,"data":"Primary materialized SHA256: 12f6881ee3620a831697ca098ff8f48e687a24225f4e048b538deec3562fe771\n"}
,{"stream_name":"stdout","time":47.983330185,"data":"DeepCenter materialized SHA256: 8040999a92f6b7bbd98fa8cf458141e045c0f9ad7c936bdb3b18e1f7edafe2a0\n"}
,{"stream_name":"stdout","time":293.201412762,"data":"Secondary artifact: /kaggle/input/datasets/pilkwang/biohub-temporal-unet3d-seed314159-v1\n"}
,{"stream_name":"stdout","time":293.2014707,"data":"Secondary weight: /kaggle/working/secondary_seed_weights/unet_transformer/split_0/edge_predictor_best.pth\n"}
,{"stream_name":"stdout","time":293.201476919,"data":"Secondary SHA256: 9bac2fa0dadc4a6fc1899e0caf187f4b553e0a7cd90ba1261a68b35ffe9e305f\n"}
,{"stream_name":"stdout","time":293.201480832,"data":"Secondary edge-logit weight: 0.15\n"}
,{"stream_name":"stdout","time":293.201485104,"data":"Runtime integrity receipt: /kaggle/working/bidirectional_production_runtime_integrity.json\n"}
,{"stream_name":"stdout","time":293.55761767,"data":"CUDA device: Tesla T4\n"}
,{"stream_name":"stdout","time":293.594310757,"data":"TTA patch applied (400ep spatial D4-style)\n"}
,{"stream_name":"stdout","time":293.594330295,"data":"Calibrated dual-seed runtime patch applied\n"}
,{"stream_name":"stdout","time":293.594334862,"data":"Frozen frame retention guard applied at 0.90\n"}
,{"stream_name":"stdout","time":293.594338551,"data":"Bidirectional harmonic-probability association fusion applied | weight= 0.15\n"}
,{"stream_name":"stdout","time":293.594342423,"data":"Pre-ILP detector-coordinate manifest hook applied\n"}
,{"stream_name":"stdout","time":293.594346168,"data":"EDGE_TTA patch installed and enabled in /kaggle/working/tracking_repo/scripts/predict_unet_transformer.py\n"}
,{"stream_name":"stdout","time":293.594349952,"data":"secondary edge-feature TTA patch installed and enabled\n"}
,{"stream_name":"stdout","time":293.603009136,"data":"PROJECT_D4_CORRECTION: eight unique views; same eight passes\n"}
,{"stream_name":"stdout","time":293.60792934,"data":"Found 4 test videos\n"}
,{"stream_name":"stdout","time":293.607944839,"data":"['44b6_0113de3b', '44b6_0b24845f', '6bba_05b6850b', '6bba_05db0fb1']\n"}
,{"stream_name":"stdout","time":293.607949898,"data":"Launching 2 independent video shards on CUDA devices ['0', '1']\n"}
,{"stream_name":"stdout","time":293.607954461,"data":"GPU shard 0: CUDA_VISIBLE_DEVICES=0 | /usr/bin/python3 scripts/predict_unet_transformer.py --data-dir /kaggle/input/competitions/biohub-cell-tracking-during-development/test --splits kaggle_test_splits_50ep.json --split 0 --weights weights/unet_transformer/split_0/edge_predictor_best.pth --unet-batch-size 4 --det-threshold 0.965 --ilp-edge-weight -1.0 --ilp-appearance-weight 0.0 --ilp-disappearance-weight 2.0 --ilp-division-weight 1.2 --use-ilp --method unet_transformer_gpu0 --slice 0::2\n"}
,{"stream_name":"stdout","time":293.608904591,"data":"GPU shard 1: CUDA_VISIBLE_DEVICES=1 | /usr/bin/python3 scripts/predict_unet_transformer.py --data-dir /kaggle/input/competitions/biohub-cell-tracking-during-development/test --splits kaggle_test_splits_50ep.json --split 0 --weights weights/unet_transformer/split_0/edge_predictor_best.pth --unet-batch-size 4 --det-threshold 0.965 --ilp-edge-weight -1.0 --ilp-appearance-weight 0.0 --ilp-disappearance-weight 2.0 --ilp-division-weight 1.2 --use-ilp --method unet_transformer_gpu1 --slice 1::2\n"}
,{"stream_name":"stderr","time":298.405486554,"data":"/usr/local/lib/python3.12/dist-packages/dask/array/image.py:7: FutureWarning: `find_available_plugins` is deprecated since version 0.25 and will be removed in version 0.27. The plugin infrastructure of `skimage.io` is deprecated. Instead, use `imageio` or other I/O packages directly.\n"}
,{"stream_name":"stderr","time":298.405518817,"data":"  from skimage.io import imread as sk_imread\n"}
,{"stream_name":"stderr","time":298.410768909,"data":"/usr/lib/python3.12/importlib/__init__.py:90: FutureWarning: `reset_plugins` is deprecated since version 0.25 and will be removed in version 0.27. The plugin infrastructure of `skimage.io` is deprecated. Instead, use `imageio` or other I/O packages directly.\n"}
,{"stream_name":"stderr","time":298.410822671,"data":"  return _bootstrap._gcd_import(name[level:], package, level)\n"}
,{"stream_name":"stderr","time":298.414677864,"data":"/usr/local/lib/python3.12/dist-packages/dask/array/image.py:7: FutureWarning: `find_available_plugins` is deprecated since version 0.25 and will be removed in version 0.27. The plugin infrastructure of `skimage.io` is deprecated. Instead, use `imageio` or other I/O packages directly.\n"}
,{"stream_name":"stderr","time":298.414696826,"data":"  from skimage.io import imread as sk_imread\n"}
,{"stream_name":"stderr","time":298.419695192,"data":"/usr/lib/python3.12/importlib/__init__.py:90: FutureWarning: `reset_plugins` is deprecated since version 0.25 and will be removed in version 0.27. The plugin infrastructure of `skimage.io` is deprecated. Instead, use `imageio` or other I/O packages directly.\n"}
,{"stream_name":"stderr","time":298.419713138,"data":"  return _bootstrap._gcd_import(name[level:], package, level)\n"}
,{"stream_name":"stderr","time":298.607703696,"data":"/usr/local/lib/python3.12/dist-packages/dask/array/image.py:7: FutureWarning: `find_available_plugins` is deprecated since version 0.25 and will be removed in version 0.27. The plugin infrastructure of `skimage.io` is deprecated. Instead, use `imageio` or other I/O packages directly.\n"}
,{"stream_name":"stderr","time":298.607743158,"data":"  from skimage.io import imread as sk_imread\n"}
,{"stream_name":"stderr","time":298.607748916,"data":"/usr/lib/python3.12/importlib/__init__.py:90: FutureWarning: `reset_plugins` is deprecated since version 0.25 and will be removed in version 0.27. The plugin infrastructure of `skimage.io` is deprecated. Instead, use `imageio` or other I/O packages directly.\n"}
,{"stream_name":"stderr","time":298.60775381,"data":"  return _bootstrap._gcd_import(name[level:], package, level)\n"}
,{"stream_name":"stderr","time":298.607758046,"data":"/usr/local/lib/python3.12/dist-packages/dask/array/image.py:7: FutureWarning: `find_available_plugins` is deprecated since version 0.25 and will be removed in version 0.27. The plugin infrastructure of `skimage.io` is deprecated. Instead, use `imageio` or other I/O packages directly.\n"}
,{"stream_name":"stderr","time":298.607762947,"data":"  from skimage.io import imread as sk_imread\n"}
,{"stream_name":"stderr","time":298.607767205,"data":"/usr/lib/python3.12/importlib/__init__.py:90: FutureWarning: `reset_plugins` is deprecated since version 0.25 and will be removed in version 0.27. The plugin infrastructure of `skimage.io` is deprecated. Instead, use `imageio` or other I/O packages directly.\n"}
,{"stream_name":"stderr","time":298.607771996,"data":"  return _bootstrap._gcd_import(name[level:], package, level)\n"}
,{"stream_name":"stderr","time":298.607775808,"data":"\n"}
,{"stream_name":"stderr","time":298.607779447,"data":"/usr/local/lib/python3.12/dist-packages/dask/array/image.py:7: FutureWarning: `find_available_plugins` is deprecated since version 0.25 and will be removed in version 0.27. The plugin infrastructure of `skimage.io` is deprecated. Instead, use `imageio` or other I/O packages directly.\n"}
,{"stream_name":"stderr","time":298.607784162,"data":"  from skimage.io import imread as sk_imread\n"}
,{"stream_name":"stderr","time":298.607787762,"data":"/usr/lib/python3.12/importlib/__init__.py:90: FutureWarning: `reset_plugins` is deprecated since version 0.25 and will be removed in version 0.27. The plugin infrastructure of `skimage.io` is deprecated. Instead, use `imageio` or other I/O packages directly.\n"}
,{"stream_name":"stderr","time":298.607798086,"data":"  return _bootstrap._gcd_import(name[level:], package, level)\n"}
,{"stream_name":"stderr","time":298.607802524,"data":"/usr/local/lib/python3.12/dist-packages/dask/array/image.py:7: FutureWarning: `find_available_plugins` is deprecated since version 0.25 and will be removed in version 0.27. The plugin infrastructure of `skimage.io` is deprecated. Instead, use `imageio` or other I/O packages directly.\n"}
,{"stream_name":"stderr","time":298.60783602,"data":"  from skimage.io import imread as sk_imread\n"}
,{"stream_name":"stderr","time":298.60784112,"data":"/usr/lib/python3.12/importlib/__init__.py:90: FutureWarning: `reset_plugins` is deprecated since version 0.25 and will be removed in version 0.27. The plugin infrastructure of `skimage.io` is deprecated. Instead, use `imageio` or other I/O packages directly.\n"}
,{"stream_name":"stderr","time":298.607845558,"data":"  return _bootstrap._gcd_import(name[level:], package, level)\n"}
,{"stream_name":"stdout","time":299.165248895,"data":"Secondary model: /kaggle/working/secondary_seed_weights/unet_transformer/split_0/edge_predictor_best.pth | edge weight=0.150 | detection weight=0.800 | link mode=low_margin_consensus | temperature=1.000 | low-margin max=0.350 | edge threshold=0.480\n"}
,{"stream_name":"stdout","time":299.165522058,"data":"Fold 0: 2 datasets | weights=weights/unet_transformer/split_0/edge_predictor_best.pth | device=cuda | window_size=2 | pool_kernel_um=3.0\n"}
,{"stream_name":"stdout","time":299.165535529,"data":"Secondary model: /kaggle/working/secondary_seed_weights/unet_transformer/split_0/edge_predictor_best.pth | edge weight=0.150 | detection weight=0.800 | link mode=low_margin_consensus | temperature=1.000 | low-margin max=0.350 | edge threshold=0.480\n"}
,{"stream_name":"stdout","time":299.165539323,"data":"Fold 0: 2 datasets | weights=weights/unet_transformer/split_0/edge_predictor_best.pth | device=cuda | window_size=2 | pool_kernel_um=3.0\n"}
,{"stream_name":"stdout","time":299.367972373,"data":"Secondary model: /kaggle/working/secondary_seed_weights/unet_transformer/split_0/edge_predictor_best.pth | edge weight=0.150 | detection weight=0.800 | link mode=low_margin_consensus | temperature=1.000 | low-margin max=0.350 | edge threshold=0.480\n"}
,{"stream_name":"stdout","time":299.36800636,"data":"Fold 0: 2 datasets | weights=weights/unet_transformer/split_0/edge_predictor_best.pth | device=cuda | window_size=2 | pool_kernel_um=3.0\n"}
,{"stream_name":"stdout","time":299.368009974,"data":"Secondary model: /kaggle/working/secondary_seed_weights/unet_transformer/split_0/edge_predictor_best.pth | edge weight=0.150 | detection weight=0.800 | link mode=low_margin_consensus | temperature=1.000 | low-margin max=0.350 | edge threshold=0.480\n"}
,{"stream_name":"stdout","time":299.36801289,"data":"Fold 0: 2 datasets | weights=weights/unet_transformer/split_0/edge_predictor_best.pth | device=cuda | window_size=2 | pool_kernel_um=3.0\n"}
,{"stream_name":"stdout","time":300.948530213,"data":"EDGE_TTA_ACTIVE views= 8 mean_abs_feat_delta= 0.334764\n"}
,{"stream_name":"stdout","time":300.957646858,"data":"EDGE_TTA_ACTIVE views= 8 mean_abs_feat_delta= 0.378905\n"}
,{"stream_name":"stdout","time":301.151253448,"data":"EDGE_TTA_ACTIVE views= 8 mean_abs_feat_delta= 0.334764\n"}
,{"stream_name":"stdout","time":301.151279455,"data":"EDGE_TTA_ACTIVE views= 8 mean_abs_feat_delta= 0.378905\n"}
,{"stream_name":"stdout","time":301.805240777,"data":"SECONDARY_EDGE_TTA_ACTIVE views= 8 weight= 0.75 mean_abs_feat_delta= 0.241296\n"}
,{"stream_name":"stdout","time":301.822136124,"data":"SECONDARY_EDGE_TTA_ACTIVE views= 8 weight= 0.75 mean_abs_feat_delta= 0.302383\n"}
,{"stream_name":"stdout","time":301.918281723,"data":"BIOHUB_RETENTION_GUARD {\"blended_candidates\": 363, \"dataset\": \"44b6_0b24845f\", \"frame\": 0, \"minimum_retention\": 0.9, \"primary_candidates\": 424, \"retention\": 0.8561320754716981, \"use_primary\": true}\n"}
,{"stream_name":"stdout","time":301.919833296,"data":"BIOHUB_RETENTION_GUARD {\"blended_candidates\": 366, \"dataset\": \"44b6_0b24845f\", \"frame\": 1, \"minimum_retention\": 0.9, \"primary_candidates\": 425, \"retention\": 0.8611764705882353, \"use_primary\": true}\n"}
,{"stream_name":"stdout","time":302.008414086,"data":"SECONDARY_EDGE_TTA_ACTIVE views= 8 weight= 0.75 mean_abs_feat_delta= 0.241296\n"}
,{"stream_name":"stdout","time":302.008451005,"data":"SECONDARY_EDGE_TTA_ACTIVE views= 8 weight= 0.75 mean_abs_feat_delta= 0.302383\n"}
,{"stream_name":"stdout","time":302.008456802,"data":"BIOHUB_RETENTION_GUARD {\"blended_candidates\": 363, \"dataset\": \"44b6_0b24845f\", \"frame\": 0, \"minimum_retention\": 0.9, \"primary_candidates\": 424, \"retention\": 0.8561320754716981, \"use_primary\": true}\n"}
,{"stream_name":"stdout","time":302.008462977,"data":"BIOHUB_RETENTION_GUARD {\"blended_candidates\": 366, \"dataset\": \"44b6_0b24845f\", \"frame\": 1, \"minimum_retention\": 0.9, \"primary_candidates\": 425, \"retention\": 0.8611764705882353, \"use_primary\": true}\n"}
,{"stream_name":"stdout","time":305.713874112,"data":"EDGE_TTA_ACTIVE views= 8 mean_abs_feat_delta= 0.33888\n"}
,{"stream_name":"stdout","time":305.776438781,"data":"EDGE_TTA_ACTIVE views= 8 mean_abs_feat_delta= 0.379981\n"}
,{"stream_name":"stdout","time":305.916353671,"data":"EDGE_TTA_ACTIVE views= 8 mean_abs_feat_delta= 0.33888\n"}
,{"stream_name":"stdout","time":305.916384728,"data":"EDGE_TTA_ACTIVE views= 8 mean_abs_feat_delta= 0.379981\n"}
,{"stream_name":"stdout","time":306.568958634,"data":"SECONDARY_EDGE_TTA_ACTIVE views= 8 weight= 0.75 mean_abs_feat_delta= 0.241863\n"}
,{"stream_name":"stdout","time":306.641879065,"data":"SECONDARY_EDGE_TTA_ACTIVE views= 8 weight= 0.75 mean_abs_feat_delta= 0.311038\n"}
,{"stream_name":"stdout","time":306.646401384,"data":"BIOHUB_RETENTION_GUARD {\"blended_candidates\": 310, \"dataset\": \"44b6_0b24845f\", \"frame\": 2, \"minimum_retention\": 0.9, \"primary_candidates\": 375, \"retention\": 0.8266666666666667, \"use_primary\": true}\n"}
,{"stream_name":"stdout","time":306.770809291,"data":"SECONDARY_EDGE_TTA_ACTIVE views= 8 weight= 0.75 mean_abs_feat_delta= 0.241863\n"}
,{"stream_name":"stdout","time":306.770841556,"data":"SECONDARY_EDGE_TTA_ACTIVE views= 8 weight= 0.75 mean_abs_feat_delta= 0.311038\n"}
,{"stream_name":"stdout","time":306.770846259,"data":"BIOHUB_RETENTION_GUARD {\"blended_candidates\": 310, \"dataset\": \"44b6_0b24845f\", \"frame\": 2, \"minimum_retention\": 0.9, \"primary_candidates\": 375, \"retention\": 0.8266666666666667, \"use_primary\": true}\n"}
,{"stream_name":"stdout","time":307.573330893,"data":"EDGE_TTA_ACTIVE views= 8 mean_abs_feat_delta= 0.337225\n"}
,{"stream_name":"stdout","time":307.663536226,"data":"EDGE_TTA_ACTIVE views= 8 mean_abs_feat_delta= 0.372237\n"}
,{"stream_name":"stdout","time":307.776162371,"data":"EDGE_TTA_ACTIVE views= 8 mean_abs_feat_delta= 0.337225\n"}
,{"stream_name":"stdout","time":307.776197344,"data":"EDGE_TTA_ACTIVE views= 8 mean_abs_feat_delta= 0.372237\n"}
,{"stream_name":"stdout","time":308.42857493,"data":"SECONDARY_EDGE_TTA_ACTIVE views= 8 weight= 0.75 mean_abs_feat_delta= 0.241473\n"}
,{"stream_name":"stdout","time":308.532831447,"data":"SECONDARY_EDGE_TTA_ACTIVE views= 8 weight= 0.75 mean_abs_feat_delta= 0.310033\n"}
,{"stream_name":"stdout","time":308.630753376,"data":"SECONDARY_EDGE_TTA_ACTIVE views= 8 weight= 0.75 mean_abs_feat_delta= 0.241473\n"}
,{"stream_name":"stdout","time":308.630783775,"data":"SECONDARY_EDGE_TTA_ACTIVE views= 8 weight= 0.75 mean_abs_feat_delta= 0.310033\n"}
,{"stream_name":"stdout","time":309.411445487,"data":"EDGE_TTA_ACTIVE views= 8 mean_abs_feat_delta= 0.33825\n"}
,{"stream_name":"stdout","time":309.57561206,"data":"EDGE_TTA_ACTIVE views= 8 mean_abs_feat_delta= 0.378541\n"}
,{"stream_name":"stdout","time":309.613687969,"data":"EDGE_TTA_ACTIVE views= 8 mean_abs_feat_delta= 0.33825\n"}
,{"stream_name":"stdout","time":309.613759454,"data":"EDGE_TTA_ACTIVE views= 8 mean_abs_feat_delta= 0.378541\n"}
,{"stream_name":"stdout","time":310.266399426,"data":"SECONDARY_EDGE_TTA_ACTIVE views= 8 weight= 0.75 mean_abs_feat_delta= 0.240817\n"}
,{"stream_name":"stdout","time":310.459565803,"data":"SECONDARY_EDGE_TTA_ACTIVE views= 8 weight= 0.75 mean_abs_feat_delta= 0.304955\n"}
,{"stream_name":"stdout","time":310.464364161,"data":"BIOHUB_RETENTION_GUARD {\"blended_candidates\": 321, \"dataset\": \"44b6_0b24845f\", \"frame\": 4, \"minimum_retention\": 0.9, \"primary_candidates\": 378, \"retention\": 0.8492063492063492, \"use_primary\": true}\n"}
,{"stream_name":"stdout","time":310.469197794,"data":"SECONDARY_EDGE_TTA_ACTIVE views= 8 weight= 0.75 mean_abs_feat_delta= 0.240817\n"}
,{"stream_name":"stdout","time":310.469261222,"data":"SECONDARY_EDGE_TTA_ACTIVE views= 8 weight= 0.75 mean_abs_feat_delta= 0.304955\n"}
,{"stream_name":"stdout","time":310.469266478,"data":"BIOHUB_RETENTION_GUARD {\"blended_candidates\": 321, \"dataset\": \"44b6_0b24845f\", \"frame\": 4, \"minimum_retention\": 0.9, \"primary_candidates\": 378, \"retention\": 0.8492063492063492, \"use_primary\": true}\n"}
,{"stream_name":"stdout","time":311.30817752,"data":"EDGE_TTA_ACTIVE views= 8 mean_abs_feat_delta= 0.339442\n"}
,{"stream_name":"stdout","time":311.504622185,"data":"EDGE_TTA_ACTIVE views= 8 mean_abs_feat_delta= 0.38179\n"}
,{"stream_name":"stdout","time":311.510733542,"data":"EDGE_TTA_ACTIVE views= 8 mean_abs_feat_delta= 0.339442\n"}
,{"stream_name":"stdout","time":311.510756798,"data":"EDGE_TTA_ACTIVE views= 8 mean_abs_feat_delta= 0.38179\n"}
,{"stream_name":"stdout","time":312.17020385,"data":"SECONDARY_EDGE_TTA_ACTIVE views= 8 weight= 0.75 mean_abs_feat_delta= 0.244119\n"}
,{"stream_name":"stdout","time":312.371819473,"data":"SECONDARY_EDGE_TTA_ACTIVE views= 8 weight= 0.75 mean_abs_feat_delta= 0.244119\n"}
,{"stream_name":"stdout","time":312.376287961,"data":"SECONDARY_EDGE_TTA_ACTIVE views= 8 weight= 0.75 mean_abs_feat_delta= 0.312505\n"}
,{"stream_name":"stdout","time":312.380274665,"data":"BIOHUB_RETENTION_GUARD {\"blended_candidates\": 311, \"dataset\": \"44b6_0b24845f\", \"frame\": 5, \"minimum_retention\": 0.9, \"primary_candidates\": 349, \"retention\": 0.8911174785100286, \"use_primary\": true}\n"}
,{"stream_name":"stdout","time":312.578460437,"data":"SECONDARY_EDGE_TTA_ACTIVE views= 8 weight= 0.75 mean_abs_feat_delta= 0.312505\n"}
,{"stream_name":"stdout","time":312.578490399,"data":"BIOHUB_RETENTION_GUARD {\"blended_candidates\": 311, \"dataset\": \"44b6_0b24845f\", \"frame\": 5, \"minimum_retention\": 0.9, \"primary_candidates\": 349, \"retention\": 0.8911174785100286, \"use_primary\": true}\n"}
,{"stream_name":"stdout","time":313.159072614,"data":"EDGE_TTA_ACTIVE views= 8 mean_abs_feat_delta= 0.344274\n"}
,{"stream_name":"stdout","time":313.361468797,"data":"EDGE_TTA_ACTIVE views= 8 mean_abs_feat_delta= 0.344274\n"}
,{"stream_name":"stdout","time":313.4580056,"data":"EDGE_TTA_ACTIVE views= 8 mean_abs_feat_delta= 0.38122\n"}
,{"stream_name":"stdout","time":313.66002189,"data":"EDGE_TTA_ACTIVE views= 8 mean_abs_feat_delta= 0.38122\n"}
,{"stream_name":"stdout","time":314.026457835,"data":"SECONDARY_EDGE_TTA_ACTIVE views= 8 weight= 0.75 mean_abs_feat_delta= 0.242121\n"}
,{"stream_name":"stdout","time":314.228907146,"data":"SECONDARY_EDGE_TTA_ACTIVE views= 8 weight= 0.75 mean_abs_feat_delta= 0.242121\n"}
,{"stream_name":"stdout","time":314.333211869,"data":"SECONDARY_EDGE_TTA_ACTIVE views= 8 weight= 0.75 mean_abs_feat_delta= 0.322813\n"}
,{"stream_name":"stdout","time":314.337048845,"data":"BIOHUB_RETENTION_GUARD {\"blended_candidates\": 317, \"dataset\": \"44b6_0b24845f\", \"frame\": 6, \"minimum_retention\": 0.9, \"primary_candidates\": 383, \"retention\": 0.8276762402088773, \"use_primary\": true}\n"}
,{"stream_name":"stdout","time":314.535574919,"data":"SECONDARY_EDGE_TTA_ACTIVE views= 8 weight= 0.75 mean_abs_feat_delta= 0.322813\n"}
,{"stream_name":"stdout","time":314.535608207,"data":"BIOHUB_RETENTION_GUARD {\"blended_candidates\": 317, \"dataset\": \"44b6_0b24845f\", \"frame\": 6, \"minimum_retention\": 0.9, \"primary_candidates\": 383, \"retention\": 0.8276762402088773, \"use_primary\": true}\n"}
,{"stream_name":"stdout","time":315.003372295,"data":"EDGE_TTA_ACTIVE views= 8 mean_abs_feat_delta= 0.349275\n"}
,{"stream_name":"stdout","time":315.205954305,"data":"EDGE_TTA_ACTIVE views= 8 mean_abs_feat_delta= 0.349275\n"}
,{"stream_name":"stdout","time":315.375186422,"data":"EDGE_TTA_ACTIVE views= 8 mean_abs_feat_delta= 0.38268\n"}
,{"stream_name":"stdout","time":315.577685669,"data":"EDGE_TTA_ACTIVE views= 8 mean_abs_feat_delta= 0.38268\n"}
,{"stream_name":"stdout","time":315.85822443,"data":"SECONDARY_EDGE_TTA_ACTIVE views= 8 weight= 0.75 mean_abs_feat_delta= 0.249359\n"}
,{"stream_name":"stdout","time":316.060593164,"data":"SECONDARY_EDGE_TTA_ACTIVE views= 8 weight= 0.75 mean_abs_feat_delta= 0.249359\n"}
,{"stream_name":"stdout","time":316.265861333,"data":"SECONDARY_EDGE_TTA_ACTIVE views= 8 weight= 0.75 mean_abs_feat_delta= 0.324318\n"}
,{"stream_name":"stdout","time":316.269928611,"data":"BIOHUB_RETENTION_GUARD {\"blended_candidates\": 302, \"dataset\": \"44b6_0b24845f\", \"frame\": 7, \"minimum_retention\": 0.9, \"primary_candidates\": 361, \"retention\": 0.8365650969529086, \"use_primary\": true}\n"}
,{"stream_name":"stdout","time":316.46828501,"data":"SECONDARY_EDGE_TTA_ACTIVE views= 8 weight= 0.75 mean_abs_feat_delta= 0.324318\n"}
,{"stream_name":"stdout","time":316.468351226,"data":"BIOHUB_RETENTION_GUARD {\"blended_candidates\": 302, \"dataset\": \"44b6_0b24845f\", \"frame\": 7, \"minimum_retention\": 0.9, \"primary_candidates\": 361, \"retention\": 0.8365650969529086, \"use_primary\": true}\n"}
,{"stream_name":"stdout","time":316.8356895,"data":"EDGE_TTA_ACTIVE views= 8 mean_abs_feat_delta= 0.349587\n"}
,{"stream_name":"stdout","time":317.038184119,"data":"EDGE_TTA_ACTIVE views= 8 mean_abs_feat_delta= 0.349587\n"}
,{"stream_name":"stdout","time":317.33428828,"data":"EDGE_TTA_ACTIVE views= 8 mean_abs_feat_delta= 0.389949\n"}
,{"stream_name":"stdout","time":317.53675456,"data":"EDGE_TTA_ACTIVE views= 8 mean_abs_feat_delta= 0.389949\n"}
,{"stream_name":"stdout","time":317.697477285,"data":"SECONDARY_EDGE_TTA_ACTIVE views= 8 weight= 0.75 mean_abs_feat_delta= 0.250563\n"}
,{"stream_name":"stdout","time":317.899787339,"data":"SECONDARY_EDGE_TTA_ACTIVE views= 8 weight= 0.75 mean_abs_feat_delta= 0.250563\n"}
,{"stream_name":"stdout","time":318.217238169,"data":"SECONDARY_EDGE_TTA_ACTIVE views= 8 weight= 0.75 mean_abs_feat_delta= 0.317914\n"}
,{"stream_name":"stdout","time":318.221211968,"data":"BIOHUB_RETENTION_GUARD {\"blended_candidates\": 364, \"dataset\": \"44b6_0b24845f\", \"frame\": 8, \"minimum_retention\": 0.9, \"primary_candidates\": 416, \"retention\": 0.875, \"use_primary\": true}\n"}
,{"stream_name":"stdout","time":318.419649785,"data":"SECONDARY_EDGE_TTA_ACTIVE views= 8 weight= 0.75 mean_abs_feat_delta= 0.317914\n"}
,{"stream_name":"stdout","time":318.419684244,"data":"BIOHUB_RETENTION_GUARD {\"blended_candidates\": 364, \"dataset\": \"44b6_0b24845f\", \"frame\": 8, \"minimum_retention\": 0.9, \"primary_candidates\": 416, \"retention\": 0.875, \"use_primary\": true}\n"}
,{"stream_name":"stdout","time":318.745790261,"data":"EDGE_TTA_ACTIVE views= 8 mean_abs_feat_delta= 0.344645\n"}
,{"stream_name":"stdout","time":318.948256313,"data":"EDGE_TTA_ACTIVE views= 8 mean_abs_feat_delta= 0.344645\n"}
,{"stream_name":"stdout","time":319.232379769,"data":"EDGE_TTA_ACTIVE views= 8 mean_abs_feat_delta= 0.3924\n"}
,{"stream_name":"stdout","time":319.434912985,"data":"EDGE_TTA_ACTIVE views= 8 mean_abs_feat_delta= 0.3924\n"}
,{"stream_name":"stdout","time":319.613472336,"data":"SECONDARY_EDGE_TTA_ACTIVE views= 8 weight= 0.75 mean_abs_feat_delta= 0.250314\n"}
,{"stream_name":"stdout","time":319.815837047,"data":"SECONDARY_EDGE_TTA_ACTIVE views= 8 weight= 0.75 mean_abs_feat_delta= 0.250314\n"}
,{"stream_name":"stdout","time":320.114586552,"data":"SECONDARY_EDGE_TTA_ACTIVE views= 8 weight= 0.75 mean_abs_feat_delta= 0.316402\n"}
,{"stream_name":"stdout","time":320.118656881,"data":"BIOHUB_RETENTION_GUARD {\"blended_candidates\": 352, \"dataset\": \"44b6_0b24845f\", \"frame\": 9, \"minimum_retention\": 0.9, \"primary_candidates\": 415, \"retention\": 0.8481927710843373, \"use_primary\": true}\n"}
,{"stream_name":"stdout","time":320.317063899,"data":"SECONDARY_EDGE_TTA_ACTIVE views= 8 weight= 0.75 mean_abs_feat_delta= 0.316402\n"}
,{"stream_name":"stdout","time":320.317123239,"data":"BIOHUB_RETENTION_GUARD {\"blended_candidates\": 352, \"dataset\": \"44b6_0b24845f\", \"frame\": 9, \"minimum_retention\": 0.9, \"primary_candidates\": 415, \"retention\": 0.8481927710843373, \"use_primary\": true}\n"}
,{"stream_name":"stdout","time":320.62762488,"data":"EDGE_TTA_ACTIVE views= 8 mean_abs_feat_delta= 0.345022\n"}
,{"stream_name":"stdout","time":320.830173831,"data":"EDGE_TTA_ACTIVE views= 8 mean_abs_feat_delta= 0.345022\n"}
,{"stream_name":"stdout","time":321.144622469,"data":"EDGE_TTA_ACTIVE views= 8 mean_abs_feat_delta= 0.3864\n"}
,{"stream_name":"stdout","time":321.347174894,"data":"EDGE_TTA_ACTIVE views= 8 mean_abs_feat_delta= 0.3864\n"}
,{"stream_name":"stdout","time":321.499545254,"data":"SECONDARY_EDGE_TTA_ACTIVE views= 8 weight= 0.75 mean_abs_feat_delta= 0.250241\n"}
,{"stream_name":"stdout","time":321.702166029,"data":"SECONDARY_EDGE_TTA_ACTIVE views= 8 weight= 0.75 mean_abs_feat_delta= 0.250241\n"}
,{"stream_name":"stdout","time":322.027781985,"data":"SECONDARY_EDGE_TTA_ACTIVE views= 8 weight= 0.75 mean_abs_feat_delta= 0.330077\n"}
,{"stream_name":"stdout","time":322.031760768,"data":"BIOHUB_RETENTION_GUARD {\"blended_candidates\": 326, \"dataset\": \"44b6_0b24845f\", \"frame\": 10, \"minimum_retention\": 0.9, \"primary_candidates\": 394, \"retention\": 0.8274111675126904, \"use_primary\": true}\n"}
,{"stream_name":"stdout","time":322.230275101,"data":"SECONDARY_EDGE_TTA_ACTIVE views= 8 weight= 0.75 mean_abs_feat_delta= 0.330077\n"}
,{"stream_name":"stdout","time":322.230309904,"data":"BIOHUB_RETENTION_GUARD {\"blended_candidates\": 326, \"dataset\": \"44b6_0b24845f\", \"frame\": 10, \"minimum_retention\": 0.9, \"primary_candidates\": 394, \"retention\": 0.8274111675126904, \"use_primary\": true}\n"}
,{"stream_name":"stdout","time":322.459008559,"data":"EDGE_TTA_ACTIVE views= 8 mean_abs_feat_delta= 0.353174\n"}
,{"stream_name":"stdout","time":322.661390126,"data":"EDGE_TTA_ACTIVE views= 8 mean_abs_feat_delta= 0.353174\n"}
,{"stream_name":"stdout","time":323.039554646,"data":"EDGE_TTA_ACTIVE views= 8 mean_abs_feat_delta= 0.377909\n"}
,{"stream_name":"stdout","time":323.255579866,"data":"EDGE_TTA_ACTIVE views= 8 mean_abs_feat_delta= 0.377909\n"}
,{"stream_name":"stdout","time":323.330580299,"data":"SECONDARY_EDGE_TTA_ACTIVE views= 8 weight= 0.75 mean_abs_feat_delta= 0.251866\n"}
,{"stream_name":"stdout","time":323.533261489,"data":"SECONDARY_EDGE_TTA_ACTIVE views= 8 weight= 0.75 mean_abs_feat_delta= 0.251866\n"}
,{"stream_name":"stdout","time":323.92282999,"data":"SECONDARY_EDGE_TTA_ACTIVE views= 8 weight= 0.75 mean_abs_feat_delta= 0.319012\n"}
,{"stream_name":"stdout","time":323.926977173,"data":"BIOHUB_RETENTION_GUARD {\"blended_candidates\": 363, \"dataset\": \"44b6_0b24845f\", \"frame\": 11, \"minimum_retention\": 0.9, \"primary_candidates\": 432, \"retention\": 0.8402777777777778, \"use_primary\": true}\n"}
,{"stream_name":"stdout","time":324.125270094,"data":"SECONDARY_EDGE_TTA_ACTIVE views= 8 weight= 0.75 mean_abs_feat_delta= 0.319012\n"}
,{"stream_name":"stdout","time":324.125301261,"data":"BIOHUB_RETENTION_GUARD {\"blended_candidates\": 363, \"dataset\": \"44b6_0b24845f\", \"frame\": 11, \"minimum_retention\": 0.9, \"primary_candidates\": 432, \"retention\": 0.8402777777777778, \"use_primary\": true}\n"}
,{"stream_name":"stdout","time":324.325918665,"data":"EDGE_TTA_ACTIVE views= 8 mean_abs_feat_delta= 0.344145\n"}
,{"stream_name":"stdout","time":324.528411858,"data":"EDGE_TTA_ACTIVE views= 8 mean_abs_feat_delta= 0.344145\n"}
,{"stream_name":"stdout","time":324.945437271,"data":"EDGE_TTA_ACTIVE views= 8 mean_abs_feat_delta= 0.38012\n"}
,{"stream_name":"stdout","time":325.148116453,"data":"EDGE_TTA_ACTIVE views= 8 mean_abs_feat_delta= 0.38012\n"}
,{"stream_name":"stdout","time":325.203069486,"data":"SECONDARY_EDGE_TTA_ACTIVE views= 8 weight= 0.75 mean_abs_feat_delta= 0.251033\n"}
,{"stream_name":"stdout","time":325.405995794,"data":"SECONDARY_EDGE_TTA_ACTIVE views= 8 weight= 0.75 mean_abs_feat_delta= 0.251033\n"}
,{"stream_name":"stdout","time":325.836189003,"data":"SECONDARY_EDGE_TTA_ACTIVE views= 8 weight= 0.75 mean_abs_feat_delta= 0.329473\n"}
,{"stream_name":"stdout","time":325.840171167,"data":"BIOHUB_RETENTION_GUARD {\"blended_candidates\": 300, \"dataset\": \"44b6_0b24845f\", \"frame\": 12, \"minimum_retention\": 0.9, \"primary_candidates\": 337, \"retention\": 0.8902077151335311, \"use_primary\": true}\n"}
,{"stream_name":"stdout","time":326.038476244,"data":"SECONDARY_EDGE_TTA_ACTIVE views= 8 weight= 0.75 mean_abs_feat_delta= 0.329473\n"}
,{"stream_name":"stdout","time":326.038511821,"data":"BIOHUB_RETENTION_GUARD {\"blended_candidates\": 300, \"dataset\": \"44b6_0b24845f\", \"frame\": 12, \"minimum_retention\": 0.9, \"primary_candidates\": 337, \"retention\": 0.8902077151335311, \"use_primary\": true}\n"}
,{"stream_name":"stdout","time":326.196522208,"data":"EDGE_TTA_ACTIVE views= 8 mean_abs_feat_delta= 0.343955\n"}
,{"stream_name":"stdout","time":326.399159653,"data":"EDGE_TTA_ACTIVE views= 8 mean_abs_feat_delta= 0.343955\n"}
,{"stream_name":"stdout","time":326.935292879,"data":"EDGE_TTA_ACTIVE views= 8 mean_abs_feat_delta= 0.387206\n"}
,{"stream_name":"stdout","time":327.069405293,"data":"SECONDARY_EDGE_TTA_ACTIVE views= 8 weight= 0.75 mean_abs_feat_delta= 0.246416\n"}
,{"stream_name":"stdout","time":327.137487752,"data":"EDGE_TTA_ACTIVE views= 8 mean_abs_feat_delta= 0.387206\n"}
,{"stream_name":"stdout","time":327.137524883,"data":"SECONDARY_EDGE_TTA_ACTIVE views= 8 weight= 0.75 mean_abs_feat_delta= 0.246416\n"}
,{"stream_name":"stdout","time":327.82297993,"data":"SECONDARY_EDGE_TTA_ACTIVE views= 8 weight= 0.75 mean_abs_feat_delta= 0.325788\n"}
,{"stream_name":"stdout","time":327.82705375,"data":"BIOHUB_RETENTION_GUARD {\"blended_candidates\": 305, \"dataset\": \"44b6_0b24845f\", \"frame\": 13, \"minimum_retention\": 0.9, \"primary_candidates\": 353, \"retention\": 0.8640226628895185, \"use_primary\": true}\n"}
,{"stream_name":"stdout","time":328.02576166,"data":"SECONDARY_EDGE_TTA_ACTIVE views= 8 weight= 0.75 mean_abs_feat_delta= 0.325788\n"}
,{"stream_name":"stdout","time":328.025794378,"data":"BIOHUB_RETENTION_GUARD {\"blended_candidates\": 305, \"dataset\": \"44b6_0b24845f\", \"frame\": 13, \"minimum_retention\": 0.9, \"primary_candidates\": 353, \"retention\": 0.8640226628895185, \"use_primary\": true}\n"}
,{"stream_name":"stdout","time":328.098435097,"data":"EDGE_TTA_ACTIVE views= 8 mean_abs_feat_delta= 0.339826\n"}
,{"stream_name":"stdout","time":328.300854159,"data":"EDGE_TTA_ACTIVE views= 8 mean_abs_feat_delta= 0.339826\n"}
,{"stream_name":"stdout","time":328.886321451,"data":"EDGE_TTA_ACTIVE views= 8 mean_abs_feat_delta= 0.385922\n"}
,{"stream_name":"stdout","time":328.982441174,"data":"SECONDARY_EDGE_TTA_ACTIVE views= 8 weight= 0.75 mean_abs_feat_delta= 0.24723\n"}
,{"stream_name":"stdout","time":329.088452477,"data":"EDGE_TTA_ACTIVE views= 8 mean_abs_feat_delta= 0.385922\n"}
,{"stream_name":"stdout","time":329.088476455,"data":"SECONDARY_EDGE_TTA_ACTIVE views= 8 weight= 0.75 mean_abs_feat_delta= 0.24723\n"}
,{"stream_name":"stdout","time":329.775502471,"data":"SECONDARY_EDGE_TTA_ACTIVE views= 8 weight= 0.75 mean_abs_feat_delta= 0.321221\n"}
,{"stream_name":"stdout","time":329.779594841,"data":"BIOHUB_RETENTION_GUARD {\"blended_candidates\": 309, \"dataset\": \"44b6_0b24845f\", \"frame\": 14, \"minimum_retention\": 0.9, \"primary_candidates\": 351, \"retention\": 0.8803418803418803, \"use_primary\": true}\n"}
,{"stream_name":"stdout","time":329.978161924,"data":"SECONDARY_EDGE_TTA_ACTIVE views= 8 weight= 0.75 mean_abs_feat_delta= 0.321221\n"}
,{"stream_name":"stdout","time":329.978238322,"data":"BIOHUB_RETENTION_GUARD {\"blended_candidates\": 309, \"dataset\": \"44b6_0b24845f\", \"frame\": 14, \"minimum_retention\": 0.9, \"primary_candidates\": 351, \"retention\": 0.8803418803418803, \"use_primary\": true}\n"}
,{"stream_name":"stdout","time":329.984998624,"data":"EDGE_TTA_ACTIVE views= 8 mean_abs_feat_delta= 0.340195\n"}
,{"stream_name":"stdout","time":330.187758217,"data":"EDGE_TTA_ACTIVE views= 8 mean_abs_feat_delta= 0.340195\n"}
,{"stream_name":"stdout","time":330.844756379,"data":"EDGE_TTA_ACTIVE views= 8 mean_abs_feat_delta= 0.383421\n"}
,{"stream_name":"stdout","time":330.860129622,"data":"SECONDARY_EDGE_TTA_ACTIVE views= 8 weight= 0.75 mean_abs_feat_delta= 0.248395\n"}
,{"stream_name":"stdout","time":331.051000327,"data":"EDGE_TTA_ACTIVE views= 8 mean_abs_feat_delta= 0.383421\n"}
,{"stream_name":"stdout","time":331.05104332,"data":"SECONDARY_EDGE_TTA_ACTIVE views= 8 weight= 0.75 mean_abs_feat_delta= 0.248395\n"}
,{"stream_name":"stdout","time":331.735790896,"data":"SECONDARY_EDGE_TTA_ACTIVE views= 8 weight= 0.75 mean_abs_feat_delta= 0.315824\n"}
,{"stream_name":"stdout","time":331.890711049,"data":"EDGE_TTA_ACTIVE views= 8 mean_abs_feat_delta= 0.334676\n"}
,{"stream_name":"stdout","time":331.938371175,"data":"SECONDARY_EDGE_TTA_ACTIVE views= 8 weight= 0.75 mean_abs_feat_delta= 0.315824\n"}
,{"stream_name":"stdout","time":331.938400877,"data":"EDGE_TTA_ACTIVE views= 8 mean_abs_feat_delta= 0.334676\n"}
,{"stream_name":"stdout","time":332.76132981,"data":"EDGE_TTA_ACTIVE views= 8 mean_abs_feat_delta= 0.389792\n"}
,{"stream_name":"stdout","time":332.766828088,"data":"SECONDARY_EDGE_TTA_ACTIVE views= 8 weight= 0.75 mean_abs_feat_delta= 0.24312\n"}
,{"stream_name":"stdout","time":332.963895385,"data":"EDGE_TTA_ACTIVE views= 8 mean_abs_feat_delta= 0.389792\n"}
,{"stream_name":"stdout","time":332.963928058,"data":"SECONDARY_EDGE_TTA_ACTIVE views= 8 weight= 0.75 mean_abs_feat_delta= 0.24312\n"}
,{"stream_name":"stdout","time":333.659671247,"data":"SECONDARY_EDGE_TTA_ACTIVE views= 8 weight= 0.75 mean_abs_feat_delta= 0.310347\n"}
,{"stream_name":"stdout","time":333.742874041,"data":"EDGE_TTA_ACTIVE views= 8 mean_abs_feat_delta= 0.337047\n"}
,{"stream_name":"stdout","time":333.861812048,"data":"SECONDARY_EDGE_TTA_ACTIVE views= 8 weight= 0.75 mean_abs_feat_delta= 0.310347\n"}
,{"stream_name":"stdout","time":333.861847276,"data":"EDGE_TTA_ACTIVE views= 8 mean_abs_feat_delta= 0.337047\n"}
,{"stream_name":"stdout","time":334.623551188,"data":"SECONDARY_EDGE_TTA_ACTIVE views= 8 weight= 0.75 mean_abs_feat_delta= 0.246315\n"}
,{"stream_name":"stdout","time":334.714788419,"data":"EDGE_TTA_ACTIVE views= 8 mean_abs_feat_delta= 0.392596\n"}
,{"stream_name":"stdout","time":334.825718508,"data":"SECONDARY_EDGE_TTA_ACTIVE views= 8 weight= 0.75 mean_abs_feat_delta= 0.246315\n"}
,{"stream_name":"stdout","time":334.825747408,"data":"EDGE_TTA_ACTIVE views= 8 mean_abs_feat_delta= 0.392596\n"}
,{"stream_name":"stdout","time":335.600978806,"data":"EDGE_TTA_ACTIVE views= 8 mean_abs_feat_delta= 0.331493\n"}
,{"stream_name":"stdout","time":335.61223968,"data":"SECONDARY_EDGE_TTA_ACTIVE views= 8 weight= 0.75 mean_abs_feat_delta= 0.312375\n"}
,{"stream_name":"stdout","time":335.616456948,"data":"BIOHUB_RETENTION_GUARD {\"blended_candidates\": 318, \"dataset\": \"44b6_0b24845f\", \"frame\": 17, \"minimum_retention\": 0.9, \"primary_candidates\": 355, \"retention\": 0.895774647887324, \"use_primary\": true}\n"}
,{"stream_name":"stdout","time":335.803371243,"data":"EDGE_TTA_ACTIVE views= 8 mean_abs_feat_delta= 0.331493\n"}
,{"stream_name":"stdout","time":335.803404231,"data":"SECONDARY_EDGE_TTA_ACTIVE views= 8 weight= 0.75 mean_abs_feat_delta= 0.312375\n"}
,{"stream_name":"stdout","time":335.803410355,"data":"BIOHUB_RETENTION_GUARD {\"blended_candidates\": 318, \"dataset\": \"44b6_0b24845f\", \"frame\": 17, \"minimum_retention\": 0.9, \"primary_candidates\": 355, \"retention\": 0.895774647887324, \"use_primary\": true}\n"}
,{"stream_name":"stdout","time":336.481305365,"data":"SECONDARY_EDGE_TTA_ACTIVE views= 8 weight= 0.75 mean_abs_feat_delta= 0.247721\n"}
,{"stream_name":"stdout","time":336.683636442,"data":"SECONDARY_EDGE_TTA_ACTIVE views= 8 weight= 0.75 mean_abs_feat_delta= 0.247721\n"}
,{"stream_name":"stdout","time":336.7025196,"data":"EDGE_TTA_ACTIVE views= 8 mean_abs_feat_delta= 0.387526\n"}
,{"stream_name":"stdout","time":336.904888649,"data":"EDGE_TTA_ACTIVE views= 8 mean_abs_feat_delta= 0.387526\n"}
,{"stream_name":"stdout","time":337.46018258,"data":"EDGE_TTA_ACTIVE views= 8 mean_abs_feat_delta= 0.334496\n"}
,{"stream_name":"stdout","time":337.604936215,"data":"SECONDARY_EDGE_TTA_ACTIVE views= 8 weight= 0.75 mean_abs_feat_delta= 0.303381\n"}
,{"stream_name":"stdout","time":337.662613261,"data":"EDGE_TTA_ACTIVE views= 8 mean_abs_feat_delta= 0.334496\n"}
,{"stream_name":"stdout","time":337.662633834,"data":"SECONDARY_EDGE_TTA_ACTIVE views= 8 weight= 0.75 mean_abs_feat_delta= 0.303381\n"}
,{"stream_name":"stdout","time":338.342570719,"data":"SECONDARY_EDGE_TTA_ACTIVE views= 8 weight= 0.75 mean_abs_feat_delta= 0.250731\n"}
,{"stream_name":"stdout","time":338.544898445,"data":"SECONDARY_EDGE_TTA_ACTIVE views= 8 weight= 0.75 mean_abs_feat_delta= 0.250731\n"}
,{"stream_name":"stdout","time":338.723704314,"data":"EDGE_TTA_ACTIVE views= 8 mean_abs_feat_delta= 0.377737\n"}
,{"stream_name":"stdout","time":338.92604765,"data":"EDGE_TTA_ACTIVE views= 8 mean_abs_feat_delta= 0.377737\n"}
,{"stream_name":"stdout","time":339.324205242,"data":"EDGE_TTA_ACTIVE views= 8 mean_abs_feat_delta= 0.337082\n"}
,{"stream_name":"stdout","time":339.526368347,"data":"EDGE_TTA_ACTIVE views= 8 mean_abs_feat_delta= 0.337082\n"}
,{"stream_name":"stdout","time":339.642531236,"data":"SECONDARY_EDGE_TTA_ACTIVE views= 8 weight= 0.75 mean_abs_feat_delta= 0.304837\n"}
,{"stream_name":"stdout","time":339.844784747,"data":"SECONDARY_EDGE_TTA_ACTIVE views= 8 weight= 0.75 mean_abs_feat_delta= 0.304837\n"}
,{"stream_name":"stdout","time":340.207556624,"data":"SECONDARY_EDGE_TTA_ACTIVE views= 8 weight= 0.75 mean_abs_feat_delta= 0.251546\n"}
,{"stream_name":"stdout","time":340.410058264,"data":"SECONDARY_EDGE_TTA_ACTIVE views= 8 weight= 0.75 mean_abs_feat_delta= 0.251546\n"}
,{"stream_name":"stdout","time":340.724322213,"data":"EDGE_TTA_ACTIVE views= 8 mean_abs_feat_delta= 0.376176\n"}
,{"stream_name":"stdout","time":340.926577016,"data":"EDGE_TTA_ACTIVE views= 8 mean_abs_feat_delta= 0.376176\n"}
,{"stream_name":"stdout","time":341.291942265,"data":"EDGE_TTA_ACTIVE views= 8 mean_abs_feat_delta= 0.332993\n"}
,{"stream_name":"stdout","time":341.494983357,"data":"EDGE_TTA_ACTIVE views= 8 mean_abs_feat_delta= 0.332993\n"}
,{"stream_name":"stdout","time":341.63127411,"data":"SECONDARY_EDGE_TTA_ACTIVE views= 8 weight= 0.75 mean_abs_feat_delta= 0.308386\n"}
,{"stream_name":"stdout","time":341.635290918,"data":"BIOHUB_RETENTION_GUARD {\"blended_candidates\": 279, \"dataset\": \"44b6_0b24845f\", \"frame\": 20, \"minimum_retention\": 0.9, \"primary_candidates\": 320, \"retention\": 0.871875, \"use_primary\": true}\n"}
,{"stream_name":"stdout","time":341.833724015,"data":"SECONDARY_EDGE_TTA_ACTIVE views= 8 weight= 0.75 mean_abs_feat_delta= 0.308386\n"}
,{"stream_name":"stdout","time":341.833763251,"data":"BIOHUB_RETENTION_GUARD {\"blended_candidates\": 279, \"dataset\": \"44b6_0b24845f\", \"frame\": 20, \"minimum_retention\": 0.9, \"primary_candidates\": 320, \"retention\": 0.871875, \"use_primary\": true}\n"}
,{"stream_name":"stdout","time":342.180209682,"data":"SECONDARY_EDGE_TTA_ACTIVE views= 8 weight= 0.75 mean_abs_feat_delta= 0.243961\n"}
,{"stream_name":"stdout","time":342.382625945,"data":"SECONDARY_EDGE_TTA_ACTIVE views= 8 weight= 0.75 mean_abs_feat_delta= 0.243961\n"}
,{"stream_name":"stdout","time":342.652285422,"data":"EDGE_TTA_ACTIVE views= 8 mean_abs_feat_delta= 0.374378\n"}
,{"stream_name":"stdout","time":342.854618163,"data":"EDGE_TTA_ACTIVE views= 8 mean_abs_feat_delta= 0.374378\n"}
,{"stream_name":"stdout","time":343.199921299,"data":"EDGE_TTA_ACTIVE views= 8 mean_abs_feat_delta= 0.333975\n"}
,{"stream_name":"stdout","time":343.402448982,"data":"EDGE_TTA_ACTIVE views= 8 mean_abs_feat_delta= 0.333975\n"}
,{"stream_name":"stdout","time":343.560167444,"data":"SECONDARY_EDGE_TTA_ACTIVE views= 8 weight= 0.75 mean_abs_feat_delta= 0.308855\n"}
,{"stream_name":"stdout","time":343.564395704,"data":"BIOHUB_RETENTION_GUARD {\"blended_candidates\": 253, \"dataset\": \"44b6_0b24845f\", \"frame\": 21, \"minimum_retention\": 0.9, \"primary_candidates\": 303, \"retention\": 0.834983498349835, \"use_primary\": true}\n"}
,{"stream_name":"stdout","time":343.762317096,"data":"SECONDARY_EDGE_TTA_ACTIVE views= 8 weight= 0.75 mean_abs_feat_delta= 0.308855\n"}
,{"stream_name":"stdout","time":343.762347761,"data":"BIOHUB_RETENTION_GUARD {\"blended_candidates\": 253, \"dataset\": \"44b6_0b24845f\", \"frame\": 21, \"minimum_retention\": 0.9, \"primary_candidates\": 303, \"retention\": 0.834983498349835, \"use_primary\": true}\n"}
,{"stream_name":"stdout","time":344.086123644,"data":"SECONDARY_EDGE_TTA_ACTIVE views= 8 weight= 0.75 mean_abs_feat_delta= 0.246515\n"}
,{"stream_name":"stdout","time":344.288445428,"data":"SECONDARY_EDGE_TTA_ACTIVE views= 8 weight= 0.75 mean_abs_feat_delta= 0.246515\n"}
,{"stream_name":"stdout","time":344.672999384,"data":"EDGE_TTA_ACTIVE views= 8 mean_abs_feat_delta= 0.375547\n"}
,{"stream_name":"stdout","time":344.875131416,"data":"EDGE_TTA_ACTIVE views= 8 mean_abs_feat_delta= 0.375547\n"}
,{"stream_name":"stdout","time":345.072706231,"data":"EDGE_TTA_ACTIVE views= 8 mean_abs_feat_delta= 0.333691\n"}
,{"stream_name":"stdout","time":345.275178072,"data":"EDGE_TTA_ACTIVE views= 8 mean_abs_feat_delta= 0.333691\n"}
,{"stream_name":"stdout","time":345.583923039,"data":"SECONDARY_EDGE_TTA_ACTIVE views= 8 weight= 0.75 mean_abs_feat_delta= 0.304234\n"}
,{"stream_name":"stdout","time":345.78627177,"data":"SECONDARY_EDGE_TTA_ACTIVE views= 8 weight= 0.75 mean_abs_feat_delta= 0.304234\n"}
,{"stream_name":"stdout","time":345.964261179,"data":"SECONDARY_EDGE_TTA_ACTIVE views= 8 weight= 0.75 mean_abs_feat_delta= 0.246702\n"}
,{"stream_name":"stdout","time":346.166574311,"data":"SECONDARY_EDGE_TTA_ACTIVE views= 8 weight= 0.75 mean_abs_feat_delta= 0.246702\n"}
,{"stream_name":"stdout","time":346.605472407,"data":"EDGE_TTA_ACTIVE views= 8 mean_abs_feat_delta= 0.37902\n"}
,{"stream_name":"stdout","time":346.807977957,"data":"EDGE_TTA_ACTIVE views= 8 mean_abs_feat_delta= 0.37902\n"}
,{"stream_name":"stdout","time":346.981772565,"data":"EDGE_TTA_ACTIVE views= 8 mean_abs_feat_delta= 0.340087\n"}
,{"stream_name":"stdout","time":347.184170981,"data":"EDGE_TTA_ACTIVE views= 8 mean_abs_feat_delta= 0.340087\n"}
,{"stream_name":"stdout","time":347.516902243,"data":"SECONDARY_EDGE_TTA_ACTIVE views= 8 weight= 0.75 mean_abs_feat_delta= 0.302135\n"}
,{"stream_name":"stdout","time":347.719306739,"data":"SECONDARY_EDGE_TTA_ACTIVE views= 8 weight= 0.75 mean_abs_feat_delta= 0.302135\n"}
,{"stream_name":"stdout","time":347.873230243,"data":"SECONDARY_EDGE_TTA_ACTIVE views= 8 weight= 0.75 mean_abs_feat_delta= 0.244351\n"}
,{"stream_name":"stdout","time":348.07576149,"data":"SECONDARY_EDGE_TTA_ACTIVE views= 8 weight= 0.75 mean_abs_feat_delta= 0.244351\n"}
,{"stream_name":"stdout","time":348.577580385,"data":"EDGE_TTA_ACTIVE views= 8 mean_abs_feat_delta= 0.379344\n"}
,{"stream_name":"stdout","time":348.780018563,"data":"EDGE_TTA_ACTIVE views= 8 mean_abs_feat_delta= 0.379344\n"}
,{"stream_name":"stdout","time":348.889574628,"data":"EDGE_TTA_ACTIVE views= 8 mean_abs_feat_delta= 0.339658\n"}
,{"stream_name":"stdout","time":349.092154576,"data":"EDGE_TTA_ACTIVE views= 8 mean_abs_feat_delta= 0.339658\n"}
,{"stream_name":"stdout","time":349.492405051,"data":"SECONDARY_EDGE_TTA_ACTIVE views= 8 weight= 0.75 mean_abs_feat_delta= 0.307807\n"}
,{"stream_name":"stdout","time":349.496341686,"data":"BIOHUB_RETENTION_GUARD {\"blended_candidates\": 253, \"dataset\": \"44b6_0b24845f\", \"frame\": 24, \"minimum_retention\": 0.9, \"primary_candidates\": 294, \"retention\": 0.8605442176870748, \"use_primary\": true}\n"}
,{"stream_name":"stdout","time":349.69485826,"data":"SECONDARY_EDGE_TTA_ACTIVE views= 8 weight= 0.75 mean_abs_feat_delta= 0.307807\n"}
,{"stream_name":"stdout","time":349.694914717,"data":"BIOHUB_RETENTION_GUARD {\"blended_candidates\": 253, \"dataset\": \"44b6_0b24845f\", \"frame\": 24, \"minimum_retention\": 0.9, \"primary_candidates\": 294, \"retention\": 0.8605442176870748, \"use_primary\": true}\n"}
,{"stream_name":"stdout","time":349.782477095,"data":"SECONDARY_EDGE_TTA_ACTIVE views= 8 weight= 0.75 mean_abs_feat_delta= 0.245794\n"}
,{"stream_name":"stdout","time":349.984868602,"data":"SECONDARY_EDGE_TTA_ACTIVE views= 8 weight= 0.75 mean_abs_feat_delta= 0.245794\n"}
,{"stream_name":"stdout","time":350.525237826,"data":"EDGE_TTA_ACTIVE views= 8 mean_abs_feat_delta= 0.381374\n"}
,{"stream_name":"stdout","time":350.727516341,"data":"EDGE_TTA_ACTIVE views= 8 mean_abs_feat_delta= 0.381374\n"}
,{"stream_name":"stdout","time":350.811770282,"data":"EDGE_TTA_ACTIVE views= 8 mean_abs_feat_delta= 0.334859\n"}
,{"stream_name":"stdout","time":351.014023539,"data":"EDGE_TTA_ACTIVE views= 8 mean_abs_feat_delta= 0.334859\n"}
,{"stream_name":"stdout","time":351.443501239,"data":"SECONDARY_EDGE_TTA_ACTIVE views= 8 weight= 0.75 mean_abs_feat_delta= 0.306042\n"}
,{"stream_name":"stdout","time":351.645849344,"data":"SECONDARY_EDGE_TTA_ACTIVE views= 8 weight= 0.75 mean_abs_feat_delta= 0.306042\n"}
,{"stream_name":"stdout","time":351.704944015,"data":"SECONDARY_EDGE_TTA_ACTIVE views= 8 weight= 0.75 mean_abs_feat_delta= 0.245053\n"}
,{"stream_name":"stdout","time":351.907575953,"data":"SECONDARY_EDGE_TTA_ACTIVE views= 8 weight= 0.75 mean_abs_feat_delta= 0.245053\n"}
,{"stream_name":"stdout","time":352.50861067,"data":"EDGE_TTA_ACTIVE views= 8 mean_abs_feat_delta= 0.387782\n"}
,{"stream_name":"stdout","time":352.701905555,"data":"EDGE_TTA_ACTIVE views= 8 mean_abs_feat_delta= 0.338035\n"}
,{"stream_name":"stdout","time":352.711234177,"data":"EDGE_TTA_ACTIVE views= 8 mean_abs_feat_delta= 0.387782\n"}
,{"stream_name":"stdout","time":352.711258701,"data":"EDGE_TTA_ACTIVE views= 8 mean_abs_feat_delta= 0.338035\n"}
,{"stream_name":"stdout","time":353.428958632,"data":"SECONDARY_EDGE_TTA_ACTIVE views= 8 weight= 0.75 mean_abs_feat_delta= 0.309633\n"}
,{"stream_name":"stdout","time":353.599915923,"data":"SECONDARY_EDGE_TTA_ACTIVE views= 8 weight= 0.75 mean_abs_feat_delta= 0.240094\n"}
,{"stream_name":"stdout","time":353.647964722,"data":"SECONDARY_EDGE_TTA_ACTIVE views= 8 weight= 0.75 mean_abs_feat_delta= 0.309633\n"}
,{"stream_name":"stdout","time":353.647985266,"data":"SECONDARY_EDGE_TTA_ACTIVE views= 8 weight= 0.75 mean_abs_feat_delta= 0.240094\n"}
,{"stream_name":"stdout","time":354.456869199,"data":"EDGE_TTA_ACTIVE views= 8 mean_abs_feat_delta= 0.392278\n"}
,{"stream_name":"stdout","time":354.600448925,"data":"EDGE_TTA_ACTIVE views= 8 mean_abs_feat_delta= 0.341059\n"}
,{"stream_name":"stdout","time":354.659073748,"data":"EDGE_TTA_ACTIVE views= 8 mean_abs_feat_delta= 0.392278\n"}
,{"stream_name":"stdout","time":354.659109506,"data":"EDGE_TTA_ACTIVE views= 8 mean_abs_feat_delta= 0.341059\n"}
,{"stream_name":"stdout","time":355.377464268,"data":"SECONDARY_EDGE_TTA_ACTIVE views= 8 weight= 0.75 mean_abs_feat_delta= 0.315204\n"}
,{"stream_name":"stdout","time":355.501386243,"data":"SECONDARY_EDGE_TTA_ACTIVE views= 8 weight= 0.75 mean_abs_feat_delta= 0.242053\n"}
,{"stream_name":"stdout","time":355.579677075,"data":"SECONDARY_EDGE_TTA_ACTIVE views= 8 weight= 0.75 mean_abs_feat_delta= 0.315204\n"}
,{"stream_name":"stdout","time":355.579711012,"data":"SECONDARY_EDGE_TTA_ACTIVE views= 8 weight= 0.75 mean_abs_feat_delta= 0.242053\n"}
,{"stream_name":"stdout","time":356.414322761,"data":"EDGE_TTA_ACTIVE views= 8 mean_abs_feat_delta= 0.386375\n"}
,{"stream_name":"stdout","time":356.527080581,"data":"EDGE_TTA_ACTIVE views= 8 mean_abs_feat_delta= 0.335914\n"}
,{"stream_name":"stdout","time":356.616912941,"data":"EDGE_TTA_ACTIVE views= 8 mean_abs_feat_delta= 0.386375\n"}
,{"stream_name":"stdout","time":356.61694357,"data":"EDGE_TTA_ACTIVE views= 8 mean_abs_feat_delta= 0.335914\n"}
,{"stream_name":"stdout","time":357.336816193,"data":"SECONDARY_EDGE_TTA_ACTIVE views= 8 weight= 0.75 mean_abs_feat_delta= 0.317138\n"}
,{"stream_name":"stdout","time":357.429488613,"data":"SECONDARY_EDGE_TTA_ACTIVE views= 8 weight= 0.75 mean_abs_feat_delta= 0.24398\n"}
,{"stream_name":"stdout","time":357.539310011,"data":"SECONDARY_EDGE_TTA_ACTIVE views= 8 weight= 0.75 mean_abs_feat_delta= 0.317138\n"}
,{"stream_name":"stdout","time":357.539346602,"data":"SECONDARY_EDGE_TTA_ACTIVE views= 8 weight= 0.75 mean_abs_feat_delta= 0.24398\n"}
,{"stream_name":"stdout","time":358.376248619,"data":"EDGE_TTA_ACTIVE views= 8 mean_abs_feat_delta= 0.388311\n"}
,{"stream_name":"stdout","time":358.528717112,"data":"EDGE_TTA_ACTIVE views= 8 mean_abs_feat_delta= 0.340438\n"}
,{"stream_name":"stdout","time":358.578706495,"data":"EDGE_TTA_ACTIVE views= 8 mean_abs_feat_delta= 0.388311\n"}
,{"stream_name":"stdout","time":358.578761706,"data":"EDGE_TTA_ACTIVE views= 8 mean_abs_feat_delta= 0.340438\n"}
,{"stream_name":"stdout","time":359.303690963,"data":"SECONDARY_EDGE_TTA_ACTIVE views= 8 weight= 0.75 mean_abs_feat_delta= 0.310174\n"}
,{"stream_name":"stdout","time":359.439668413,"data":"SECONDARY_EDGE_TTA_ACTIVE views= 8 weight= 0.75 mean_abs_feat_delta= 0.248379\n"}
,{"stream_name":"stdout","time":359.50621179,"data":"SECONDARY_EDGE_TTA_ACTIVE views= 8 weight= 0.75 mean_abs_feat_delta= 0.310174\n"}
,{"stream_name":"stdout","time":359.506259952,"data":"SECONDARY_EDGE_TTA_ACTIVE views= 8 weight= 0.75 mean_abs_feat_delta= 0.248379\n"}
,{"stream_name":"stdout","time":360.38012485,"data":"EDGE_TTA_ACTIVE views= 8 mean_abs_feat_delta= 0.38624\n"}
,{"stream_name":"stdout","time":360.456715675,"data":"EDGE_TTA_ACTIVE views= 8 mean_abs_feat_delta= 0.340111\n"}
,{"stream_name":"stdout","time":360.582653563,"data":"EDGE_TTA_ACTIVE views= 8 mean_abs_feat_delta= 0.38624\n"}
,{"stream_name":"stdout","time":360.582681155,"data":"EDGE_TTA_ACTIVE views= 8 mean_abs_feat_delta= 0.340111\n"}
,{"stream_name":"stdout","time":361.292308937,"data":"SECONDARY_EDGE_TTA_ACTIVE views= 8 weight= 0.75 mean_abs_feat_delta= 0.309339\n"}
,{"stream_name":"stdout","time":361.36414674,"data":"SECONDARY_EDGE_TTA_ACTIVE views= 8 weight= 0.75 mean_abs_feat_delta= 0.259718\n"}
,{"stream_name":"stdout","time":361.496789722,"data":"SECONDARY_EDGE_TTA_ACTIVE views= 8 weight= 0.75 mean_abs_feat_delta= 0.309339\n"}
,{"stream_name":"stdout","time":361.496826068,"data":"SECONDARY_EDGE_TTA_ACTIVE views= 8 weight= 0.75 mean_abs_feat_delta= 0.259718\n"}
,{"stream_name":"stdout","time":362.356273963,"data":"EDGE_TTA_ACTIVE views= 8 mean_abs_feat_delta= 0.380777\n"}
,{"stream_name":"stdout","time":362.38144582,"data":"EDGE_TTA_ACTIVE views= 8 mean_abs_feat_delta= 0.339818\n"}
,{"stream_name":"stdout","time":362.558858649,"data":"EDGE_TTA_ACTIVE views= 8 mean_abs_feat_delta= 0.380777\n"}
,{"stream_name":"stdout","time":362.558883684,"data":"EDGE_TTA_ACTIVE views= 8 mean_abs_feat_delta= 0.339818\n"}
,{"stream_name":"stdout","time":363.284026095,"data":"SECONDARY_EDGE_TTA_ACTIVE views= 8 weight= 0.75 mean_abs_feat_delta= 0.312704\n"}
,{"stream_name":"stdout","time":363.289245457,"data":"SECONDARY_EDGE_TTA_ACTIVE views= 8 weight= 0.75 mean_abs_feat_delta= 0.259636\n"}
,{"stream_name":"stdout","time":363.486874549,"data":"SECONDARY_EDGE_TTA_ACTIVE views= 8 weight= 0.75 mean_abs_feat_delta= 0.312704\n"}
,{"stream_name":"stdout","time":363.486909826,"data":"SECONDARY_EDGE_TTA_ACTIVE views= 8 weight= 0.75 mean_abs_feat_delta= 0.259636\n"}
,{"stream_name":"stdout","time":364.298319574,"data":"EDGE_TTA_ACTIVE views= 8 mean_abs_feat_delta= 0.347364\n"}
,{"stream_name":"stdout","time":364.358700649,"data":"EDGE_TTA_ACTIVE views= 8 mean_abs_feat_delta= 0.382883\n"}
,{"stream_name":"stdout","time":364.500648171,"data":"EDGE_TTA_ACTIVE views= 8 mean_abs_feat_delta= 0.347364\n"}
,{"stream_name":"stdout","time":364.500674844,"data":"EDGE_TTA_ACTIVE views= 8 mean_abs_feat_delta= 0.382883\n"}
,{"stream_name":"stdout","time":365.208404824,"data":"SECONDARY_EDGE_TTA_ACTIVE views= 8 weight= 0.75 mean_abs_feat_delta= 0.259906\n"}
,{"stream_name":"stdout","time":365.293524373,"data":"SECONDARY_EDGE_TTA_ACTIVE views= 8 weight= 0.75 mean_abs_feat_delta= 0.310785\n"}
,{"stream_name":"stdout","time":365.297572659,"data":"BIOHUB_RETENTION_GUARD {\"blended_candidates\": 242, \"dataset\": \"44b6_0b24845f\", \"frame\": 32, \"minimum_retention\": 0.9, \"primary_candidates\": 283, \"retention\": 0.8551236749116607, \"use_primary\": true}\n"}
,{"stream_name":"stdout","time":365.410571599,"data":"SECONDARY_EDGE_TTA_ACTIVE views= 8 weight= 0.75 mean_abs_feat_delta= 0.259906\n"}
,{"stream_name":"stdout","time":365.410602952,"data":"SECONDARY_EDGE_TTA_ACTIVE views= 8 weight= 0.75 mean_abs_feat_delta= 0.310785\n"}
,{"stream_name":"stdout","time":365.410607794,"data":"BIOHUB_RETENTION_GUARD {\"blended_candidates\": 242, \"dataset\": \"44b6_0b24845f\", \"frame\": 32, \"minimum_retention\": 0.9, \"primary_candidates\": 283, \"retention\": 0.8551236749116607, \"use_primary\": true}\n"}
,{"stream_name":"stdout","time":366.252440859,"data":"EDGE_TTA_ACTIVE views= 8 mean_abs_feat_delta= 0.343511\n"}
,{"stream_name":"stdout","time":366.349153327,"data":"EDGE_TTA_ACTIVE views= 8 mean_abs_feat_delta= 0.386914\n"}
,{"stream_name":"stdout","time":366.454991301,"data":"EDGE_TTA_ACTIVE views= 8 mean_abs_feat_delta= 0.343511\n"}
,{"stream_name":"stdout","time":366.455018645,"data":"EDGE_TTA_ACTIVE views= 8 mean_abs_feat_delta= 0.386914\n"}
,{"stream_name":"stdout","time":367.164343318,"data":"SECONDARY_EDGE_TTA_ACTIVE views= 8 weight= 0.75 mean_abs_feat_delta= 0.257674\n"}
,{"stream_name":"stdout","time":367.282623527,"data":"SECONDARY_EDGE_TTA_ACTIVE views= 8 weight= 0.75 mean_abs_feat_delta= 0.309311\n"}
,{"stream_name":"stdout","time":367.287326442,"data":"BIOHUB_RETENTION_GUARD {\"blended_candidates\": 237, \"dataset\": \"44b6_0b24845f\", \"frame\": 33, \"minimum_retention\": 0.9, \"primary_candidates\": 269, \"retention\": 0.8810408921933085, \"use_primary\": true}\n"}
,{"stream_name":"stdout","time":367.366694188,"data":"SECONDARY_EDGE_TTA_ACTIVE views= 8 weight= 0.75 mean_abs_feat_delta= 0.257674\n"}
,{"stream_name":"stdout","time":367.366735111,"data":"SECONDARY_EDGE_TTA_ACTIVE views= 8 weight= 0.75 mean_abs_feat_delta= 0.309311\n"}
,{"stream_name":"stdout","time":367.366741988,"data":"BIOHUB_RETENTION_GUARD {\"blended_candidates\": 237, \"dataset\": \"44b6_0b24845f\", \"frame\": 33, \"minimum_retention\": 0.9, \"primary_candidates\": 269, \"retention\": 0.8810408921933085, \"use_primary\": true}\n"}
,{"stream_name":"stdout","time":368.184826788,"data":"EDGE_TTA_ACTIVE views= 8 mean_abs_feat_delta= 0.337737\n"}
,{"stream_name":"stdout","time":368.336698338,"data":"EDGE_TTA_ACTIVE views= 8 mean_abs_feat_delta= 0.386181\n"}
,{"stream_name":"stdout","time":368.387226815,"data":"EDGE_TTA_ACTIVE views= 8 mean_abs_feat_delta= 0.337737\n"}
,{"stream_name":"stdout","time":368.38725348,"data":"EDGE_TTA_ACTIVE views= 8 mean_abs_feat_delta= 0.386181\n"}
,{"stream_name":"stdout","time":369.097907475,"data":"SECONDARY_EDGE_TTA_ACTIVE views= 8 weight= 0.75 mean_abs_feat_delta= 0.2569\n"}
,{"stream_name":"stdout","time":369.274909338,"data":"SECONDARY_EDGE_TTA_ACTIVE views= 8 weight= 0.75 mean_abs_feat_delta= 0.30217\n"}
,{"stream_name":"stdout","time":369.30038192,"data":"SECONDARY_EDGE_TTA_ACTIVE views= 8 weight= 0.75 mean_abs_feat_delta= 0.2569\n"}
,{"stream_name":"stdout","time":369.300405915,"data":"SECONDARY_EDGE_TTA_ACTIVE views= 8 weight= 0.75 mean_abs_feat_delta= 0.30217\n"}
,{"stream_name":"stdout","time":370.142903828,"data":"EDGE_TTA_ACTIVE views= 8 mean_abs_feat_delta= 0.335524\n"}
,{"stream_name":"stdout","time":370.345517125,"data":"EDGE_TTA_ACTIVE views= 8 mean_abs_feat_delta= 0.335524\n"}
,{"stream_name":"stdout","time":370.407303348,"data":"EDGE_TTA_ACTIVE views= 8 mean_abs_feat_delta= 0.38443\n"}
,{"stream_name":"stdout","time":370.609539138,"data":"EDGE_TTA_ACTIVE views= 8 mean_abs_feat_delta= 0.38443\n"}
,{"stream_name":"stdout","time":371.058712892,"data":"SECONDARY_EDGE_TTA_ACTIVE views= 8 weight= 0.75 mean_abs_feat_delta= 0.256587\n"}
,{"stream_name":"stdout","time":371.261230996,"data":"SECONDARY_EDGE_TTA_ACTIVE views= 8 weight= 0.75 mean_abs_feat_delta= 0.256587\n"}
,{"stream_name":"stdout","time":371.346636871,"data":"SECONDARY_EDGE_TTA_ACTIVE views= 8 weight= 0.75 mean_abs_feat_delta= 0.301884\n"}
,{"stream_name":"stdout","time":371.548923702,"data":"SECONDARY_EDGE_TTA_ACTIVE views= 8 weight= 0.75 mean_abs_feat_delta= 0.301884\n"}
,{"stream_name":"stdout","time":372.13884901,"data":"EDGE_TTA_ACTIVE views= 8 mean_abs_feat_delta= 0.332806\n"}
,{"stream_name":"stdout","time":372.341135168,"data":"EDGE_TTA_ACTIVE views= 8 mean_abs_feat_delta= 0.332806\n"}
,{"stream_name":"stdout","time":372.51629778,"data":"EDGE_TTA_ACTIVE views= 8 mean_abs_feat_delta= 0.394205\n"}
,{"stream_name":"stdout","time":372.71864574,"data":"EDGE_TTA_ACTIVE views= 8 mean_abs_feat_delta= 0.394205\n"}
,{"stream_name":"stdout","time":373.059139467,"data":"SECONDARY_EDGE_TTA_ACTIVE views= 8 weight= 0.75 mean_abs_feat_delta= 0.256741\n"}
,{"stream_name":"stdout","time":373.261350228,"data":"SECONDARY_EDGE_TTA_ACTIVE views= 8 weight= 0.75 mean_abs_feat_delta= 0.256741\n"}
,{"stream_name":"stdout","time":373.458837653,"data":"SECONDARY_EDGE_TTA_ACTIVE views= 8 weight= 0.75 mean_abs_feat_delta= 0.30942\n"}
,{"stream_name":"stdout","time":373.661214312,"data":"SECONDARY_EDGE_TTA_ACTIVE views= 8 weight= 0.75 mean_abs_feat_delta= 0.30942\n"}
,{"stream_name":"stdout","time":374.093705728,"data":"EDGE_TTA_ACTIVE views= 8 mean_abs_feat_delta= 0.335885\n"}
,{"stream_name":"stdout","time":374.296130515,"data":"EDGE_TTA_ACTIVE views= 8 mean_abs_feat_delta= 0.335885\n"}
,{"stream_name":"stdout","time":374.526977258,"data":"EDGE_TTA_ACTIVE views= 8 mean_abs_feat_delta= 0.388321\n"}
,{"stream_name":"stdout","time":374.729340094,"data":"EDGE_TTA_ACTIVE views= 8 mean_abs_feat_delta= 0.388321\n"}
,{"stream_name":"stdout","time":375.014333795,"data":"SECONDARY_EDGE_TTA_ACTIVE views= 8 weight= 0.75 mean_abs_feat_delta= 0.260557\n"}
,{"stream_name":"stdout","time":375.216526653,"data":"SECONDARY_EDGE_TTA_ACTIVE views= 8 weight= 0.75 mean_abs_feat_delta= 0.260557\n"}
,{"stream_name":"stdout","time":375.475418929,"data":"SECONDARY_EDGE_TTA_ACTIVE views= 8 weight= 0.75 mean_abs_feat_delta= 0.30799\n"}
,{"stream_name":"stdout","time":375.677585946,"data":"SECONDARY_EDGE_TTA_ACTIVE views= 8 weight= 0.75 mean_abs_feat_delta= 0.30799\n"}
,{"stream_name":"stdout","time":376.087713655,"data":"EDGE_TTA_ACTIVE views= 8 mean_abs_feat_delta= 0.339913\n"}
,{"stream_name":"stdout","time":376.290253196,"data":"EDGE_TTA_ACTIVE views= 8 mean_abs_feat_delta= 0.339913\n"}
,{"stream_name":"stdout","time":376.594918384,"data":"EDGE_TTA_ACTIVE views= 8 mean_abs_feat_delta= 0.38644\n"}
,{"stream_name":"stdout","time":376.797226873,"data":"EDGE_TTA_ACTIVE views= 8 mean_abs_feat_delta= 0.38644\n"}
,{"stream_name":"stdout","time":377.010353238,"data":"SECONDARY_EDGE_TTA_ACTIVE views= 8 weight= 0.75 mean_abs_feat_delta= 0.254404\n"}
,{"stream_name":"stdout","time":377.212768064,"data":"SECONDARY_EDGE_TTA_ACTIVE views= 8 weight= 0.75 mean_abs_feat_delta= 0.254404\n"}
,{"stream_name":"stdout","time":377.546101943,"data":"SECONDARY_EDGE_TTA_ACTIVE views= 8 weight= 0.75 mean_abs_feat_delta= 0.305875\n"}
,{"stream_name":"stdout","time":377.748763681,"data":"SECONDARY_EDGE_TTA_ACTIVE views= 8 weight= 0.75 mean_abs_feat_delta= 0.305875\n"}
,{"stream_name":"stdout","time":378.062063882,"data":"EDGE_TTA_ACTIVE views= 8 mean_abs_feat_delta= 0.341382\n"}
,{"stream_name":"stdout","time":378.264745092,"data":"EDGE_TTA_ACTIVE views= 8 mean_abs_feat_delta= 0.341382\n"}
,{"stream_name":"stdout","time":378.637357066,"data":"EDGE_TTA_ACTIVE views= 8 mean_abs_feat_delta= 0.390082\n"}
,{"stream_name":"stdout","time":378.839869189,"data":"EDGE_TTA_ACTIVE views= 8 mean_abs_feat_delta= 0.390082\n"}
,{"stream_name":"stdout","time":378.988409823,"data":"SECONDARY_EDGE_TTA_ACTIVE views= 8 weight= 0.75 mean_abs_feat_delta= 0.249494\n"}
,{"stream_name":"stdout","time":379.190652924,"data":"SECONDARY_EDGE_TTA_ACTIVE views= 8 weight= 0.75 mean_abs_feat_delta= 0.249494\n"}
,{"stream_name":"stdout","time":379.586539788,"data":"SECONDARY_EDGE_TTA_ACTIVE views= 8 weight= 0.75 mean_abs_feat_delta= 0.310526\n"}
,{"stream_name":"stdout","time":379.789067259,"data":"SECONDARY_EDGE_TTA_ACTIVE views= 8 weight= 0.75 mean_abs_feat_delta= 0.310526\n"}
,{"stream_name":"stdout","time":380.044921663,"data":"EDGE_TTA_ACTIVE views= 8 mean_abs_feat_delta= 0.334139\n"}
,{"stream_name":"stdout","time":380.247666888,"data":"EDGE_TTA_ACTIVE views= 8 mean_abs_feat_delta= 0.334139\n"}
,{"stream_name":"stdout","time":380.678429416,"data":"EDGE_TTA_ACTIVE views= 8 mean_abs_feat_delta= 0.392075\n"}
,{"stream_name":"stdout","time":380.881960932,"data":"EDGE_TTA_ACTIVE views= 8 mean_abs_feat_delta= 0.392075\n"}
,{"stream_name":"stdout","time":380.972028135,"data":"SECONDARY_EDGE_TTA_ACTIVE views= 8 weight= 0.75 mean_abs_feat_delta= 0.251622\n"}
,{"stream_name":"stdout","time":381.174506438,"data":"SECONDARY_EDGE_TTA_ACTIVE views= 8 weight= 0.75 mean_abs_feat_delta= 0.251622\n"}
,{"stream_name":"stdout","time":381.633141431,"data":"SECONDARY_EDGE_TTA_ACTIVE views= 8 weight= 0.75 mean_abs_feat_delta= 0.319545\n"}
,{"stream_name":"stdout","time":381.8354372,"data":"SECONDARY_EDGE_TTA_ACTIVE views= 8 weight= 0.75 mean_abs_feat_delta= 0.319545\n"}
,{"stream_name":"stdout","time":382.051317738,"data":"EDGE_TTA_ACTIVE views= 8 mean_abs_feat_delta= 0.335063\n"}
,{"stream_name":"stdout","time":382.253645554,"data":"EDGE_TTA_ACTIVE views= 8 mean_abs_feat_delta= 0.335063\n"}
,{"stream_name":"stdout","time":382.734472135,"data":"EDGE_TTA_ACTIVE views= 8 mean_abs_feat_delta= 0.384762\n"}
,{"stream_name":"stdout","time":382.936867349,"data":"EDGE_TTA_ACTIVE views= 8 mean_abs_feat_delta= 0.384762\n"}
,{"stream_name":"stdout","time":382.990122632,"data":"SECONDARY_EDGE_TTA_ACTIVE views= 8 weight= 0.75 mean_abs_feat_delta= 0.252626\n"}
,{"stream_name":"stdout","time":383.192494658,"data":"SECONDARY_EDGE_TTA_ACTIVE views= 8 weight= 0.75 mean_abs_feat_delta= 0.252626\n"}
,{"stream_name":"stdout","time":383.693204353,"data":"SECONDARY_EDGE_TTA_ACTIVE views= 8 weight= 0.75 mean_abs_feat_delta= 0.312601\n"}
,{"stream_name":"stdout","time":383.914393148,"data":"SECONDARY_EDGE_TTA_ACTIVE views= 8 weight= 0.75 mean_abs_feat_delta= 0.312601\n"}
,{"stream_name":"stdout","time":384.073558594,"data":"EDGE_TTA_ACTIVE views= 8 mean_abs_feat_delta= 0.338064\n"}
,{"stream_name":"stdout","time":384.27605267,"data":"EDGE_TTA_ACTIVE views= 8 mean_abs_feat_delta= 0.338064\n"}
,{"stream_name":"stdout","time":384.774068935,"data":"EDGE_TTA_ACTIVE views= 8 mean_abs_feat_delta= 0.38171\n"}
,{"stream_name":"stdout","time":384.97641942,"data":"EDGE_TTA_ACTIVE views= 8 mean_abs_feat_delta= 0.38171\n"}
,{"stream_name":"stdout","time":385.003288163,"data":"SECONDARY_EDGE_TTA_ACTIVE views= 8 weight= 0.75 mean_abs_feat_delta= 0.249674\n"}
,{"stream_name":"stdout","time":385.205537935,"data":"SECONDARY_EDGE_TTA_ACTIVE views= 8 weight= 0.75 mean_abs_feat_delta= 0.249674\n"}
,{"stream_name":"stdout","time":385.730550735,"data":"SECONDARY_EDGE_TTA_ACTIVE views= 8 weight= 0.75 mean_abs_feat_delta= 0.31334\n"}
,{"stream_name":"stdout","time":385.933024682,"data":"SECONDARY_EDGE_TTA_ACTIVE views= 8 weight= 0.75 mean_abs_feat_delta= 0.31334\n"}
,{"stream_name":"stdout","time":386.035240968,"data":"EDGE_TTA_ACTIVE views= 8 mean_abs_feat_delta= 0.339095\n"}
,{"stream_name":"stdout","time":386.237390487,"data":"EDGE_TTA_ACTIVE views= 8 mean_abs_feat_delta= 0.339095\n"}
,{"stream_name":"stdout","time":386.816313734,"data":"EDGE_TTA_ACTIVE views= 8 mean_abs_feat_delta= 0.384752\n"}
,{"stream_name":"stdout","time":386.962737802,"data":"SECONDARY_EDGE_TTA_ACTIVE views= 8 weight= 0.75 mean_abs_feat_delta= 0.24928\n"}
,{"stream_name":"stdout","time":387.018984851,"data":"EDGE_TTA_ACTIVE views= 8 mean_abs_feat_delta= 0.384752\n"}
,{"stream_name":"stdout","time":387.019033552,"data":"SECONDARY_EDGE_TTA_ACTIVE views= 8 weight= 0.75 mean_abs_feat_delta= 0.24928\n"}
,{"stream_name":"stdout","time":387.778630868,"data":"SECONDARY_EDGE_TTA_ACTIVE views= 8 weight= 0.75 mean_abs_feat_delta= 0.315405\n"}
,{"stream_name":"stdout","time":387.981069585,"data":"SECONDARY_EDGE_TTA_ACTIVE views= 8 weight= 0.75 mean_abs_feat_delta= 0.315405\n"}
,{"stream_name":"stdout","time":388.031410078,"data":"EDGE_TTA_ACTIVE views= 8 mean_abs_feat_delta= 0.339328\n"}
,{"stream_name":"stdout","time":388.233994435,"data":"EDGE_TTA_ACTIVE views= 8 mean_abs_feat_delta= 0.339328\n"}
,{"stream_name":"stdout","time":388.895543236,"data":"EDGE_TTA_ACTIVE views= 8 mean_abs_feat_delta= 0.386541\n"}
,{"stream_name":"stdout","time":388.963953405,"data":"SECONDARY_EDGE_TTA_ACTIVE views= 8 weight= 0.75 mean_abs_feat_delta= 0.253989\n"}
,{"stream_name":"stdout","time":389.097536793,"data":"EDGE_TTA_ACTIVE views= 8 mean_abs_feat_delta= 0.386541\n"}
,{"stream_name":"stdout","time":389.097704512,"data":"SECONDARY_EDGE_TTA_ACTIVE views= 8 weight= 0.75 mean_abs_feat_delta= 0.253989\n"}
,{"stream_name":"stdout","time":389.870737754,"data":"SECONDARY_EDGE_TTA_ACTIVE views= 8 weight= 0.75 mean_abs_feat_delta= 0.312127\n"}
,{"stream_name":"stdout","time":390.031850889,"data":"EDGE_TTA_ACTIVE views= 8 mean_abs_feat_delta= 0.335805\n"}
,{"stream_name":"stdout","time":390.072958629,"data":"SECONDARY_EDGE_TTA_ACTIVE views= 8 weight= 0.75 mean_abs_feat_delta= 0.312127\n"}
,{"stream_name":"stdout","time":390.072985522,"data":"EDGE_TTA_ACTIVE views= 8 mean_abs_feat_delta= 0.335805\n"}
,{"stream_name":"stdout","time":390.945521417,"data":"EDGE_TTA_ACTIVE views= 8 mean_abs_feat_delta= 0.388134\n"}
,{"stream_name":"stdout","time":390.966479125,"data":"SECONDARY_EDGE_TTA_ACTIVE views= 8 weight= 0.75 mean_abs_feat_delta= 0.256927\n"}
,{"stream_name":"stdout","time":391.14777132,"data":"EDGE_TTA_ACTIVE views= 8 mean_abs_feat_delta= 0.388134\n"}
,{"stream_name":"stdout","time":391.147798739,"data":"SECONDARY_EDGE_TTA_ACTIVE views= 8 weight= 0.75 mean_abs_feat_delta= 0.256927\n"}
,{"stream_name":"stdout","time":391.931178343,"data":"SECONDARY_EDGE_TTA_ACTIVE views= 8 weight= 0.75 mean_abs_feat_delta= 0.31286\n"}
,{"stream_name":"stdout","time":392.043429016,"data":"EDGE_TTA_ACTIVE views= 8 mean_abs_feat_delta= 0.335162\n"}
,{"stream_name":"stdout","time":392.133495237,"data":"SECONDARY_EDGE_TTA_ACTIVE views= 8 weight= 0.75 mean_abs_feat_delta= 0.31286\n"}
,{"stream_name":"stdout","time":392.133525012,"data":"EDGE_TTA_ACTIVE views= 8 mean_abs_feat_delta= 0.335162\n"}
,{"stream_name":"stdout","time":392.980205303,"data":"SECONDARY_EDGE_TTA_ACTIVE views= 8 weight= 0.75 mean_abs_feat_delta= 0.253871\n"}
,{"stream_name":"stdout","time":393.015241174,"data":"EDGE_TTA_ACTIVE views= 8 mean_abs_feat_delta= 0.385185\n"}
,{"stream_name":"stdout","time":393.182126308,"data":"SECONDARY_EDGE_TTA_ACTIVE views= 8 weight= 0.75 mean_abs_feat_delta= 0.253871\n"}
,{"stream_name":"stdout","time":393.182177295,"data":"EDGE_TTA_ACTIVE views= 8 mean_abs_feat_delta= 0.385185\n"}
,{"stream_name":"stdout","time":393.989816459,"data":"SECONDARY_EDGE_TTA_ACTIVE views= 8 weight= 0.75 mean_abs_feat_delta= 0.321809\n"}
,{"stream_name":"stdout","time":394.108461694,"data":"EDGE_TTA_ACTIVE views= 8 mean_abs_feat_delta= 0.330028\n"}
,{"stream_name":"stdout","time":394.192134755,"data":"SECONDARY_EDGE_TTA_ACTIVE views= 8 weight= 0.75 mean_abs_feat_delta= 0.321809\n"}
,{"stream_name":"stdout","time":394.192163365,"data":"EDGE_TTA_ACTIVE views= 8 mean_abs_feat_delta= 0.330028\n"}
,{"stream_name":"stdout","time":395.048722397,"data":"SECONDARY_EDGE_TTA_ACTIVE views= 8 weight= 0.75 mean_abs_feat_delta= 0.252962\n"}
,{"stream_name":"stdout","time":395.104807438,"data":"EDGE_TTA_ACTIVE views= 8 mean_abs_feat_delta= 0.387663\n"}
,{"stream_name":"stdout","time":395.251170286,"data":"SECONDARY_EDGE_TTA_ACTIVE views= 8 weight= 0.75 mean_abs_feat_delta= 0.252962\n"}
,{"stream_name":"stdout","time":395.251234116,"data":"EDGE_TTA_ACTIVE views= 8 mean_abs_feat_delta= 0.387663\n"}
,{"stream_name":"stdout","time":396.07808277,"data":"SECONDARY_EDGE_TTA_ACTIVE views= 8 weight= 0.75 mean_abs_feat_delta= 0.325092\n"}
,{"stream_name":"stdout","time":396.081947267,"data":"BIOHUB_RETENTION_GUARD {\"blended_candidates\": 269, \"dataset\": \"44b6_0b24845f\", \"frame\": 47, \"minimum_retention\": 0.9, \"primary_candidates\": 306, \"retention\": 0.8790849673202614, \"use_primary\": true}\n"}
,{"stream_name":"stdout","time":396.120191762,"data":"EDGE_TTA_ACTIVE views= 8 mean_abs_feat_delta= 0.339387\n"}
,{"stream_name":"stdout","time":396.28037715,"data":"SECONDARY_EDGE_TTA_ACTIVE views= 8 weight= 0.75 mean_abs_feat_delta= 0.325092\n"}
,{"stream_name":"stdout","time":396.280436042,"data":"BIOHUB_RETENTION_GUARD {\"blended_candidates\": 269, \"dataset\": \"44b6_0b24845f\", \"frame\": 47, \"minimum_retention\": 0.9, \"primary_candidates\": 306, \"retention\": 0.8790849673202614, \"use_primary\": true}\n"}
,{"stream_name":"stdout","time":396.28044281,"data":"EDGE_TTA_ACTIVE views= 8 mean_abs_feat_delta= 0.339387\n"}
,{"stream_name":"stdout","time":397.064270681,"data":"SECONDARY_EDGE_TTA_ACTIVE views= 8 weight= 0.75 mean_abs_feat_delta= 0.259777\n"}
,{"stream_name":"stdout","time":397.163014762,"data":"EDGE_TTA_ACTIVE views= 8 mean_abs_feat_delta= 0.396598\n"}
,{"stream_name":"stdout","time":397.266818501,"data":"SECONDARY_EDGE_TTA_ACTIVE views= 8 weight= 0.75 mean_abs_feat_delta= 0.259777\n"}
,{"stream_name":"stdout","time":397.266851057,"data":"EDGE_TTA_ACTIVE views= 8 mean_abs_feat_delta= 0.396598\n"}
,{"stream_name":"stdout","time":398.117937603,"data":"EDGE_TTA_ACTIVE views= 8 mean_abs_feat_delta= 0.335525\n"}
,{"stream_name":"stdout","time":398.129022885,"data":"SECONDARY_EDGE_TTA_ACTIVE views= 8 weight= 0.75 mean_abs_feat_delta= 0.318974\n"}
,{"stream_name":"stdout","time":398.320401777,"data":"EDGE_TTA_ACTIVE views= 8 mean_abs_feat_delta= 0.335525\n"}
,{"stream_name":"stdout","time":398.320434514,"data":"SECONDARY_EDGE_TTA_ACTIVE views= 8 weight= 0.75 mean_abs_feat_delta= 0.318974\n"}
,{"stream_name":"stdout","time":399.064271919,"data":"SECONDARY_EDGE_TTA_ACTIVE views= 8 weight= 0.75 mean_abs_feat_delta= 0.251673\n"}
,{"stream_name":"stdout","time":399.245021717,"data":"EDGE_TTA_ACTIVE views= 8 mean_abs_feat_delta= 0.391304\n"}
,{"stream_name":"stdout","time":399.26678208,"data":"SECONDARY_EDGE_TTA_ACTIVE views= 8 weight= 0.75 mean_abs_feat_delta= 0.251673\n"}
,{"stream_name":"stdout","time":399.266805253,"data":"EDGE_TTA_ACTIVE views= 8 mean_abs_feat_delta= 0.391304\n"}
,{"stream_name":"stdout","time":400.118772689,"data":"EDGE_TTA_ACTIVE views= 8 mean_abs_feat_delta= 0.335786\n"}
,{"stream_name":"stdout","time":400.214825581,"data":"SECONDARY_EDGE_TTA_ACTIVE views= 8 weight= 0.75 mean_abs_feat_delta= 0.333833\n"}
,{"stream_name":"stdout","time":400.3214986,"data":"EDGE_TTA_ACTIVE views= 8 mean_abs_feat_delta= 0.335786\n"}
,{"stream_name":"stdout","time":400.321528438,"data":"SECONDARY_EDGE_TTA_ACTIVE views= 8 weight= 0.75 mean_abs_feat_delta= 0.333833\n"}
,{"stream_name":"stdout","time":401.065810788,"data":"SECONDARY_EDGE_TTA_ACTIVE views= 8 weight= 0.75 mean_abs_feat_delta= 0.250658\n"}
,{"stream_name":"stdout","time":401.269110288,"data":"SECONDARY_EDGE_TTA_ACTIVE views= 8 weight= 0.75 mean_abs_feat_delta= 0.250658\n"}
,{"stream_name":"stdout","time":401.310625194,"data":"EDGE_TTA_ACTIVE views= 8 mean_abs_feat_delta= 0.392642\n"}
,{"stream_name":"stdout","time":401.513081634,"data":"EDGE_TTA_ACTIVE views= 8 mean_abs_feat_delta= 0.392642\n"}
,{"stream_name":"stdout","time":402.200882196,"data":"EDGE_TTA_ACTIVE views= 8 mean_abs_feat_delta= 0.345867\n"}
,{"stream_name":"stdout","time":402.285734275,"data":"SECONDARY_EDGE_TTA_ACTIVE views= 8 weight= 0.75 mean_abs_feat_delta= 0.341369\n"}
,{"stream_name":"stdout","time":402.403388769,"data":"EDGE_TTA_ACTIVE views= 8 mean_abs_feat_delta= 0.345867\n"}
,{"stream_name":"stdout","time":402.403424601,"data":"SECONDARY_EDGE_TTA_ACTIVE views= 8 weight= 0.75 mean_abs_feat_delta= 0.341369\n"}
,{"stream_name":"stdout","time":403.154303226,"data":"SECONDARY_EDGE_TTA_ACTIVE views= 8 weight= 0.75 mean_abs_feat_delta= 0.261732\n"}
,{"stream_name":"stdout","time":403.356705985,"data":"SECONDARY_EDGE_TTA_ACTIVE views= 8 weight= 0.75 mean_abs_feat_delta= 0.261732\n"}
,{"stream_name":"stdout","time":403.40328031,"data":"EDGE_TTA_ACTIVE views= 8 mean_abs_feat_delta= 0.393955\n"}
,{"stream_name":"stdout","time":403.605587331,"data":"EDGE_TTA_ACTIVE views= 8 mean_abs_feat_delta= 0.393955\n"}
,{"stream_name":"stdout","time":404.218075365,"data":"EDGE_TTA_ACTIVE views= 8 mean_abs_feat_delta= 0.346254\n"}
,{"stream_name":"stdout","time":404.381141905,"data":"SECONDARY_EDGE_TTA_ACTIVE views= 8 weight= 0.75 mean_abs_feat_delta= 0.331176\n"}
,{"stream_name":"stdout","time":404.420606613,"data":"EDGE_TTA_ACTIVE views= 8 mean_abs_feat_delta= 0.346254\n"}
,{"stream_name":"stdout","time":404.420629441,"data":"SECONDARY_EDGE_TTA_ACTIVE views= 8 weight= 0.75 mean_abs_feat_delta= 0.331176\n"}
,{"stream_name":"stdout","time":405.176895319,"data":"SECONDARY_EDGE_TTA_ACTIVE views= 8 weight= 0.75 mean_abs_feat_delta= 0.264093\n"}
,{"stream_name":"stdout","time":405.379202169,"data":"SECONDARY_EDGE_TTA_ACTIVE views= 8 weight= 0.75 mean_abs_feat_delta= 0.264093\n"}
,{"stream_name":"stdout","time":405.487317207,"data":"EDGE_TTA_ACTIVE views= 8 mean_abs_feat_delta= 0.388568\n"}
,{"stream_name":"stdout","time":405.68973494,"data":"EDGE_TTA_ACTIVE views= 8 mean_abs_feat_delta= 0.388568\n"}
,{"stream_name":"stdout","time":406.272051396,"data":"EDGE_TTA_ACTIVE views= 8 mean_abs_feat_delta= 0.3463\n"}
,{"stream_name":"stdout","time":406.467373426,"data":"SECONDARY_EDGE_TTA_ACTIVE views= 8 weight= 0.75 mean_abs_feat_delta= 0.329633\n"}
,{"stream_name":"stdout","time":406.474578595,"data":"EDGE_TTA_ACTIVE views= 8 mean_abs_feat_delta= 0.3463\n"}
,{"stream_name":"stdout","time":406.474626273,"data":"SECONDARY_EDGE_TTA_ACTIVE views= 8 weight= 0.75 mean_abs_feat_delta= 0.329633\n"}
,{"stream_name":"stdout","time":407.231774432,"data":"SECONDARY_EDGE_TTA_ACTIVE views= 8 weight= 0.75 mean_abs_feat_delta= 0.27121\n"}
,{"stream_name":"stdout","time":407.434174035,"data":"SECONDARY_EDGE_TTA_ACTIVE views= 8 weight= 0.75 mean_abs_feat_delta= 0.27121\n"}
,{"stream_name":"stdout","time":407.608499227,"data":"EDGE_TTA_ACTIVE views= 8 mean_abs_feat_delta= 0.389207\n"}
,{"stream_name":"stdout","time":407.810798549,"data":"EDGE_TTA_ACTIVE views= 8 mean_abs_feat_delta= 0.389207\n"}
,{"stream_name":"stdout","time":408.325682136,"data":"EDGE_TTA_ACTIVE views= 8 mean_abs_feat_delta= 0.347477\n"}
,{"stream_name":"stdout","time":408.528161063,"data":"EDGE_TTA_ACTIVE views= 8 mean_abs_feat_delta= 0.347477\n"}
,{"stream_name":"stdout","time":408.595988697,"data":"SECONDARY_EDGE_TTA_ACTIVE views= 8 weight= 0.75 mean_abs_feat_delta= 0.338071\n"}
,{"stream_name":"stdout","time":408.798376353,"data":"SECONDARY_EDGE_TTA_ACTIVE views= 8 weight= 0.75 mean_abs_feat_delta= 0.338071\n"}
,{"stream_name":"stdout","time":409.295942869,"data":"SECONDARY_EDGE_TTA_ACTIVE views= 8 weight= 0.75 mean_abs_feat_delta= 0.272934\n"}
,{"stream_name":"stdout","time":409.498333497,"data":"SECONDARY_EDGE_TTA_ACTIVE views= 8 weight= 0.75 mean_abs_feat_delta= 0.272934\n"}
,{"stream_name":"stdout","time":409.734942797,"data":"EDGE_TTA_ACTIVE views= 8 mean_abs_feat_delta= 0.389581\n"}
,{"stream_name":"stdout","time":409.93730037,"data":"EDGE_TTA_ACTIVE views= 8 mean_abs_feat_delta= 0.389581\n"}
,{"stream_name":"stdout","time":410.397845607,"data":"EDGE_TTA_ACTIVE views= 8 mean_abs_feat_delta= 0.346484\n"}
,{"stream_name":"stdout","time":410.600225897,"data":"EDGE_TTA_ACTIVE views= 8 mean_abs_feat_delta= 0.346484\n"}
,{"stream_name":"stdout","time":410.726753786,"data":"SECONDARY_EDGE_TTA_ACTIVE views= 8 weight= 0.75 mean_abs_feat_delta= 0.337105\n"}
,{"stream_name":"stdout","time":410.929236982,"data":"SECONDARY_EDGE_TTA_ACTIVE views= 8 weight= 0.75 mean_abs_feat_delta= 0.337105\n"}
,{"stream_name":"stdout","time":411.365678797,"data":"SECONDARY_EDGE_TTA_ACTIVE views= 8 weight= 0.75 mean_abs_feat_delta= 0.274241\n"}
,{"stream_name":"stdout","time":411.568187213,"data":"SECONDARY_EDGE_TTA_ACTIVE views= 8 weight= 0.75 mean_abs_feat_delta= 0.274241\n"}
,{"stream_name":"stdout","time":411.833654652,"data":"EDGE_TTA_ACTIVE views= 8 mean_abs_feat_delta= 0.389273\n"}
,{"stream_name":"stdout","time":412.035958242,"data":"EDGE_TTA_ACTIVE views= 8 mean_abs_feat_delta= 0.389273\n"}
,{"stream_name":"stdout","time":412.437647837,"data":"EDGE_TTA_ACTIVE views= 8 mean_abs_feat_delta= 0.347995\n"}
,{"stream_name":"stdout","time":412.640016945,"data":"EDGE_TTA_ACTIVE views= 8 mean_abs_feat_delta= 0.347995\n"}
,{"stream_name":"stdout","time":412.828305689,"data":"SECONDARY_EDGE_TTA_ACTIVE views= 8 weight= 0.75 mean_abs_feat_delta= 0.340913\n"}
,{"stream_name":"stdout","time":413.030756032,"data":"SECONDARY_EDGE_TTA_ACTIVE views= 8 weight= 0.75 mean_abs_feat_delta= 0.340913\n"}
,{"stream_name":"stdout","time":413.410342497,"data":"SECONDARY_EDGE_TTA_ACTIVE views= 8 weight= 0.75 mean_abs_feat_delta= 0.272854\n"}
,{"stream_name":"stdout","time":413.612798294,"data":"SECONDARY_EDGE_TTA_ACTIVE views= 8 weight= 0.75 mean_abs_feat_delta= 0.272854\n"}
,{"stream_name":"stdout","time":413.979279488,"data":"EDGE_TTA_ACTIVE views= 8 mean_abs_feat_delta= 0.393226\n"}
,{"stream_name":"stdout","time":414.204533177,"data":"EDGE_TTA_ACTIVE views= 8 mean_abs_feat_delta= 0.393226\n"}
,{"stream_name":"stdout","time":414.482682054,"data":"EDGE_TTA_ACTIVE views= 8 mean_abs_feat_delta= 0.353657\n"}
,{"stream_name":"stdout","time":414.685053066,"data":"EDGE_TTA_ACTIVE views= 8 mean_abs_feat_delta= 0.353657\n"}
,{"stream_name":"stdout","time":414.974311642,"data":"SECONDARY_EDGE_TTA_ACTIVE views= 8 weight= 0.75 mean_abs_feat_delta= 0.343915\n"}
,{"stream_name":"stdout","time":415.17697893,"data":"SECONDARY_EDGE_TTA_ACTIVE views= 8 weight= 0.75 mean_abs_feat_delta= 0.343915\n"}
,{"stream_name":"stdout","time":415.455495233,"data":"SECONDARY_EDGE_TTA_ACTIVE views= 8 weight= 0.75 mean_abs_feat_delta= 0.267134\n"}
,{"stream_name":"stdout","time":415.657772996,"data":"SECONDARY_EDGE_TTA_ACTIVE views= 8 weight= 0.75 mean_abs_feat_delta= 0.267134\n"}
,{"stream_name":"stdout","time":416.136243723,"data":"EDGE_TTA_ACTIVE views= 8 mean_abs_feat_delta= 0.38475\n"}
,{"stream_name":"stdout","time":416.339004525,"data":"EDGE_TTA_ACTIVE views= 8 mean_abs_feat_delta= 0.38475\n"}
,{"stream_name":"stdout","time":416.563340019,"data":"EDGE_TTA_ACTIVE views= 8 mean_abs_feat_delta= 0.347717\n"}
,{"stream_name":"stdout","time":416.766074062,"data":"EDGE_TTA_ACTIVE views= 8 mean_abs_feat_delta= 0.347717\n"}
,{"stream_name":"stdout","time":417.139133569,"data":"SECONDARY_EDGE_TTA_ACTIVE views= 8 weight= 0.75 mean_abs_feat_delta= 0.34165\n"}
,{"stream_name":"stdout","time":417.341650189,"data":"SECONDARY_EDGE_TTA_ACTIVE views= 8 weight= 0.75 mean_abs_feat_delta= 0.34165\n"}
,{"stream_name":"stdout","time":417.542646583,"data":"SECONDARY_EDGE_TTA_ACTIVE views= 8 weight= 0.75 mean_abs_feat_delta= 0.261003\n"}
,{"stream_name":"stdout","time":417.744711474,"data":"SECONDARY_EDGE_TTA_ACTIVE views= 8 weight= 0.75 mean_abs_feat_delta= 0.261003\n"}
,{"stream_name":"stdout","time":418.317258694,"data":"EDGE_TTA_ACTIVE views= 8 mean_abs_feat_delta= 0.380928\n"}
,{"stream_name":"stdout","time":418.51964601,"data":"EDGE_TTA_ACTIVE views= 8 mean_abs_feat_delta= 0.380928\n"}
,{"stream_name":"stdout","time":418.675127211,"data":"EDGE_TTA_ACTIVE views= 8 mean_abs_feat_delta= 0.348171\n"}
,{"stream_name":"stdout","time":418.877414069,"data":"EDGE_TTA_ACTIVE views= 8 mean_abs_feat_delta= 0.348171\n"}
,{"stream_name":"stdout","time":419.29962355,"data":"SECONDARY_EDGE_TTA_ACTIVE views= 8 weight= 0.75 mean_abs_feat_delta= 0.33808\n"}
,{"stream_name":"stdout","time":419.50179823,"data":"SECONDARY_EDGE_TTA_ACTIVE views= 8 weight= 0.75 mean_abs_feat_delta= 0.33808\n"}
,{"stream_name":"stdout","time":419.650414055,"data":"SECONDARY_EDGE_TTA_ACTIVE views= 8 weight= 0.75 mean_abs_feat_delta= 0.264063\n"}
,{"stream_name":"stdout","time":419.852885909,"data":"SECONDARY_EDGE_TTA_ACTIVE views= 8 weight= 0.75 mean_abs_feat_delta= 0.264063\n"}
,{"stream_name":"stdout","time":420.483011927,"data":"EDGE_TTA_ACTIVE views= 8 mean_abs_feat_delta= 0.382884\n"}
,{"stream_name":"stdout","time":420.685594748,"data":"EDGE_TTA_ACTIVE views= 8 mean_abs_feat_delta= 0.382884\n"}
,{"stream_name":"stdout","time":420.742113539,"data":"EDGE_TTA_ACTIVE views= 8 mean_abs_feat_delta= 0.34817\n"}
,{"stream_name":"stdout","time":420.944551799,"data":"EDGE_TTA_ACTIVE views= 8 mean_abs_feat_delta= 0.34817\n"}
,{"stream_name":"stdout","time":421.488524589,"data":"SECONDARY_EDGE_TTA_ACTIVE views= 8 weight= 0.75 mean_abs_feat_delta= 0.33331\n"}
,{"stream_name":"stdout","time":421.690928485,"data":"SECONDARY_EDGE_TTA_ACTIVE views= 8 weight= 0.75 mean_abs_feat_delta= 0.33331\n"}
,{"stream_name":"stdout","time":421.716712262,"data":"SECONDARY_EDGE_TTA_ACTIVE views= 8 weight= 0.75 mean_abs_feat_delta= 0.26475\n"}
,{"stream_name":"stdout","time":421.919170737,"data":"SECONDARY_EDGE_TTA_ACTIVE views= 8 weight= 0.75 mean_abs_feat_delta= 0.26475\n"}
,{"stream_name":"stdout","time":422.633074836,"data":"EDGE_TTA_ACTIVE views= 8 mean_abs_feat_delta= 0.385537\n"}
,{"stream_name":"stdout","time":422.823442856,"data":"EDGE_TTA_ACTIVE views= 8 mean_abs_feat_delta= 0.353097\n"}
,{"stream_name":"stdout","time":422.835694987,"data":"EDGE_TTA_ACTIVE views= 8 mean_abs_feat_delta= 0.385537\n"}
,{"stream_name":"stdout","time":422.835715656,"data":"EDGE_TTA_ACTIVE views= 8 mean_abs_feat_delta= 0.353097\n"}
,{"stream_name":"stdout","time":423.635698052,"data":"SECONDARY_EDGE_TTA_ACTIVE views= 8 weight= 0.75 mean_abs_feat_delta= 0.330977\n"}
,{"stream_name":"stdout","time":423.802799182,"data":"SECONDARY_EDGE_TTA_ACTIVE views= 8 weight= 0.75 mean_abs_feat_delta= 0.266224\n"}
,{"stream_name":"stdout","time":423.838378395,"data":"SECONDARY_EDGE_TTA_ACTIVE views= 8 weight= 0.75 mean_abs_feat_delta= 0.330977\n"}
,{"stream_name":"stdout","time":423.838404504,"data":"SECONDARY_EDGE_TTA_ACTIVE views= 8 weight= 0.75 mean_abs_feat_delta= 0.266224\n"}
,{"stream_name":"stdout","time":424.833497347,"data":"EDGE_TTA_ACTIVE views= 8 mean_abs_feat_delta= 0.380645\n"}
,{"stream_name":"stdout","time":424.894217878,"data":"EDGE_TTA_ACTIVE views= 8 mean_abs_feat_delta= 0.355775\n"}
,{"stream_name":"stdout","time":425.036009517,"data":"EDGE_TTA_ACTIVE views= 8 mean_abs_feat_delta= 0.380645\n"}
,{"stream_name":"stdout","time":425.036034382,"data":"EDGE_TTA_ACTIVE views= 8 mean_abs_feat_delta= 0.355775\n"}
,{"stream_name":"stdout","time":425.833593677,"data":"SECONDARY_EDGE_TTA_ACTIVE views= 8 weight= 0.75 mean_abs_feat_delta= 0.331267\n"}
,{"stream_name":"stdout","time":425.837629116,"data":"BIOHUB_RETENTION_GUARD {\"blended_candidates\": 287, \"dataset\": \"44b6_0b24845f\", \"frame\": 61, \"minimum_retention\": 0.9, \"primary_candidates\": 340, \"retention\": 0.8441176470588235, \"use_primary\": true}\n"}
,{"stream_name":"stdout","time":425.866729743,"data":"SECONDARY_EDGE_TTA_ACTIVE views= 8 weight= 0.75 mean_abs_feat_delta= 0.266555\n"}
,{"stream_name":"stdout","time":426.03593212,"data":"SECONDARY_EDGE_TTA_ACTIVE views= 8 weight= 0.75 mean_abs_feat_delta= 0.331267\n"}
,{"stream_name":"stdout","time":426.035990337,"data":"BIOHUB_RETENTION_GUARD {\"blended_candidates\": 287, \"dataset\": \"44b6_0b24845f\", \"frame\": 61, \"minimum_retention\": 0.9, \"primary_candidates\": 340, \"retention\": 0.8441176470588235, \"use_primary\": true}\n"}
,{"stream_name":"stdout","time":426.035997497,"data":"SECONDARY_EDGE_TTA_ACTIVE views= 8 weight= 0.75 mean_abs_feat_delta= 0.266555\n"}
,{"stream_name":"stdout","time":426.978488335,"data":"EDGE_TTA_ACTIVE views= 8 mean_abs_feat_delta= 0.355828\n"}
,{"stream_name":"stdout","time":427.011886817,"data":"EDGE_TTA_ACTIVE views= 8 mean_abs_feat_delta= 0.381765\n"}
,{"stream_name":"stdout","time":427.180930726,"data":"EDGE_TTA_ACTIVE views= 8 mean_abs_feat_delta= 0.355828\n"}
,{"stream_name":"stdout","time":427.180955931,"data":"EDGE_TTA_ACTIVE views= 8 mean_abs_feat_delta= 0.381765\n"}
,{"stream_name":"stdout","time":427.950876165,"data":"SECONDARY_EDGE_TTA_ACTIVE views= 8 weight= 0.75 mean_abs_feat_delta= 0.267421\n"}
,{"stream_name":"stdout","time":428.003838365,"data":"SECONDARY_EDGE_TTA_ACTIVE views= 8 weight= 0.75 mean_abs_feat_delta= 0.331865\n"}
,{"stream_name":"stdout","time":428.007950343,"data":"BIOHUB_RETENTION_GUARD {\"blended_candidates\": 307, \"dataset\": \"44b6_0b24845f\", \"frame\": 62, \"minimum_retention\": 0.9, \"primary_candidates\": 350, \"retention\": 0.8771428571428571, \"use_primary\": true}\n"}
,{"stream_name":"stdout","time":428.152772783,"data":"SECONDARY_EDGE_TTA_ACTIVE views= 8 weight= 0.75 mean_abs_feat_delta= 0.267421\n"}
,{"stream_name":"stdout","time":428.152806348,"data":"SECONDARY_EDGE_TTA_ACTIVE views= 8 weight= 0.75 mean_abs_feat_delta= 0.331865\n"}
,{"stream_name":"stdout","time":428.152862811,"data":"BIOHUB_RETENTION_GUARD {\"blended_candidates\": 307, \"dataset\": \"44b6_0b24845f\", \"frame\": 62, \"minimum_retention\": 0.9, \"primary_candidates\": 350, \"retention\": 0.8771428571428571, \"use_primary\": true}\n"}
,{"stream_name":"stdout","time":429.083367206,"data":"EDGE_TTA_ACTIVE views= 8 mean_abs_feat_delta= 0.355445\n"}
,{"stream_name":"stdout","time":429.174156615,"data":"EDGE_TTA_ACTIVE views= 8 mean_abs_feat_delta= 0.388889\n"}
,{"stream_name":"stdout","time":429.286195715,"data":"EDGE_TTA_ACTIVE views= 8 mean_abs_feat_delta= 0.355445\n"}
,{"stream_name":"stdout","time":429.286272514,"data":"EDGE_TTA_ACTIVE views= 8 mean_abs_feat_delta= 0.388889\n"}
,{"stream_name":"stdout","time":430.054903967,"data":"SECONDARY_EDGE_TTA_ACTIVE views= 8 weight= 0.75 mean_abs_feat_delta= 0.269455\n"}
,{"stream_name":"stdout","time":430.157605971,"data":"SECONDARY_EDGE_TTA_ACTIVE views= 8 weight= 0.75 mean_abs_feat_delta= 0.332882\n"}
,{"stream_name":"stdout","time":430.257219217,"data":"SECONDARY_EDGE_TTA_ACTIVE views= 8 weight= 0.75 mean_abs_feat_delta= 0.269455\n"}
,{"stream_name":"stdout","time":430.257251046,"data":"SECONDARY_EDGE_TTA_ACTIVE views= 8 weight= 0.75 mean_abs_feat_delta= 0.332882\n"}
,{"stream_name":"stdout","time":431.12685633,"data":"EDGE_TTA_ACTIVE views= 8 mean_abs_feat_delta= 0.353519\n"}
,{"stream_name":"stdout","time":431.287676936,"data":"EDGE_TTA_ACTIVE views= 8 mean_abs_feat_delta= 0.382067\n"}
,{"stream_name":"stdout","time":431.329600704,"data":"EDGE_TTA_ACTIVE views= 8 mean_abs_feat_delta= 0.353519\n"}
,{"stream_name":"stdout","time":431.329668968,"data":"EDGE_TTA_ACTIVE views= 8 mean_abs_feat_delta= 0.382067\n"}
,{"stream_name":"stdout","time":432.094983947,"data":"SECONDARY_EDGE_TTA_ACTIVE views= 8 weight= 0.75 mean_abs_feat_delta= 0.265098\n"}
,{"stream_name":"stdout","time":432.265741363,"data":"SECONDARY_EDGE_TTA_ACTIVE views= 8 weight= 0.75 mean_abs_feat_delta= 0.326654\n"}
,{"stream_name":"stdout","time":432.270038732,"data":"BIOHUB_RETENTION_GUARD {\"blended_candidates\": 298, \"dataset\": \"44b6_0b24845f\", \"frame\": 64, \"minimum_retention\": 0.9, \"primary_candidates\": 338, \"retention\": 0.8816568047337278, \"use_primary\": true}\n"}
,{"stream_name":"stdout","time":432.297352623,"data":"SECONDARY_EDGE_TTA_ACTIVE views= 8 weight= 0.75 mean_abs_feat_delta= 0.265098\n"}
,{"stream_name":"stdout","time":432.297371521,"data":"SECONDARY_EDGE_TTA_ACTIVE views= 8 weight= 0.75 mean_abs_feat_delta= 0.326654\n"}
,{"stream_name":"stdout","time":432.297376198,"data":"BIOHUB_RETENTION_GUARD {\"blended_candidates\": 298, \"dataset\": \"44b6_0b24845f\", \"frame\": 64, \"minimum_retention\": 0.9, \"primary_candidates\": 338, \"retention\": 0.8816568047337278, \"use_primary\": true}\n"}
,{"stream_name":"stdout","time":433.200736275,"data":"EDGE_TTA_ACTIVE views= 8 mean_abs_feat_delta= 0.351912\n"}
,{"stream_name":"stdout","time":433.403181404,"data":"EDGE_TTA_ACTIVE views= 8 mean_abs_feat_delta= 0.351912\n"}
,{"stream_name":"stdout","time":433.453305673,"data":"EDGE_TTA_ACTIVE views= 8 mean_abs_feat_delta= 0.384193\n"}
,{"stream_name":"stdout","time":433.655514045,"data":"EDGE_TTA_ACTIVE views= 8 mean_abs_feat_delta= 0.384193\n"}
,{"stream_name":"stdout","time":434.158172735,"data":"SECONDARY_EDGE_TTA_ACTIVE views= 8 weight= 0.75 mean_abs_feat_delta= 0.272542\n"}
,{"stream_name":"stdout","time":434.360943378,"data":"SECONDARY_EDGE_TTA_ACTIVE views= 8 weight= 0.75 mean_abs_feat_delta= 0.272542\n"}
,{"stream_name":"stdout","time":434.425508994,"data":"SECONDARY_EDGE_TTA_ACTIVE views= 8 weight= 0.75 mean_abs_feat_delta= 0.327978\n"}
,{"stream_name":"stdout","time":434.628062023,"data":"SECONDARY_EDGE_TTA_ACTIVE views= 8 weight= 0.75 mean_abs_feat_delta= 0.327978\n"}
,{"stream_name":"stdout","time":435.275470771,"data":"EDGE_TTA_ACTIVE views= 8 mean_abs_feat_delta= 0.3499\n"}
,{"stream_name":"stdout","time":435.478180027,"data":"EDGE_TTA_ACTIVE views= 8 mean_abs_feat_delta= 0.3499\n"}
,{"stream_name":"stdout","time":435.556623602,"data":"EDGE_TTA_ACTIVE views= 8 mean_abs_feat_delta= 0.38328\n"}
,{"stream_name":"stdout","time":435.759004753,"data":"EDGE_TTA_ACTIVE views= 8 mean_abs_feat_delta= 0.38328\n"}
,{"stream_name":"stdout","time":436.229607313,"data":"SECONDARY_EDGE_TTA_ACTIVE views= 8 weight= 0.75 mean_abs_feat_delta= 0.273501\n"}
,{"stream_name":"stdout","time":436.43202687,"data":"SECONDARY_EDGE_TTA_ACTIVE views= 8 weight= 0.75 mean_abs_feat_delta= 0.273501\n"}
,{"stream_name":"stdout","time":436.530659471,"data":"SECONDARY_EDGE_TTA_ACTIVE views= 8 weight= 0.75 mean_abs_feat_delta= 0.324387\n"}
,{"stream_name":"stdout","time":436.534777176,"data":"BIOHUB_RETENTION_GUARD {\"blended_candidates\": 321, \"dataset\": \"44b6_0b24845f\", \"frame\": 66, \"minimum_retention\": 0.9, \"primary_candidates\": 382, \"retention\": 0.8403141361256544, \"use_primary\": true}\n"}
,{"stream_name":"stdout","time":436.7330709,"data":"SECONDARY_EDGE_TTA_ACTIVE views= 8 weight= 0.75 mean_abs_feat_delta= 0.324387\n"}
,{"stream_name":"stdout","time":436.733123776,"data":"BIOHUB_RETENTION_GUARD {\"blended_candidates\": 321, \"dataset\": \"44b6_0b24845f\", \"frame\": 66, \"minimum_retention\": 0.9, \"primary_candidates\": 382, \"retention\": 0.8403141361256544, \"use_primary\": true}\n"}
,{"stream_name":"stdout","time":437.322467729,"data":"EDGE_TTA_ACTIVE views= 8 mean_abs_feat_delta= 0.352336\n"}
,{"stream_name":"stdout","time":437.525149078,"data":"EDGE_TTA_ACTIVE views= 8 mean_abs_feat_delta= 0.352336\n"}
,{"stream_name":"stdout","time":437.697351078,"data":"EDGE_TTA_ACTIVE views= 8 mean_abs_feat_delta= 0.378289\n"}
,{"stream_name":"stdout","time":437.900005362,"data":"EDGE_TTA_ACTIVE views= 8 mean_abs_feat_delta= 0.378289\n"}
,{"stream_name":"stdout","time":438.271778161,"data":"SECONDARY_EDGE_TTA_ACTIVE views= 8 weight= 0.75 mean_abs_feat_delta= 0.271044\n"}
,{"stream_name":"stdout","time":438.474521676,"data":"SECONDARY_EDGE_TTA_ACTIVE views= 8 weight= 0.75 mean_abs_feat_delta= 0.271044\n"}
,{"stream_name":"stdout","time":438.674686982,"data":"SECONDARY_EDGE_TTA_ACTIVE views= 8 weight= 0.75 mean_abs_feat_delta= 0.319362\n"}
,{"stream_name":"stdout","time":438.877362119,"data":"SECONDARY_EDGE_TTA_ACTIVE views= 8 weight= 0.75 mean_abs_feat_delta= 0.319362\n"}
,{"stream_name":"stdout","time":439.387203872,"data":"EDGE_TTA_ACTIVE views= 8 mean_abs_feat_delta= 0.353385\n"}
,{"stream_name":"stdout","time":439.589870155,"data":"EDGE_TTA_ACTIVE views= 8 mean_abs_feat_delta= 0.353385\n"}
,{"stream_name":"stdout","time":439.82988146,"data":"EDGE_TTA_ACTIVE views= 8 mean_abs_feat_delta= 0.37729\n"}
,{"stream_name":"stdout","time":440.032235192,"data":"EDGE_TTA_ACTIVE views= 8 mean_abs_feat_delta= 0.37729\n"}
,{"stream_name":"stdout","time":440.335825092,"data":"SECONDARY_EDGE_TTA_ACTIVE views= 8 weight= 0.75 mean_abs_feat_delta= 0.266813\n"}
,{"stream_name":"stdout","time":440.538413235,"data":"SECONDARY_EDGE_TTA_ACTIVE views= 8 weight= 0.75 mean_abs_feat_delta= 0.266813\n"}
,{"stream_name":"stdout","time":440.801005409,"data":"SECONDARY_EDGE_TTA_ACTIVE views= 8 weight= 0.75 mean_abs_feat_delta= 0.322003\n"}
,{"stream_name":"stdout","time":441.003392209,"data":"SECONDARY_EDGE_TTA_ACTIVE views= 8 weight= 0.75 mean_abs_feat_delta= 0.322003\n"}
,{"stream_name":"stdout","time":441.391401,"data":"EDGE_TTA_ACTIVE views= 8 mean_abs_feat_delta= 0.34744\n"}
,{"stream_name":"stdout","time":441.59372209,"data":"EDGE_TTA_ACTIVE views= 8 mean_abs_feat_delta= 0.34744\n"}
,{"stream_name":"stdout","time":441.953472105,"data":"EDGE_TTA_ACTIVE views= 8 mean_abs_feat_delta= 0.377898\n"}
,{"stream_name":"stdout","time":442.155652863,"data":"EDGE_TTA_ACTIVE views= 8 mean_abs_feat_delta= 0.377898\n"}
,{"stream_name":"stdout","time":442.333237291,"data":"SECONDARY_EDGE_TTA_ACTIVE views= 8 weight= 0.75 mean_abs_feat_delta= 0.26389\n"}
,{"stream_name":"stdout","time":442.535470772,"data":"SECONDARY_EDGE_TTA_ACTIVE views= 8 weight= 0.75 mean_abs_feat_delta= 0.26389\n"}
,{"stream_name":"stdout","time":442.926983843,"data":"SECONDARY_EDGE_TTA_ACTIVE views= 8 weight= 0.75 mean_abs_feat_delta= 0.3296\n"}
,{"stream_name":"stdout","time":443.130049338,"data":"SECONDARY_EDGE_TTA_ACTIVE views= 8 weight= 0.75 mean_abs_feat_delta= 0.3296\n"}
,{"stream_name":"stdout","time":443.476137319,"data":"EDGE_TTA_ACTIVE views= 8 mean_abs_feat_delta= 0.347775\n"}
,{"stream_name":"stdout","time":443.678776258,"data":"EDGE_TTA_ACTIVE views= 8 mean_abs_feat_delta= 0.347775\n"}
,{"stream_name":"stdout","time":444.081282063,"data":"EDGE_TTA_ACTIVE views= 8 mean_abs_feat_delta= 0.376297\n"}
,{"stream_name":"stdout","time":444.309306863,"data":"EDGE_TTA_ACTIVE views= 8 mean_abs_feat_delta= 0.376297\n"}
,{"stream_name":"stdout","time":444.417360376,"data":"SECONDARY_EDGE_TTA_ACTIVE views= 8 weight= 0.75 mean_abs_feat_delta= 0.270312\n"}
,{"stream_name":"stdout","time":444.619539912,"data":"SECONDARY_EDGE_TTA_ACTIVE views= 8 weight= 0.75 mean_abs_feat_delta= 0.270312\n"}
,{"stream_name":"stdout","time":445.05479807,"data":"SECONDARY_EDGE_TTA_ACTIVE views= 8 weight= 0.75 mean_abs_feat_delta= 0.328831\n"}
,{"stream_name":"stdout","time":445.058745314,"data":"BIOHUB_RETENTION_GUARD {\"blended_candidates\": 273, \"dataset\": \"44b6_0b24845f\", \"frame\": 70, \"minimum_retention\": 0.9, \"primary_candidates\": 306, \"retention\": 0.8921568627450981, \"use_primary\": true}\n"}
,{"stream_name":"stdout","time":445.257160855,"data":"SECONDARY_EDGE_TTA_ACTIVE views= 8 weight= 0.75 mean_abs_feat_delta= 0.328831\n"}
,{"stream_name":"stdout","time":445.257221595,"data":"BIOHUB_RETENTION_GUARD {\"blended_candidates\": 273, \"dataset\": \"44b6_0b24845f\", \"frame\": 70, \"minimum_retention\": 0.9, \"primary_candidates\": 306, \"retention\": 0.8921568627450981, \"use_primary\": true}\n"}
,{"stream_name":"stdout","time":445.524963177,"data":"EDGE_TTA_ACTIVE views= 8 mean_abs_feat_delta= 0.348534\n"}
,{"stream_name":"stdout","time":445.727645256,"data":"EDGE_TTA_ACTIVE views= 8 mean_abs_feat_delta= 0.348534\n"}
,{"stream_name":"stdout","time":446.145719661,"data":"EDGE_TTA_ACTIVE views= 8 mean_abs_feat_delta= 0.371869\n"}
,{"stream_name":"stdout","time":446.34804723,"data":"EDGE_TTA_ACTIVE views= 8 mean_abs_feat_delta= 0.371869\n"}
,{"stream_name":"stdout","time":446.464955873,"data":"SECONDARY_EDGE_TTA_ACTIVE views= 8 weight= 0.75 mean_abs_feat_delta= 0.273527\n"}
,{"stream_name":"stdout","time":446.667351758,"data":"SECONDARY_EDGE_TTA_ACTIVE views= 8 weight= 0.75 mean_abs_feat_delta= 0.273527\n"}
,{"stream_name":"stdout","time":447.120931131,"data":"SECONDARY_EDGE_TTA_ACTIVE views= 8 weight= 0.75 mean_abs_feat_delta= 0.328105\n"}
,{"stream_name":"stdout","time":447.32372758,"data":"SECONDARY_EDGE_TTA_ACTIVE views= 8 weight= 0.75 mean_abs_feat_delta= 0.328105\n"}
,{"stream_name":"stdout","time":447.537994131,"data":"EDGE_TTA_ACTIVE views= 8 mean_abs_feat_delta= 0.348462\n"}
,{"stream_name":"stdout","time":447.740457673,"data":"EDGE_TTA_ACTIVE views= 8 mean_abs_feat_delta= 0.348462\n"}
,{"stream_name":"stdout","time":448.250724603,"data":"EDGE_TTA_ACTIVE views= 8 mean_abs_feat_delta= 0.37185\n"}
,{"stream_name":"stdout","time":448.452890614,"data":"EDGE_TTA_ACTIVE views= 8 mean_abs_feat_delta= 0.37185\n"}
,{"stream_name":"stdout","time":448.474454476,"data":"SECONDARY_EDGE_TTA_ACTIVE views= 8 weight= 0.75 mean_abs_feat_delta= 0.270371\n"}
,{"stream_name":"stdout","time":448.676794493,"data":"SECONDARY_EDGE_TTA_ACTIVE views= 8 weight= 0.75 mean_abs_feat_delta= 0.270371\n"}
,{"stream_name":"stdout","time":449.213597413,"data":"SECONDARY_EDGE_TTA_ACTIVE views= 8 weight= 0.75 mean_abs_feat_delta= 0.330161\n"}
,{"stream_name":"stdout","time":449.415812386,"data":"SECONDARY_EDGE_TTA_ACTIVE views= 8 weight= 0.75 mean_abs_feat_delta= 0.330161\n"}
,{"stream_name":"stdout","time":449.522181292,"data":"EDGE_TTA_ACTIVE views= 8 mean_abs_feat_delta= 0.35016\n"}
,{"stream_name":"stdout","time":449.724549872,"data":"EDGE_TTA_ACTIVE views= 8 mean_abs_feat_delta= 0.35016\n"}
,{"stream_name":"stdout","time":450.300950334,"data":"EDGE_TTA_ACTIVE views= 8 mean_abs_feat_delta= 0.369668\n"}
,{"stream_name":"stdout","time":450.460006304,"data":"SECONDARY_EDGE_TTA_ACTIVE views= 8 weight= 0.75 mean_abs_feat_delta= 0.266024\n"}
,{"stream_name":"stdout","time":450.503567869,"data":"EDGE_TTA_ACTIVE views= 8 mean_abs_feat_delta= 0.369668\n"}
,{"stream_name":"stdout","time":450.503591299,"data":"SECONDARY_EDGE_TTA_ACTIVE views= 8 weight= 0.75 mean_abs_feat_delta= 0.266024\n"}
,{"stream_name":"stdout","time":451.262014136,"data":"SECONDARY_EDGE_TTA_ACTIVE views= 8 weight= 0.75 mean_abs_feat_delta= 0.331179\n"}
,{"stream_name":"stdout","time":451.266251468,"data":"BIOHUB_RETENTION_GUARD {\"blended_candidates\": 202, \"dataset\": \"44b6_0b24845f\", \"frame\": 73, \"minimum_retention\": 0.9, \"primary_candidates\": 261, \"retention\": 0.7739463601532567, \"use_primary\": true}\n"}
,{"stream_name":"stdout","time":451.464538441,"data":"SECONDARY_EDGE_TTA_ACTIVE views= 8 weight= 0.75 mean_abs_feat_delta= 0.331179\n"}
,{"stream_name":"stdout","time":451.464604044,"data":"BIOHUB_RETENTION_GUARD {\"blended_candidates\": 202, \"dataset\": \"44b6_0b24845f\", \"frame\": 73, \"minimum_retention\": 0.9, \"primary_candidates\": 261, \"retention\": 0.7739463601532567, \"use_primary\": true}\n"}
,{"stream_name":"stdout","time":451.50775042,"data":"EDGE_TTA_ACTIVE views= 8 mean_abs_feat_delta= 0.357555\n"}
,{"stream_name":"stdout","time":451.710248401,"data":"EDGE_TTA_ACTIVE views= 8 mean_abs_feat_delta= 0.357555\n"}
,{"stream_name":"stdout","time":452.391270501,"data":"EDGE_TTA_ACTIVE views= 8 mean_abs_feat_delta= 0.377998\n"}
,{"stream_name":"stdout","time":452.447504424,"data":"SECONDARY_EDGE_TTA_ACTIVE views= 8 weight= 0.75 mean_abs_feat_delta= 0.275095\n"}
,{"stream_name":"stdout","time":452.593680701,"data":"EDGE_TTA_ACTIVE views= 8 mean_abs_feat_delta= 0.377998\n"}
,{"stream_name":"stdout","time":452.593711146,"data":"SECONDARY_EDGE_TTA_ACTIVE views= 8 weight= 0.75 mean_abs_feat_delta= 0.275095\n"}
,{"stream_name":"stdout","time":453.351674584,"data":"SECONDARY_EDGE_TTA_ACTIVE views= 8 weight= 0.75 mean_abs_feat_delta= 0.330446\n"}
,{"stream_name":"stdout","time":453.356305248,"data":"BIOHUB_RETENTION_GUARD {\"blended_candidates\": 231, \"dataset\": \"44b6_0b24845f\", \"frame\": 74, \"minimum_retention\": 0.9, \"primary_candidates\": 297, \"retention\": 0.7777777777777778, \"use_primary\": true}\n"}
,{"stream_name":"stdout","time":453.512518834,"data":"EDGE_TTA_ACTIVE views= 8 mean_abs_feat_delta= 0.358559\n"}
,{"stream_name":"stdout","time":453.554269054,"data":"SECONDARY_EDGE_TTA_ACTIVE views= 8 weight= 0.75 mean_abs_feat_delta= 0.330446\n"}
,{"stream_name":"stdout","time":453.554297157,"data":"BIOHUB_RETENTION_GUARD {\"blended_candidates\": 231, \"dataset\": \"44b6_0b24845f\", \"frame\": 74, \"minimum_retention\": 0.9, \"primary_candidates\": 297, \"retention\": 0.7777777777777778, \"use_primary\": true}\n"}
,{"stream_name":"stdout","time":453.554303085,"data":"EDGE_TTA_ACTIVE views= 8 mean_abs_feat_delta= 0.358559\n"}
,{"stream_name":"stdout","time":454.449256041,"data":"SECONDARY_EDGE_TTA_ACTIVE views= 8 weight= 0.75 mean_abs_feat_delta= 0.27843\n"}
,{"stream_name":"stdout","time":454.476625709,"data":"EDGE_TTA_ACTIVE views= 8 mean_abs_feat_delta= 0.370228\n"}
,{"stream_name":"stdout","time":454.651865791,"data":"SECONDARY_EDGE_TTA_ACTIVE views= 8 weight= 0.75 mean_abs_feat_delta= 0.27843\n"}
,{"stream_name":"stdout","time":454.651923828,"data":"EDGE_TTA_ACTIVE views= 8 mean_abs_feat_delta= 0.370228\n"}
,{"stream_name":"stdout","time":455.438296836,"data":"SECONDARY_EDGE_TTA_ACTIVE views= 8 weight= 0.75 mean_abs_feat_delta= 0.324103\n"}
,{"stream_name":"stdout","time":455.442533104,"data":"BIOHUB_RETENTION_GUARD {\"blended_candidates\": 327, \"dataset\": \"44b6_0b24845f\", \"frame\": 75, \"minimum_retention\": 0.9, \"primary_candidates\": 369, \"retention\": 0.8861788617886179, \"use_primary\": true}\n"}
,{"stream_name":"stdout","time":455.486955328,"data":"EDGE_TTA_ACTIVE views= 8 mean_abs_feat_delta= 0.355183\n"}
,{"stream_name":"stdout","time":455.640739847,"data":"SECONDARY_EDGE_TTA_ACTIVE views= 8 weight= 0.75 mean_abs_feat_delta= 0.324103\n"}
,{"stream_name":"stdout","time":455.64076274,"data":"BIOHUB_RETENTION_GUARD {\"blended_candidates\": 327, \"dataset\": \"44b6_0b24845f\", \"frame\": 75, \"minimum_retention\": 0.9, \"primary_candidates\": 369, \"retention\": 0.8861788617886179, \"use_primary\": true}\n"}
,{"stream_name":"stdout","time":455.640767119,"data":"EDGE_TTA_ACTIVE views= 8 mean_abs_feat_delta= 0.355183\n"}
,{"stream_name":"stdout","time":456.42402315,"data":"SECONDARY_EDGE_TTA_ACTIVE views= 8 weight= 0.75 mean_abs_feat_delta= 0.27442\n"}
,{"stream_name":"stdout","time":456.626537029,"data":"SECONDARY_EDGE_TTA_ACTIVE views= 8 weight= 0.75 mean_abs_feat_delta= 0.27442\n"}
,{"stream_name":"stdout","time":456.63437327,"data":"EDGE_TTA_ACTIVE views= 8 mean_abs_feat_delta= 0.370104\n"}
,{"stream_name":"stdout","time":456.836784905,"data":"EDGE_TTA_ACTIVE views= 8 mean_abs_feat_delta= 0.370104\n"}
,{"stream_name":"stdout","time":457.471142367,"data":"EDGE_TTA_ACTIVE views= 8 mean_abs_feat_delta= 0.354437\n"}
,{"stream_name":"stdout","time":457.599555792,"data":"SECONDARY_EDGE_TTA_ACTIVE views= 8 weight= 0.75 mean_abs_feat_delta= 0.320447\n"}
,{"stream_name":"stdout","time":457.603764025,"data":"BIOHUB_RETENTION_GUARD {\"blended_candidates\": 340, \"dataset\": \"44b6_0b24845f\", \"frame\": 76, \"minimum_retention\": 0.9, \"primary_candidates\": 378, \"retention\": 0.8994708994708994, \"use_primary\": true}\n"}
,{"stream_name":"stdout","time":457.673494398,"data":"EDGE_TTA_ACTIVE views= 8 mean_abs_feat_delta= 0.354437\n"}
,{"stream_name":"stdout","time":457.673513699,"data":"SECONDARY_EDGE_TTA_ACTIVE views= 8 weight= 0.75 mean_abs_feat_delta= 0.320447\n"}
,{"stream_name":"stdout","time":457.673518435,"data":"BIOHUB_RETENTION_GUARD {\"blended_candidates\": 340, \"dataset\": \"44b6_0b24845f\", \"frame\": 76, \"minimum_retention\": 0.9, \"primary_candidates\": 378, \"retention\": 0.8994708994708994, \"use_primary\": true}\n"}
,{"stream_name":"stdout","time":458.408288167,"data":"SECONDARY_EDGE_TTA_ACTIVE views= 8 weight= 0.75 mean_abs_feat_delta= 0.272137\n"}
,{"stream_name":"stdout","time":458.610318127,"data":"SECONDARY_EDGE_TTA_ACTIVE views= 8 weight= 0.75 mean_abs_feat_delta= 0.272137\n"}
,{"stream_name":"stdout","time":458.728762019,"data":"EDGE_TTA_ACTIVE views= 8 mean_abs_feat_delta= 0.372623\n"}
,{"stream_name":"stdout","time":458.931209851,"data":"EDGE_TTA_ACTIVE views= 8 mean_abs_feat_delta= 0.372623\n"}
,{"stream_name":"stdout","time":459.537434174,"data":"EDGE_TTA_ACTIVE views= 8 mean_abs_feat_delta= 0.354101\n"}
,{"stream_name":"stdout","time":459.698631654,"data":"SECONDARY_EDGE_TTA_ACTIVE views= 8 weight= 0.75 mean_abs_feat_delta= 0.327494\n"}
,{"stream_name":"stdout","time":459.702679272,"data":"BIOHUB_RETENTION_GUARD {\"blended_candidates\": 239, \"dataset\": \"44b6_0b24845f\", \"frame\": 77, \"minimum_retention\": 0.9, \"primary_candidates\": 329, \"retention\": 0.7264437689969605, \"use_primary\": true}\n"}
,{"stream_name":"stdout","time":459.740138503,"data":"EDGE_TTA_ACTIVE views= 8 mean_abs_feat_delta= 0.354101\n"}
,{"stream_name":"stdout","time":459.740168758,"data":"SECONDARY_EDGE_TTA_ACTIVE views= 8 weight= 0.75 mean_abs_feat_delta= 0.327494\n"}
,{"stream_name":"stdout","time":459.740173836,"data":"BIOHUB_RETENTION_GUARD {\"blended_candidates\": 239, \"dataset\": \"44b6_0b24845f\", \"frame\": 77, \"minimum_retention\": 0.9, \"primary_candidates\": 329, \"retention\": 0.7264437689969605, \"use_primary\": true}\n"}
,{"stream_name":"stdout","time":460.473703854,"data":"SECONDARY_EDGE_TTA_ACTIVE views= 8 weight= 0.75 mean_abs_feat_delta= 0.265621\n"}
,{"stream_name":"stdout","time":460.67591026,"data":"SECONDARY_EDGE_TTA_ACTIVE views= 8 weight= 0.75 mean_abs_feat_delta= 0.265621\n"}
,{"stream_name":"stdout","time":460.852472062,"data":"EDGE_TTA_ACTIVE views= 8 mean_abs_feat_delta= 0.379136\n"}
,{"stream_name":"stdout","time":461.055812676,"data":"EDGE_TTA_ACTIVE views= 8 mean_abs_feat_delta= 0.379136\n"}
,{"stream_name":"stdout","time":461.604572911,"data":"EDGE_TTA_ACTIVE views= 8 mean_abs_feat_delta= 0.350867\n"}
,{"stream_name":"stdout","time":461.807014889,"data":"EDGE_TTA_ACTIVE views= 8 mean_abs_feat_delta= 0.350867\n"}
,{"stream_name":"stdout","time":461.824897837,"data":"SECONDARY_EDGE_TTA_ACTIVE views= 8 weight= 0.75 mean_abs_feat_delta= 0.33134\n"}
,{"stream_name":"stdout","time":461.82881623,"data":"BIOHUB_RETENTION_GUARD {\"blended_candidates\": 283, \"dataset\": \"44b6_0b24845f\", \"frame\": 78, \"minimum_retention\": 0.9, \"primary_candidates\": 392, \"retention\": 0.7219387755102041, \"use_primary\": true}\n"}
,{"stream_name":"stdout","time":462.027080238,"data":"SECONDARY_EDGE_TTA_ACTIVE views= 8 weight= 0.75 mean_abs_feat_delta= 0.33134\n"}
,{"stream_name":"stdout","time":462.027123687,"data":"BIOHUB_RETENTION_GUARD {\"blended_candidates\": 283, \"dataset\": \"44b6_0b24845f\", \"frame\": 78, \"minimum_retention\": 0.9, \"primary_candidates\": 392, \"retention\": 0.7219387755102041, \"use_primary\": true}\n"}
,{"stream_name":"stdout","time":462.54062492,"data":"SECONDARY_EDGE_TTA_ACTIVE views= 8 weight= 0.75 mean_abs_feat_delta= 0.269222\n"}
,{"stream_name":"stdout","time":462.742784529,"data":"SECONDARY_EDGE_TTA_ACTIVE views= 8 weight= 0.75 mean_abs_feat_delta= 0.269222\n"}
,{"stream_name":"stdout","time":463.037558444,"data":"EDGE_TTA_ACTIVE views= 8 mean_abs_feat_delta= 0.37956\n"}
,{"stream_name":"stdout","time":463.240015345,"data":"EDGE_TTA_ACTIVE views= 8 mean_abs_feat_delta= 0.37956\n"}
,{"stream_name":"stdout","time":463.699258711,"data":"EDGE_TTA_ACTIVE views= 8 mean_abs_feat_delta= 0.353328\n"}
,{"stream_name":"stdout","time":463.901849435,"data":"EDGE_TTA_ACTIVE views= 8 mean_abs_feat_delta= 0.353328\n"}
,{"stream_name":"stdout","time":464.000357457,"data":"SECONDARY_EDGE_TTA_ACTIVE views= 8 weight= 0.75 mean_abs_feat_delta= 0.331143\n"}
,{"stream_name":"stdout","time":464.004493344,"data":"BIOHUB_RETENTION_GUARD {\"blended_candidates\": 291, \"dataset\": \"44b6_0b24845f\", \"frame\": 79, \"minimum_retention\": 0.9, \"primary_candidates\": 420, \"retention\": 0.6928571428571428, \"use_primary\": true}\n"}
,{"stream_name":"stdout","time":464.202730293,"data":"SECONDARY_EDGE_TTA_ACTIVE views= 8 weight= 0.75 mean_abs_feat_delta= 0.331143\n"}
,{"stream_name":"stdout","time":464.202762731,"data":"BIOHUB_RETENTION_GUARD {\"blended_candidates\": 291, \"dataset\": \"44b6_0b24845f\", \"frame\": 79, \"minimum_retention\": 0.9, \"primary_candidates\": 420, \"retention\": 0.6928571428571428, \"use_primary\": true}\n"}
,{"stream_name":"stdout","time":464.63638727,"data":"SECONDARY_EDGE_TTA_ACTIVE views= 8 weight= 0.75 mean_abs_feat_delta= 0.272317\n"}
,{"stream_name":"stdout","time":464.838873803,"data":"SECONDARY_EDGE_TTA_ACTIVE views= 8 weight= 0.75 mean_abs_feat_delta= 0.272317\n"}
,{"stream_name":"stdout","time":465.169563316,"data":"EDGE_TTA_ACTIVE views= 8 mean_abs_feat_delta= 0.378515\n"}
,{"stream_name":"stdout","time":465.372245855,"data":"EDGE_TTA_ACTIVE views= 8 mean_abs_feat_delta= 0.378515\n"}
,{"stream_name":"stdout","time":465.709520441,"data":"EDGE_TTA_ACTIVE views= 8 mean_abs_feat_delta= 0.353853\n"}
,{"stream_name":"stdout","time":465.91212961,"data":"EDGE_TTA_ACTIVE views= 8 mean_abs_feat_delta= 0.353853\n"}
,{"stream_name":"stdout","time":466.145654713,"data":"SECONDARY_EDGE_TTA_ACTIVE views= 8 weight= 0.75 mean_abs_feat_delta= 0.332415\n"}
,{"stream_name":"stdout","time":466.149811793,"data":"BIOHUB_RETENTION_GUARD {\"blended_candidates\": 296, \"dataset\": \"44b6_0b24845f\", \"frame\": 80, \"minimum_retention\": 0.9, \"primary_candidates\": 386, \"retention\": 0.7668393782383419, \"use_primary\": true}\n"}
,{"stream_name":"stdout","time":466.348205673,"data":"SECONDARY_EDGE_TTA_ACTIVE views= 8 weight= 0.75 mean_abs_feat_delta= 0.332415\n"}
,{"stream_name":"stdout","time":466.348243081,"data":"BIOHUB_RETENTION_GUARD {\"blended_candidates\": 296, \"dataset\": \"44b6_0b24845f\", \"frame\": 80, \"minimum_retention\": 0.9, \"primary_candidates\": 386, \"retention\": 0.7668393782383419, \"use_primary\": true}\n"}
,{"stream_name":"stdout","time":466.648869507,"data":"SECONDARY_EDGE_TTA_ACTIVE views= 8 weight= 0.75 mean_abs_feat_delta= 0.269658\n"}
,{"stream_name":"stdout","time":466.851320252,"data":"SECONDARY_EDGE_TTA_ACTIVE views= 8 weight= 0.75 mean_abs_feat_delta= 0.269658\n"}
,{"stream_name":"stdout","time":467.317334943,"data":"EDGE_TTA_ACTIVE views= 8 mean_abs_feat_delta= 0.380396\n"}
,{"stream_name":"stdout","time":467.51990513,"data":"EDGE_TTA_ACTIVE views= 8 mean_abs_feat_delta= 0.380396\n"}
,{"stream_name":"stdout","time":467.694962264,"data":"EDGE_TTA_ACTIVE views= 8 mean_abs_feat_delta= 0.359245\n"}
,{"stream_name":"stdout","time":467.897435506,"data":"EDGE_TTA_ACTIVE views= 8 mean_abs_feat_delta= 0.359245\n"}
,{"stream_name":"stdout","time":468.291216213,"data":"SECONDARY_EDGE_TTA_ACTIVE views= 8 weight= 0.75 mean_abs_feat_delta= 0.337969\n"}
,{"stream_name":"stdout","time":468.296147127,"data":"BIOHUB_RETENTION_GUARD {\"blended_candidates\": 296, \"dataset\": \"44b6_0b24845f\", \"frame\": 81, \"minimum_retention\": 0.9, \"primary_candidates\": 378, \"retention\": 0.783068783068783, \"use_primary\": true}\n"}
,{"stream_name":"stdout","time":468.493848318,"data":"SECONDARY_EDGE_TTA_ACTIVE views= 8 weight= 0.75 mean_abs_feat_delta= 0.337969\n"}
,{"stream_name":"stdout","time":468.49391275,"data":"BIOHUB_RETENTION_GUARD {\"blended_candidates\": 296, \"dataset\": \"44b6_0b24845f\", \"frame\": 81, \"minimum_retention\": 0.9, \"primary_candidates\": 378, \"retention\": 0.783068783068783, \"use_primary\": true}\n"}
,{"stream_name":"stdout","time":468.634617757,"data":"SECONDARY_EDGE_TTA_ACTIVE views= 8 weight= 0.75 mean_abs_feat_delta= 0.270535\n"}
,{"stream_name":"stdout","time":468.837330813,"data":"SECONDARY_EDGE_TTA_ACTIVE views= 8 weight= 0.75 mean_abs_feat_delta= 0.270535\n"}
,{"stream_name":"stdout","time":469.464499577,"data":"EDGE_TTA_ACTIVE views= 8 mean_abs_feat_delta= 0.383619\n"}
,{"stream_name":"stdout","time":469.66683153,"data":"EDGE_TTA_ACTIVE views= 8 mean_abs_feat_delta= 0.383619\n"}
,{"stream_name":"stdout","time":469.684725952,"data":"EDGE_TTA_ACTIVE views= 8 mean_abs_feat_delta= 0.357707\n"}
,{"stream_name":"stdout","time":469.887473544,"data":"EDGE_TTA_ACTIVE views= 8 mean_abs_feat_delta= 0.357707\n"}
,{"stream_name":"stdout","time":470.436901749,"data":"SECONDARY_EDGE_TTA_ACTIVE views= 8 weight= 0.75 mean_abs_feat_delta= 0.338804\n"}
,{"stream_name":"stdout","time":470.44109916,"data":"BIOHUB_RETENTION_GUARD {\"blended_candidates\": 276, \"dataset\": \"44b6_0b24845f\", \"frame\": 82, \"minimum_retention\": 0.9, \"primary_candidates\": 382, \"retention\": 0.7225130890052356, \"use_primary\": true}\n"}
,{"stream_name":"stdout","time":470.627599793,"data":"SECONDARY_EDGE_TTA_ACTIVE views= 8 weight= 0.75 mean_abs_feat_delta= 0.269783\n"}
,{"stream_name":"stdout","time":470.639589509,"data":"SECONDARY_EDGE_TTA_ACTIVE views= 8 weight= 0.75 mean_abs_feat_delta= 0.338804\n"}
,{"stream_name":"stdout","time":470.63961495,"data":"BIOHUB_RETENTION_GUARD {\"blended_candidates\": 276, \"dataset\": \"44b6_0b24845f\", \"frame\": 82, \"minimum_retention\": 0.9, \"primary_candidates\": 382, \"retention\": 0.7225130890052356, \"use_primary\": true}\n"}
,{"stream_name":"stdout","time":470.639650765,"data":"SECONDARY_EDGE_TTA_ACTIVE views= 8 weight= 0.75 mean_abs_feat_delta= 0.269783\n"}
,{"stream_name":"stdout","time":471.56973053,"data":"EDGE_TTA_ACTIVE views= 8 mean_abs_feat_delta= 0.377095\n"}
,{"stream_name":"stdout","time":471.683224063,"data":"EDGE_TTA_ACTIVE views= 8 mean_abs_feat_delta= 0.357289\n"}
,{"stream_name":"stdout","time":471.772552041,"data":"EDGE_TTA_ACTIVE views= 8 mean_abs_feat_delta= 0.377095\n"}
,{"stream_name":"stdout","time":471.772611132,"data":"EDGE_TTA_ACTIVE views= 8 mean_abs_feat_delta= 0.357289\n"}
,{"stream_name":"stdout","time":472.542522761,"data":"SECONDARY_EDGE_TTA_ACTIVE views= 8 weight= 0.75 mean_abs_feat_delta= 0.337456\n"}
,{"stream_name":"stdout","time":472.546714582,"data":"BIOHUB_RETENTION_GUARD {\"blended_candidates\": 269, \"dataset\": \"44b6_0b24845f\", \"frame\": 83, \"minimum_retention\": 0.9, \"primary_candidates\": 374, \"retention\": 0.7192513368983957, \"use_primary\": true}\n"}
,{"stream_name":"stdout","time":472.626473568,"data":"SECONDARY_EDGE_TTA_ACTIVE views= 8 weight= 0.75 mean_abs_feat_delta= 0.273062\n"}
,{"stream_name":"stdout","time":472.744845088,"data":"SECONDARY_EDGE_TTA_ACTIVE views= 8 weight= 0.75 mean_abs_feat_delta= 0.337456\n"}
,{"stream_name":"stdout","time":472.744927354,"data":"BIOHUB_RETENTION_GUARD {\"blended_candidates\": 269, \"dataset\": \"44b6_0b24845f\", \"frame\": 83, \"minimum_retention\": 0.9, \"primary_candidates\": 374, \"retention\": 0.7192513368983957, \"use_primary\": true}\n"}
,{"stream_name":"stdout","time":472.744935096,"data":"SECONDARY_EDGE_TTA_ACTIVE views= 8 weight= 0.75 mean_abs_feat_delta= 0.273062\n"}
,{"stream_name":"stdout","time":473.679600202,"data":"EDGE_TTA_ACTIVE views= 8 mean_abs_feat_delta= 0.378477\n"}
,{"stream_name":"stdout","time":473.739473155,"data":"EDGE_TTA_ACTIVE views= 8 mean_abs_feat_delta= 0.351611\n"}
,{"stream_name":"stdout","time":473.881845604,"data":"EDGE_TTA_ACTIVE views= 8 mean_abs_feat_delta= 0.378477\n"}
,{"stream_name":"stdout","time":473.881873843,"data":"EDGE_TTA_ACTIVE views= 8 mean_abs_feat_delta= 0.351611\n"}
,{"stream_name":"stdout","time":474.650406032,"data":"SECONDARY_EDGE_TTA_ACTIVE views= 8 weight= 0.75 mean_abs_feat_delta= 0.340144\n"}
,{"stream_name":"stdout","time":474.654212183,"data":"BIOHUB_RETENTION_GUARD {\"blended_candidates\": 289, \"dataset\": \"44b6_0b24845f\", \"frame\": 84, \"minimum_retention\": 0.9, \"primary_candidates\": 360, \"retention\": 0.8027777777777778, \"use_primary\": true}\n"}
,{"stream_name":"stdout","time":474.688340539,"data":"SECONDARY_EDGE_TTA_ACTIVE views= 8 weight= 0.75 mean_abs_feat_delta= 0.273236\n"}
,{"stream_name":"stdout","time":474.886423855,"data":"SECONDARY_EDGE_TTA_ACTIVE views= 8 weight= 0.75 mean_abs_feat_delta= 0.340144\n"}
,{"stream_name":"stdout","time":474.886454555,"data":"BIOHUB_RETENTION_GUARD {\"blended_candidates\": 289, \"dataset\": \"44b6_0b24845f\", \"frame\": 84, \"minimum_retention\": 0.9, \"primary_candidates\": 360, \"retention\": 0.8027777777777778, \"use_primary\": true}\n"}
,{"stream_name":"stdout","time":474.886460943,"data":"SECONDARY_EDGE_TTA_ACTIVE views= 8 weight= 0.75 mean_abs_feat_delta= 0.273236\n"}
,{"stream_name":"stdout","time":475.803635907,"data":"EDGE_TTA_ACTIVE views= 8 mean_abs_feat_delta= 0.344862\n"}
,{"stream_name":"stdout","time":475.823746172,"data":"EDGE_TTA_ACTIVE views= 8 mean_abs_feat_delta= 0.37718\n"}
,{"stream_name":"stdout","time":476.006157772,"data":"EDGE_TTA_ACTIVE views= 8 mean_abs_feat_delta= 0.344862\n"}
,{"stream_name":"stdout","time":476.006187492,"data":"EDGE_TTA_ACTIVE views= 8 mean_abs_feat_delta= 0.37718\n"}
,{"stream_name":"stdout","time":476.754040781,"data":"SECONDARY_EDGE_TTA_ACTIVE views= 8 weight= 0.75 mean_abs_feat_delta= 0.267279\n"}
,{"stream_name":"stdout","time":476.796239092,"data":"SECONDARY_EDGE_TTA_ACTIVE views= 8 weight= 0.75 mean_abs_feat_delta= 0.33991\n"}
,{"stream_name":"stdout","time":476.800328465,"data":"BIOHUB_RETENTION_GUARD {\"blended_candidates\": 210, \"dataset\": \"44b6_0b24845f\", \"frame\": 85, \"minimum_retention\": 0.9, \"primary_candidates\": 301, \"retention\": 0.6976744186046512, \"use_primary\": true}\n"}
,{"stream_name":"stdout","time":476.956770114,"data":"SECONDARY_EDGE_TTA_ACTIVE views= 8 weight= 0.75 mean_abs_feat_delta= 0.267279\n"}
,{"stream_name":"stdout","time":476.956823021,"data":"SECONDARY_EDGE_TTA_ACTIVE views= 8 weight= 0.75 mean_abs_feat_delta= 0.33991\n"}
,{"stream_name":"stdout","time":476.956827781,"data":"BIOHUB_RETENTION_GUARD {\"blended_candidates\": 210, \"dataset\": \"44b6_0b24845f\", \"frame\": 85, \"minimum_retention\": 0.9, \"primary_candidates\": 301, \"retention\": 0.6976744186046512, \"use_primary\": true}\n"}
,{"stream_name":"stdout","time":477.868412837,"data":"EDGE_TTA_ACTIVE views= 8 mean_abs_feat_delta= 0.344141\n"}
,{"stream_name":"stdout","time":477.928161298,"data":"EDGE_TTA_ACTIVE views= 8 mean_abs_feat_delta= 0.375515\n"}
,{"stream_name":"stdout","time":478.070788995,"data":"EDGE_TTA_ACTIVE views= 8 mean_abs_feat_delta= 0.344141\n"}
,{"stream_name":"stdout","time":478.070824746,"data":"EDGE_TTA_ACTIVE views= 8 mean_abs_feat_delta= 0.375515\n"}
,{"stream_name":"stdout","time":478.821183366,"data":"SECONDARY_EDGE_TTA_ACTIVE views= 8 weight= 0.75 mean_abs_feat_delta= 0.267364\n"}
,{"stream_name":"stdout","time":478.90538809,"data":"SECONDARY_EDGE_TTA_ACTIVE views= 8 weight= 0.75 mean_abs_feat_delta= 0.344991\n"}
,{"stream_name":"stdout","time":478.909663483,"data":"BIOHUB_RETENTION_GUARD {\"blended_candidates\": 170, \"dataset\": \"44b6_0b24845f\", \"frame\": 86, \"minimum_retention\": 0.9, \"primary_candidates\": 283, \"retention\": 0.6007067137809188, \"use_primary\": true}\n"}
,{"stream_name":"stdout","time":479.023535958,"data":"SECONDARY_EDGE_TTA_ACTIVE views= 8 weight= 0.75 mean_abs_feat_delta= 0.267364\n"}
,{"stream_name":"stdout","time":479.023568708,"data":"SECONDARY_EDGE_TTA_ACTIVE views= 8 weight= 0.75 mean_abs_feat_delta= 0.344991\n"}
,{"stream_name":"stdout","time":479.023575119,"data":"BIOHUB_RETENTION_GUARD {\"blended_candidates\": 170, \"dataset\": \"44b6_0b24845f\", \"frame\": 86, \"minimum_retention\": 0.9, \"primary_candidates\": 283, \"retention\": 0.6007067137809188, \"use_primary\": true}\n"}
,{"stream_name":"stdout","time":479.932496996,"data":"EDGE_TTA_ACTIVE views= 8 mean_abs_feat_delta= 0.347384\n"}
,{"stream_name":"stdout","time":479.997894668,"data":"EDGE_TTA_ACTIVE views= 8 mean_abs_feat_delta= 0.371973\n"}
,{"stream_name":"stdout","time":480.135163452,"data":"EDGE_TTA_ACTIVE views= 8 mean_abs_feat_delta= 0.347384\n"}
,{"stream_name":"stdout","time":480.135192861,"data":"EDGE_TTA_ACTIVE views= 8 mean_abs_feat_delta= 0.371973\n"}
,{"stream_name":"stdout","time":480.889505858,"data":"SECONDARY_EDGE_TTA_ACTIVE views= 8 weight= 0.75 mean_abs_feat_delta= 0.2655\n"}
,{"stream_name":"stdout","time":480.976640317,"data":"SECONDARY_EDGE_TTA_ACTIVE views= 8 weight= 0.75 mean_abs_feat_delta= 0.346855\n"}
,{"stream_name":"stdout","time":480.980754837,"data":"BIOHUB_RETENTION_GUARD {\"blended_candidates\": 229, \"dataset\": \"44b6_0b24845f\", \"frame\": 87, \"minimum_retention\": 0.9, \"primary_candidates\": 331, \"retention\": 0.6918429003021148, \"use_primary\": true}\n"}
,{"stream_name":"stdout","time":481.092010588,"data":"SECONDARY_EDGE_TTA_ACTIVE views= 8 weight= 0.75 mean_abs_feat_delta= 0.2655\n"}
,{"stream_name":"stdout","time":481.092070532,"data":"SECONDARY_EDGE_TTA_ACTIVE views= 8 weight= 0.75 mean_abs_feat_delta= 0.346855\n"}
,{"stream_name":"stdout","time":481.092079703,"data":"BIOHUB_RETENTION_GUARD {\"blended_candidates\": 229, \"dataset\": \"44b6_0b24845f\", \"frame\": 87, \"minimum_retention\": 0.9, \"primary_candidates\": 331, \"retention\": 0.6918429003021148, \"use_primary\": true}\n"}
,{"stream_name":"stdout","time":481.952532594,"data":"EDGE_TTA_ACTIVE views= 8 mean_abs_feat_delta= 0.348073\n"}
,{"stream_name":"stdout","time":482.126297798,"data":"EDGE_TTA_ACTIVE views= 8 mean_abs_feat_delta= 0.380307\n"}
,{"stream_name":"stdout","time":482.154936319,"data":"EDGE_TTA_ACTIVE views= 8 mean_abs_feat_delta= 0.348073\n"}
,{"stream_name":"stdout","time":482.154954662,"data":"EDGE_TTA_ACTIVE views= 8 mean_abs_feat_delta= 0.380307\n"}
,{"stream_name":"stdout","time":482.913926836,"data":"SECONDARY_EDGE_TTA_ACTIVE views= 8 weight= 0.75 mean_abs_feat_delta= 0.26615\n"}
,{"stream_name":"stdout","time":483.116438291,"data":"SECONDARY_EDGE_TTA_ACTIVE views= 8 weight= 0.75 mean_abs_feat_delta= 0.26615\n"}
,{"stream_name":"stdout","time":483.116709153,"data":"SECONDARY_EDGE_TTA_ACTIVE views= 8 weight= 0.75 mean_abs_feat_delta= 0.346653\n"}
,{"stream_name":"stdout","time":483.120784225,"data":"BIOHUB_RETENTION_GUARD {\"blended_candidates\": 284, \"dataset\": \"44b6_0b24845f\", \"frame\": 88, \"minimum_retention\": 0.9, \"primary_candidates\": 356, \"retention\": 0.797752808988764, \"use_primary\": true}\n"}
,{"stream_name":"stdout","time":483.319064384,"data":"SECONDARY_EDGE_TTA_ACTIVE views= 8 weight= 0.75 mean_abs_feat_delta= 0.346653\n"}
,{"stream_name":"stdout","time":483.319105927,"data":"BIOHUB_RETENTION_GUARD {\"blended_candidates\": 284, \"dataset\": \"44b6_0b24845f\", \"frame\": 88, \"minimum_retention\": 0.9, \"primary_candidates\": 356, \"retention\": 0.797752808988764, \"use_primary\": true}\n"}
,{"stream_name":"stdout","time":483.979427328,"data":"EDGE_TTA_ACTIVE views= 8 mean_abs_feat_delta= 0.345653\n"}
,{"stream_name":"stdout","time":484.181994299,"data":"EDGE_TTA_ACTIVE views= 8 mean_abs_feat_delta= 0.345653\n"}
,{"stream_name":"stdout","time":484.290703992,"data":"EDGE_TTA_ACTIVE views= 8 mean_abs_feat_delta= 0.384679\n"}
,{"stream_name":"stdout","time":484.493026339,"data":"EDGE_TTA_ACTIVE views= 8 mean_abs_feat_delta= 0.384679\n"}
,{"stream_name":"stdout","time":484.942975099,"data":"SECONDARY_EDGE_TTA_ACTIVE views= 8 weight= 0.75 mean_abs_feat_delta= 0.262334\n"}
,{"stream_name":"stdout","time":485.145294437,"data":"SECONDARY_EDGE_TTA_ACTIVE views= 8 weight= 0.75 mean_abs_feat_delta= 0.262334\n"}
,{"stream_name":"stdout","time":485.285079818,"data":"SECONDARY_EDGE_TTA_ACTIVE views= 8 weight= 0.75 mean_abs_feat_delta= 0.351682\n"}
,{"stream_name":"stdout","time":485.289237494,"data":"BIOHUB_RETENTION_GUARD {\"blended_candidates\": 202, \"dataset\": \"44b6_0b24845f\", \"frame\": 89, \"minimum_retention\": 0.9, \"primary_candidates\": 329, \"retention\": 0.6139817629179332, \"use_primary\": true}\n"}
,{"stream_name":"stdout","time":485.487834857,"data":"SECONDARY_EDGE_TTA_ACTIVE views= 8 weight= 0.75 mean_abs_feat_delta= 0.351682\n"}
,{"stream_name":"stdout","time":485.487868308,"data":"BIOHUB_RETENTION_GUARD {\"blended_candidates\": 202, \"dataset\": \"44b6_0b24845f\", \"frame\": 89, \"minimum_retention\": 0.9, \"primary_candidates\": 329, \"retention\": 0.6139817629179332, \"use_primary\": true}\n"}
,{"stream_name":"stdout","time":486.095126107,"data":"EDGE_TTA_ACTIVE views= 8 mean_abs_feat_delta= 0.347434\n"}
,{"stream_name":"stdout","time":486.297283792,"data":"EDGE_TTA_ACTIVE views= 8 mean_abs_feat_delta= 0.347434\n"}
,{"stream_name":"stdout","time":486.460696999,"data":"EDGE_TTA_ACTIVE views= 8 mean_abs_feat_delta= 0.372124\n"}
,{"stream_name":"stdout","time":486.663238829,"data":"EDGE_TTA_ACTIVE views= 8 mean_abs_feat_delta= 0.372124\n"}
,{"stream_name":"stdout","time":487.066512057,"data":"SECONDARY_EDGE_TTA_ACTIVE views= 8 weight= 0.75 mean_abs_feat_delta= 0.263462\n"}
,{"stream_name":"stdout","time":487.269065408,"data":"SECONDARY_EDGE_TTA_ACTIVE views= 8 weight= 0.75 mean_abs_feat_delta= 0.263462\n"}
,{"stream_name":"stdout","time":487.454784642,"data":"SECONDARY_EDGE_TTA_ACTIVE views= 8 weight= 0.75 mean_abs_feat_delta= 0.34895\n"}
,{"stream_name":"stdout","time":487.458671864,"data":"BIOHUB_RETENTION_GUARD {\"blended_candidates\": 171, \"dataset\": \"44b6_0b24845f\", \"frame\": 90, \"minimum_retention\": 0.9, \"primary_candidates\": 271, \"retention\": 0.6309963099630996, \"use_primary\": true}\n"}
,{"stream_name":"stdout","time":487.657072446,"data":"SECONDARY_EDGE_TTA_ACTIVE views= 8 weight= 0.75 mean_abs_feat_delta= 0.34895\n"}
,{"stream_name":"stdout","time":487.657157051,"data":"BIOHUB_RETENTION_GUARD {\"blended_candidates\": 171, \"dataset\": \"44b6_0b24845f\", \"frame\": 90, \"minimum_retention\": 0.9, \"primary_candidates\": 271, \"retention\": 0.6309963099630996, \"use_primary\": true}\n"}
,{"stream_name":"stdout","time":488.140552792,"data":"EDGE_TTA_ACTIVE views= 8 mean_abs_feat_delta= 0.353326\n"}
,{"stream_name":"stdout","time":488.343381448,"data":"EDGE_TTA_ACTIVE views= 8 mean_abs_feat_delta= 0.353326\n"}
,{"stream_name":"stdout","time":488.621379539,"data":"EDGE_TTA_ACTIVE views= 8 mean_abs_feat_delta= 0.373062\n"}
,{"stream_name":"stdout","time":488.824032896,"data":"EDGE_TTA_ACTIVE views= 8 mean_abs_feat_delta= 0.373062\n"}
,{"stream_name":"stdout","time":489.111926381,"data":"SECONDARY_EDGE_TTA_ACTIVE views= 8 weight= 0.75 mean_abs_feat_delta= 0.268047\n"}
,{"stream_name":"stdout","time":489.314686747,"data":"SECONDARY_EDGE_TTA_ACTIVE views= 8 weight= 0.75 mean_abs_feat_delta= 0.268047\n"}
,{"stream_name":"stdout","time":489.617460405,"data":"SECONDARY_EDGE_TTA_ACTIVE views= 8 weight= 0.75 mean_abs_feat_delta= 0.345669\n"}
,{"stream_name":"stdout","time":489.621636157,"data":"BIOHUB_RETENTION_GUARD {\"blended_candidates\": 131, \"dataset\": \"44b6_0b24845f\", \"frame\": 91, \"minimum_retention\": 0.9, \"primary_candidates\": 247, \"retention\": 0.5303643724696356, \"use_primary\": true}\n"}
,{"stream_name":"stdout","time":489.820172835,"data":"SECONDARY_EDGE_TTA_ACTIVE views= 8 weight= 0.75 mean_abs_feat_delta= 0.345669\n"}
,{"stream_name":"stdout","time":489.820207163,"data":"BIOHUB_RETENTION_GUARD {\"blended_candidates\": 131, \"dataset\": \"44b6_0b24845f\", \"frame\": 91, \"minimum_retention\": 0.9, \"primary_candidates\": 247, \"retention\": 0.5303643724696356, \"use_primary\": true}\n"}
,{"stream_name":"stdout","time":490.244750085,"data":"EDGE_TTA_ACTIVE views= 8 mean_abs_feat_delta= 0.356844\n"}
,{"stream_name":"stdout","time":490.447029951,"data":"EDGE_TTA_ACTIVE views= 8 mean_abs_feat_delta= 0.356844\n"}
,{"stream_name":"stdout","time":490.727587617,"data":"EDGE_TTA_ACTIVE views= 8 mean_abs_feat_delta= 0.37538\n"}
,{"stream_name":"stdout","time":490.930121043,"data":"EDGE_TTA_ACTIVE views= 8 mean_abs_feat_delta= 0.37538\n"}
,{"stream_name":"stdout","time":491.218397996,"data":"SECONDARY_EDGE_TTA_ACTIVE views= 8 weight= 0.75 mean_abs_feat_delta= 0.258104\n"}
,{"stream_name":"stdout","time":491.420915637,"data":"SECONDARY_EDGE_TTA_ACTIVE views= 8 weight= 0.75 mean_abs_feat_delta= 0.258104\n"}
,{"stream_name":"stdout","time":491.724710317,"data":"SECONDARY_EDGE_TTA_ACTIVE views= 8 weight= 0.75 mean_abs_feat_delta= 0.344829\n"}
,{"stream_name":"stdout","time":491.728799658,"data":"BIOHUB_RETENTION_GUARD {\"blended_candidates\": 155, \"dataset\": \"44b6_0b24845f\", \"frame\": 92, \"minimum_retention\": 0.9, \"primary_candidates\": 282, \"retention\": 0.549645390070922, \"use_primary\": true}\n"}
,{"stream_name":"stdout","time":491.92738461,"data":"SECONDARY_EDGE_TTA_ACTIVE views= 8 weight= 0.75 mean_abs_feat_delta= 0.344829\n"}
,{"stream_name":"stdout","time":491.927417907,"data":"BIOHUB_RETENTION_GUARD {\"blended_candidates\": 155, \"dataset\": \"44b6_0b24845f\", \"frame\": 92, \"minimum_retention\": 0.9, \"primary_candidates\": 282, \"retention\": 0.549645390070922, \"use_primary\": true}\n"}
,{"stream_name":"stdout","time":492.349750028,"data":"EDGE_TTA_ACTIVE views= 8 mean_abs_feat_delta= 0.352887\n"}
,{"stream_name":"stdout","time":492.552159331,"data":"EDGE_TTA_ACTIVE views= 8 mean_abs_feat_delta= 0.352887\n"}
,{"stream_name":"stdout","time":492.82607868,"data":"EDGE_TTA_ACTIVE views= 8 mean_abs_feat_delta= 0.369863\n"}
,{"stream_name":"stdout","time":493.028636514,"data":"EDGE_TTA_ACTIVE views= 8 mean_abs_feat_delta= 0.369863\n"}
,{"stream_name":"stdout","time":493.323632813,"data":"SECONDARY_EDGE_TTA_ACTIVE views= 8 weight= 0.75 mean_abs_feat_delta= 0.26166\n"}
,{"stream_name":"stdout","time":493.526103307,"data":"SECONDARY_EDGE_TTA_ACTIVE views= 8 weight= 0.75 mean_abs_feat_delta= 0.26166\n"}
,{"stream_name":"stdout","time":493.822479473,"data":"SECONDARY_EDGE_TTA_ACTIVE views= 8 weight= 0.75 mean_abs_feat_delta= 0.339897\n"}
,{"stream_name":"stdout","time":493.826555114,"data":"BIOHUB_RETENTION_GUARD {\"blended_candidates\": 132, \"dataset\": \"44b6_0b24845f\", \"frame\": 93, \"minimum_retention\": 0.9, \"primary_candidates\": 246, \"retention\": 0.5365853658536586, \"use_primary\": true}\n"}
,{"stream_name":"stdout","time":494.024911002,"data":"SECONDARY_EDGE_TTA_ACTIVE views= 8 weight= 0.75 mean_abs_feat_delta= 0.339897\n"}
,{"stream_name":"stdout","time":494.024944618,"data":"BIOHUB_RETENTION_GUARD {\"blended_candidates\": 132, \"dataset\": \"44b6_0b24845f\", \"frame\": 93, \"minimum_retention\": 0.9, \"primary_candidates\": 246, \"retention\": 0.5365853658536586, \"use_primary\": true}\n"}
,{"stream_name":"stdout","time":494.415457505,"data":"EDGE_TTA_ACTIVE views= 8 mean_abs_feat_delta= 0.352766\n"}
,{"stream_name":"stdout","time":494.617646266,"data":"EDGE_TTA_ACTIVE views= 8 mean_abs_feat_delta= 0.352766\n"}
,{"stream_name":"stdout","time":494.948458634,"data":"EDGE_TTA_ACTIVE views= 8 mean_abs_feat_delta= 0.369553\n"}
,{"stream_name":"stdout","time":495.151106149,"data":"EDGE_TTA_ACTIVE views= 8 mean_abs_feat_delta= 0.369553\n"}
,{"stream_name":"stdout","time":495.385658235,"data":"SECONDARY_EDGE_TTA_ACTIVE views= 8 weight= 0.75 mean_abs_feat_delta= 0.259512\n"}
,{"stream_name":"stdout","time":495.588118548,"data":"SECONDARY_EDGE_TTA_ACTIVE views= 8 weight= 0.75 mean_abs_feat_delta= 0.259512\n"}
,{"stream_name":"stdout","time":495.940946571,"data":"SECONDARY_EDGE_TTA_ACTIVE views= 8 weight= 0.75 mean_abs_feat_delta= 0.339933\n"}
,{"stream_name":"stdout","time":495.945471727,"data":"BIOHUB_RETENTION_GUARD {\"blended_candidates\": 168, \"dataset\": \"44b6_0b24845f\", \"frame\": 94, \"minimum_retention\": 0.9, \"primary_candidates\": 284, \"retention\": 0.5915492957746479, \"use_primary\": true}\n"}
,{"stream_name":"stdout","time":496.143551208,"data":"SECONDARY_EDGE_TTA_ACTIVE views= 8 weight= 0.75 mean_abs_feat_delta= 0.339933\n"}
,{"stream_name":"stdout","time":496.143581833,"data":"BIOHUB_RETENTION_GUARD {\"blended_candidates\": 168, \"dataset\": \"44b6_0b24845f\", \"frame\": 94, \"minimum_retention\": 0.9, \"primary_candidates\": 284, \"retention\": 0.5915492957746479, \"use_primary\": true}\n"}
,{"stream_name":"stdout","time":496.454445364,"data":"EDGE_TTA_ACTIVE views= 8 mean_abs_feat_delta= 0.357319\n"}
,{"stream_name":"stdout","time":496.656901876,"data":"EDGE_TTA_ACTIVE views= 8 mean_abs_feat_delta= 0.357319\n"}
,{"stream_name":"stdout","time":497.058334499,"data":"EDGE_TTA_ACTIVE views= 8 mean_abs_feat_delta= 0.376512\n"}
,{"stream_name":"stdout","time":497.260545597,"data":"EDGE_TTA_ACTIVE views= 8 mean_abs_feat_delta= 0.376512\n"}
,{"stream_name":"stdout","time":497.419603783,"data":"SECONDARY_EDGE_TTA_ACTIVE views= 8 weight= 0.75 mean_abs_feat_delta= 0.260316\n"}
,{"stream_name":"stdout","time":497.621940666,"data":"SECONDARY_EDGE_TTA_ACTIVE views= 8 weight= 0.75 mean_abs_feat_delta= 0.260316\n"}
,{"stream_name":"stdout","time":498.04626442,"data":"SECONDARY_EDGE_TTA_ACTIVE views= 8 weight= 0.75 mean_abs_feat_delta= 0.347255\n"}
,{"stream_name":"stdout","time":498.050459686,"data":"BIOHUB_RETENTION_GUARD {\"blended_candidates\": 133, \"dataset\": \"44b6_0b24845f\", \"frame\": 95, \"minimum_retention\": 0.9, \"primary_candidates\": 294, \"retention\": 0.4523809523809524, \"use_primary\": true}\n"}
,{"stream_name":"stdout","time":498.248791961,"data":"SECONDARY_EDGE_TTA_ACTIVE views= 8 weight= 0.75 mean_abs_feat_delta= 0.347255\n"}
,{"stream_name":"stdout","time":498.248818656,"data":"BIOHUB_RETENTION_GUARD {\"blended_candidates\": 133, \"dataset\": \"44b6_0b24845f\", \"frame\": 95, \"minimum_retention\": 0.9, \"primary_candidates\": 294, \"retention\": 0.4523809523809524, \"use_primary\": true}\n"}
,{"stream_name":"stdout","time":498.516703579,"data":"EDGE_TTA_ACTIVE views= 8 mean_abs_feat_delta= 0.356682\n"}
,{"stream_name":"stdout","time":498.719235512,"data":"EDGE_TTA_ACTIVE views= 8 mean_abs_feat_delta= 0.356682\n"}
,{"stream_name":"stdout","time":499.229283551,"data":"EDGE_TTA_ACTIVE views= 8 mean_abs_feat_delta= 0.370927\n"}
,{"stream_name":"stdout","time":499.431756058,"data":"EDGE_TTA_ACTIVE views= 8 mean_abs_feat_delta= 0.370927\n"}
,{"stream_name":"stdout","time":499.473736862,"data":"SECONDARY_EDGE_TTA_ACTIVE views= 8 weight= 0.75 mean_abs_feat_delta= 0.263108\n"}
,{"stream_name":"stdout","time":499.67618777,"data":"SECONDARY_EDGE_TTA_ACTIVE views= 8 weight= 0.75 mean_abs_feat_delta= 0.263108\n"}
,{"stream_name":"stdout","time":500.209911223,"data":"SECONDARY_EDGE_TTA_ACTIVE views= 8 weight= 0.75 mean_abs_feat_delta= 0.349077\n"}
,{"stream_name":"stdout","time":500.214179223,"data":"BIOHUB_RETENTION_GUARD {\"blended_candidates\": 121, \"dataset\": \"44b6_0b24845f\", \"frame\": 96, \"minimum_retention\": 0.9, \"primary_candidates\": 265, \"retention\": 0.45660377358490567, \"use_primary\": true}\n"}
,{"stream_name":"stdout","time":500.41256617,"data":"SECONDARY_EDGE_TTA_ACTIVE views= 8 weight= 0.75 mean_abs_feat_delta= 0.349077\n"}
,{"stream_name":"stdout","time":500.412598567,"data":"BIOHUB_RETENTION_GUARD {\"blended_candidates\": 121, \"dataset\": \"44b6_0b24845f\", \"frame\": 96, \"minimum_retention\": 0.9, \"primary_candidates\": 265, \"retention\": 0.45660377358490567, \"use_primary\": true}\n"}
,{"stream_name":"stdout","time":501.331453052,"data":"EDGE_TTA_ACTIVE views= 8 mean_abs_feat_delta= 0.368202\n"}
,{"stream_name":"stdout","time":501.534554588,"data":"EDGE_TTA_ACTIVE views= 8 mean_abs_feat_delta= 0.368202\n"}
,{"stream_name":"stdout","time":502.306599688,"data":"SECONDARY_EDGE_TTA_ACTIVE views= 8 weight= 0.75 mean_abs_feat_delta= 0.352694\n"}
,{"stream_name":"stdout","time":502.311451741,"data":"BIOHUB_RETENTION_GUARD {\"blended_candidates\": 165, \"dataset\": \"44b6_0b24845f\", \"frame\": 97, \"minimum_retention\": 0.9, \"primary_candidates\": 312, \"retention\": 0.5288461538461539, \"use_primary\": true}\n"}
,{"stream_name":"stdout","time":502.509664344,"data":"SECONDARY_EDGE_TTA_ACTIVE views= 8 weight= 0.75 mean_abs_feat_delta= 0.352694\n"}
,{"stream_name":"stdout","time":502.509699996,"data":"BIOHUB_RETENTION_GUARD {\"blended_candidates\": 165, \"dataset\": \"44b6_0b24845f\", \"frame\": 97, \"minimum_retention\": 0.9, \"primary_candidates\": 312, \"retention\": 0.5288461538461539, \"use_primary\": true}\n"}
,{"stream_name":"stdout","time":503.515640619,"data":"EDGE_TTA_ACTIVE views= 8 mean_abs_feat_delta= 0.376846\n"}
,{"stream_name":"stdout","time":503.718229681,"data":"EDGE_TTA_ACTIVE views= 8 mean_abs_feat_delta= 0.376846\n"}
,{"stream_name":"stdout","time":504.491338966,"data":"SECONDARY_EDGE_TTA_ACTIVE views= 8 weight= 0.75 mean_abs_feat_delta= 0.353179\n"}
,{"stream_name":"stdout","time":504.496518437,"data":"BIOHUB_RETENTION_GUARD {\"blended_candidates\": 149, \"dataset\": \"44b6_0b24845f\", \"frame\": 98, \"minimum_retention\": 0.9, \"primary_candidates\": 310, \"retention\": 0.4806451612903226, \"use_primary\": true}\n"}
,{"stream_name":"stdout","time":504.693765188,"data":"SECONDARY_EDGE_TTA_ACTIVE views= 8 weight= 0.75 mean_abs_feat_delta= 0.353179\n"}
,{"stream_name":"stdout","time":504.693798778,"data":"BIOHUB_RETENTION_GUARD {\"blended_candidates\": 149, \"dataset\": \"44b6_0b24845f\", \"frame\": 98, \"minimum_retention\": 0.9, \"primary_candidates\": 310, \"retention\": 0.4806451612903226, \"use_primary\": true}\n"}
,{"stream_name":"stdout","time":505.722435468,"data":"EDGE_TTA_ACTIVE views= 8 mean_abs_feat_delta= 0.374587\n"}
,{"stream_name":"stdout","time":505.973300063,"data":"EDGE_TTA_ACTIVE views= 8 mean_abs_feat_delta= 0.374587\n"}
,{"stream_name":"stdout","time":506.697080817,"data":"SECONDARY_EDGE_TTA_ACTIVE views= 8 weight= 0.75 mean_abs_feat_delta= 0.353745\n"}
,{"stream_name":"stdout","time":506.7022453,"data":"BIOHUB_RETENTION_GUARD {\"blended_candidates\": 89, \"dataset\": \"44b6_0b24845f\", \"frame\": 99, \"minimum_retention\": 0.9, \"primary_candidates\": 235, \"retention\": 0.37872340425531914, \"use_primary\": true}\n"}
,{"stream_name":"stdout","time":506.900033484,"data":"SECONDARY_EDGE_TTA_ACTIVE views= 8 weight= 0.75 mean_abs_feat_delta= 0.353745\n"}
,{"stream_name":"stdout","time":506.900070432,"data":"BIOHUB_RETENTION_GUARD {\"blended_candidates\": 89, \"dataset\": \"44b6_0b24845f\", \"frame\": 99, \"minimum_retention\": 0.9, \"primary_candidates\": 235, \"retention\": 0.37872340425531914, \"use_primary\": true}\n"}
,{"stream_name":"stdout","time":526.402081572,"data":"EDGE_TTA_ACTIVE views= 8 mean_abs_feat_delta= 0.350937\n"}
,{"stream_name":"stdout","time":526.604234073,"data":"EDGE_TTA_ACTIVE views= 8 mean_abs_feat_delta= 0.350937\n"}
,{"stream_name":"stdout","time":527.313934713,"data":"EDGE_TTA_ACTIVE views= 8 mean_abs_feat_delta= 0.371861\n"}
,{"stream_name":"stdout","time":527.372255332,"data":"SECONDARY_EDGE_TTA_ACTIVE views= 8 weight= 0.75 mean_abs_feat_delta= 0.247659\n"}
,{"stream_name":"stdout","time":527.516375002,"data":"EDGE_TTA_ACTIVE views= 8 mean_abs_feat_delta= 0.371861\n"}
,{"stream_name":"stdout","time":527.516398593,"data":"SECONDARY_EDGE_TTA_ACTIVE views= 8 weight= 0.75 mean_abs_feat_delta= 0.247659\n"}
,{"stream_name":"stdout","time":528.236919843,"data":"SECONDARY_EDGE_TTA_ACTIVE views= 8 weight= 0.75 mean_abs_feat_delta= 0.236072\n"}
,{"stream_name":"stdout","time":528.439409058,"data":"SECONDARY_EDGE_TTA_ACTIVE views= 8 weight= 0.75 mean_abs_feat_delta= 0.236072\n"}
,{"stream_name":"stdout","time":528.737176261,"data":"EDGE_TTA_ACTIVE views= 8 mean_abs_feat_delta= 0.349425\n"}
,{"stream_name":"stdout","time":528.93962836,"data":"EDGE_TTA_ACTIVE views= 8 mean_abs_feat_delta= 0.349425\n"}
,{"stream_name":"stdout","time":529.268373692,"data":"EDGE_TTA_ACTIVE views= 8 mean_abs_feat_delta= 0.373996\n"}
,{"stream_name":"stdout","time":529.470742813,"data":"EDGE_TTA_ACTIVE views= 8 mean_abs_feat_delta= 0.373996\n"}
,{"stream_name":"stdout","time":529.707970729,"data":"SECONDARY_EDGE_TTA_ACTIVE views= 8 weight= 0.75 mean_abs_feat_delta= 0.24968\n"}
,{"stream_name":"stdout","time":529.910571379,"data":"SECONDARY_EDGE_TTA_ACTIVE views= 8 weight= 0.75 mean_abs_feat_delta= 0.24968\n"}
,{"stream_name":"stdout","time":530.195227013,"data":"SECONDARY_EDGE_TTA_ACTIVE views= 8 weight= 0.75 mean_abs_feat_delta= 0.235043\n"}
,{"stream_name":"stdout","time":530.39760846,"data":"SECONDARY_EDGE_TTA_ACTIVE views= 8 weight= 0.75 mean_abs_feat_delta= 0.235043\n"}
,{"stream_name":"stdout","time":531.003019985,"data":"EDGE_TTA_ACTIVE views= 8 mean_abs_feat_delta= 0.345926\n"}
,{"stream_name":"stdout","time":531.205530395,"data":"EDGE_TTA_ACTIVE views= 8 mean_abs_feat_delta= 0.345926\n"}
,{"stream_name":"stdout","time":531.221708242,"data":"EDGE_TTA_ACTIVE views= 8 mean_abs_feat_delta= 0.377724\n"}
,{"stream_name":"stdout","time":531.424007244,"data":"EDGE_TTA_ACTIVE views= 8 mean_abs_feat_delta= 0.377724\n"}
,{"stream_name":"stdout","time":531.960982799,"data":"SECONDARY_EDGE_TTA_ACTIVE views= 8 weight= 0.75 mean_abs_feat_delta= 0.250232\n"}
,{"stream_name":"stdout","time":532.149945336,"data":"SECONDARY_EDGE_TTA_ACTIVE views= 8 weight= 0.75 mean_abs_feat_delta= 0.238415\n"}
,{"stream_name":"stdout","time":532.163695906,"data":"SECONDARY_EDGE_TTA_ACTIVE views= 8 weight= 0.75 mean_abs_feat_delta= 0.250232\n"}
,{"stream_name":"stdout","time":532.16373105,"data":"SECONDARY_EDGE_TTA_ACTIVE views= 8 weight= 0.75 mean_abs_feat_delta= 0.238415\n"}
,{"stream_name":"stdout","time":533.175817936,"data":"EDGE_TTA_ACTIVE views= 8 mean_abs_feat_delta= 0.380575\n"}
,{"stream_name":"stdout","time":533.296732505,"data":"EDGE_TTA_ACTIVE views= 8 mean_abs_feat_delta= 0.343575\n"}
,{"stream_name":"stdout","time":533.378519819,"data":"EDGE_TTA_ACTIVE views= 8 mean_abs_feat_delta= 0.380575\n"}
,{"stream_name":"stdout","time":533.378547442,"data":"EDGE_TTA_ACTIVE views= 8 mean_abs_feat_delta= 0.343575\n"}
,{"stream_name":"stdout","time":534.105017803,"data":"SECONDARY_EDGE_TTA_ACTIVE views= 8 weight= 0.75 mean_abs_feat_delta= 0.237631\n"}
,{"stream_name":"stdout","time":534.269110629,"data":"SECONDARY_EDGE_TTA_ACTIVE views= 8 weight= 0.75 mean_abs_feat_delta= 0.251574\n"}
,{"stream_name":"stdout","time":534.307402739,"data":"SECONDARY_EDGE_TTA_ACTIVE views= 8 weight= 0.75 mean_abs_feat_delta= 0.237631\n"}
,{"stream_name":"stdout","time":534.307429513,"data":"SECONDARY_EDGE_TTA_ACTIVE views= 8 weight= 0.75 mean_abs_feat_delta= 0.251574\n"}
,{"stream_name":"stdout","time":535.191737157,"data":"EDGE_TTA_ACTIVE views= 8 mean_abs_feat_delta= 0.363601\n"}
,{"stream_name":"stdout","time":535.394209582,"data":"EDGE_TTA_ACTIVE views= 8 mean_abs_feat_delta= 0.363601\n"}
,{"stream_name":"stdout","time":535.603998468,"data":"EDGE_TTA_ACTIVE views= 8 mean_abs_feat_delta= 0.346887\n"}
,{"stream_name":"stdout","time":535.806510676,"data":"EDGE_TTA_ACTIVE views= 8 mean_abs_feat_delta= 0.346887\n"}
,{"stream_name":"stdout","time":536.123595817,"data":"SECONDARY_EDGE_TTA_ACTIVE views= 8 weight= 0.75 mean_abs_feat_delta= 0.244203\n"}
,{"stream_name":"stdout","time":536.36101267,"data":"SECONDARY_EDGE_TTA_ACTIVE views= 8 weight= 0.75 mean_abs_feat_delta= 0.244203\n"}
,{"stream_name":"stdout","time":536.578073354,"data":"SECONDARY_EDGE_TTA_ACTIVE views= 8 weight= 0.75 mean_abs_feat_delta= 0.248906\n"}
,{"stream_name":"stdout","time":536.780509525,"data":"SECONDARY_EDGE_TTA_ACTIVE views= 8 weight= 0.75 mean_abs_feat_delta= 0.248906\n"}
,{"stream_name":"stdout","time":537.187962983,"data":"EDGE_TTA_ACTIVE views= 8 mean_abs_feat_delta= 0.383693\n"}
,{"stream_name":"stdout","time":537.390393298,"data":"EDGE_TTA_ACTIVE views= 8 mean_abs_feat_delta= 0.383693\n"}
,{"stream_name":"stdout","time":537.952844514,"data":"EDGE_TTA_ACTIVE views= 8 mean_abs_feat_delta= 0.346346\n"}
,{"stream_name":"stdout","time":538.123637361,"data":"SECONDARY_EDGE_TTA_ACTIVE views= 8 weight= 0.75 mean_abs_feat_delta= 0.239954\n"}
,{"stream_name":"stdout","time":538.155233743,"data":"EDGE_TTA_ACTIVE views= 8 mean_abs_feat_delta= 0.346346\n"}
,{"stream_name":"stdout","time":538.155261506,"data":"SECONDARY_EDGE_TTA_ACTIVE views= 8 weight= 0.75 mean_abs_feat_delta= 0.239954\n"}
,{"stream_name":"stdout","time":538.930979223,"data":"SECONDARY_EDGE_TTA_ACTIVE views= 8 weight= 0.75 mean_abs_feat_delta= 0.2454\n"}
,{"stream_name":"stdout","time":539.133585702,"data":"SECONDARY_EDGE_TTA_ACTIVE views= 8 weight= 0.75 mean_abs_feat_delta= 0.2454\n"}
,{"stream_name":"stdout","time":539.206746461,"data":"EDGE_TTA_ACTIVE views= 8 mean_abs_feat_delta= 0.385986\n"}
,{"stream_name":"stdout","time":539.409198969,"data":"EDGE_TTA_ACTIVE views= 8 mean_abs_feat_delta= 0.385986\n"}
,{"stream_name":"stdout","time":540.147912673,"data":"SECONDARY_EDGE_TTA_ACTIVE views= 8 weight= 0.75 mean_abs_feat_delta= 0.23989\n"}
,{"stream_name":"stdout","time":540.243691924,"data":"EDGE_TTA_ACTIVE views= 8 mean_abs_feat_delta= 0.346973\n"}
,{"stream_name":"stdout","time":540.350481749,"data":"SECONDARY_EDGE_TTA_ACTIVE views= 8 weight= 0.75 mean_abs_feat_delta= 0.23989\n"}
,{"stream_name":"stdout","time":540.350514639,"data":"EDGE_TTA_ACTIVE views= 8 mean_abs_feat_delta= 0.346973\n"}
,{"stream_name":"stdout","time":541.218629601,"data":"SECONDARY_EDGE_TTA_ACTIVE views= 8 weight= 0.75 mean_abs_feat_delta= 0.249957\n"}
,{"stream_name":"stdout","time":541.221241283,"data":"EDGE_TTA_ACTIVE views= 8 mean_abs_feat_delta= 0.377214\n"}
,{"stream_name":"stdout","time":541.421274317,"data":"SECONDARY_EDGE_TTA_ACTIVE views= 8 weight= 0.75 mean_abs_feat_delta= 0.249957\n"}
,{"stream_name":"stdout","time":541.421329542,"data":"EDGE_TTA_ACTIVE views= 8 mean_abs_feat_delta= 0.377214\n"}
,{"stream_name":"stdout","time":542.162696955,"data":"SECONDARY_EDGE_TTA_ACTIVE views= 8 weight= 0.75 mean_abs_feat_delta= 0.237283\n"}
,{"stream_name":"stdout","time":542.365480261,"data":"SECONDARY_EDGE_TTA_ACTIVE views= 8 weight= 0.75 mean_abs_feat_delta= 0.237283\n"}
,{"stream_name":"stdout","time":542.599837706,"data":"EDGE_TTA_ACTIVE views= 8 mean_abs_feat_delta= 0.344778\n"}
,{"stream_name":"stdout","time":542.802423117,"data":"EDGE_TTA_ACTIVE views= 8 mean_abs_feat_delta= 0.344778\n"}
,{"stream_name":"stdout","time":543.208048394,"data":"EDGE_TTA_ACTIVE views= 8 mean_abs_feat_delta= 0.374944\n"}
,{"stream_name":"stdout","time":543.410476402,"data":"EDGE_TTA_ACTIVE views= 8 mean_abs_feat_delta= 0.374944\n"}
,{"stream_name":"stdout","time":543.593924404,"data":"SECONDARY_EDGE_TTA_ACTIVE views= 8 weight= 0.75 mean_abs_feat_delta= 0.244194\n"}
,{"stream_name":"stdout","time":543.796280894,"data":"SECONDARY_EDGE_TTA_ACTIVE views= 8 weight= 0.75 mean_abs_feat_delta= 0.244194\n"}
,{"stream_name":"stdout","time":544.157844089,"data":"SECONDARY_EDGE_TTA_ACTIVE views= 8 weight= 0.75 mean_abs_feat_delta= 0.230958\n"}
,{"stream_name":"stdout","time":544.360390191,"data":"SECONDARY_EDGE_TTA_ACTIVE views= 8 weight= 0.75 mean_abs_feat_delta= 0.230958\n"}
,{"stream_name":"stdout","time":544.918515019,"data":"EDGE_TTA_ACTIVE views= 8 mean_abs_feat_delta= 0.347914\n"}
,{"stream_name":"stdout","time":545.121052144,"data":"EDGE_TTA_ACTIVE views= 8 mean_abs_feat_delta= 0.347914\n"}
,{"stream_name":"stdout","time":545.205527076,"data":"EDGE_TTA_ACTIVE views= 8 mean_abs_feat_delta= 0.379503\n"}
,{"stream_name":"stdout","time":545.408116214,"data":"EDGE_TTA_ACTIVE views= 8 mean_abs_feat_delta= 0.379503\n"}
,{"stream_name":"stdout","time":545.915686937,"data":"SECONDARY_EDGE_TTA_ACTIVE views= 8 weight= 0.75 mean_abs_feat_delta= 0.243952\n"}
,{"stream_name":"stdout","time":546.118234405,"data":"SECONDARY_EDGE_TTA_ACTIVE views= 8 weight= 0.75 mean_abs_feat_delta= 0.243952\n"}
,{"stream_name":"stdout","time":546.153515078,"data":"SECONDARY_EDGE_TTA_ACTIVE views= 8 weight= 0.75 mean_abs_feat_delta= 0.23219\n"}
,{"stream_name":"stdout","time":546.356119923,"data":"SECONDARY_EDGE_TTA_ACTIVE views= 8 weight= 0.75 mean_abs_feat_delta= 0.23219\n"}
,{"stream_name":"stdout","time":547.18366799,"data":"EDGE_TTA_ACTIVE views= 8 mean_abs_feat_delta= 0.376279\n"}
,{"stream_name":"stdout","time":547.265627861,"data":"EDGE_TTA_ACTIVE views= 8 mean_abs_feat_delta= 0.35019\n"}
,{"stream_name":"stdout","time":547.386022757,"data":"EDGE_TTA_ACTIVE views= 8 mean_abs_feat_delta= 0.376279\n"}
,{"stream_name":"stdout","time":547.386067391,"data":"EDGE_TTA_ACTIVE views= 8 mean_abs_feat_delta= 0.35019\n"}
,{"stream_name":"stdout","time":548.141804755,"data":"SECONDARY_EDGE_TTA_ACTIVE views= 8 weight= 0.75 mean_abs_feat_delta= 0.235852\n"}
,{"stream_name":"stdout","time":548.266916856,"data":"SECONDARY_EDGE_TTA_ACTIVE views= 8 weight= 0.75 mean_abs_feat_delta= 0.246757\n"}
,{"stream_name":"stdout","time":548.344506675,"data":"SECONDARY_EDGE_TTA_ACTIVE views= 8 weight= 0.75 mean_abs_feat_delta= 0.235852\n"}
,{"stream_name":"stdout","time":548.344536726,"data":"SECONDARY_EDGE_TTA_ACTIVE views= 8 weight= 0.75 mean_abs_feat_delta= 0.246757\n"}
,{"stream_name":"stdout","time":549.205954278,"data":"EDGE_TTA_ACTIVE views= 8 mean_abs_feat_delta= 0.381564\n"}
,{"stream_name":"stdout","time":549.408499072,"data":"EDGE_TTA_ACTIVE views= 8 mean_abs_feat_delta= 0.381564\n"}
,{"stream_name":"stdout","time":549.643825042,"data":"EDGE_TTA_ACTIVE views= 8 mean_abs_feat_delta= 0.345694\n"}
,{"stream_name":"stdout","time":549.846258277,"data":"EDGE_TTA_ACTIVE views= 8 mean_abs_feat_delta= 0.345694\n"}
,{"stream_name":"stdout","time":550.174355836,"data":"SECONDARY_EDGE_TTA_ACTIVE views= 8 weight= 0.75 mean_abs_feat_delta= 0.238665\n"}
,{"stream_name":"stdout","time":550.376659724,"data":"SECONDARY_EDGE_TTA_ACTIVE views= 8 weight= 0.75 mean_abs_feat_delta= 0.238665\n"}
,{"stream_name":"stdout","time":550.65203911,"data":"SECONDARY_EDGE_TTA_ACTIVE views= 8 weight= 0.75 mean_abs_feat_delta= 0.241225\n"}
,{"stream_name":"stdout","time":550.854536375,"data":"SECONDARY_EDGE_TTA_ACTIVE views= 8 weight= 0.75 mean_abs_feat_delta= 0.241225\n"}
,{"stream_name":"stdout","time":551.275993947,"data":"EDGE_TTA_ACTIVE views= 8 mean_abs_feat_delta= 0.369132\n"}
,{"stream_name":"stdout","time":551.47845227,"data":"EDGE_TTA_ACTIVE views= 8 mean_abs_feat_delta= 0.369132\n"}
,{"stream_name":"stdout","time":552.117445383,"data":"EDGE_TTA_ACTIVE views= 8 mean_abs_feat_delta= 0.341576\n"}
,{"stream_name":"stdout","time":552.249608599,"data":"SECONDARY_EDGE_TTA_ACTIVE views= 8 weight= 0.75 mean_abs_feat_delta= 0.241873\n"}
,{"stream_name":"stdout","time":552.319790097,"data":"EDGE_TTA_ACTIVE views= 8 mean_abs_feat_delta= 0.341576\n"}
,{"stream_name":"stdout","time":552.319817089,"data":"SECONDARY_EDGE_TTA_ACTIVE views= 8 weight= 0.75 mean_abs_feat_delta= 0.241873\n"}
,{"stream_name":"stdout","time":553.133578993,"data":"SECONDARY_EDGE_TTA_ACTIVE views= 8 weight= 0.75 mean_abs_feat_delta= 0.24078\n"}
,{"stream_name":"stdout","time":553.33275004,"data":"EDGE_TTA_ACTIVE views= 8 mean_abs_feat_delta= 0.383661\n"}
,{"stream_name":"stdout","time":553.336544161,"data":"SECONDARY_EDGE_TTA_ACTIVE views= 8 weight= 0.75 mean_abs_feat_delta= 0.24078\n"}
,{"stream_name":"stdout","time":553.33656759,"data":"EDGE_TTA_ACTIVE views= 8 mean_abs_feat_delta= 0.383661\n"}
,{"stream_name":"stdout","time":554.304341973,"data":"SECONDARY_EDGE_TTA_ACTIVE views= 8 weight= 0.75 mean_abs_feat_delta= 0.237557\n"}
,{"stream_name":"stdout","time":554.506887849,"data":"SECONDARY_EDGE_TTA_ACTIVE views= 8 weight= 0.75 mean_abs_feat_delta= 0.237557\n"}
,{"stream_name":"stdout","time":554.515923188,"data":"EDGE_TTA_ACTIVE views= 8 mean_abs_feat_delta= 0.341639\n"}
,{"stream_name":"stdout","time":554.718254385,"data":"EDGE_TTA_ACTIVE views= 8 mean_abs_feat_delta= 0.341639\n"}
,{"stream_name":"stdout","time":555.392357441,"data":"EDGE_TTA_ACTIVE views= 8 mean_abs_feat_delta= 0.377244\n"}
,{"stream_name":"stdout","time":555.535888559,"data":"SECONDARY_EDGE_TTA_ACTIVE views= 8 weight= 0.75 mean_abs_feat_delta= 0.240248\n"}
,{"stream_name":"stdout","time":555.59465591,"data":"EDGE_TTA_ACTIVE views= 8 mean_abs_feat_delta= 0.377244\n"}
,{"stream_name":"stdout","time":555.594695733,"data":"SECONDARY_EDGE_TTA_ACTIVE views= 8 weight= 0.75 mean_abs_feat_delta= 0.240248\n"}
,{"stream_name":"stdout","time":556.367029998,"data":"SECONDARY_EDGE_TTA_ACTIVE views= 8 weight= 0.75 mean_abs_feat_delta= 0.238111\n"}
,{"stream_name":"stdout","time":556.569553409,"data":"SECONDARY_EDGE_TTA_ACTIVE views= 8 weight= 0.75 mean_abs_feat_delta= 0.238111\n"}
,{"stream_name":"stdout","time":556.949140222,"data":"EDGE_TTA_ACTIVE views= 8 mean_abs_feat_delta= 0.344461\n"}
,{"stream_name":"stdout","time":557.151350512,"data":"EDGE_TTA_ACTIVE views= 8 mean_abs_feat_delta= 0.344461\n"}
,{"stream_name":"stdout","time":557.418241684,"data":"EDGE_TTA_ACTIVE views= 8 mean_abs_feat_delta= 0.375803\n"}
,{"stream_name":"stdout","time":557.620722389,"data":"EDGE_TTA_ACTIVE views= 8 mean_abs_feat_delta= 0.375803\n"}
,{"stream_name":"stdout","time":557.970887754,"data":"SECONDARY_EDGE_TTA_ACTIVE views= 8 weight= 0.75 mean_abs_feat_delta= 0.238142\n"}
,{"stream_name":"stdout","time":558.173105035,"data":"SECONDARY_EDGE_TTA_ACTIVE views= 8 weight= 0.75 mean_abs_feat_delta= 0.238142\n"}
,{"stream_name":"stdout","time":558.391986066,"data":"SECONDARY_EDGE_TTA_ACTIVE views= 8 weight= 0.75 mean_abs_feat_delta= 0.238153\n"}
,{"stream_name":"stdout","time":558.594571348,"data":"SECONDARY_EDGE_TTA_ACTIVE views= 8 weight= 0.75 mean_abs_feat_delta= 0.238153\n"}
,{"stream_name":"stdout","time":559.38915895,"data":"EDGE_TTA_ACTIVE views= 8 mean_abs_feat_delta= 0.344769\n"}
,{"stream_name":"stdout","time":559.507000775,"data":"EDGE_TTA_ACTIVE views= 8 mean_abs_feat_delta= 0.375399\n"}
,{"stream_name":"stdout","time":559.591340313,"data":"EDGE_TTA_ACTIVE views= 8 mean_abs_feat_delta= 0.344769\n"}
,{"stream_name":"stdout","time":559.591368105,"data":"EDGE_TTA_ACTIVE views= 8 mean_abs_feat_delta= 0.375399\n"}
,{"stream_name":"stdout","time":560.41498379,"data":"SECONDARY_EDGE_TTA_ACTIVE views= 8 weight= 0.75 mean_abs_feat_delta= 0.23738\n"}
,{"stream_name":"stdout","time":560.49487726,"data":"SECONDARY_EDGE_TTA_ACTIVE views= 8 weight= 0.75 mean_abs_feat_delta= 0.236344\n"}
,{"stream_name":"stdout","time":560.61815546,"data":"SECONDARY_EDGE_TTA_ACTIVE views= 8 weight= 0.75 mean_abs_feat_delta= 0.23738\n"}
,{"stream_name":"stdout","time":560.618188501,"data":"SECONDARY_EDGE_TTA_ACTIVE views= 8 weight= 0.75 mean_abs_feat_delta= 0.236344\n"}
,{"stream_name":"stdout","time":561.592363133,"data":"EDGE_TTA_ACTIVE views= 8 mean_abs_feat_delta= 0.378254\n"}
,{"stream_name":"stdout","time":561.794877367,"data":"EDGE_TTA_ACTIVE views= 8 mean_abs_feat_delta= 0.378254\n"}
,{"stream_name":"stdout","time":561.809605699,"data":"EDGE_TTA_ACTIVE views= 8 mean_abs_feat_delta= 0.343861\n"}
,{"stream_name":"stdout","time":562.012182908,"data":"EDGE_TTA_ACTIVE views= 8 mean_abs_feat_delta= 0.343861\n"}
,{"stream_name":"stdout","time":562.572456707,"data":"SECONDARY_EDGE_TTA_ACTIVE views= 8 weight= 0.75 mean_abs_feat_delta= 0.235514\n"}
,{"stream_name":"stdout","time":562.774871199,"data":"SECONDARY_EDGE_TTA_ACTIVE views= 8 weight= 0.75 mean_abs_feat_delta= 0.235514\n"}
,{"stream_name":"stdout","time":562.836176769,"data":"SECONDARY_EDGE_TTA_ACTIVE views= 8 weight= 0.75 mean_abs_feat_delta= 0.237096\n"}
,{"stream_name":"stdout","time":563.038675132,"data":"SECONDARY_EDGE_TTA_ACTIVE views= 8 weight= 0.75 mean_abs_feat_delta= 0.237096\n"}
,{"stream_name":"stdout","time":563.659981462,"data":"EDGE_TTA_ACTIVE views= 8 mean_abs_feat_delta= 0.379837\n"}
,{"stream_name":"stdout","time":563.862248982,"data":"EDGE_TTA_ACTIVE views= 8 mean_abs_feat_delta= 0.379837\n"}
,{"stream_name":"stdout","time":564.233031687,"data":"EDGE_TTA_ACTIVE views= 8 mean_abs_feat_delta= 0.344252\n"}
,{"stream_name":"stdout","time":564.435610177,"data":"EDGE_TTA_ACTIVE views= 8 mean_abs_feat_delta= 0.344252\n"}
,{"stream_name":"stdout","time":564.634966384,"data":"SECONDARY_EDGE_TTA_ACTIVE views= 8 weight= 0.75 mean_abs_feat_delta= 0.237013\n"}
,{"stream_name":"stdout","time":564.837224635,"data":"SECONDARY_EDGE_TTA_ACTIVE views= 8 weight= 0.75 mean_abs_feat_delta= 0.237013\n"}
,{"stream_name":"stdout","time":565.253347536,"data":"SECONDARY_EDGE_TTA_ACTIVE views= 8 weight= 0.75 mean_abs_feat_delta= 0.236414\n"}
,{"stream_name":"stdout","time":565.455643283,"data":"SECONDARY_EDGE_TTA_ACTIVE views= 8 weight= 0.75 mean_abs_feat_delta= 0.236414\n"}
,{"stream_name":"stdout","time":565.7094334,"data":"EDGE_TTA_ACTIVE views= 8 mean_abs_feat_delta= 0.382889\n"}
,{"stream_name":"stdout","time":565.911846093,"data":"EDGE_TTA_ACTIVE views= 8 mean_abs_feat_delta= 0.382889\n"}
,{"stream_name":"stdout","time":566.681563919,"data":"SECONDARY_EDGE_TTA_ACTIVE views= 8 weight= 0.75 mean_abs_feat_delta= 0.23801\n"}
,{"stream_name":"stdout","time":566.698620774,"data":"EDGE_TTA_ACTIVE views= 8 mean_abs_feat_delta= 0.344683\n"}
,{"stream_name":"stdout","time":566.917328346,"data":"SECONDARY_EDGE_TTA_ACTIVE views= 8 weight= 0.75 mean_abs_feat_delta= 0.23801\n"}
,{"stream_name":"stdout","time":566.917362905,"data":"EDGE_TTA_ACTIVE views= 8 mean_abs_feat_delta= 0.344683\n"}
,{"stream_name":"stdout","time":567.709188977,"data":"SECONDARY_EDGE_TTA_ACTIVE views= 8 weight= 0.75 mean_abs_feat_delta= 0.23555\n"}
,{"stream_name":"stdout","time":567.754198751,"data":"EDGE_TTA_ACTIVE views= 8 mean_abs_feat_delta= 0.38286\n"}
,{"stream_name":"stdout","time":567.911407235,"data":"SECONDARY_EDGE_TTA_ACTIVE views= 8 weight= 0.75 mean_abs_feat_delta= 0.23555\n"}
,{"stream_name":"stdout","time":567.911435958,"data":"EDGE_TTA_ACTIVE views= 8 mean_abs_feat_delta= 0.38286\n"}
,{"stream_name":"stdout","time":568.724518972,"data":"SECONDARY_EDGE_TTA_ACTIVE views= 8 weight= 0.75 mean_abs_feat_delta= 0.236216\n"}
,{"stream_name":"stdout","time":568.926786568,"data":"SECONDARY_EDGE_TTA_ACTIVE views= 8 weight= 0.75 mean_abs_feat_delta= 0.236216\n"}
,{"stream_name":"stdout","time":569.067950889,"data":"EDGE_TTA_ACTIVE views= 8 mean_abs_feat_delta= 0.34633\n"}
,{"stream_name":"stdout","time":569.270455633,"data":"EDGE_TTA_ACTIVE views= 8 mean_abs_feat_delta= 0.34633\n"}
,{"stream_name":"stdout","time":569.797155511,"data":"EDGE_TTA_ACTIVE views= 8 mean_abs_feat_delta= 0.382216\n"}
,{"stream_name":"stdout","time":569.99972443,"data":"EDGE_TTA_ACTIVE views= 8 mean_abs_feat_delta= 0.382216\n"}
,{"stream_name":"stdout","time":570.069488436,"data":"SECONDARY_EDGE_TTA_ACTIVE views= 8 weight= 0.75 mean_abs_feat_delta= 0.237532\n"}
,{"stream_name":"stdout","time":570.271655096,"data":"SECONDARY_EDGE_TTA_ACTIVE views= 8 weight= 0.75 mean_abs_feat_delta= 0.237532\n"}
,{"stream_name":"stdout","time":570.765852688,"data":"SECONDARY_EDGE_TTA_ACTIVE views= 8 weight= 0.75 mean_abs_feat_delta= 0.237584\n"}
,{"stream_name":"stdout","time":570.968353383,"data":"SECONDARY_EDGE_TTA_ACTIVE views= 8 weight= 0.75 mean_abs_feat_delta= 0.237584\n"}
,{"stream_name":"stdout","time":571.449509665,"data":"EDGE_TTA_ACTIVE views= 8 mean_abs_feat_delta= 0.340161\n"}
,{"stream_name":"stdout","time":571.652016041,"data":"EDGE_TTA_ACTIVE views= 8 mean_abs_feat_delta= 0.340161\n"}
,{"stream_name":"stdout","time":571.870009524,"data":"EDGE_TTA_ACTIVE views= 8 mean_abs_feat_delta= 0.387124\n"}
,{"stream_name":"stdout","time":572.072809514,"data":"EDGE_TTA_ACTIVE views= 8 mean_abs_feat_delta= 0.387124\n"}
,{"stream_name":"stdout","time":572.442631192,"data":"SECONDARY_EDGE_TTA_ACTIVE views= 8 weight= 0.75 mean_abs_feat_delta= 0.238661\n"}
,{"stream_name":"stdout","time":572.645038693,"data":"SECONDARY_EDGE_TTA_ACTIVE views= 8 weight= 0.75 mean_abs_feat_delta= 0.238661\n"}
,{"stream_name":"stdout","time":572.831210514,"data":"SECONDARY_EDGE_TTA_ACTIVE views= 8 weight= 0.75 mean_abs_feat_delta= 0.237954\n"}
,{"stream_name":"stdout","time":573.03336697,"data":"SECONDARY_EDGE_TTA_ACTIVE views= 8 weight= 0.75 mean_abs_feat_delta= 0.237954\n"}
,{"stream_name":"stdout","time":573.779995957,"data":"EDGE_TTA_ACTIVE views= 8 mean_abs_feat_delta= 0.345593\n"}
,{"stream_name":"stdout","time":573.860732186,"data":"EDGE_TTA_ACTIVE views= 8 mean_abs_feat_delta= 0.383692\n"}
,{"stream_name":"stdout","time":573.982565647,"data":"EDGE_TTA_ACTIVE views= 8 mean_abs_feat_delta= 0.345593\n"}
,{"stream_name":"stdout","time":573.982593418,"data":"EDGE_TTA_ACTIVE views= 8 mean_abs_feat_delta= 0.383692\n"}
,{"stream_name":"stdout","time":574.764280938,"data":"SECONDARY_EDGE_TTA_ACTIVE views= 8 weight= 0.75 mean_abs_feat_delta= 0.244202\n"}
,{"stream_name":"stdout","time":574.81740261,"data":"SECONDARY_EDGE_TTA_ACTIVE views= 8 weight= 0.75 mean_abs_feat_delta= 0.236802\n"}
,{"stream_name":"stdout","time":574.9666742,"data":"SECONDARY_EDGE_TTA_ACTIVE views= 8 weight= 0.75 mean_abs_feat_delta= 0.244202\n"}
,{"stream_name":"stdout","time":574.966737076,"data":"SECONDARY_EDGE_TTA_ACTIVE views= 8 weight= 0.75 mean_abs_feat_delta= 0.236802\n"}
,{"stream_name":"stdout","time":575.853257882,"data":"EDGE_TTA_ACTIVE views= 8 mean_abs_feat_delta= 0.38098\n"}
,{"stream_name":"stdout","time":576.055755831,"data":"EDGE_TTA_ACTIVE views= 8 mean_abs_feat_delta= 0.38098\n"}
,{"stream_name":"stdout","time":576.088873572,"data":"EDGE_TTA_ACTIVE views= 8 mean_abs_feat_delta= 0.345261\n"}
,{"stream_name":"stdout","time":576.29135039,"data":"EDGE_TTA_ACTIVE views= 8 mean_abs_feat_delta= 0.345261\n"}
,{"stream_name":"stdout","time":576.807016528,"data":"SECONDARY_EDGE_TTA_ACTIVE views= 8 weight= 0.75 mean_abs_feat_delta= 0.239394\n"}
,{"stream_name":"stdout","time":577.009343394,"data":"SECONDARY_EDGE_TTA_ACTIVE views= 8 weight= 0.75 mean_abs_feat_delta= 0.239394\n"}
,{"stream_name":"stdout","time":577.072616278,"data":"SECONDARY_EDGE_TTA_ACTIVE views= 8 weight= 0.75 mean_abs_feat_delta= 0.244726\n"}
,{"stream_name":"stdout","time":577.275308213,"data":"SECONDARY_EDGE_TTA_ACTIVE views= 8 weight= 0.75 mean_abs_feat_delta= 0.244726\n"}
,{"stream_name":"stdout","time":577.84372147,"data":"EDGE_TTA_ACTIVE views= 8 mean_abs_feat_delta= 0.383083\n"}
,{"stream_name":"stdout","time":578.046218304,"data":"EDGE_TTA_ACTIVE views= 8 mean_abs_feat_delta= 0.383083\n"}
,{"stream_name":"stdout","time":578.458899344,"data":"EDGE_TTA_ACTIVE views= 8 mean_abs_feat_delta= 0.341917\n"}
,{"stream_name":"stdout","time":578.661168319,"data":"EDGE_TTA_ACTIVE views= 8 mean_abs_feat_delta= 0.341917\n"}
,{"stream_name":"stdout","time":578.79188907,"data":"SECONDARY_EDGE_TTA_ACTIVE views= 8 weight= 0.75 mean_abs_feat_delta= 0.239051\n"}
,{"stream_name":"stdout","time":578.994380165,"data":"SECONDARY_EDGE_TTA_ACTIVE views= 8 weight= 0.75 mean_abs_feat_delta= 0.239051\n"}
,{"stream_name":"stdout","time":579.432933431,"data":"SECONDARY_EDGE_TTA_ACTIVE views= 8 weight= 0.75 mean_abs_feat_delta= 0.244457\n"}
,{"stream_name":"stdout","time":579.635342746,"data":"SECONDARY_EDGE_TTA_ACTIVE views= 8 weight= 0.75 mean_abs_feat_delta= 0.244457\n"}
,{"stream_name":"stdout","time":579.867991251,"data":"EDGE_TTA_ACTIVE views= 8 mean_abs_feat_delta= 0.385177\n"}
,{"stream_name":"stdout","time":580.070314913,"data":"EDGE_TTA_ACTIVE views= 8 mean_abs_feat_delta= 0.385177\n"}
,{"stream_name":"stdout","time":580.8114743,"data":"SECONDARY_EDGE_TTA_ACTIVE views= 8 weight= 0.75 mean_abs_feat_delta= 0.240454\n"}
,{"stream_name":"stdout","time":580.847379883,"data":"EDGE_TTA_ACTIVE views= 8 mean_abs_feat_delta= 0.342121\n"}
,{"stream_name":"stdout","time":581.014127485,"data":"SECONDARY_EDGE_TTA_ACTIVE views= 8 weight= 0.75 mean_abs_feat_delta= 0.240454\n"}
,{"stream_name":"stdout","time":581.014158403,"data":"EDGE_TTA_ACTIVE views= 8 mean_abs_feat_delta= 0.342121\n"}
,{"stream_name":"stdout","time":581.821440663,"data":"SECONDARY_EDGE_TTA_ACTIVE views= 8 weight= 0.75 mean_abs_feat_delta= 0.245003\n"}
,{"stream_name":"stdout","time":581.856796815,"data":"EDGE_TTA_ACTIVE views= 8 mean_abs_feat_delta= 0.373011\n"}
,{"stream_name":"stdout","time":582.024052639,"data":"SECONDARY_EDGE_TTA_ACTIVE views= 8 weight= 0.75 mean_abs_feat_delta= 0.245003\n"}
,{"stream_name":"stdout","time":582.024079522,"data":"EDGE_TTA_ACTIVE views= 8 mean_abs_feat_delta= 0.373011\n"}
,{"stream_name":"stdout","time":582.799373171,"data":"SECONDARY_EDGE_TTA_ACTIVE views= 8 weight= 0.75 mean_abs_feat_delta= 0.246682\n"}
,{"stream_name":"stdout","time":583.001883092,"data":"SECONDARY_EDGE_TTA_ACTIVE views= 8 weight= 0.75 mean_abs_feat_delta= 0.246682\n"}
,{"stream_name":"stdout","time":583.178662932,"data":"EDGE_TTA_ACTIVE views= 8 mean_abs_feat_delta= 0.340903\n"}
,{"stream_name":"stdout","time":583.381300112,"data":"EDGE_TTA_ACTIVE views= 8 mean_abs_feat_delta= 0.340903\n"}
,{"stream_name":"stdout","time":583.816982401,"data":"EDGE_TTA_ACTIVE views= 8 mean_abs_feat_delta= 0.387462\n"}
,{"stream_name":"stdout","time":584.019498213,"data":"EDGE_TTA_ACTIVE views= 8 mean_abs_feat_delta= 0.387462\n"}
,{"stream_name":"stdout","time":584.152665069,"data":"SECONDARY_EDGE_TTA_ACTIVE views= 8 weight= 0.75 mean_abs_feat_delta= 0.243874\n"}
,{"stream_name":"stdout","time":584.35510951,"data":"SECONDARY_EDGE_TTA_ACTIVE views= 8 weight= 0.75 mean_abs_feat_delta= 0.243874\n"}
,{"stream_name":"stdout","time":584.756102506,"data":"SECONDARY_EDGE_TTA_ACTIVE views= 8 weight= 0.75 mean_abs_feat_delta= 0.238599\n"}
,{"stream_name":"stdout","time":584.958611549,"data":"SECONDARY_EDGE_TTA_ACTIVE views= 8 weight= 0.75 mean_abs_feat_delta= 0.238599\n"}
,{"stream_name":"stdout","time":585.530354098,"data":"EDGE_TTA_ACTIVE views= 8 mean_abs_feat_delta= 0.337487\n"}
,{"stream_name":"stdout","time":585.732931027,"data":"EDGE_TTA_ACTIVE views= 8 mean_abs_feat_delta= 0.337487\n"}
,{"stream_name":"stdout","time":585.792831191,"data":"EDGE_TTA_ACTIVE views= 8 mean_abs_feat_delta= 0.39019\n"}
,{"stream_name":"stdout","time":585.995205448,"data":"EDGE_TTA_ACTIVE views= 8 mean_abs_feat_delta= 0.39019\n"}
,{"stream_name":"stdout","time":586.505199106,"data":"SECONDARY_EDGE_TTA_ACTIVE views= 8 weight= 0.75 mean_abs_feat_delta= 0.236817\n"}
,{"stream_name":"stdout","time":586.707476489,"data":"SECONDARY_EDGE_TTA_ACTIVE views= 8 weight= 0.75 mean_abs_feat_delta= 0.236817\n"}
,{"stream_name":"stdout","time":586.730679259,"data":"SECONDARY_EDGE_TTA_ACTIVE views= 8 weight= 0.75 mean_abs_feat_delta= 0.24201\n"}
,{"stream_name":"stdout","time":586.933112047,"data":"SECONDARY_EDGE_TTA_ACTIVE views= 8 weight= 0.75 mean_abs_feat_delta= 0.24201\n"}
,{"stream_name":"stdout","time":587.768488704,"data":"EDGE_TTA_ACTIVE views= 8 mean_abs_feat_delta= 0.394669\n"}
,{"stream_name":"stdout","time":587.886265357,"data":"EDGE_TTA_ACTIVE views= 8 mean_abs_feat_delta= 0.344383\n"}
,{"stream_name":"stdout","time":587.971123982,"data":"EDGE_TTA_ACTIVE views= 8 mean_abs_feat_delta= 0.394669\n"}
,{"stream_name":"stdout","time":587.971148835,"data":"EDGE_TTA_ACTIVE views= 8 mean_abs_feat_delta= 0.344383\n"}
,{"stream_name":"stdout","time":588.704948905,"data":"SECONDARY_EDGE_TTA_ACTIVE views= 8 weight= 0.75 mean_abs_feat_delta= 0.242718\n"}
,{"stream_name":"stdout","time":588.854952274,"data":"SECONDARY_EDGE_TTA_ACTIVE views= 8 weight= 0.75 mean_abs_feat_delta= 0.245041\n"}
,{"stream_name":"stdout","time":588.907604733,"data":"SECONDARY_EDGE_TTA_ACTIVE views= 8 weight= 0.75 mean_abs_feat_delta= 0.242718\n"}
,{"stream_name":"stdout","time":588.907636717,"data":"SECONDARY_EDGE_TTA_ACTIVE views= 8 weight= 0.75 mean_abs_feat_delta= 0.245041\n"}
,{"stream_name":"stdout","time":589.71067693,"data":"EDGE_TTA_ACTIVE views= 8 mean_abs_feat_delta= 0.392073\n"}
,{"stream_name":"stdout","time":589.913332604,"data":"EDGE_TTA_ACTIVE views= 8 mean_abs_feat_delta= 0.392073\n"}
,{"stream_name":"stdout","time":590.168620415,"data":"EDGE_TTA_ACTIVE views= 8 mean_abs_feat_delta= 0.337324\n"}
,{"stream_name":"stdout","time":590.370977039,"data":"EDGE_TTA_ACTIVE views= 8 mean_abs_feat_delta= 0.337324\n"}
,{"stream_name":"stdout","time":590.648203181,"data":"SECONDARY_EDGE_TTA_ACTIVE views= 8 weight= 0.75 mean_abs_feat_delta= 0.239556\n"}
,{"stream_name":"stdout","time":590.850715567,"data":"SECONDARY_EDGE_TTA_ACTIVE views= 8 weight= 0.75 mean_abs_feat_delta= 0.239556\n"}
,{"stream_name":"stdout","time":591.132771433,"data":"SECONDARY_EDGE_TTA_ACTIVE views= 8 weight= 0.75 mean_abs_feat_delta= 0.243663\n"}
,{"stream_name":"stdout","time":591.335344096,"data":"SECONDARY_EDGE_TTA_ACTIVE views= 8 weight= 0.75 mean_abs_feat_delta= 0.243663\n"}
,{"stream_name":"stdout","time":591.664822942,"data":"EDGE_TTA_ACTIVE views= 8 mean_abs_feat_delta= 0.384078\n"}
,{"stream_name":"stdout","time":591.867247684,"data":"EDGE_TTA_ACTIVE views= 8 mean_abs_feat_delta= 0.384078\n"}
,{"stream_name":"stdout","time":592.478538823,"data":"EDGE_TTA_ACTIVE views= 8 mean_abs_feat_delta= 0.344697\n"}
,{"stream_name":"stdout","time":592.600526066,"data":"SECONDARY_EDGE_TTA_ACTIVE views= 8 weight= 0.75 mean_abs_feat_delta= 0.239228\n"}
,{"stream_name":"stdout","time":592.680725873,"data":"EDGE_TTA_ACTIVE views= 8 mean_abs_feat_delta= 0.344697\n"}
,{"stream_name":"stdout","time":592.680768921,"data":"SECONDARY_EDGE_TTA_ACTIVE views= 8 weight= 0.75 mean_abs_feat_delta= 0.239228\n"}
,{"stream_name":"stdout","time":593.439759384,"data":"SECONDARY_EDGE_TTA_ACTIVE views= 8 weight= 0.75 mean_abs_feat_delta= 0.248629\n"}
,{"stream_name":"stdout","time":593.62667242,"data":"EDGE_TTA_ACTIVE views= 8 mean_abs_feat_delta= 0.380739\n"}
,{"stream_name":"stdout","time":593.642413009,"data":"SECONDARY_EDGE_TTA_ACTIVE views= 8 weight= 0.75 mean_abs_feat_delta= 0.248629\n"}
,{"stream_name":"stdout","time":593.642444279,"data":"EDGE_TTA_ACTIVE views= 8 mean_abs_feat_delta= 0.380739\n"}
,{"stream_name":"stdout","time":594.559760596,"data":"SECONDARY_EDGE_TTA_ACTIVE views= 8 weight= 0.75 mean_abs_feat_delta= 0.238944\n"}
,{"stream_name":"stdout","time":594.763225282,"data":"SECONDARY_EDGE_TTA_ACTIVE views= 8 weight= 0.75 mean_abs_feat_delta= 0.238944\n"}
,{"stream_name":"stdout","time":594.781592231,"data":"EDGE_TTA_ACTIVE views= 8 mean_abs_feat_delta= 0.346724\n"}
,{"stream_name":"stdout","time":594.983777575,"data":"EDGE_TTA_ACTIVE views= 8 mean_abs_feat_delta= 0.346724\n"}
,{"stream_name":"stdout","time":595.59024542,"data":"EDGE_TTA_ACTIVE views= 8 mean_abs_feat_delta= 0.384946\n"}
,{"stream_name":"stdout","time":595.748033507,"data":"SECONDARY_EDGE_TTA_ACTIVE views= 8 weight= 0.75 mean_abs_feat_delta= 0.248031\n"}
,{"stream_name":"stdout","time":595.792769714,"data":"EDGE_TTA_ACTIVE views= 8 mean_abs_feat_delta= 0.384946\n"}
,{"stream_name":"stdout","time":595.792795107,"data":"SECONDARY_EDGE_TTA_ACTIVE views= 8 weight= 0.75 mean_abs_feat_delta= 0.248031\n"}
,{"stream_name":"stdout","time":596.520554728,"data":"SECONDARY_EDGE_TTA_ACTIVE views= 8 weight= 0.75 mean_abs_feat_delta= 0.240838\n"}
,{"stream_name":"stdout","time":596.723144086,"data":"SECONDARY_EDGE_TTA_ACTIVE views= 8 weight= 0.75 mean_abs_feat_delta= 0.240838\n"}
,{"stream_name":"stdout","time":597.105821835,"data":"EDGE_TTA_ACTIVE views= 8 mean_abs_feat_delta= 0.342953\n"}
,{"stream_name":"stdout","time":597.344313131,"data":"EDGE_TTA_ACTIVE views= 8 mean_abs_feat_delta= 0.342953\n"}
,{"stream_name":"stdout","time":597.550204004,"data":"EDGE_TTA_ACTIVE views= 8 mean_abs_feat_delta= 0.390292\n"}
,{"stream_name":"stdout","time":597.752530188,"data":"EDGE_TTA_ACTIVE views= 8 mean_abs_feat_delta= 0.390292\n"}
,{"stream_name":"stdout","time":598.07334575,"data":"SECONDARY_EDGE_TTA_ACTIVE views= 8 weight= 0.75 mean_abs_feat_delta= 0.248478\n"}
,{"stream_name":"stdout","time":598.275914293,"data":"SECONDARY_EDGE_TTA_ACTIVE views= 8 weight= 0.75 mean_abs_feat_delta= 0.248478\n"}
,{"stream_name":"stdout","time":598.485707004,"data":"SECONDARY_EDGE_TTA_ACTIVE views= 8 weight= 0.75 mean_abs_feat_delta= 0.239624\n"}
,{"stream_name":"stdout","time":598.6882484,"data":"SECONDARY_EDGE_TTA_ACTIVE views= 8 weight= 0.75 mean_abs_feat_delta= 0.239624\n"}
,{"stream_name":"stdout","time":599.405952885,"data":"EDGE_TTA_ACTIVE views= 8 mean_abs_feat_delta= 0.346376\n"}
,{"stream_name":"stdout","time":599.512858316,"data":"EDGE_TTA_ACTIVE views= 8 mean_abs_feat_delta= 0.389613\n"}
,{"stream_name":"stdout","time":599.608192999,"data":"EDGE_TTA_ACTIVE views= 8 mean_abs_feat_delta= 0.346376\n"}
,{"stream_name":"stdout","time":599.608216261,"data":"EDGE_TTA_ACTIVE views= 8 mean_abs_feat_delta= 0.389613\n"}
,{"stream_name":"stdout","time":600.372598103,"data":"SECONDARY_EDGE_TTA_ACTIVE views= 8 weight= 0.75 mean_abs_feat_delta= 0.25125\n"}
,{"stream_name":"stdout","time":600.444224948,"data":"SECONDARY_EDGE_TTA_ACTIVE views= 8 weight= 0.75 mean_abs_feat_delta= 0.238597\n"}
,{"stream_name":"stdout","time":600.577964942,"data":"SECONDARY_EDGE_TTA_ACTIVE views= 8 weight= 0.75 mean_abs_feat_delta= 0.25125\n"}
,{"stream_name":"stdout","time":600.577994003,"data":"SECONDARY_EDGE_TTA_ACTIVE views= 8 weight= 0.75 mean_abs_feat_delta= 0.238597\n"}
,{"stream_name":"stdout","time":601.474499763,"data":"EDGE_TTA_ACTIVE views= 8 mean_abs_feat_delta= 0.380972\n"}
,{"stream_name":"stdout","time":601.676715622,"data":"EDGE_TTA_ACTIVE views= 8 mean_abs_feat_delta= 0.380972\n"}
,{"stream_name":"stdout","time":601.781188916,"data":"EDGE_TTA_ACTIVE views= 8 mean_abs_feat_delta= 0.346181\n"}
,{"stream_name":"stdout","time":601.983562091,"data":"EDGE_TTA_ACTIVE views= 8 mean_abs_feat_delta= 0.346181\n"}
,{"stream_name":"stdout","time":602.409146882,"data":"SECONDARY_EDGE_TTA_ACTIVE views= 8 weight= 0.75 mean_abs_feat_delta= 0.23768\n"}
,{"stream_name":"stdout","time":602.611552534,"data":"SECONDARY_EDGE_TTA_ACTIVE views= 8 weight= 0.75 mean_abs_feat_delta= 0.23768\n"}
,{"stream_name":"stdout","time":602.742160306,"data":"SECONDARY_EDGE_TTA_ACTIVE views= 8 weight= 0.75 mean_abs_feat_delta= 0.244937\n"}
,{"stream_name":"stdout","time":602.944755729,"data":"SECONDARY_EDGE_TTA_ACTIVE views= 8 weight= 0.75 mean_abs_feat_delta= 0.244937\n"}
,{"stream_name":"stdout","time":603.471747332,"data":"EDGE_TTA_ACTIVE views= 8 mean_abs_feat_delta= 0.380042\n"}
,{"stream_name":"stdout","time":603.674058203,"data":"EDGE_TTA_ACTIVE views= 8 mean_abs_feat_delta= 0.380042\n"}
,{"stream_name":"stdout","time":604.079469255,"data":"EDGE_TTA_ACTIVE views= 8 mean_abs_feat_delta= 0.347471\n"}
,{"stream_name":"stdout","time":604.281881911,"data":"EDGE_TTA_ACTIVE views= 8 mean_abs_feat_delta= 0.347471\n"}
,{"stream_name":"stdout","time":604.405181662,"data":"SECONDARY_EDGE_TTA_ACTIVE views= 8 weight= 0.75 mean_abs_feat_delta= 0.2411\n"}
,{"stream_name":"stdout","time":604.607319037,"data":"SECONDARY_EDGE_TTA_ACTIVE views= 8 weight= 0.75 mean_abs_feat_delta= 0.2411\n"}
,{"stream_name":"stdout","time":605.048961755,"data":"SECONDARY_EDGE_TTA_ACTIVE views= 8 weight= 0.75 mean_abs_feat_delta= 0.246287\n"}
,{"stream_name":"stdout","time":605.251456148,"data":"SECONDARY_EDGE_TTA_ACTIVE views= 8 weight= 0.75 mean_abs_feat_delta= 0.246287\n"}
,{"stream_name":"stdout","time":605.442621482,"data":"EDGE_TTA_ACTIVE views= 8 mean_abs_feat_delta= 0.381742\n"}
,{"stream_name":"stdout","time":605.644872546,"data":"EDGE_TTA_ACTIVE views= 8 mean_abs_feat_delta= 0.381742\n"}
,{"stream_name":"stdout","time":606.361504661,"data":"EDGE_TTA_ACTIVE views= 8 mean_abs_feat_delta= 0.350011\n"}
,{"stream_name":"stdout","time":606.377127703,"data":"SECONDARY_EDGE_TTA_ACTIVE views= 8 weight= 0.75 mean_abs_feat_delta= 0.242636\n"}
,{"stream_name":"stdout","time":606.563950619,"data":"EDGE_TTA_ACTIVE views= 8 mean_abs_feat_delta= 0.350011\n"}
,{"stream_name":"stdout","time":606.564006483,"data":"SECONDARY_EDGE_TTA_ACTIVE views= 8 weight= 0.75 mean_abs_feat_delta= 0.242636\n"}
,{"stream_name":"stdout","time":607.328973065,"data":"SECONDARY_EDGE_TTA_ACTIVE views= 8 weight= 0.75 mean_abs_feat_delta= 0.252081\n"}
,{"stream_name":"stdout","time":607.41229557,"data":"EDGE_TTA_ACTIVE views= 8 mean_abs_feat_delta= 0.385581\n"}
,{"stream_name":"stdout","time":607.531503986,"data":"SECONDARY_EDGE_TTA_ACTIVE views= 8 weight= 0.75 mean_abs_feat_delta= 0.252081\n"}
,{"stream_name":"stdout","time":607.531528359,"data":"EDGE_TTA_ACTIVE views= 8 mean_abs_feat_delta= 0.385581\n"}
,{"stream_name":"stdout","time":608.346703495,"data":"SECONDARY_EDGE_TTA_ACTIVE views= 8 weight= 0.75 mean_abs_feat_delta= 0.238985\n"}
,{"stream_name":"stdout","time":608.549187522,"data":"SECONDARY_EDGE_TTA_ACTIVE views= 8 weight= 0.75 mean_abs_feat_delta= 0.238985\n"}
,{"stream_name":"stdout","time":608.669876005,"data":"EDGE_TTA_ACTIVE views= 8 mean_abs_feat_delta= 0.346365\n"}
,{"stream_name":"stdout","time":608.872372663,"data":"EDGE_TTA_ACTIVE views= 8 mean_abs_feat_delta= 0.346365\n"}
,{"stream_name":"stdout","time":609.386621409,"data":"EDGE_TTA_ACTIVE views= 8 mean_abs_feat_delta= 0.38448\n"}
,{"stream_name":"stdout","time":609.590138566,"data":"EDGE_TTA_ACTIVE views= 8 mean_abs_feat_delta= 0.38448\n"}
,{"stream_name":"stdout","time":609.643310977,"data":"SECONDARY_EDGE_TTA_ACTIVE views= 8 weight= 0.75 mean_abs_feat_delta= 0.246571\n"}
,{"stream_name":"stdout","time":609.845669319,"data":"SECONDARY_EDGE_TTA_ACTIVE views= 8 weight= 0.75 mean_abs_feat_delta= 0.246571\n"}
,{"stream_name":"stdout","time":610.32330109,"data":"SECONDARY_EDGE_TTA_ACTIVE views= 8 weight= 0.75 mean_abs_feat_delta= 0.234994\n"}
,{"stream_name":"stdout","time":610.525673192,"data":"SECONDARY_EDGE_TTA_ACTIVE views= 8 weight= 0.75 mean_abs_feat_delta= 0.234994\n"}
,{"stream_name":"stdout","time":611.017047797,"data":"EDGE_TTA_ACTIVE views= 8 mean_abs_feat_delta= 0.349124\n"}
,{"stream_name":"stdout","time":611.219481962,"data":"EDGE_TTA_ACTIVE views= 8 mean_abs_feat_delta= 0.349124\n"}
,{"stream_name":"stdout","time":611.340212551,"data":"EDGE_TTA_ACTIVE views= 8 mean_abs_feat_delta= 0.368202\n"}
,{"stream_name":"stdout","time":611.542712986,"data":"EDGE_TTA_ACTIVE views= 8 mean_abs_feat_delta= 0.368202\n"}
,{"stream_name":"stdout","time":611.990849227,"data":"SECONDARY_EDGE_TTA_ACTIVE views= 8 weight= 0.75 mean_abs_feat_delta= 0.247701\n"}
,{"stream_name":"stdout","time":612.193263488,"data":"SECONDARY_EDGE_TTA_ACTIVE views= 8 weight= 0.75 mean_abs_feat_delta= 0.247701\n"}
,{"stream_name":"stdout","time":612.281507259,"data":"SECONDARY_EDGE_TTA_ACTIVE views= 8 weight= 0.75 mean_abs_feat_delta= 0.238958\n"}
,{"stream_name":"stdout","time":612.286655701,"data":"BIOHUB_RETENTION_GUARD {\"blended_candidates\": 64, \"dataset\": \"6bba_05b6850b\", \"frame\": 43, \"minimum_retention\": 0.9, \"primary_candidates\": 74, \"retention\": 0.8648648648648649, \"use_primary\": true}\n"}
,{"stream_name":"stdout","time":612.483788242,"data":"SECONDARY_EDGE_TTA_ACTIVE views= 8 weight= 0.75 mean_abs_feat_delta= 0.238958\n"}
,{"stream_name":"stdout","time":612.483827465,"data":"BIOHUB_RETENTION_GUARD {\"blended_candidates\": 64, \"dataset\": \"6bba_05b6850b\", \"frame\": 43, \"minimum_retention\": 0.9, \"primary_candidates\": 74, \"retention\": 0.8648648648648649, \"use_primary\": true}\n"}
,{"stream_name":"stdout","time":613.334788096,"data":"EDGE_TTA_ACTIVE views= 8 mean_abs_feat_delta= 0.350188\n"}
,{"stream_name":"stdout","time":613.35450645,"data":"EDGE_TTA_ACTIVE views= 8 mean_abs_feat_delta= 0.383867\n"}
,{"stream_name":"stdout","time":613.537212468,"data":"EDGE_TTA_ACTIVE views= 8 mean_abs_feat_delta= 0.350188\n"}
,{"stream_name":"stdout","time":613.537237061,"data":"EDGE_TTA_ACTIVE views= 8 mean_abs_feat_delta= 0.383867\n"}
,{"stream_name":"stdout","time":614.295307567,"data":"SECONDARY_EDGE_TTA_ACTIVE views= 8 weight= 0.75 mean_abs_feat_delta= 0.23391\n"}
,{"stream_name":"stdout","time":614.301723572,"data":"SECONDARY_EDGE_TTA_ACTIVE views= 8 weight= 0.75 mean_abs_feat_delta= 0.247527\n"}
,{"stream_name":"stdout","time":614.497986284,"data":"SECONDARY_EDGE_TTA_ACTIVE views= 8 weight= 0.75 mean_abs_feat_delta= 0.23391\n"}
,{"stream_name":"stdout","time":614.498019245,"data":"SECONDARY_EDGE_TTA_ACTIVE views= 8 weight= 0.75 mean_abs_feat_delta= 0.247527\n"}
,{"stream_name":"stdout","time":615.340992543,"data":"EDGE_TTA_ACTIVE views= 8 mean_abs_feat_delta= 0.387055\n"}
,{"stream_name":"stdout","time":615.543615437,"data":"EDGE_TTA_ACTIVE views= 8 mean_abs_feat_delta= 0.387055\n"}
,{"stream_name":"stdout","time":615.675364449,"data":"EDGE_TTA_ACTIVE views= 8 mean_abs_feat_delta= 0.342833\n"}
,{"stream_name":"stdout","time":615.877924693,"data":"EDGE_TTA_ACTIVE views= 8 mean_abs_feat_delta= 0.342833\n"}
,{"stream_name":"stdout","time":616.284824164,"data":"SECONDARY_EDGE_TTA_ACTIVE views= 8 weight= 0.75 mean_abs_feat_delta= 0.24076\n"}
,{"stream_name":"stdout","time":616.487239579,"data":"SECONDARY_EDGE_TTA_ACTIVE views= 8 weight= 0.75 mean_abs_feat_delta= 0.24076\n"}
,{"stream_name":"stdout","time":616.647615321,"data":"SECONDARY_EDGE_TTA_ACTIVE views= 8 weight= 0.75 mean_abs_feat_delta= 0.244514\n"}
,{"stream_name":"stdout","time":616.850056334,"data":"SECONDARY_EDGE_TTA_ACTIVE views= 8 weight= 0.75 mean_abs_feat_delta= 0.244514\n"}
,{"stream_name":"stdout","time":617.300180775,"data":"EDGE_TTA_ACTIVE views= 8 mean_abs_feat_delta= 0.385921\n"}
,{"stream_name":"stdout","time":617.502603831,"data":"EDGE_TTA_ACTIVE views= 8 mean_abs_feat_delta= 0.385921\n"}
,{"stream_name":"stdout","time":617.983763694,"data":"EDGE_TTA_ACTIVE views= 8 mean_abs_feat_delta= 0.344875\n"}
,{"stream_name":"stdout","time":618.186452355,"data":"EDGE_TTA_ACTIVE views= 8 mean_abs_feat_delta= 0.344875\n"}
,{"stream_name":"stdout","time":618.249957453,"data":"SECONDARY_EDGE_TTA_ACTIVE views= 8 weight= 0.75 mean_abs_feat_delta= 0.243053\n"}
,{"stream_name":"stdout","time":618.452327466,"data":"SECONDARY_EDGE_TTA_ACTIVE views= 8 weight= 0.75 mean_abs_feat_delta= 0.243053\n"}
,{"stream_name":"stdout","time":618.958386125,"data":"SECONDARY_EDGE_TTA_ACTIVE views= 8 weight= 0.75 mean_abs_feat_delta= 0.249913\n"}
,{"stream_name":"stdout","time":619.161118379,"data":"SECONDARY_EDGE_TTA_ACTIVE views= 8 weight= 0.75 mean_abs_feat_delta= 0.249913\n"}
,{"stream_name":"stdout","time":619.297621595,"data":"EDGE_TTA_ACTIVE views= 8 mean_abs_feat_delta= 0.384451\n"}
,{"stream_name":"stdout","time":619.500054971,"data":"EDGE_TTA_ACTIVE views= 8 mean_abs_feat_delta= 0.384451\n"}
,{"stream_name":"stdout","time":620.245222679,"data":"SECONDARY_EDGE_TTA_ACTIVE views= 8 weight= 0.75 mean_abs_feat_delta= 0.241252\n"}
,{"stream_name":"stdout","time":620.311641765,"data":"EDGE_TTA_ACTIVE views= 8 mean_abs_feat_delta= 0.347935\n"}
,{"stream_name":"stdout","time":620.447808116,"data":"SECONDARY_EDGE_TTA_ACTIVE views= 8 weight= 0.75 mean_abs_feat_delta= 0.241252\n"}
,{"stream_name":"stdout","time":620.447842542,"data":"EDGE_TTA_ACTIVE views= 8 mean_abs_feat_delta= 0.347935\n"}
,{"stream_name":"stdout","time":621.288964177,"data":"SECONDARY_EDGE_TTA_ACTIVE views= 8 weight= 0.75 mean_abs_feat_delta= 0.256149\n"}
,{"stream_name":"stdout","time":621.337522919,"data":"EDGE_TTA_ACTIVE views= 8 mean_abs_feat_delta= 0.381553\n"}
,{"stream_name":"stdout","time":621.491623608,"data":"SECONDARY_EDGE_TTA_ACTIVE views= 8 weight= 0.75 mean_abs_feat_delta= 0.256149\n"}
,{"stream_name":"stdout","time":621.491649586,"data":"EDGE_TTA_ACTIVE views= 8 mean_abs_feat_delta= 0.381553\n"}
,{"stream_name":"stdout","time":622.290739783,"data":"SECONDARY_EDGE_TTA_ACTIVE views= 8 weight= 0.75 mean_abs_feat_delta= 0.239241\n"}
,{"stream_name":"stdout","time":622.493159856,"data":"SECONDARY_EDGE_TTA_ACTIVE views= 8 weight= 0.75 mean_abs_feat_delta= 0.239241\n"}
,{"stream_name":"stdout","time":622.664393314,"data":"EDGE_TTA_ACTIVE views= 8 mean_abs_feat_delta= 0.351241\n"}
,{"stream_name":"stdout","time":622.86708023,"data":"EDGE_TTA_ACTIVE views= 8 mean_abs_feat_delta= 0.351241\n"}
,{"stream_name":"stdout","time":623.381280186,"data":"EDGE_TTA_ACTIVE views= 8 mean_abs_feat_delta= 0.383018\n"}
,{"stream_name":"stdout","time":623.583881667,"data":"EDGE_TTA_ACTIVE views= 8 mean_abs_feat_delta= 0.383018\n"}
,{"stream_name":"stdout","time":623.648672947,"data":"SECONDARY_EDGE_TTA_ACTIVE views= 8 weight= 0.75 mean_abs_feat_delta= 0.25728\n"}
,{"stream_name":"stdout","time":623.85112034,"data":"SECONDARY_EDGE_TTA_ACTIVE views= 8 weight= 0.75 mean_abs_feat_delta= 0.25728\n"}
,{"stream_name":"stdout","time":624.340670234,"data":"SECONDARY_EDGE_TTA_ACTIVE views= 8 weight= 0.75 mean_abs_feat_delta= 0.239939\n"}
,{"stream_name":"stdout","time":624.543241502,"data":"SECONDARY_EDGE_TTA_ACTIVE views= 8 weight= 0.75 mean_abs_feat_delta= 0.239939\n"}
,{"stream_name":"stdout","time":624.974595035,"data":"EDGE_TTA_ACTIVE views= 8 mean_abs_feat_delta= 0.357029\n"}
,{"stream_name":"stdout","time":625.177525361,"data":"EDGE_TTA_ACTIVE views= 8 mean_abs_feat_delta= 0.357029\n"}
,{"stream_name":"stdout","time":625.36966257,"data":"EDGE_TTA_ACTIVE views= 8 mean_abs_feat_delta= 0.38187\n"}
,{"stream_name":"stdout","time":625.572190436,"data":"EDGE_TTA_ACTIVE views= 8 mean_abs_feat_delta= 0.38187\n"}
,{"stream_name":"stdout","time":625.961080103,"data":"SECONDARY_EDGE_TTA_ACTIVE views= 8 weight= 0.75 mean_abs_feat_delta= 0.255373\n"}
,{"stream_name":"stdout","time":626.163573165,"data":"SECONDARY_EDGE_TTA_ACTIVE views= 8 weight= 0.75 mean_abs_feat_delta= 0.255373\n"}
,{"stream_name":"stdout","time":626.33759505,"data":"SECONDARY_EDGE_TTA_ACTIVE views= 8 weight= 0.75 mean_abs_feat_delta= 0.241662\n"}
,{"stream_name":"stdout","time":626.539884234,"data":"SECONDARY_EDGE_TTA_ACTIVE views= 8 weight= 0.75 mean_abs_feat_delta= 0.241662\n"}
,{"stream_name":"stdout","time":627.329268457,"data":"EDGE_TTA_ACTIVE views= 8 mean_abs_feat_delta= 0.354488\n"}
,{"stream_name":"stdout","time":627.435239937,"data":"EDGE_TTA_ACTIVE views= 8 mean_abs_feat_delta= 0.378467\n"}
,{"stream_name":"stdout","time":627.569822408,"data":"EDGE_TTA_ACTIVE views= 8 mean_abs_feat_delta= 0.354488\n"}
,{"stream_name":"stdout","time":627.5698741,"data":"EDGE_TTA_ACTIVE views= 8 mean_abs_feat_delta= 0.378467\n"}
,{"stream_name":"stdout","time":628.321858935,"data":"SECONDARY_EDGE_TTA_ACTIVE views= 8 weight= 0.75 mean_abs_feat_delta= 0.252255\n"}
,{"stream_name":"stdout","time":628.396199661,"data":"SECONDARY_EDGE_TTA_ACTIVE views= 8 weight= 0.75 mean_abs_feat_delta= 0.242855\n"}
,{"stream_name":"stdout","time":628.527047825,"data":"SECONDARY_EDGE_TTA_ACTIVE views= 8 weight= 0.75 mean_abs_feat_delta= 0.252255\n"}
,{"stream_name":"stdout","time":628.527151588,"data":"SECONDARY_EDGE_TTA_ACTIVE views= 8 weight= 0.75 mean_abs_feat_delta= 0.242855\n"}
,{"stream_name":"stdout","time":629.468922018,"data":"EDGE_TTA_ACTIVE views= 8 mean_abs_feat_delta= 0.367751\n"}
,{"stream_name":"stdout","time":629.646695347,"data":"EDGE_TTA_ACTIVE views= 8 mean_abs_feat_delta= 0.356013\n"}
,{"stream_name":"stdout","time":629.671293112,"data":"EDGE_TTA_ACTIVE views= 8 mean_abs_feat_delta= 0.367751\n"}
,{"stream_name":"stdout","time":629.671313659,"data":"EDGE_TTA_ACTIVE views= 8 mean_abs_feat_delta= 0.356013\n"}
,{"stream_name":"stdout","time":630.441334541,"data":"SECONDARY_EDGE_TTA_ACTIVE views= 8 weight= 0.75 mean_abs_feat_delta= 0.245932\n"}
,{"stream_name":"stdout","time":630.642482824,"data":"SECONDARY_EDGE_TTA_ACTIVE views= 8 weight= 0.75 mean_abs_feat_delta= 0.257903\n"}
,{"stream_name":"stdout","time":630.64387274,"data":"SECONDARY_EDGE_TTA_ACTIVE views= 8 weight= 0.75 mean_abs_feat_delta= 0.245932\n"}
,{"stream_name":"stdout","time":630.844915822,"data":"SECONDARY_EDGE_TTA_ACTIVE views= 8 weight= 0.75 mean_abs_feat_delta= 0.257903\n"}
,{"stream_name":"stdout","time":631.474483115,"data":"EDGE_TTA_ACTIVE views= 8 mean_abs_feat_delta= 0.350971\n"}
,{"stream_name":"stdout","time":631.67675138,"data":"EDGE_TTA_ACTIVE views= 8 mean_abs_feat_delta= 0.350971\n"}
,{"stream_name":"stdout","time":632.048541838,"data":"EDGE_TTA_ACTIVE views= 8 mean_abs_feat_delta= 0.354856\n"}
,{"stream_name":"stdout","time":632.251063541,"data":"EDGE_TTA_ACTIVE views= 8 mean_abs_feat_delta= 0.354856\n"}
,{"stream_name":"stdout","time":632.446620756,"data":"SECONDARY_EDGE_TTA_ACTIVE views= 8 weight= 0.75 mean_abs_feat_delta= 0.250888\n"}
,{"stream_name":"stdout","time":632.649105751,"data":"SECONDARY_EDGE_TTA_ACTIVE views= 8 weight= 0.75 mean_abs_feat_delta= 0.250888\n"}
,{"stream_name":"stdout","time":633.038795673,"data":"SECONDARY_EDGE_TTA_ACTIVE views= 8 weight= 0.75 mean_abs_feat_delta= 0.2611\n"}
,{"stream_name":"stdout","time":633.241401899,"data":"SECONDARY_EDGE_TTA_ACTIVE views= 8 weight= 0.75 mean_abs_feat_delta= 0.2611\n"}
,{"stream_name":"stdout","time":633.492041111,"data":"EDGE_TTA_ACTIVE views= 8 mean_abs_feat_delta= 0.35742\n"}
,{"stream_name":"stdout","time":633.694468094,"data":"EDGE_TTA_ACTIVE views= 8 mean_abs_feat_delta= 0.35742\n"}
,{"stream_name":"stdout","time":634.388888632,"data":"EDGE_TTA_ACTIVE views= 8 mean_abs_feat_delta= 0.353277\n"}
,{"stream_name":"stdout","time":634.466486047,"data":"SECONDARY_EDGE_TTA_ACTIVE views= 8 weight= 0.75 mean_abs_feat_delta= 0.244108\n"}
,{"stream_name":"stdout","time":634.591308522,"data":"EDGE_TTA_ACTIVE views= 8 mean_abs_feat_delta= 0.353277\n"}
,{"stream_name":"stdout","time":634.591339985,"data":"SECONDARY_EDGE_TTA_ACTIVE views= 8 weight= 0.75 mean_abs_feat_delta= 0.244108\n"}
,{"stream_name":"stdout","time":635.390136714,"data":"SECONDARY_EDGE_TTA_ACTIVE views= 8 weight= 0.75 mean_abs_feat_delta= 0.259599\n"}
,{"stream_name":"stdout","time":635.528951848,"data":"EDGE_TTA_ACTIVE views= 8 mean_abs_feat_delta= 0.36285\n"}
,{"stream_name":"stdout","time":635.592662436,"data":"SECONDARY_EDGE_TTA_ACTIVE views= 8 weight= 0.75 mean_abs_feat_delta= 0.259599\n"}
,{"stream_name":"stdout","time":635.592703564,"data":"EDGE_TTA_ACTIVE views= 8 mean_abs_feat_delta= 0.36285\n"}
,{"stream_name":"stdout","time":636.500123649,"data":"SECONDARY_EDGE_TTA_ACTIVE views= 8 weight= 0.75 mean_abs_feat_delta= 0.248066\n"}
,{"stream_name":"stdout","time":636.702603864,"data":"SECONDARY_EDGE_TTA_ACTIVE views= 8 weight= 0.75 mean_abs_feat_delta= 0.248066\n"}
,{"stream_name":"stdout","time":636.734404654,"data":"EDGE_TTA_ACTIVE views= 8 mean_abs_feat_delta= 0.353368\n"}
,{"stream_name":"stdout","time":636.936651554,"data":"EDGE_TTA_ACTIVE views= 8 mean_abs_feat_delta= 0.353368\n"}
,{"stream_name":"stdout","time":637.573023662,"data":"EDGE_TTA_ACTIVE views= 8 mean_abs_feat_delta= 0.361826\n"}
,{"stream_name":"stdout","time":637.730199045,"data":"SECONDARY_EDGE_TTA_ACTIVE views= 8 weight= 0.75 mean_abs_feat_delta= 0.257888\n"}
,{"stream_name":"stdout","time":637.775312975,"data":"EDGE_TTA_ACTIVE views= 8 mean_abs_feat_delta= 0.361826\n"}
,{"stream_name":"stdout","time":637.775339771,"data":"SECONDARY_EDGE_TTA_ACTIVE views= 8 weight= 0.75 mean_abs_feat_delta= 0.257888\n"}
,{"stream_name":"stdout","time":638.545279685,"data":"SECONDARY_EDGE_TTA_ACTIVE views= 8 weight= 0.75 mean_abs_feat_delta= 0.248004\n"}
,{"stream_name":"stdout","time":638.747725025,"data":"SECONDARY_EDGE_TTA_ACTIVE views= 8 weight= 0.75 mean_abs_feat_delta= 0.248004\n"}
,{"stream_name":"stdout","time":639.097400074,"data":"EDGE_TTA_ACTIVE views= 8 mean_abs_feat_delta= 0.353373\n"}
,{"stream_name":"stdout","time":639.299653156,"data":"EDGE_TTA_ACTIVE views= 8 mean_abs_feat_delta= 0.353373\n"}
,{"stream_name":"stdout","time":639.61628415,"data":"EDGE_TTA_ACTIVE views= 8 mean_abs_feat_delta= 0.363143\n"}
,{"stream_name":"stdout","time":639.818398549,"data":"EDGE_TTA_ACTIVE views= 8 mean_abs_feat_delta= 0.363143\n"}
,{"stream_name":"stdout","time":640.088817777,"data":"SECONDARY_EDGE_TTA_ACTIVE views= 8 weight= 0.75 mean_abs_feat_delta= 0.255202\n"}
,{"stream_name":"stdout","time":640.291271693,"data":"SECONDARY_EDGE_TTA_ACTIVE views= 8 weight= 0.75 mean_abs_feat_delta= 0.255202\n"}
,{"stream_name":"stdout","time":640.585915609,"data":"SECONDARY_EDGE_TTA_ACTIVE views= 8 weight= 0.75 mean_abs_feat_delta= 0.247391\n"}
,{"stream_name":"stdout","time":640.788275294,"data":"SECONDARY_EDGE_TTA_ACTIVE views= 8 weight= 0.75 mean_abs_feat_delta= 0.247391\n"}
,{"stream_name":"stdout","time":641.42933709,"data":"EDGE_TTA_ACTIVE views= 8 mean_abs_feat_delta= 0.35314\n"}
,{"stream_name":"stdout","time":641.631575467,"data":"EDGE_TTA_ACTIVE views= 8 mean_abs_feat_delta= 0.35314\n"}
,{"stream_name":"stdout","time":641.675680385,"data":"EDGE_TTA_ACTIVE views= 8 mean_abs_feat_delta= 0.354677\n"}
,{"stream_name":"stdout","time":641.877964666,"data":"EDGE_TTA_ACTIVE views= 8 mean_abs_feat_delta= 0.354677\n"}
,{"stream_name":"stdout","time":642.418478787,"data":"SECONDARY_EDGE_TTA_ACTIVE views= 8 weight= 0.75 mean_abs_feat_delta= 0.257945\n"}
,{"stream_name":"stdout","time":642.620874478,"data":"SECONDARY_EDGE_TTA_ACTIVE views= 8 weight= 0.75 mean_abs_feat_delta= 0.257945\n"}
,{"stream_name":"stdout","time":642.634900429,"data":"SECONDARY_EDGE_TTA_ACTIVE views= 8 weight= 0.75 mean_abs_feat_delta= 0.257124\n"}
,{"stream_name":"stdout","time":642.839536669,"data":"SECONDARY_EDGE_TTA_ACTIVE views= 8 weight= 0.75 mean_abs_feat_delta= 0.257124\n"}
,{"stream_name":"stdout","time":643.767460474,"data":"EDGE_TTA_ACTIVE views= 8 mean_abs_feat_delta= 0.371364\n"}
,{"stream_name":"stdout","time":643.777414408,"data":"EDGE_TTA_ACTIVE views= 8 mean_abs_feat_delta= 0.349138\n"}
,{"stream_name":"stdout","time":643.969837502,"data":"EDGE_TTA_ACTIVE views= 8 mean_abs_feat_delta= 0.371364\n"}
,{"stream_name":"stdout","time":643.969907252,"data":"EDGE_TTA_ACTIVE views= 8 mean_abs_feat_delta= 0.349138\n"}
,{"stream_name":"stdout","time":644.72234574,"data":"SECONDARY_EDGE_TTA_ACTIVE views= 8 weight= 0.75 mean_abs_feat_delta= 0.248867\n"}
,{"stream_name":"stdout","time":644.760254658,"data":"SECONDARY_EDGE_TTA_ACTIVE views= 8 weight= 0.75 mean_abs_feat_delta= 0.250028\n"}
,{"stream_name":"stdout","time":644.924911432,"data":"SECONDARY_EDGE_TTA_ACTIVE views= 8 weight= 0.75 mean_abs_feat_delta= 0.248867\n"}
,{"stream_name":"stdout","time":644.924941394,"data":"SECONDARY_EDGE_TTA_ACTIVE views= 8 weight= 0.75 mean_abs_feat_delta= 0.250028\n"}
,{"stream_name":"stdout","time":645.77871444,"data":"EDGE_TTA_ACTIVE views= 8 mean_abs_feat_delta= 0.368007\n"}
,{"stream_name":"stdout","time":645.98133242,"data":"EDGE_TTA_ACTIVE views= 8 mean_abs_feat_delta= 0.368007\n"}
,{"stream_name":"stdout","time":646.107118353,"data":"EDGE_TTA_ACTIVE views= 8 mean_abs_feat_delta= 0.350069\n"}
,{"stream_name":"stdout","time":646.309518159,"data":"EDGE_TTA_ACTIVE views= 8 mean_abs_feat_delta= 0.350069\n"}
,{"stream_name":"stdout","time":646.731951632,"data":"SECONDARY_EDGE_TTA_ACTIVE views= 8 weight= 0.75 mean_abs_feat_delta= 0.260659\n"}
,{"stream_name":"stdout","time":646.934569739,"data":"SECONDARY_EDGE_TTA_ACTIVE views= 8 weight= 0.75 mean_abs_feat_delta= 0.260659\n"}
,{"stream_name":"stdout","time":647.081464589,"data":"SECONDARY_EDGE_TTA_ACTIVE views= 8 weight= 0.75 mean_abs_feat_delta= 0.25454\n"}
,{"stream_name":"stdout","time":647.283997895,"data":"SECONDARY_EDGE_TTA_ACTIVE views= 8 weight= 0.75 mean_abs_feat_delta= 0.25454\n"}
,{"stream_name":"stdout","time":647.789856899,"data":"EDGE_TTA_ACTIVE views= 8 mean_abs_feat_delta= 0.371729\n"}
,{"stream_name":"stdout","time":647.991992579,"data":"EDGE_TTA_ACTIVE views= 8 mean_abs_feat_delta= 0.371729\n"}
,{"stream_name":"stdout","time":648.417225334,"data":"EDGE_TTA_ACTIVE views= 8 mean_abs_feat_delta= 0.351214\n"}
,{"stream_name":"stdout","time":648.619794683,"data":"EDGE_TTA_ACTIVE views= 8 mean_abs_feat_delta= 0.351214\n"}
,{"stream_name":"stdout","time":648.740785935,"data":"SECONDARY_EDGE_TTA_ACTIVE views= 8 weight= 0.75 mean_abs_feat_delta= 0.247331\n"}
,{"stream_name":"stdout","time":648.943051353,"data":"SECONDARY_EDGE_TTA_ACTIVE views= 8 weight= 0.75 mean_abs_feat_delta= 0.247331\n"}
,{"stream_name":"stdout","time":649.393291507,"data":"SECONDARY_EDGE_TTA_ACTIVE views= 8 weight= 0.75 mean_abs_feat_delta= 0.263838\n"}
,{"stream_name":"stdout","time":649.595759951,"data":"SECONDARY_EDGE_TTA_ACTIVE views= 8 weight= 0.75 mean_abs_feat_delta= 0.263838\n"}
,{"stream_name":"stdout","time":649.795717125,"data":"EDGE_TTA_ACTIVE views= 8 mean_abs_feat_delta= 0.365265\n"}
,{"stream_name":"stdout","time":649.998165648,"data":"EDGE_TTA_ACTIVE views= 8 mean_abs_feat_delta= 0.365265\n"}
,{"stream_name":"stdout","time":650.667380875,"data":"EDGE_TTA_ACTIVE views= 8 mean_abs_feat_delta= 0.35271\n"}
,{"stream_name":"stdout","time":650.745641039,"data":"SECONDARY_EDGE_TTA_ACTIVE views= 8 weight= 0.75 mean_abs_feat_delta= 0.248586\n"}
,{"stream_name":"stdout","time":650.869551875,"data":"EDGE_TTA_ACTIVE views= 8 mean_abs_feat_delta= 0.35271\n"}
,{"stream_name":"stdout","time":650.869584089,"data":"SECONDARY_EDGE_TTA_ACTIVE views= 8 weight= 0.75 mean_abs_feat_delta= 0.248586\n"}
,{"stream_name":"stdout","time":651.643247633,"data":"SECONDARY_EDGE_TTA_ACTIVE views= 8 weight= 0.75 mean_abs_feat_delta= 0.271717\n"}
,{"stream_name":"stdout","time":651.776045837,"data":"EDGE_TTA_ACTIVE views= 8 mean_abs_feat_delta= 0.351341\n"}
,{"stream_name":"stdout","time":651.845686358,"data":"SECONDARY_EDGE_TTA_ACTIVE views= 8 weight= 0.75 mean_abs_feat_delta= 0.271717\n"}
,{"stream_name":"stdout","time":651.84574883,"data":"EDGE_TTA_ACTIVE views= 8 mean_abs_feat_delta= 0.351341\n"}
,{"stream_name":"stdout","time":652.724511246,"data":"SECONDARY_EDGE_TTA_ACTIVE views= 8 weight= 0.75 mean_abs_feat_delta= 0.255524\n"}
,{"stream_name":"stdout","time":652.927135713,"data":"SECONDARY_EDGE_TTA_ACTIVE views= 8 weight= 0.75 mean_abs_feat_delta= 0.255524\n"}
,{"stream_name":"stdout","time":652.93665612,"data":"EDGE_TTA_ACTIVE views= 8 mean_abs_feat_delta= 0.353951\n"}
,{"stream_name":"stdout","time":653.139032364,"data":"EDGE_TTA_ACTIVE views= 8 mean_abs_feat_delta= 0.353951\n"}
,{"stream_name":"stdout","time":653.741396883,"data":"EDGE_TTA_ACTIVE views= 8 mean_abs_feat_delta= 0.363028\n"}
,{"stream_name":"stdout","time":653.911842392,"data":"SECONDARY_EDGE_TTA_ACTIVE views= 8 weight= 0.75 mean_abs_feat_delta= 0.268818\n"}
,{"stream_name":"stdout","time":653.943972995,"data":"EDGE_TTA_ACTIVE views= 8 mean_abs_feat_delta= 0.363028\n"}
,{"stream_name":"stdout","time":653.94399544,"data":"SECONDARY_EDGE_TTA_ACTIVE views= 8 weight= 0.75 mean_abs_feat_delta= 0.268818\n"}
,{"stream_name":"stdout","time":654.689562783,"data":"SECONDARY_EDGE_TTA_ACTIVE views= 8 weight= 0.75 mean_abs_feat_delta= 0.247667\n"}
,{"stream_name":"stdout","time":654.891796468,"data":"SECONDARY_EDGE_TTA_ACTIVE views= 8 weight= 0.75 mean_abs_feat_delta= 0.247667\n"}
,{"stream_name":"stdout","time":655.202991433,"data":"EDGE_TTA_ACTIVE views= 8 mean_abs_feat_delta= 0.3542\n"}
,{"stream_name":"stdout","time":655.405501976,"data":"EDGE_TTA_ACTIVE views= 8 mean_abs_feat_delta= 0.3542\n"}
,{"stream_name":"stdout","time":655.715020193,"data":"EDGE_TTA_ACTIVE views= 8 mean_abs_feat_delta= 0.360198\n"}
,{"stream_name":"stdout","time":655.917363962,"data":"EDGE_TTA_ACTIVE views= 8 mean_abs_feat_delta= 0.360198\n"}
,{"stream_name":"stdout","time":656.184442125,"data":"SECONDARY_EDGE_TTA_ACTIVE views= 8 weight= 0.75 mean_abs_feat_delta= 0.260642\n"}
,{"stream_name":"stdout","time":656.386747271,"data":"SECONDARY_EDGE_TTA_ACTIVE views= 8 weight= 0.75 mean_abs_feat_delta= 0.260642\n"}
,{"stream_name":"stdout","time":656.663801803,"data":"SECONDARY_EDGE_TTA_ACTIVE views= 8 weight= 0.75 mean_abs_feat_delta= 0.24742\n"}
,{"stream_name":"stdout","time":656.866212615,"data":"SECONDARY_EDGE_TTA_ACTIVE views= 8 weight= 0.75 mean_abs_feat_delta= 0.24742\n"}
,{"stream_name":"stdout","time":657.482627734,"data":"EDGE_TTA_ACTIVE views= 8 mean_abs_feat_delta= 0.362945\n"}
,{"stream_name":"stdout","time":657.727070445,"data":"EDGE_TTA_ACTIVE views= 8 mean_abs_feat_delta= 0.362945\n"}
,{"stream_name":"stdout","time":657.741579139,"data":"EDGE_TTA_ACTIVE views= 8 mean_abs_feat_delta= 0.362864\n"}
,{"stream_name":"stdout","time":657.944137354,"data":"EDGE_TTA_ACTIVE views= 8 mean_abs_feat_delta= 0.362864\n"}
,{"stream_name":"stdout","time":658.453733479,"data":"SECONDARY_EDGE_TTA_ACTIVE views= 8 weight= 0.75 mean_abs_feat_delta= 0.258815\n"}
,{"stream_name":"stdout","time":658.656263344,"data":"SECONDARY_EDGE_TTA_ACTIVE views= 8 weight= 0.75 mean_abs_feat_delta= 0.258815\n"}
,{"stream_name":"stdout","time":658.690425803,"data":"SECONDARY_EDGE_TTA_ACTIVE views= 8 weight= 0.75 mean_abs_feat_delta= 0.24616\n"}
,{"stream_name":"stdout","time":658.892817631,"data":"SECONDARY_EDGE_TTA_ACTIVE views= 8 weight= 0.75 mean_abs_feat_delta= 0.24616\n"}
,{"stream_name":"stdout","time":659.733772886,"data":"EDGE_TTA_ACTIVE views= 8 mean_abs_feat_delta= 0.348791\n"}
,{"stream_name":"stdout","time":659.774876171,"data":"EDGE_TTA_ACTIVE views= 8 mean_abs_feat_delta= 0.362719\n"}
,{"stream_name":"stdout","time":659.936018161,"data":"EDGE_TTA_ACTIVE views= 8 mean_abs_feat_delta= 0.348791\n"}
,{"stream_name":"stdout","time":659.936076409,"data":"EDGE_TTA_ACTIVE views= 8 mean_abs_feat_delta= 0.362719\n"}
,{"stream_name":"stdout","time":660.677239488,"data":"SECONDARY_EDGE_TTA_ACTIVE views= 8 weight= 0.75 mean_abs_feat_delta= 0.254486\n"}
,{"stream_name":"stdout","time":660.743773004,"data":"SECONDARY_EDGE_TTA_ACTIVE views= 8 weight= 0.75 mean_abs_feat_delta= 0.260967\n"}
,{"stream_name":"stdout","time":660.879666041,"data":"SECONDARY_EDGE_TTA_ACTIVE views= 8 weight= 0.75 mean_abs_feat_delta= 0.254486\n"}
,{"stream_name":"stdout","time":660.879690462,"data":"SECONDARY_EDGE_TTA_ACTIVE views= 8 weight= 0.75 mean_abs_feat_delta= 0.260967\n"}
,{"stream_name":"stdout","time":661.755642361,"data":"EDGE_TTA_ACTIVE views= 8 mean_abs_feat_delta= 0.363156\n"}
,{"stream_name":"stdout","time":661.958431364,"data":"EDGE_TTA_ACTIVE views= 8 mean_abs_feat_delta= 0.363156\n"}
,{"stream_name":"stdout","time":662.019674595,"data":"EDGE_TTA_ACTIVE views= 8 mean_abs_feat_delta= 0.36164\n"}
,{"stream_name":"stdout","time":662.2217127,"data":"EDGE_TTA_ACTIVE views= 8 mean_abs_feat_delta= 0.36164\n"}
,{"stream_name":"stdout","time":662.696495174,"data":"SECONDARY_EDGE_TTA_ACTIVE views= 8 weight= 0.75 mean_abs_feat_delta= 0.244753\n"}
,{"stream_name":"stdout","time":662.898686401,"data":"SECONDARY_EDGE_TTA_ACTIVE views= 8 weight= 0.75 mean_abs_feat_delta= 0.244753\n"}
,{"stream_name":"stdout","time":662.992681946,"data":"SECONDARY_EDGE_TTA_ACTIVE views= 8 weight= 0.75 mean_abs_feat_delta= 0.259311\n"}
,{"stream_name":"stdout","time":663.194828835,"data":"SECONDARY_EDGE_TTA_ACTIVE views= 8 weight= 0.75 mean_abs_feat_delta= 0.259311\n"}
,{"stream_name":"stdout","time":663.772282272,"data":"EDGE_TTA_ACTIVE views= 8 mean_abs_feat_delta= 0.367284\n"}
,{"stream_name":"stdout","time":663.97474786,"data":"EDGE_TTA_ACTIVE views= 8 mean_abs_feat_delta= 0.367284\n"}
,{"stream_name":"stdout","time":664.30562968,"data":"EDGE_TTA_ACTIVE views= 8 mean_abs_feat_delta= 0.370642\n"}
,{"stream_name":"stdout","time":664.508103673,"data":"EDGE_TTA_ACTIVE views= 8 mean_abs_feat_delta= 0.370642\n"}
,{"stream_name":"stdout","time":664.712177311,"data":"SECONDARY_EDGE_TTA_ACTIVE views= 8 weight= 0.75 mean_abs_feat_delta= 0.25092\n"}
,{"stream_name":"stdout","time":664.91450078,"data":"SECONDARY_EDGE_TTA_ACTIVE views= 8 weight= 0.75 mean_abs_feat_delta= 0.25092\n"}
,{"stream_name":"stdout","time":665.280169635,"data":"SECONDARY_EDGE_TTA_ACTIVE views= 8 weight= 0.75 mean_abs_feat_delta= 0.257323\n"}
,{"stream_name":"stdout","time":665.482683768,"data":"SECONDARY_EDGE_TTA_ACTIVE views= 8 weight= 0.75 mean_abs_feat_delta= 0.257323\n"}
,{"stream_name":"stdout","time":665.722419743,"data":"EDGE_TTA_ACTIVE views= 8 mean_abs_feat_delta= 0.367607\n"}
,{"stream_name":"stdout","time":665.924875172,"data":"EDGE_TTA_ACTIVE views= 8 mean_abs_feat_delta= 0.367607\n"}
,{"stream_name":"stdout","time":666.595795589,"data":"EDGE_TTA_ACTIVE views= 8 mean_abs_feat_delta= 0.371155\n"}
,{"stream_name":"stdout","time":666.660695305,"data":"SECONDARY_EDGE_TTA_ACTIVE views= 8 weight= 0.75 mean_abs_feat_delta= 0.248089\n"}
,{"stream_name":"stdout","time":666.798112423,"data":"EDGE_TTA_ACTIVE views= 8 mean_abs_feat_delta= 0.371155\n"}
,{"stream_name":"stdout","time":666.798144558,"data":"SECONDARY_EDGE_TTA_ACTIVE views= 8 weight= 0.75 mean_abs_feat_delta= 0.248089\n"}
,{"stream_name":"stdout","time":667.570422017,"data":"SECONDARY_EDGE_TTA_ACTIVE views= 8 weight= 0.75 mean_abs_feat_delta= 0.262324\n"}
,{"stream_name":"stdout","time":667.707271989,"data":"EDGE_TTA_ACTIVE views= 8 mean_abs_feat_delta= 0.366283\n"}
,{"stream_name":"stdout","time":667.772921637,"data":"SECONDARY_EDGE_TTA_ACTIVE views= 8 weight= 0.75 mean_abs_feat_delta= 0.262324\n"}
,{"stream_name":"stdout","time":667.772970857,"data":"EDGE_TTA_ACTIVE views= 8 mean_abs_feat_delta= 0.366283\n"}
,{"stream_name":"stdout","time":668.646714349,"data":"SECONDARY_EDGE_TTA_ACTIVE views= 8 weight= 0.75 mean_abs_feat_delta= 0.245132\n"}
,{"stream_name":"stdout","time":668.849233315,"data":"SECONDARY_EDGE_TTA_ACTIVE views= 8 weight= 0.75 mean_abs_feat_delta= 0.245132\n"}
,{"stream_name":"stdout","time":668.870111085,"data":"EDGE_TTA_ACTIVE views= 8 mean_abs_feat_delta= 0.369109\n"}
,{"stream_name":"stdout","time":669.072483483,"data":"EDGE_TTA_ACTIVE views= 8 mean_abs_feat_delta= 0.369109\n"}
,{"stream_name":"stdout","time":669.689587341,"data":"EDGE_TTA_ACTIVE views= 8 mean_abs_feat_delta= 0.365327\n"}
,{"stream_name":"stdout","time":669.837289973,"data":"SECONDARY_EDGE_TTA_ACTIVE views= 8 weight= 0.75 mean_abs_feat_delta= 0.266094\n"}
,{"stream_name":"stdout","time":669.892108336,"data":"EDGE_TTA_ACTIVE views= 8 mean_abs_feat_delta= 0.365327\n"}
,{"stream_name":"stdout","time":669.892136451,"data":"SECONDARY_EDGE_TTA_ACTIVE views= 8 weight= 0.75 mean_abs_feat_delta= 0.266094\n"}
,{"stream_name":"stdout","time":670.631047108,"data":"SECONDARY_EDGE_TTA_ACTIVE views= 8 weight= 0.75 mean_abs_feat_delta= 0.241478\n"}
,{"stream_name":"stdout","time":670.833150304,"data":"SECONDARY_EDGE_TTA_ACTIVE views= 8 weight= 0.75 mean_abs_feat_delta= 0.241478\n"}
,{"stream_name":"stdout","time":671.158234049,"data":"EDGE_TTA_ACTIVE views= 8 mean_abs_feat_delta= 0.36958\n"}
,{"stream_name":"stdout","time":671.3610012,"data":"EDGE_TTA_ACTIVE views= 8 mean_abs_feat_delta= 0.36958\n"}
,{"stream_name":"stdout","time":671.643784728,"data":"EDGE_TTA_ACTIVE views= 8 mean_abs_feat_delta= 0.367734\n"}
,{"stream_name":"stdout","time":671.846149534,"data":"EDGE_TTA_ACTIVE views= 8 mean_abs_feat_delta= 0.367734\n"}
,{"stream_name":"stdout","time":672.125919036,"data":"SECONDARY_EDGE_TTA_ACTIVE views= 8 weight= 0.75 mean_abs_feat_delta= 0.265249\n"}
,{"stream_name":"stdout","time":672.328794281,"data":"SECONDARY_EDGE_TTA_ACTIVE views= 8 weight= 0.75 mean_abs_feat_delta= 0.265249\n"}
,{"stream_name":"stdout","time":672.581577901,"data":"SECONDARY_EDGE_TTA_ACTIVE views= 8 weight= 0.75 mean_abs_feat_delta= 0.244046\n"}
,{"stream_name":"stdout","time":672.784008272,"data":"SECONDARY_EDGE_TTA_ACTIVE views= 8 weight= 0.75 mean_abs_feat_delta= 0.244046\n"}
,{"stream_name":"stdout","time":673.443969987,"data":"EDGE_TTA_ACTIVE views= 8 mean_abs_feat_delta= 0.369458\n"}
,{"stream_name":"stdout","time":673.628788202,"data":"EDGE_TTA_ACTIVE views= 8 mean_abs_feat_delta= 0.366814\n"}
,{"stream_name":"stdout","time":673.64687422,"data":"EDGE_TTA_ACTIVE views= 8 mean_abs_feat_delta= 0.369458\n"}
,{"stream_name":"stdout","time":673.64690687,"data":"EDGE_TTA_ACTIVE views= 8 mean_abs_feat_delta= 0.366814\n"}
,{"stream_name":"stdout","time":674.415446904,"data":"SECONDARY_EDGE_TTA_ACTIVE views= 8 weight= 0.75 mean_abs_feat_delta= 0.264647\n"}
,{"stream_name":"stdout","time":674.568631915,"data":"SECONDARY_EDGE_TTA_ACTIVE views= 8 weight= 0.75 mean_abs_feat_delta= 0.240693\n"}
,{"stream_name":"stdout","time":674.617885391,"data":"SECONDARY_EDGE_TTA_ACTIVE views= 8 weight= 0.75 mean_abs_feat_delta= 0.264647\n"}
,{"stream_name":"stdout","time":674.617910419,"data":"SECONDARY_EDGE_TTA_ACTIVE views= 8 weight= 0.75 mean_abs_feat_delta= 0.240693\n"}
,{"stream_name":"stdout","time":675.611975345,"data":"EDGE_TTA_ACTIVE views= 8 mean_abs_feat_delta= 0.372294\n"}
,{"stream_name":"stdout","time":675.814212393,"data":"EDGE_TTA_ACTIVE views= 8 mean_abs_feat_delta= 0.372294\n"}
,{"stream_name":"stdout","time":675.82938399,"data":"EDGE_TTA_ACTIVE views= 8 mean_abs_feat_delta= 0.371475\n"}
,{"stream_name":"stdout","time":676.031807305,"data":"EDGE_TTA_ACTIVE views= 8 mean_abs_feat_delta= 0.371475\n"}
,{"stream_name":"stdout","time":676.55215731,"data":"SECONDARY_EDGE_TTA_ACTIVE views= 8 weight= 0.75 mean_abs_feat_delta= 0.243215\n"}
,{"stream_name":"stdout","time":676.754606127,"data":"SECONDARY_EDGE_TTA_ACTIVE views= 8 weight= 0.75 mean_abs_feat_delta= 0.243215\n"}
,{"stream_name":"stdout","time":676.802495202,"data":"SECONDARY_EDGE_TTA_ACTIVE views= 8 weight= 0.75 mean_abs_feat_delta= 0.270051\n"}
,{"stream_name":"stdout","time":677.004790566,"data":"SECONDARY_EDGE_TTA_ACTIVE views= 8 weight= 0.75 mean_abs_feat_delta= 0.270051\n"}
,{"stream_name":"stdout","time":677.592126062,"data":"EDGE_TTA_ACTIVE views= 8 mean_abs_feat_delta= 0.37531\n"}
,{"stream_name":"stdout","time":677.794513802,"data":"EDGE_TTA_ACTIVE views= 8 mean_abs_feat_delta= 0.37531\n"}
,{"stream_name":"stdout","time":678.067324406,"data":"EDGE_TTA_ACTIVE views= 8 mean_abs_feat_delta= 0.360709\n"}
,{"stream_name":"stdout","time":678.270055729,"data":"EDGE_TTA_ACTIVE views= 8 mean_abs_feat_delta= 0.360709\n"}
,{"stream_name":"stdout","time":678.532962714,"data":"SECONDARY_EDGE_TTA_ACTIVE views= 8 weight= 0.75 mean_abs_feat_delta= 0.246818\n"}
,{"stream_name":"stdout","time":678.735489792,"data":"SECONDARY_EDGE_TTA_ACTIVE views= 8 weight= 0.75 mean_abs_feat_delta= 0.246818\n"}
,{"stream_name":"stdout","time":679.033176668,"data":"SECONDARY_EDGE_TTA_ACTIVE views= 8 weight= 0.75 mean_abs_feat_delta= 0.259548\n"}
,{"stream_name":"stdout","time":679.235686855,"data":"SECONDARY_EDGE_TTA_ACTIVE views= 8 weight= 0.75 mean_abs_feat_delta= 0.259548\n"}
,{"stream_name":"stdout","time":679.60999782,"data":"EDGE_TTA_ACTIVE views= 8 mean_abs_feat_delta= 0.358513\n"}
,{"stream_name":"stdout","time":679.812499613,"data":"EDGE_TTA_ACTIVE views= 8 mean_abs_feat_delta= 0.358513\n"}
,{"stream_name":"stdout","time":680.293043583,"data":"EDGE_TTA_ACTIVE views= 8 mean_abs_feat_delta= 0.362627\n"}
,{"stream_name":"stdout","time":680.495634924,"data":"EDGE_TTA_ACTIVE views= 8 mean_abs_feat_delta= 0.362627\n"}
,{"stream_name":"stdout","time":680.555713122,"data":"SECONDARY_EDGE_TTA_ACTIVE views= 8 weight= 0.75 mean_abs_feat_delta= 0.25501\n"}
,{"stream_name":"stdout","time":680.758002275,"data":"SECONDARY_EDGE_TTA_ACTIVE views= 8 weight= 0.75 mean_abs_feat_delta= 0.25501\n"}
,{"stream_name":"stdout","time":681.261554417,"data":"SECONDARY_EDGE_TTA_ACTIVE views= 8 weight= 0.75 mean_abs_feat_delta= 0.267467\n"}
,{"stream_name":"stdout","time":681.464131246,"data":"SECONDARY_EDGE_TTA_ACTIVE views= 8 weight= 0.75 mean_abs_feat_delta= 0.267467\n"}
,{"stream_name":"stdout","time":681.580621224,"data":"EDGE_TTA_ACTIVE views= 8 mean_abs_feat_delta= 0.370463\n"}
,{"stream_name":"stdout","time":681.783069873,"data":"EDGE_TTA_ACTIVE views= 8 mean_abs_feat_delta= 0.370463\n"}
,{"stream_name":"stdout","time":682.523433096,"data":"SECONDARY_EDGE_TTA_ACTIVE views= 8 weight= 0.75 mean_abs_feat_delta= 0.243905\n"}
,{"stream_name":"stdout","time":682.575128127,"data":"EDGE_TTA_ACTIVE views= 8 mean_abs_feat_delta= 0.365289\n"}
,{"stream_name":"stdout","time":682.72582831,"data":"SECONDARY_EDGE_TTA_ACTIVE views= 8 weight= 0.75 mean_abs_feat_delta= 0.243905\n"}
,{"stream_name":"stdout","time":682.725858432,"data":"EDGE_TTA_ACTIVE views= 8 mean_abs_feat_delta= 0.365289\n"}
,{"stream_name":"stdout","time":683.547286648,"data":"SECONDARY_EDGE_TTA_ACTIVE views= 8 weight= 0.75 mean_abs_feat_delta= 0.266206\n"}
,{"stream_name":"stdout","time":683.572098255,"data":"EDGE_TTA_ACTIVE views= 8 mean_abs_feat_delta= 0.368154\n"}
,{"stream_name":"stdout","time":683.749913163,"data":"SECONDARY_EDGE_TTA_ACTIVE views= 8 weight= 0.75 mean_abs_feat_delta= 0.266206\n"}
,{"stream_name":"stdout","time":683.749975527,"data":"EDGE_TTA_ACTIVE views= 8 mean_abs_feat_delta= 0.368154\n"}
,{"stream_name":"stdout","time":684.517732664,"data":"SECONDARY_EDGE_TTA_ACTIVE views= 8 weight= 0.75 mean_abs_feat_delta= 0.246471\n"}
,{"stream_name":"stdout","time":684.720185184,"data":"SECONDARY_EDGE_TTA_ACTIVE views= 8 weight= 0.75 mean_abs_feat_delta= 0.246471\n"}
,{"stream_name":"stdout","time":684.841780086,"data":"EDGE_TTA_ACTIVE views= 8 mean_abs_feat_delta= 0.362116\n"}
,{"stream_name":"stdout","time":685.044424359,"data":"EDGE_TTA_ACTIVE views= 8 mean_abs_feat_delta= 0.362116\n"}
,{"stream_name":"stdout","time":685.571068787,"data":"EDGE_TTA_ACTIVE views= 8 mean_abs_feat_delta= 0.364891\n"}
,{"stream_name":"stdout","time":685.773410842,"data":"EDGE_TTA_ACTIVE views= 8 mean_abs_feat_delta= 0.364891\n"}
,{"stream_name":"stdout","time":685.814826454,"data":"SECONDARY_EDGE_TTA_ACTIVE views= 8 weight= 0.75 mean_abs_feat_delta= 0.267972\n"}
,{"stream_name":"stdout","time":686.01728611,"data":"SECONDARY_EDGE_TTA_ACTIVE views= 8 weight= 0.75 mean_abs_feat_delta= 0.267972\n"}
,{"stream_name":"stdout","time":686.518357906,"data":"SECONDARY_EDGE_TTA_ACTIVE views= 8 weight= 0.75 mean_abs_feat_delta= 0.244324\n"}
,{"stream_name":"stdout","time":686.721052788,"data":"SECONDARY_EDGE_TTA_ACTIVE views= 8 weight= 0.75 mean_abs_feat_delta= 0.244324\n"}
,{"stream_name":"stdout","time":687.089546749,"data":"EDGE_TTA_ACTIVE views= 8 mean_abs_feat_delta= 0.360689\n"}
,{"stream_name":"stdout","time":687.292061128,"data":"EDGE_TTA_ACTIVE views= 8 mean_abs_feat_delta= 0.360689\n"}
,{"stream_name":"stdout","time":687.588477083,"data":"EDGE_TTA_ACTIVE views= 8 mean_abs_feat_delta= 0.366895\n"}
,{"stream_name":"stdout","time":687.840250942,"data":"EDGE_TTA_ACTIVE views= 8 mean_abs_feat_delta= 0.366895\n"}
,{"stream_name":"stdout","time":688.062989212,"data":"SECONDARY_EDGE_TTA_ACTIVE views= 8 weight= 0.75 mean_abs_feat_delta= 0.269085\n"}
,{"stream_name":"stdout","time":688.26545755,"data":"SECONDARY_EDGE_TTA_ACTIVE views= 8 weight= 0.75 mean_abs_feat_delta= 0.269085\n"}
,{"stream_name":"stdout","time":688.538244487,"data":"SECONDARY_EDGE_TTA_ACTIVE views= 8 weight= 0.75 mean_abs_feat_delta= 0.243531\n"}
,{"stream_name":"stdout","time":688.7405584,"data":"SECONDARY_EDGE_TTA_ACTIVE views= 8 weight= 0.75 mean_abs_feat_delta= 0.243531\n"}
,{"stream_name":"stdout","time":689.376906899,"data":"EDGE_TTA_ACTIVE views= 8 mean_abs_feat_delta= 0.357351\n"}
,{"stream_name":"stdout","time":689.556653249,"data":"EDGE_TTA_ACTIVE views= 8 mean_abs_feat_delta= 0.363215\n"}
,{"stream_name":"stdout","time":689.579194052,"data":"EDGE_TTA_ACTIVE views= 8 mean_abs_feat_delta= 0.357351\n"}
,{"stream_name":"stdout","time":689.579215162,"data":"EDGE_TTA_ACTIVE views= 8 mean_abs_feat_delta= 0.363215\n"}
,{"stream_name":"stdout","time":690.349666402,"data":"SECONDARY_EDGE_TTA_ACTIVE views= 8 weight= 0.75 mean_abs_feat_delta= 0.267685\n"}
,{"stream_name":"stdout","time":690.507654316,"data":"SECONDARY_EDGE_TTA_ACTIVE views= 8 weight= 0.75 mean_abs_feat_delta= 0.240456\n"}
,{"stream_name":"stdout","time":690.552191734,"data":"SECONDARY_EDGE_TTA_ACTIVE views= 8 weight= 0.75 mean_abs_feat_delta= 0.267685\n"}
,{"stream_name":"stdout","time":690.552212367,"data":"SECONDARY_EDGE_TTA_ACTIVE views= 8 weight= 0.75 mean_abs_feat_delta= 0.240456\n"}
,{"stream_name":"stdout","time":691.529717703,"data":"EDGE_TTA_ACTIVE views= 8 mean_abs_feat_delta= 0.361736\n"}
,{"stream_name":"stdout","time":691.623421274,"data":"EDGE_TTA_ACTIVE views= 8 mean_abs_feat_delta= 0.355506\n"}
,{"stream_name":"stdout","time":691.732053664,"data":"EDGE_TTA_ACTIVE views= 8 mean_abs_feat_delta= 0.361736\n"}
,{"stream_name":"stdout","time":691.732097457,"data":"EDGE_TTA_ACTIVE views= 8 mean_abs_feat_delta= 0.355506\n"}
,{"stream_name":"stdout","time":692.479079609,"data":"SECONDARY_EDGE_TTA_ACTIVE views= 8 weight= 0.75 mean_abs_feat_delta= 0.24017\n"}
,{"stream_name":"stdout","time":692.597760095,"data":"SECONDARY_EDGE_TTA_ACTIVE views= 8 weight= 0.75 mean_abs_feat_delta= 0.273554\n"}
,{"stream_name":"stdout","time":692.681866304,"data":"SECONDARY_EDGE_TTA_ACTIVE views= 8 weight= 0.75 mean_abs_feat_delta= 0.24017\n"}
,{"stream_name":"stdout","time":692.681897823,"data":"SECONDARY_EDGE_TTA_ACTIVE views= 8 weight= 0.75 mean_abs_feat_delta= 0.273554\n"}
,{"stream_name":"stdout","time":693.588799927,"data":"EDGE_TTA_ACTIVE views= 8 mean_abs_feat_delta= 0.363909\n"}
,{"stream_name":"stdout","time":693.79119385,"data":"EDGE_TTA_ACTIVE views= 8 mean_abs_feat_delta= 0.363909\n"}
,{"stream_name":"stdout","time":693.849154022,"data":"EDGE_TTA_ACTIVE views= 8 mean_abs_feat_delta= 0.35617\n"}
,{"stream_name":"stdout","time":694.051594524,"data":"EDGE_TTA_ACTIVE views= 8 mean_abs_feat_delta= 0.35617\n"}
,{"stream_name":"stdout","time":694.537556968,"data":"SECONDARY_EDGE_TTA_ACTIVE views= 8 weight= 0.75 mean_abs_feat_delta= 0.240097\n"}
,{"stream_name":"stdout","time":694.740076705,"data":"SECONDARY_EDGE_TTA_ACTIVE views= 8 weight= 0.75 mean_abs_feat_delta= 0.240097\n"}
,{"stream_name":"stdout","time":694.826891608,"data":"SECONDARY_EDGE_TTA_ACTIVE views= 8 weight= 0.75 mean_abs_feat_delta= 0.269452\n"}
,{"stream_name":"stdout","time":695.029143794,"data":"SECONDARY_EDGE_TTA_ACTIVE views= 8 weight= 0.75 mean_abs_feat_delta= 0.269452\n"}
,{"stream_name":"stdout","time":695.556148634,"data":"EDGE_TTA_ACTIVE views= 8 mean_abs_feat_delta= 0.357881\n"}
,{"stream_name":"stdout","time":695.758490116,"data":"EDGE_TTA_ACTIVE views= 8 mean_abs_feat_delta= 0.357881\n"}
,{"stream_name":"stdout","time":696.080844964,"data":"EDGE_TTA_ACTIVE views= 8 mean_abs_feat_delta= 0.360311\n"}
,{"stream_name":"stdout","time":696.28350806,"data":"EDGE_TTA_ACTIVE views= 8 mean_abs_feat_delta= 0.360311\n"}
,{"stream_name":"stdout","time":696.509591177,"data":"SECONDARY_EDGE_TTA_ACTIVE views= 8 weight= 0.75 mean_abs_feat_delta= 0.240901\n"}
,{"stream_name":"stdout","time":696.711980423,"data":"SECONDARY_EDGE_TTA_ACTIVE views= 8 weight= 0.75 mean_abs_feat_delta= 0.240901\n"}
,{"stream_name":"stdout","time":697.057146152,"data":"SECONDARY_EDGE_TTA_ACTIVE views= 8 weight= 0.75 mean_abs_feat_delta= 0.273242\n"}
,{"stream_name":"stdout","time":697.259624096,"data":"SECONDARY_EDGE_TTA_ACTIVE views= 8 weight= 0.75 mean_abs_feat_delta= 0.273242\n"}
,{"stream_name":"stdout","time":697.561467629,"data":"EDGE_TTA_ACTIVE views= 8 mean_abs_feat_delta= 0.357802\n"}
,{"stream_name":"stdout","time":697.763733363,"data":"EDGE_TTA_ACTIVE views= 8 mean_abs_feat_delta= 0.357802\n"}
,{"stream_name":"stdout","time":698.340607341,"data":"EDGE_TTA_ACTIVE views= 8 mean_abs_feat_delta= 0.361865\n"}
,{"stream_name":"stdout","time":698.515300034,"data":"SECONDARY_EDGE_TTA_ACTIVE views= 8 weight= 0.75 mean_abs_feat_delta= 0.24147\n"}
,{"stream_name":"stdout","time":698.543131825,"data":"EDGE_TTA_ACTIVE views= 8 mean_abs_feat_delta= 0.361865\n"}
,{"stream_name":"stdout","time":698.543157332,"data":"SECONDARY_EDGE_TTA_ACTIVE views= 8 weight= 0.75 mean_abs_feat_delta= 0.24147\n"}
,{"stream_name":"stdout","time":699.323638658,"data":"SECONDARY_EDGE_TTA_ACTIVE views= 8 weight= 0.75 mean_abs_feat_delta= 0.275497\n"}
,{"stream_name":"stdout","time":699.526237439,"data":"SECONDARY_EDGE_TTA_ACTIVE views= 8 weight= 0.75 mean_abs_feat_delta= 0.275497\n"}
,{"stream_name":"stdout","time":699.552741337,"data":"EDGE_TTA_ACTIVE views= 8 mean_abs_feat_delta= 0.36292\n"}
,{"stream_name":"stdout","time":699.75514573,"data":"EDGE_TTA_ACTIVE views= 8 mean_abs_feat_delta= 0.36292\n"}
,{"stream_name":"stdout","time":700.508165145,"data":"SECONDARY_EDGE_TTA_ACTIVE views= 8 weight= 0.75 mean_abs_feat_delta= 0.239779\n"}
,{"stream_name":"stdout","time":700.600491791,"data":"EDGE_TTA_ACTIVE views= 8 mean_abs_feat_delta= 0.35811\n"}
,{"stream_name":"stdout","time":700.710447093,"data":"SECONDARY_EDGE_TTA_ACTIVE views= 8 weight= 0.75 mean_abs_feat_delta= 0.239779\n"}
,{"stream_name":"stdout","time":700.7104769,"data":"EDGE_TTA_ACTIVE views= 8 mean_abs_feat_delta= 0.35811\n"}
,{"stream_name":"stdout","time":701.566729362,"data":"EDGE_TTA_ACTIVE views= 8 mean_abs_feat_delta= 0.360328\n"}
,{"stream_name":"stdout","time":701.574614953,"data":"SECONDARY_EDGE_TTA_ACTIVE views= 8 weight= 0.75 mean_abs_feat_delta= 0.271521\n"}
,{"stream_name":"stdout","time":701.769188457,"data":"EDGE_TTA_ACTIVE views= 8 mean_abs_feat_delta= 0.360328\n"}
,{"stream_name":"stdout","time":701.769215031,"data":"SECONDARY_EDGE_TTA_ACTIVE views= 8 weight= 0.75 mean_abs_feat_delta= 0.271521\n"}
,{"stream_name":"stdout","time":702.523671948,"data":"SECONDARY_EDGE_TTA_ACTIVE views= 8 weight= 0.75 mean_abs_feat_delta= 0.240885\n"}
,{"stream_name":"stdout","time":702.726219495,"data":"SECONDARY_EDGE_TTA_ACTIVE views= 8 weight= 0.75 mean_abs_feat_delta= 0.240885\n"}
,{"stream_name":"stdout","time":702.925128061,"data":"EDGE_TTA_ACTIVE views= 8 mean_abs_feat_delta= 0.354857\n"}
,{"stream_name":"stdout","time":703.127625977,"data":"EDGE_TTA_ACTIVE views= 8 mean_abs_feat_delta= 0.354857\n"}
,{"stream_name":"stdout","time":703.561525319,"data":"EDGE_TTA_ACTIVE views= 8 mean_abs_feat_delta= 0.357244\n"}
,{"stream_name":"stdout","time":703.763832121,"data":"EDGE_TTA_ACTIVE views= 8 mean_abs_feat_delta= 0.357244\n"}
,{"stream_name":"stdout","time":703.901973058,"data":"SECONDARY_EDGE_TTA_ACTIVE views= 8 weight= 0.75 mean_abs_feat_delta= 0.271885\n"}
,{"stream_name":"stdout","time":704.104432847,"data":"SECONDARY_EDGE_TTA_ACTIVE views= 8 weight= 0.75 mean_abs_feat_delta= 0.271885\n"}
,{"stream_name":"stdout","time":704.518681973,"data":"SECONDARY_EDGE_TTA_ACTIVE views= 8 weight= 0.75 mean_abs_feat_delta= 0.241615\n"}
,{"stream_name":"stdout","time":704.721116026,"data":"SECONDARY_EDGE_TTA_ACTIVE views= 8 weight= 0.75 mean_abs_feat_delta= 0.241615\n"}
,{"stream_name":"stdout","time":705.156062108,"data":"EDGE_TTA_ACTIVE views= 8 mean_abs_feat_delta= 0.354966\n"}
,{"stream_name":"stdout","time":705.358495802,"data":"EDGE_TTA_ACTIVE views= 8 mean_abs_feat_delta= 0.354966\n"}
,{"stream_name":"stdout","time":705.54970936,"data":"EDGE_TTA_ACTIVE views= 8 mean_abs_feat_delta= 0.357533\n"}
,{"stream_name":"stdout","time":705.751926207,"data":"EDGE_TTA_ACTIVE views= 8 mean_abs_feat_delta= 0.357533\n"}
,{"stream_name":"stdout","time":706.130761936,"data":"SECONDARY_EDGE_TTA_ACTIVE views= 8 weight= 0.75 mean_abs_feat_delta= 0.268568\n"}
,{"stream_name":"stdout","time":706.333151047,"data":"SECONDARY_EDGE_TTA_ACTIVE views= 8 weight= 0.75 mean_abs_feat_delta= 0.268568\n"}
,{"stream_name":"stdout","time":706.506757996,"data":"SECONDARY_EDGE_TTA_ACTIVE views= 8 weight= 0.75 mean_abs_feat_delta= 0.243492\n"}
,{"stream_name":"stdout","time":706.709141425,"data":"SECONDARY_EDGE_TTA_ACTIVE views= 8 weight= 0.75 mean_abs_feat_delta= 0.243492\n"}
,{"stream_name":"stdout","time":707.503340862,"data":"EDGE_TTA_ACTIVE views= 8 mean_abs_feat_delta= 0.356326\n"}
,{"stream_name":"stdout","time":707.571766971,"data":"EDGE_TTA_ACTIVE views= 8 mean_abs_feat_delta= 0.360339\n"}
,{"stream_name":"stdout","time":707.705809775,"data":"EDGE_TTA_ACTIVE views= 8 mean_abs_feat_delta= 0.356326\n"}
,{"stream_name":"stdout","time":707.70584066,"data":"EDGE_TTA_ACTIVE views= 8 mean_abs_feat_delta= 0.360339\n"}
,{"stream_name":"stdout","time":708.480328293,"data":"SECONDARY_EDGE_TTA_ACTIVE views= 8 weight= 0.75 mean_abs_feat_delta= 0.266315\n"}
,{"stream_name":"stdout","time":708.528840042,"data":"SECONDARY_EDGE_TTA_ACTIVE views= 8 weight= 0.75 mean_abs_feat_delta= 0.242113\n"}
,{"stream_name":"stdout","time":708.684319554,"data":"SECONDARY_EDGE_TTA_ACTIVE views= 8 weight= 0.75 mean_abs_feat_delta= 0.266315\n"}
,{"stream_name":"stdout","time":708.684349069,"data":"SECONDARY_EDGE_TTA_ACTIVE views= 8 weight= 0.75 mean_abs_feat_delta= 0.242113\n"}
,{"stream_name":"stdout","time":709.620319896,"data":"EDGE_TTA_ACTIVE views= 8 mean_abs_feat_delta= 0.366487\n"}
,{"stream_name":"stdout","time":709.733305416,"data":"EDGE_TTA_ACTIVE views= 8 mean_abs_feat_delta= 0.355971\n"}
,{"stream_name":"stdout","time":709.822662447,"data":"EDGE_TTA_ACTIVE views= 8 mean_abs_feat_delta= 0.366487\n"}
,{"stream_name":"stdout","time":709.822686721,"data":"EDGE_TTA_ACTIVE views= 8 mean_abs_feat_delta= 0.355971\n"}
,{"stream_name":"stdout","time":710.576097793,"data":"SECONDARY_EDGE_TTA_ACTIVE views= 8 weight= 0.75 mean_abs_feat_delta= 0.239421\n"}
,{"stream_name":"stdout","time":710.711219733,"data":"SECONDARY_EDGE_TTA_ACTIVE views= 8 weight= 0.75 mean_abs_feat_delta= 0.270262\n"}
,{"stream_name":"stdout","time":710.778445964,"data":"SECONDARY_EDGE_TTA_ACTIVE views= 8 weight= 0.75 mean_abs_feat_delta= 0.239421\n"}
,{"stream_name":"stdout","time":710.778472802,"data":"SECONDARY_EDGE_TTA_ACTIVE views= 8 weight= 0.75 mean_abs_feat_delta= 0.270262\n"}
,{"stream_name":"stdout","time":711.642635072,"data":"EDGE_TTA_ACTIVE views= 8 mean_abs_feat_delta= 0.367172\n"}
,{"stream_name":"stdout","time":711.845069615,"data":"EDGE_TTA_ACTIVE views= 8 mean_abs_feat_delta= 0.367172\n"}
,{"stream_name":"stdout","time":711.999712801,"data":"EDGE_TTA_ACTIVE views= 8 mean_abs_feat_delta= 0.350618\n"}
,{"stream_name":"stdout","time":712.2020033,"data":"EDGE_TTA_ACTIVE views= 8 mean_abs_feat_delta= 0.350618\n"}
,{"stream_name":"stdout","time":712.602045552,"data":"SECONDARY_EDGE_TTA_ACTIVE views= 8 weight= 0.75 mean_abs_feat_delta= 0.241223\n"}
,{"stream_name":"stdout","time":712.804373206,"data":"SECONDARY_EDGE_TTA_ACTIVE views= 8 weight= 0.75 mean_abs_feat_delta= 0.241223\n"}
,{"stream_name":"stdout","time":712.978260175,"data":"SECONDARY_EDGE_TTA_ACTIVE views= 8 weight= 0.75 mean_abs_feat_delta= 0.261211\n"}
,{"stream_name":"stdout","time":713.180771509,"data":"SECONDARY_EDGE_TTA_ACTIVE views= 8 weight= 0.75 mean_abs_feat_delta= 0.261211\n"}
,{"stream_name":"stdout","time":713.633902283,"data":"EDGE_TTA_ACTIVE views= 8 mean_abs_feat_delta= 0.365716\n"}
,{"stream_name":"stdout","time":713.836012403,"data":"EDGE_TTA_ACTIVE views= 8 mean_abs_feat_delta= 0.365716\n"}
,{"stream_name":"stdout","time":714.294527327,"data":"EDGE_TTA_ACTIVE views= 8 mean_abs_feat_delta= 0.350748\n"}
,{"stream_name":"stdout","time":714.496979889,"data":"EDGE_TTA_ACTIVE views= 8 mean_abs_feat_delta= 0.350748\n"}
,{"stream_name":"stdout","time":714.591378622,"data":"SECONDARY_EDGE_TTA_ACTIVE views= 8 weight= 0.75 mean_abs_feat_delta= 0.243562\n"}
,{"stream_name":"stdout","time":714.793686941,"data":"SECONDARY_EDGE_TTA_ACTIVE views= 8 weight= 0.75 mean_abs_feat_delta= 0.243562\n"}
,{"stream_name":"stdout","time":715.271033737,"data":"SECONDARY_EDGE_TTA_ACTIVE views= 8 weight= 0.75 mean_abs_feat_delta= 0.270014\n"}
,{"stream_name":"stdout","time":715.473560231,"data":"SECONDARY_EDGE_TTA_ACTIVE views= 8 weight= 0.75 mean_abs_feat_delta= 0.270014\n"}
,{"stream_name":"stdout","time":715.622378569,"data":"EDGE_TTA_ACTIVE views= 8 mean_abs_feat_delta= 0.365864\n"}
,{"stream_name":"stdout","time":715.824883528,"data":"EDGE_TTA_ACTIVE views= 8 mean_abs_feat_delta= 0.365864\n"}
,{"stream_name":"stdout","time":716.545431186,"data":"EDGE_TTA_ACTIVE views= 8 mean_abs_feat_delta= 0.353127\n"}
,{"stream_name":"stdout","time":716.578960177,"data":"SECONDARY_EDGE_TTA_ACTIVE views= 8 weight= 0.75 mean_abs_feat_delta= 0.245184\n"}
,{"stream_name":"stdout","time":716.748133417,"data":"EDGE_TTA_ACTIVE views= 8 mean_abs_feat_delta= 0.353127\n"}
,{"stream_name":"stdout","time":716.748165665,"data":"SECONDARY_EDGE_TTA_ACTIVE views= 8 weight= 0.75 mean_abs_feat_delta= 0.245184\n"}
,{"stream_name":"stdout","time":717.520014217,"data":"SECONDARY_EDGE_TTA_ACTIVE views= 8 weight= 0.75 mean_abs_feat_delta= 0.265784\n"}
,{"stream_name":"stdout","time":717.637454631,"data":"EDGE_TTA_ACTIVE views= 8 mean_abs_feat_delta= 0.364558\n"}
,{"stream_name":"stdout","time":717.722493171,"data":"SECONDARY_EDGE_TTA_ACTIVE views= 8 weight= 0.75 mean_abs_feat_delta= 0.265784\n"}
,{"stream_name":"stdout","time":717.722518143,"data":"EDGE_TTA_ACTIVE views= 8 mean_abs_feat_delta= 0.364558\n"}
,{"stream_name":"stdout","time":718.590785241,"data":"SECONDARY_EDGE_TTA_ACTIVE views= 8 weight= 0.75 mean_abs_feat_delta= 0.245155\n"}
,{"stream_name":"stdout","time":718.758795126,"data":"EDGE_TTA_ACTIVE views= 8 mean_abs_feat_delta= 0.353121\n"}
,{"stream_name":"stdout","time":718.840239709,"data":"SECONDARY_EDGE_TTA_ACTIVE views= 8 weight= 0.75 mean_abs_feat_delta= 0.245155\n"}
,{"stream_name":"stdout","time":718.840263117,"data":"EDGE_TTA_ACTIVE views= 8 mean_abs_feat_delta= 0.353121\n"}
,{"stream_name":"stdout","time":719.649485555,"data":"EDGE_TTA_ACTIVE views= 8 mean_abs_feat_delta= 0.368692\n"}
,{"stream_name":"stdout","time":719.734807209,"data":"SECONDARY_EDGE_TTA_ACTIVE views= 8 weight= 0.75 mean_abs_feat_delta= 0.274027\n"}
,{"stream_name":"stdout","time":719.852165296,"data":"EDGE_TTA_ACTIVE views= 8 mean_abs_feat_delta= 0.368692\n"}
,{"stream_name":"stdout","time":719.852192403,"data":"SECONDARY_EDGE_TTA_ACTIVE views= 8 weight= 0.75 mean_abs_feat_delta= 0.274027\n"}
,{"stream_name":"stdout","time":720.600472541,"data":"SECONDARY_EDGE_TTA_ACTIVE views= 8 weight= 0.75 mean_abs_feat_delta= 0.245457\n"}
,{"stream_name":"stdout","time":720.802703159,"data":"SECONDARY_EDGE_TTA_ACTIVE views= 8 weight= 0.75 mean_abs_feat_delta= 0.245457\n"}
,{"stream_name":"stdout","time":721.011645218,"data":"EDGE_TTA_ACTIVE views= 8 mean_abs_feat_delta= 0.35452\n"}
,{"stream_name":"stdout","time":721.214246843,"data":"EDGE_TTA_ACTIVE views= 8 mean_abs_feat_delta= 0.35452\n"}
,{"stream_name":"stdout","time":721.621175486,"data":"EDGE_TTA_ACTIVE views= 8 mean_abs_feat_delta= 0.368315\n"}
,{"stream_name":"stdout","time":721.823603292,"data":"EDGE_TTA_ACTIVE views= 8 mean_abs_feat_delta= 0.368315\n"}
,{"stream_name":"stdout","time":721.985774423,"data":"SECONDARY_EDGE_TTA_ACTIVE views= 8 weight= 0.75 mean_abs_feat_delta= 0.274778\n"}
,{"stream_name":"stdout","time":722.188314143,"data":"SECONDARY_EDGE_TTA_ACTIVE views= 8 weight= 0.75 mean_abs_feat_delta= 0.274778\n"}
,{"stream_name":"stdout","time":722.573730982,"data":"SECONDARY_EDGE_TTA_ACTIVE views= 8 weight= 0.75 mean_abs_feat_delta= 0.245368\n"}
,{"stream_name":"stdout","time":722.776107532,"data":"SECONDARY_EDGE_TTA_ACTIVE views= 8 weight= 0.75 mean_abs_feat_delta= 0.245368\n"}
,{"stream_name":"stdout","time":723.26158694,"data":"EDGE_TTA_ACTIVE views= 8 mean_abs_feat_delta= 0.35732\n"}
,{"stream_name":"stdout","time":723.46398151,"data":"EDGE_TTA_ACTIVE views= 8 mean_abs_feat_delta= 0.35732\n"}
,{"stream_name":"stdout","time":723.624210796,"data":"EDGE_TTA_ACTIVE views= 8 mean_abs_feat_delta= 0.371386\n"}
,{"stream_name":"stdout","time":723.82667796,"data":"EDGE_TTA_ACTIVE views= 8 mean_abs_feat_delta= 0.371386\n"}
,{"stream_name":"stdout","time":724.236865902,"data":"SECONDARY_EDGE_TTA_ACTIVE views= 8 weight= 0.75 mean_abs_feat_delta= 0.266518\n"}
,{"stream_name":"stdout","time":724.439330429,"data":"SECONDARY_EDGE_TTA_ACTIVE views= 8 weight= 0.75 mean_abs_feat_delta= 0.266518\n"}
,{"stream_name":"stdout","time":724.577522007,"data":"SECONDARY_EDGE_TTA_ACTIVE views= 8 weight= 0.75 mean_abs_feat_delta= 0.247492\n"}
,{"stream_name":"stdout","time":724.780454197,"data":"SECONDARY_EDGE_TTA_ACTIVE views= 8 weight= 0.75 mean_abs_feat_delta= 0.247492\n"}
,{"stream_name":"stdout","time":725.530172592,"data":"EDGE_TTA_ACTIVE views= 8 mean_abs_feat_delta= 0.358346\n"}
,{"stream_name":"stdout","time":725.732543408,"data":"EDGE_TTA_ACTIVE views= 8 mean_abs_feat_delta= 0.358346\n"}
,{"stream_name":"stdout","time":726.506287478,"data":"SECONDARY_EDGE_TTA_ACTIVE views= 8 weight= 0.75 mean_abs_feat_delta= 0.267578\n"}
,{"stream_name":"stdout","time":726.709108299,"data":"SECONDARY_EDGE_TTA_ACTIVE views= 8 weight= 0.75 mean_abs_feat_delta= 0.267578\n"}
,{"stream_name":"stdout","time":727.762102988,"data":"EDGE_TTA_ACTIVE views= 8 mean_abs_feat_delta= 0.345063\n"}
,{"stream_name":"stdout","time":727.964757817,"data":"EDGE_TTA_ACTIVE views= 8 mean_abs_feat_delta= 0.345063\n"}
,{"stream_name":"stdout","time":728.73766118,"data":"SECONDARY_EDGE_TTA_ACTIVE views= 8 weight= 0.75 mean_abs_feat_delta= 0.263779\n"}
,{"stream_name":"stdout","time":728.91150448,"data":"Saved 2 predictions to /kaggle/working/tracking_repo/predictions/unknown/unet_transformer_gpu0/split_0\n"}
,{"stream_name":"stdout","time":728.94007564,"data":"SECONDARY_EDGE_TTA_ACTIVE views= 8 weight= 0.75 mean_abs_feat_delta= 0.263779\n"}
,{"stream_name":"stdout","time":728.940135965,"data":"Saved 2 predictions to /kaggle/working/tracking_repo/predictions/unknown/unet_transformer_gpu0/split_0\n"}
,{"stream_name":"stdout","time":730.033533321,"data":"EDGE_TTA_ACTIVE views= 8 mean_abs_feat_delta= 0.347554\n"}
,{"stream_name":"stdout","time":730.2356498,"data":"EDGE_TTA_ACTIVE views= 8 mean_abs_feat_delta= 0.347554\n"}
,{"stream_name":"stdout","time":731.00661989,"data":"SECONDARY_EDGE_TTA_ACTIVE views= 8 weight= 0.75 mean_abs_feat_delta= 0.275799\n"}
,{"stream_name":"stdout","time":731.208861732,"data":"SECONDARY_EDGE_TTA_ACTIVE views= 8 weight= 0.75 mean_abs_feat_delta= 0.275799\n"}
,{"stream_name":"stdout","time":732.347816766,"data":"EDGE_TTA_ACTIVE views= 8 mean_abs_feat_delta= 0.343748\n"}
,{"stream_name":"stdout","time":732.549967319,"data":"EDGE_TTA_ACTIVE views= 8 mean_abs_feat_delta= 0.343748\n"}
,{"stream_name":"stdout","time":733.320916058,"data":"SECONDARY_EDGE_TTA_ACTIVE views= 8 weight= 0.75 mean_abs_feat_delta= 0.26736\n"}
,{"stream_name":"stdout","time":733.523216759,"data":"SECONDARY_EDGE_TTA_ACTIVE views= 8 weight= 0.75 mean_abs_feat_delta= 0.26736\n"}
,{"stream_name":"stdout","time":734.577714647,"data":"EDGE_TTA_ACTIVE views= 8 mean_abs_feat_delta= 0.341273\n"}
,{"stream_name":"stdout","time":734.7797419,"data":"EDGE_TTA_ACTIVE views= 8 mean_abs_feat_delta= 0.341273\n"}
,{"stream_name":"stdout","time":735.550888585,"data":"SECONDARY_EDGE_TTA_ACTIVE views= 8 weight= 0.75 mean_abs_feat_delta= 0.271363\n"}
,{"stream_name":"stdout","time":735.753203233,"data":"SECONDARY_EDGE_TTA_ACTIVE views= 8 weight= 0.75 mean_abs_feat_delta= 0.271363\n"}
,{"stream_name":"stdout","time":736.806158185,"data":"EDGE_TTA_ACTIVE views= 8 mean_abs_feat_delta= 0.342479\n"}
,{"stream_name":"stdout","time":737.008273703,"data":"EDGE_TTA_ACTIVE views= 8 mean_abs_feat_delta= 0.342479\n"}
,{"stream_name":"stdout","time":737.776876163,"data":"SECONDARY_EDGE_TTA_ACTIVE views= 8 weight= 0.75 mean_abs_feat_delta= 0.272222\n"}
,{"stream_name":"stdout","time":737.979017506,"data":"SECONDARY_EDGE_TTA_ACTIVE views= 8 weight= 0.75 mean_abs_feat_delta= 0.272222\n"}
,{"stream_name":"stdout","time":739.013368053,"data":"EDGE_TTA_ACTIVE views= 8 mean_abs_feat_delta= 0.345052\n"}
,{"stream_name":"stdout","time":739.21566537,"data":"EDGE_TTA_ACTIVE views= 8 mean_abs_feat_delta= 0.345052\n"}
,{"stream_name":"stdout","time":739.987604775,"data":"SECONDARY_EDGE_TTA_ACTIVE views= 8 weight= 0.75 mean_abs_feat_delta= 0.259112\n"}
,{"stream_name":"stdout","time":740.189754546,"data":"SECONDARY_EDGE_TTA_ACTIVE views= 8 weight= 0.75 mean_abs_feat_delta= 0.259112\n"}
,{"stream_name":"stdout","time":741.221983987,"data":"EDGE_TTA_ACTIVE views= 8 mean_abs_feat_delta= 0.344953\n"}
,{"stream_name":"stdout","time":741.424205134,"data":"EDGE_TTA_ACTIVE views= 8 mean_abs_feat_delta= 0.344953\n"}
,{"stream_name":"stdout","time":742.198010456,"data":"SECONDARY_EDGE_TTA_ACTIVE views= 8 weight= 0.75 mean_abs_feat_delta= 0.268967\n"}
,{"stream_name":"stdout","time":742.400482836,"data":"SECONDARY_EDGE_TTA_ACTIVE views= 8 weight= 0.75 mean_abs_feat_delta= 0.268967\n"}
,{"stream_name":"stdout","time":743.489846028,"data":"EDGE_TTA_ACTIVE views= 8 mean_abs_feat_delta= 0.3439\n"}
,{"stream_name":"stdout","time":743.692333398,"data":"EDGE_TTA_ACTIVE views= 8 mean_abs_feat_delta= 0.3439\n"}
,{"stream_name":"stdout","time":744.464676858,"data":"SECONDARY_EDGE_TTA_ACTIVE views= 8 weight= 0.75 mean_abs_feat_delta= 0.275891\n"}
,{"stream_name":"stdout","time":744.667379124,"data":"SECONDARY_EDGE_TTA_ACTIVE views= 8 weight= 0.75 mean_abs_feat_delta= 0.275891\n"}
,{"stream_name":"stdout","time":745.718003911,"data":"EDGE_TTA_ACTIVE views= 8 mean_abs_feat_delta= 0.345377\n"}
,{"stream_name":"stdout","time":745.920335335,"data":"EDGE_TTA_ACTIVE views= 8 mean_abs_feat_delta= 0.345377\n"}
,{"stream_name":"stdout","time":746.693136117,"data":"SECONDARY_EDGE_TTA_ACTIVE views= 8 weight= 0.75 mean_abs_feat_delta= 0.274606\n"}
,{"stream_name":"stdout","time":746.895605023,"data":"SECONDARY_EDGE_TTA_ACTIVE views= 8 weight= 0.75 mean_abs_feat_delta= 0.274606\n"}
,{"stream_name":"stdout","time":747.966022156,"data":"EDGE_TTA_ACTIVE views= 8 mean_abs_feat_delta= 0.347308\n"}
,{"stream_name":"stdout","time":748.168191981,"data":"EDGE_TTA_ACTIVE views= 8 mean_abs_feat_delta= 0.347308\n"}
,{"stream_name":"stdout","time":748.944008301,"data":"SECONDARY_EDGE_TTA_ACTIVE views= 8 weight= 0.75 mean_abs_feat_delta= 0.26671\n"}
,{"stream_name":"stdout","time":749.176233544,"data":"SECONDARY_EDGE_TTA_ACTIVE views= 8 weight= 0.75 mean_abs_feat_delta= 0.26671\n"}
,{"stream_name":"stdout","time":750.216821113,"data":"EDGE_TTA_ACTIVE views= 8 mean_abs_feat_delta= 0.347503\n"}
,{"stream_name":"stdout","time":750.418959745,"data":"EDGE_TTA_ACTIVE views= 8 mean_abs_feat_delta= 0.347503\n"}
,{"stream_name":"stdout","time":751.200673477,"data":"SECONDARY_EDGE_TTA_ACTIVE views= 8 weight= 0.75 mean_abs_feat_delta= 0.265423\n"}
,{"stream_name":"stdout","time":751.402911892,"data":"SECONDARY_EDGE_TTA_ACTIVE views= 8 weight= 0.75 mean_abs_feat_delta= 0.265423\n"}
,{"stream_name":"stdout","time":752.46534138,"data":"EDGE_TTA_ACTIVE views= 8 mean_abs_feat_delta= 0.34777\n"}
,{"stream_name":"stdout","time":752.667478634,"data":"EDGE_TTA_ACTIVE views= 8 mean_abs_feat_delta= 0.34777\n"}
,{"stream_name":"stdout","time":753.455711813,"data":"SECONDARY_EDGE_TTA_ACTIVE views= 8 weight= 0.75 mean_abs_feat_delta= 0.269705\n"}
,{"stream_name":"stdout","time":753.657891003,"data":"SECONDARY_EDGE_TTA_ACTIVE views= 8 weight= 0.75 mean_abs_feat_delta= 0.269705\n"}
,{"stream_name":"stdout","time":835.15424937,"data":"Saved 2 predictions to /kaggle/working/tracking_repo/predictions/unknown/unet_transformer_gpu1/split_0\n"}
,{"stream_name":"stdout","time":835.386289014,"data":"Saved 2 predictions to /kaggle/working/tracking_repo/predictions/unknown/unet_transformer_gpu1/split_0\n"}
,{"stream_name":"stdout","time":837.686902156,"data":"Merged 4 prediction graphs into /kaggle/working/tracking_repo/predictions/unknown/unet_transformer/split_0\n"}
,{"stream_name":"stdout","time":837.686932012,"data":"Prediction completed in 9.07 minutes\n"}
,{"stream_name":"stdout","time":1161.379647356,"data":"Trying DeepCenter add-only gate checkpoint: /kaggle/input/datasets/pilkwang/biohub-deepcenter-unet3d-center-prior-v1/weights/full_frame_center/best.pt\n"}
,{"stream_name":"stdout","time":1161.875040453,"data":"Loaded DeepCenter add-only gate checkpoint: /kaggle/input/datasets/pilkwang/biohub-deepcenter-unet3d-center-prior-v1/weights/full_frame_center/best.pt\n"}
,{"stream_name":"stdout","time":1161.875115473,"data":"DeepCenter checkpoint epoch: 2 best_score: -0.04500306242456039\n"}
,{"stream_name":"stdout","time":1161.875124111,"data":"Found 4 prediction graphs\n"}
,{"stream_name":"stdout","time":1183.074278834,"data":"  [44b6_0113de3b] after edge-filter+motion-relink: 25743 nodes, 24853 edges\n"}
,{"stream_name":"stdout","time":1184.119872179,"data":"DEEPCENTER_TTA_ACTIVE views= 8 mean_abs_logit_delta= 0.136032\n"}
,{"stream_name":"stdout","time":1186.195250826,"data":"  [44b6_0113de3b] after gap-closing (single-frame + gap2): 25806 nodes, 24970 edges\n"}
,{"stream_name":"stdout","time":1209.26369025,"data":"  [44b6_0113de3b] after safe-division repair: 25806 nodes, 25011 edges (geometric_candidates=169, deepcenter_rejected=117, post_veto_candidates=52, added=41, cap_skipped=0, mutual_nn_rejected=66, divergence_rejected=543)\n"}
,{"stream_name":"stdout","time":1209.263737312,"data":"  [44b6_0113de3b] after division-geometry-filter+prune-isolated: 25800 nodes, 25011 edges\n"}
,{"stream_name":"stdout","time":1209.263746448,"data":"  [44b6_0113de3b] after short-track filtering: 25547 nodes, 24816 edges (components_removed=58)\n"}
,{"stream_name":"stdout","time":1214.532066566,"data":"  [44b6_0113de3b] FINAL: 25547 nodes, 24816 edges\n"}
,{"stream_name":"stdout","time":1230.453432254,"data":"  [44b6_0b24845f] after edge-filter+motion-relink: 21773 nodes, 19712 edges\n"}
,{"stream_name":"stdout","time":1246.515436825,"data":"  [44b6_0b24845f] after gap-closing (single-frame + gap2): 22163 nodes, 20421 edges\n"}
,{"stream_name":"stdout","time":1271.617029236,"data":"  [44b6_0b24845f] after safe-division repair: 22163 nodes, 20433 edges (geometric_candidates=218, deepcenter_rejected=204, post_veto_candidates=14, added=12, cap_skipped=0, mutual_nn_rejected=52, divergence_rejected=846)\n"}
,{"stream_name":"stdout","time":1271.617117123,"data":"  [44b6_0b24845f] after division-geometry-filter+prune-isolated: 22143 nodes, 20433 edges\n"}
,{"stream_name":"stdout","time":1271.617127388,"data":"  [44b6_0b24845f] after short-track filtering: 20111 nodes, 18866 edges (components_removed=465)\n"}
,{"stream_name":"stdout","time":1275.671234505,"data":"  [44b6_0b24845f] FINAL: 20111 nodes, 18866 edges\n"}
,{"stream_name":"stdout","time":1277.40107735,"data":"  [6bba_05b6850b] after edge-filter+motion-relink: 6286 nodes, 6018 edges\n"}
,{"stream_name":"stdout","time":1278.439594677,"data":"  [6bba_05b6850b] after gap-closing (single-frame + gap2): 6315 nodes, 6071 edges\n"}
,{"stream_name":"stdout","time":1283.791192107,"data":"  [6bba_05b6850b] after safe-division repair: 6315 nodes, 6077 edges (geometric_candidates=22, deepcenter_rejected=16, post_veto_candidates=6, added=6, cap_skipped=0, mutual_nn_rejected=5, divergence_rejected=85)\n"}
,{"stream_name":"stdout","time":1283.791235107,"data":"  [6bba_05b6850b] after division-geometry-filter+prune-isolated: 6314 nodes, 6077 edges\n"}
,{"stream_name":"stdout","time":1283.791257969,"data":"  [6bba_05b6850b] after short-track filtering: 6147 nodes, 5949 edges (components_removed=39)\n"}
,{"stream_name":"stdout","time":1285.033817528,"data":"  [6bba_05b6850b] FINAL: 6147 nodes, 5949 edges\n"}
,{"stream_name":"stdout","time":1439.436674607,"data":"  [6bba_05db0fb1] after edge-filter+motion-relink: 70718 nodes, 67981 edges\n"}
,{"stream_name":"stdout","time":1451.985286767,"data":"  [6bba_05db0fb1] after gap-closing (single-frame + gap2): 71135 nodes, 68757 edges\n"}
,{"stream_name":"stdout","time":1476.601898038,"data":"  [6bba_05db0fb1] after safe-division repair: 71135 nodes, 68783 edges (geometric_candidates=318, deepcenter_rejected=289, post_veto_candidates=29, added=26, cap_skipped=0, mutual_nn_rejected=268, divergence_rejected=2743)\n"}
,{"stream_name":"stdout","time":1476.601944882,"data":"  [6bba_05db0fb1] after division-geometry-filter+prune-isolated: 71104 nodes, 68783 edges\n"}
,{"stream_name":"stdout","time":1476.840728887,"data":"  [6bba_05db0fb1] after short-track filtering: 70239 nodes, 68120 edges (components_removed=202)\n"}
,{"stream_name":"stdout","time":1491.051183553,"data":"  [6bba_05db0fb1] FINAL: 70239 nodes, 68120 edges\n"}
,{"stream_name":"stdout","time":1491.598045888,"data":"Wrote /kaggle/working/submission.csv with 239,795 rows\n"}
,{"stream_name":"stdout","time":1491.598125125,"data":"Node rows: 122,044 | edge rows: 117,751\n"}
,{"stream_name":"stdout","time":1491.598133698,"data":"Wrote /kaggle/working/run_stats.csv\n"}
,{"stream_name":"stdout","time":1492.439958196,"data":"{\n"}
,{"stream_name":"stdout","time":1492.43998822,"data":"  \"configuration\": {\n"}
,{"stream_name":"stdout","time":1492.439995576,"data":"    \"bidirectional_primary_weight\": 0.3,\n"}
,{"stream_name":"stdout","time":1492.440001329,"data":"    \"deepcenter_gap_confirm_min_span_um\": 8.5,\n"}
,{"stream_name":"stdout","time":1492.440006489,"data":"    \"deepcenter_gap_threshold\": 0.25,\n"}
,{"stream_name":"stdout","time":1492.440012043,"data":"    \"detector_threshold\": 0.96875,\n"}
,{"stream_name":"stdout","time":1492.440018143,"data":"    \"edge_candidate_threshold\": 0.48,\n"}
,{"stream_name":"stdout","time":1492.440023757,"data":"    \"fallback_scope\": \"individual_frame\",\n"}
,{"stream_name":"stdout","time":1492.440029737,"data":"    \"gap_close_um\": 5.8,\n"}
,{"stream_name":"stdout","time":1492.440034812,"data":"    \"ilp_appearance_weight\": 0.0,\n"}
,{"stream_name":"stdout","time":1492.440045633,"data":"    \"ilp_disappearance_weight\": 1.5,\n"}
,{"stream_name":"stdout","time":1492.440068158,"data":"    \"minimum_candidate_retention\": 0.9,\n"}
,{"stream_name":"stdout","time":1492.440074065,"data":"    \"secondary_detection_weight\": 0.475,\n"}
,{"stream_name":"stdout","time":1492.440079503,"data":"    \"secondary_edge_weight\": 0.15,\n"}
,{"stream_name":"stdout","time":1492.44008474,"data":"    \"secondary_link_mode\": \"low_margin_consensus\",\n"}
,{"stream_name":"stdout","time":1492.440090654,"data":"    \"secondary_low_margin_max\": 0.35\n"}
,{"stream_name":"stdout","time":1492.440111126,"data":"  },\n"}
,{"stream_name":"stdout","time":1492.440116805,"data":"  \"diagnostics\": {\n"}
,{"stream_name":"stdout","time":1492.440126709,"data":"    \"by_movie\": {\n"}
,{"stream_name":"stdout","time":1492.440130292,"data":"      \"44b6_0113de3b\": {\n"}
,{"stream_name":"stdout","time":1492.44013382,"data":"        \"fallback_frames\": 0,\n"}
,{"stream_name":"stdout","time":1492.440137354,"data":"        \"frames\": 100,\n"}
,{"stream_name":"stdout","time":1492.440140854,"data":"        \"median_retention\": 1.0141843971631206,\n"}
,{"stream_name":"stdout","time":1492.440144458,"data":"        \"minimum_retention\": 0.9781021897810219\n"}
,{"stream_name":"stdout","time":1492.440174443,"data":"      },\n"}
,{"stream_name":"stdout","time":1492.440179748,"data":"      \"44b6_0b24845f\": {\n"}
,{"stream_name":"stdout","time":1492.44018414,"data":"        \"fallback_frames\": 53,\n"}
,{"stream_name":"stdout","time":1492.440188769,"data":"        \"frames\": 100,\n"}
,{"stream_name":"stdout","time":1492.440193152,"data":"        \"median_retention\": 0.8916371706275634,\n"}
,{"stream_name":"stdout","time":1492.440197503,"data":"        \"minimum_retention\": 0.37872340425531914\n"}
,{"stream_name":"stdout","time":1492.440201398,"data":"      },\n"}
,{"stream_name":"stdout","time":1492.440205051,"data":"      \"6bba_05b6850b\": {\n"}
,{"stream_name":"stdout","time":1492.440208805,"data":"        \"fallback_frames\": 1,\n"}
,{"stream_name":"stdout","time":1492.440212645,"data":"        \"frames\": 100,\n"}
,{"stream_name":"stdout","time":1492.440216464,"data":"        \"median_retention\": 1.0137012012012012,\n"}
,{"stream_name":"stdout","time":1492.440222279,"data":"        \"minimum_retention\": 0.8648648648648649\n"}
,{"stream_name":"stdout","time":1492.44022924,"data":"      },\n"}
,{"stream_name":"stdout","time":1492.4402318,"data":"      \"6bba_05db0fb1\": {\n"}
,{"stream_name":"stdout","time":1492.44023441,"data":"        \"fallback_frames\": 0,\n"}
,{"stream_name":"stdout","time":1492.44023698,"data":"        \"frames\": 100,\n"}
,{"stream_name":"stdout","time":1492.440239647,"data":"        \"median_retention\": 1.0148331499816647,\n"}
,{"stream_name":"stdout","time":1492.440242307,"data":"        \"minimum_retention\": 0.9713467048710601\n"}
,{"stream_name":"stdout","time":1492.440244924,"data":"      }\n"}
,{"stream_name":"stdout","time":1492.440247445,"data":"    },\n"}
,{"stream_name":"stdout","time":1492.440249995,"data":"    \"fallback_frames\": 54,\n"}
,{"stream_name":"stdout","time":1492.440252618,"data":"    \"rows\": 400\n"}
,{"stream_name":"stdout","time":1492.440255187,"data":"  },\n"}
,{"stream_name":"stdout","time":1492.440258227,"data":"  \"experiment\": \"harmonic_bidirectional_association_v1\",\n"}
,{"stream_name":"stdout","time":1492.440275196,"data":"  \"hardware\": {\n"}
,{"stream_name":"stdout","time":1492.440280174,"data":"    \"visible_gpu_count\": 2\n"}
,{"stream_name":"stdout","time":1492.440284485,"data":"  },\n"}
,{"stream_name":"stdout","time":1492.440289029,"data":"  \"leaderboard_feedback_used_for_configuration\": true,\n"}
,{"stream_name":"stdout","time":1492.440293854,"data":"  \"method_attribution\": \"fixed-90 dual-seed baseline with harmonic mutual-support association fusion (rule from public CC0 notebook yusuketogashi/no-hack-biohub-cell-another-approch-3rd v18)\",\n"}
,{"stream_name":"stdout","time":1492.44029974,"data":"  \"metric_hack_used\": false,\n"}
,{"stream_name":"stdout","time":1492.440303608,"data":"  \"organizer_labels_used_for_configuration\": false,\n"}
,{"stream_name":"stdout","time":1492.440307551,"data":"  \"parent_experiment\": \"paired_bidirectional_primary_weight020_vs_forward_v1\",\n"}
,{"stream_name":"stdout","time":1492.44031157,"data":"  \"public_output_used\": false,\n"}
,{"stream_name":"stdout","time":1492.440315318,"data":"  \"quality_promotion\": {\n"}
,{"stream_name":"stdout","time":1492.440319103,"data":"    \"execute_push_submit\": \"FORBIDDEN_UNTIL_REQUIRED_CONDITION\",\n"}
,{"stream_name":"stdout","time":1492.440324595,"data":"    \"required_condition\": \"promote=true\",\n"}
,{"stream_name":"stdout","time":1492.440328594,"data":"    \"required_receipt\": \"bidirectional_blend_union13_receipt.json\",\n"}
,{"stream_name":"stdout","time":1492.440337555,"data":"    \"status\": \"candidate_unverified\",\n"}
,{"stream_name":"stdout","time":1492.440346622,"data":"    \"validated_receipt_sha256\": null\n"}
,{"stream_name":"stdout","time":1492.440349447,"data":"  },\n"}
,{"stream_name":"stdout","time":1492.440351946,"data":"  \"source_kernel\": \"raykkretzschmar/biohub-bidirectional-primary-union13-diagnostic-v1\",\n"}
,{"stream_name":"stdout","time":1492.44035474,"data":"  \"source_notebook_sha256\": \"3e65ca691941949196bf417030ea84fccafe16baaec174b2a63540451bb937e8\",\n"}
,{"stream_name":"stdout","time":1492.44035822,"data":"  \"status\": \"clean_graph_audit_pass_candidate_unverified_quality\",\n"}
,{"stream_name":"stdout","time":1492.440374104,"data":"  \"submission\": {\n"}
,{"stream_name":"stdout","time":1492.440378771,"data":"    \"datasets\": [\n"}
,{"stream_name":"stdout","time":1492.440383291,"data":"      \"44b6_0113de3b\",\n"}
,{"stream_name":"stdout","time":1492.440387909,"data":"      \"44b6_0b24845f\",\n"}
,{"stream_name":"stdout","time":1492.440392276,"data":"      \"6bba_05b6850b\",\n"}
,{"stream_name":"stdout","time":1492.4403961,"data":"      \"6bba_05db0fb1\"\n"}
,{"stream_name":"stdout","time":1492.440399859,"data":"    ],\n"}
,{"stream_name":"stdout","time":1492.440403447,"data":"    \"rows\": 239795,\n"}
,{"stream_name":"stdout","time":1492.440407307,"data":"    \"sha256\": \"a560c026466c2f9674d13a22913a8e127f7f1b68f643d43673eedc0f5be9119a\"\n"}
,{"stream_name":"stdout","time":1492.440411382,"data":"  },\n"}
,{"stream_name":"stdout","time":1492.440415018,"data":"  \"topology\": {\n"}
,{"stream_name":"stdout","time":1492.440418678,"data":"    \"44b6_0113de3b\": {\n"}
,{"stream_name":"stdout","time":1492.440422481,"data":"      \"division_parents\": 41,\n"}
,{"stream_name":"stdout","time":1492.440426311,"data":"      \"edges\": 24816,\n"}
,{"stream_name":"stdout","time":1492.440430097,"data":"      \"max_indegree\": 1,\n"}
,{"stream_name":"stdout","time":1492.440433929,"data":"      \"max_outdegree\": 2,\n"}
,{"stream_name":"stdout","time":1492.440437701,"data":"      \"nodes\": 25547\n"}
,{"stream_name":"stdout","time":1492.440441441,"data":"    },\n"}
,{"stream_name":"stdout","time":1492.440445049,"data":"    \"44b6_0b24845f\": {\n"}
,{"stream_name":"stdout","time":1492.440454603,"data":"      \"division_parents\": 12,\n"}
,{"stream_name":"stdout","time":1492.440470516,"data":"      \"edges\": 18866,\n"}
,{"stream_name":"stdout","time":1492.440475421,"data":"      \"max_indegree\": 1,\n"}
,{"stream_name":"stdout","time":1492.440479945,"data":"      \"max_outdegree\": 2,\n"}
,{"stream_name":"stdout","time":1492.440484431,"data":"      \"nodes\": 20111\n"}
,{"stream_name":"stdout","time":1492.440488885,"data":"    },\n"}
,{"stream_name":"stdout","time":1492.440492544,"data":"    \"6bba_05b6850b\": {\n"}
,{"stream_name":"stdout","time":1492.440496316,"data":"      \"division_parents\": 6,\n"}
,{"stream_name":"stdout","time":1492.440500125,"data":"      \"edges\": 5949,\n"}
,{"stream_name":"stdout","time":1492.440503823,"data":"      \"max_indegree\": 1,\n"}
,{"stream_name":"stdout","time":1492.4405076,"data":"      \"max_outdegree\": 2,\n"}
,{"stream_name":"stdout","time":1492.44051136,"data":"      \"nodes\": 6147\n"}
,{"stream_name":"stdout","time":1492.440515131,"data":"    },\n"}
,{"stream_name":"stdout","time":1492.440518711,"data":"    \"6bba_05db0fb1\": {\n"}
,{"stream_name":"stdout","time":1492.440522406,"data":"      \"division_parents\": 26,\n"}
,{"stream_name":"stdout","time":1492.440526149,"data":"      \"edges\": 68120,\n"}
,{"stream_name":"stdout","time":1492.440533776,"data":"      \"max_indegree\": 1,\n"}
,{"stream_name":"stdout","time":1492.440537672,"data":"      \"max_outdegree\": 2,\n"}
,{"stream_name":"stdout","time":1492.440541539,"data":"      \"nodes\": 70239\n"}
,{"stream_name":"stdout","time":1492.44055026,"data":"    }\n"}
,{"stream_name":"stdout","time":1492.440553955,"data":"  }\n"}
,{"stream_name":"stdout","time":1492.440569218,"data":"}\n"}
,{"stream_name":"stdout","time":1492.525145867,"data":"VALIDATOR: disabled (BIOHUB_VALIDATOR_ENABLE=0).\n"}
,{"stream_name":"stdout","time":1492.700153718,"data":"Post-process base configuration (public 0.939):\n"}
,{"stream_name":"stdout","time":1492.700181661,"data":"  SAFE_DIV_MAX_UM                          9.0\n"}
,{"stream_name":"stdout","time":1492.700186941,"data":"  SAFE_DIV_SISTER_MAX_UM                   14.0\n"}
,{"stream_name":"stdout","time":1492.70019083,"data":"  SAFE_DIV_DIVERGE_UM                      2.25\n"}
,{"stream_name":"stdout","time":1492.700194917,"data":"  SAFE_DIV_SISTER_SYMMETRY_TAU             0.6\n"}
,{"stream_name":"stdout","time":1492.700199265,"data":"  SAFE_DIV_EXISTING_CHILD_MAX_UM           10.0\n"}
,{"stream_name":"stdout","time":1492.700203882,"data":"  SAFE_DIV_FRAME_FRAC_CAP                  0.0076\n"}
,{"stream_name":"stdout","time":1492.700207673,"data":"  SAFE_DIV_GLOBAL_FRAC_CAP                 0.00375\n"}
,{"stream_name":"stdout","time":1492.70021145,"data":"  DEEPCENTER_SAFE_DIV_THRESHOLD            0.25\n"}
,{"stream_name":"stdout","time":1492.700215131,"data":"  DEEPCENTER_GAP_THRESHOLD                 0.25\n"}
,{"stream_name":"stdout","time":1492.700219333,"data":"  GAP_CLOSE_UM                             5.0\n"}
,{"stream_name":"stdout","time":1492.700222968,"data":"  OUTPUT_MIN_TRACK_LEN                     6\n"}
,{"stream_name":"stdout","time":1492.700226557,"data":"  SHORT_TRACK_RESCUE_MIN_MEAN_EDGE_PROB    0.88\n"}
,{"stream_name":"stdout","time":1492.700230761,"data":"  MOTION_RELINK_TIGHT_UM                   6.0\n"}
,{"stream_name":"stdout","time":1492.700234555,"data":"  MOTION_RELINK_RELAXED_UM                 10.0\n"}
,{"stream_name":"stdout","time":1492.700238119,"data":"  GAP2_MAX_STEP_UM                         4.4\n"}
,{"stream_name":"stdout","time":1492.700241888,"data":"  GAP2_MAX_TOTAL_UM                        10.2\n"}
,{"stream_name":"stdout","time":1492.700245706,"data":"  MOTION_RELINK_LEARNED_BONUS              1.0\n"}
,{"stream_name":"stdout","time":1492.700249933,"data":"  MOTION_RELINK_VELOCITY_WEIGHT            0.5\n"}
,{"stream_name":"stdout","time":1492.700253924,"data":"  GAP_CLOSE_REUSE_UM                       3.2\n"}
,{"stream_name":"stdout","time":1492.700257423,"data":"  OUTPUT_EDGE_MAX_UM                       14.0\n"}
,{"stream_name":"stdout","time":1492.700261544,"data":"VALIDATOR: disabled or no held-out samples available -- skipping scoring.\n"}
,{"stream_name":"stdout","time":1492.900755708,"data":"SWEEP: validator unavailable -- keeping the base configuration.\n"}
,{"stream_name":"stdout","time":1492.900796046,"data":"Keeping the base submission.csv (public 0.939 configuration).\n"}
,{"stream_name":"stdout","time":1493.140420783,"data":"  44b6_0113de3b: nodes=25547 edges=24816 divisions=41\n"}
,{"stream_name":"stdout","time":1493.140461352,"data":"  44b6_0b24845f: nodes=20111 edges=18866 divisions=12\n"}
,{"stream_name":"stdout","time":1493.140465084,"data":"  6bba_05b6850b: nodes=6147 edges=5949 divisions=6\n"}
,{"stream_name":"stdout","time":1493.140467805,"data":"  6bba_05db0fb1: nodes=70239 edges=68120 divisions=26\n"}
,{"stream_name":"stdout","time":1493.140470509,"data":"Final submission.csv rows=239795  config=base\n"}
,{"stream_name":"stdout","time":1493.212997995,"data":"==============================================================================\n"}
,{"stream_name":"stdout","time":1493.213023616,"data":"PIPELINE MANIFEST -- resolved state, not just config\n"}
,{"stream_name":"stdout","time":1493.21302923,"data":"==============================================================================\n"}
,{"stream_name":"stdout","time":1493.213033291,"data":"Dual-seed ensemble:      requested=True  weights_found=True\n"}
,{"stream_name":"stdout","time":1493.213037344,"data":"Bidirectional fusion:    weight=0.15  active=True  mode=harmonic_probability\n"}
,{"stream_name":"stdout","time":1493.213041839,"data":"DeepCenter veto:         requested=True  loaded=True\n"}
,{"stream_name":"stdout","time":1493.213046421,"data":"  - checkpoint file:     /kaggle/input/datasets/pilkwang/biohub-deepcenter-unet3d-center-prior-v1/weights/full_frame_center/best.pt\n"}
,{"stream_name":"stdout","time":1493.213050778,"data":"  - expected epoch:      2\n"}
,{"stream_name":"stdout","time":1493.213054584,"data":"  - gap veto:            True\n"}
,{"stream_name":"stdout","time":1493.213059119,"data":"  - safe-div veto:       True\n"}
,{"stream_name":"stdout","time":1493.213063152,"data":"Safe-div thresholds:     parent\u003c=9.0um  sister\u003c=14.0um  global_cap=0.00375  frame_cap=0.0076\n"}
,{"stream_name":"stdout","time":1493.213067878,"data":"Validator:               enabled=False  held_out_samples=0  match_radius=7.0um\n"}
,{"stream_name":"stdout","time":1493.213072823,"data":"==============================================================================\n"}
,{"stream_name":"stderr","time":1497.020466498,"data":"/usr/local/lib/python3.12/dist-packages/mistune.py:435: SyntaxWarning: invalid escape sequence '\\|'\n"}
,{"stream_name":"stderr","time":1497.020494977,"data":"  cells[i][c] = re.sub('\\\\\\\\\\|', '|', cell)\n"}
,{"stream_name":"stderr","time":1497.144898707,"data":"/usr/local/lib/python3.12/dist-packages/nbconvert/filters/filter_links.py:36: SyntaxWarning: invalid escape sequence '\\_'\n"}
,{"stream_name":"stderr","time":1497.144923271,"data":"  text = re.sub(r'_', '\\_', text) # Escape underscores in display text\n"}
,{"stream_name":"stderr","time":1497.83378241,"data":"[NbConvertApp] Converting notebook __notebook__.ipynb to notebook\n"}
,{"stream_name":"stderr","time":1498.225772859,"data":"[NbConvertApp] Writing 416549 bytes to __notebook__.ipynb\n"}
,{"stream_name":"stderr","time":1500.730267333,"data":"[NbConvertApp] Converting notebook __notebook__.ipynb to html\n"}
,{"stream_name":"stderr","time":1502.31908144,"data":"[NbConvertApp] Writing 1377494 bytes to __results__.html\n"}
]