[{"stream_name":"stderr","time":7.001891287,"data":"0.00s - Debugger warning: It seems that frozen modules are being used, which may\n"}
,{"stream_name":"stderr","time":7.001963092,"data":"0.00s - make the debugger miss breakpoints. Please pass -Xfrozen_modules=off\n"}
,{"stream_name":"stderr","time":7.00196838,"data":"0.00s - to python to disable frozen modules.\n"}
,{"stream_name":"stderr","time":7.001971375,"data":"0.00s - Note: Debugging will proceed. Set PYDEVD_DISABLE_FILE_VALIDATION=1 to disable this validation.\n"}
,{"stream_name":"stderr","time":7.645300281,"data":"0.00s - Debugger warning: It seems that frozen modules are being used, which may\n"}
,{"stream_name":"stderr","time":7.645348562,"data":"0.00s - make the debugger miss breakpoints. Please pass -Xfrozen_modules=off\n"}
,{"stream_name":"stderr","time":7.645356308,"data":"0.00s - to python to disable frozen modules.\n"}
,{"stream_name":"stderr","time":7.645360872,"data":"0.00s - Note: Debugging will proceed. Set PYDEVD_DISABLE_FILE_VALIDATION=1 to disable this validation.\n"}
,{"stream_name":"stdout","time":9.339367802,"data":"BIOHUB_PRESET: harmonic_v3_division_wide\n"}
,{"stream_name":"stdout","time":9.340946402,"data":"BIOHUB_SCORE_AXIS: public 0.939 base + holdout-selected post-process configuration\n"}
,{"stream_name":"stdout","time":13.044494769,"data":"BIOHUB_D4_DEVICE_GUARD: two CUDA devices confirmed\n"}
,{"stream_name":"stdout","time":13.07174175,"data":"Configuration guard: PASS\n"}
,{"stream_name":"stdout","time":13.07178132,"data":"Baseline: fixed-90 dual-seed clean pipeline (public LB 0.913)\n"}
,{"stream_name":"stdout","time":13.071788514,"data":"Single model-level change: harmonic mutual-support association fusion\n"}
,{"stream_name":"stdout","time":13.07179388,"data":"Reverse-time association weight: 0.200\n"}
,{"stream_name":"stdout","time":13.856940647,"data":"Biohub learned UNet + node-transformer + ILP submission\n"}
,{"stream_name":"stdout","time":13.85697888,"data":"COMP_DIR: /kaggle/input/competitions/biohub-cell-tracking-during-development exists: True\n"}
,{"stream_name":"stdout","time":13.856985969,"data":"TEST_DIR: /kaggle/input/competitions/biohub-cell-tracking-during-development/test exists: True\n"}
,{"stream_name":"stdout","time":13.856991522,"data":"{\n"}
,{"stream_name":"stdout","time":13.856996959,"data":"  \"adaptive_short_track_rescue\": true,\n"}
,{"stream_name":"stdout","time":13.857003705,"data":"  \"allow_artifact_fallback\": false,\n"}
,{"stream_name":"stdout","time":13.857009061,"data":"  \"allow_pip_install\": false,\n"}
,{"stream_name":"stdout","time":13.857014469,"data":"  \"deepcenter_checkpoint_default\": \"/kaggle/input/biohub-deepcenter-unet3d-center-prior-v1/weights/full_frame_center/best.pt\",\n"}
,{"stream_name":"stdout","time":13.85702041,"data":"  \"deepcenter_expected_epoch\": 2,\n"}
,{"stream_name":"stdout","time":13.857025775,"data":"  \"deepcenter_gap_add_gate\": true,\n"}
,{"stream_name":"stdout","time":13.857030996,"data":"  \"deepcenter_gap_confirm_min_span_um\": 8.5,\n"}
,{"stream_name":"stdout","time":13.857037443,"data":"  \"deepcenter_gap_threshold\": 0.25,\n"}
,{"stream_name":"stdout","time":13.857042826,"data":"  \"deepcenter_safe_div_add_gate\": true,\n"}
,{"stream_name":"stdout","time":13.857048119,"data":"  \"deepcenter_safe_div_threshold\": 0.25,\n"}
,{"stream_name":"stdout","time":13.857053217,"data":"  \"det_threshold\": 0.965,\n"}
,{"stream_name":"stdout","time":13.857058886,"data":"  \"div_drop_to_single_if_bad\": true,\n"}
,{"stream_name":"stdout","time":13.857065043,"data":"  \"div_parent_max_um\": 10.5,\n"}
,{"stream_name":"stdout","time":13.857070767,"data":"  \"div_sister_max_um\": 8.0,\n"}
,{"stream_name":"stdout","time":13.857103338,"data":"  \"experiment_tag\": \"selected_101_dual_seed_near_balanced_center_confirmed_synthetic_gap\",\n"}
,{"stream_name":"stdout","time":13.857108568,"data":"  \"gap2_frame_frac_cap\": 0.006,\n"}
,{"stream_name":"stdout","time":13.857112739,"data":"  \"gap2_max_links_abs\": 180,\n"}
,{"stream_name":"stdout","time":13.857116893,"data":"  \"gap2_max_links_frac\": 0.0045,\n"}
,{"stream_name":"stdout","time":13.85712114,"data":"  \"gap2_max_step_um\": 4.4,\n"}
,{"stream_name":"stdout","time":13.857125389,"data":"  \"gap2_max_total_um\": 10.2,\n"}
,{"stream_name":"stdout","time":13.857129507,"data":"  \"gap2_require_context\": true,\n"}
,{"stream_name":"stdout","time":13.85713436,"data":"  \"gap_close_effective_max_gap\": 1,\n"}
,{"stream_name":"stdout","time":13.857138659,"data":"  \"gap_close_max_added_abs\": 2000,\n"}
,{"stream_name":"stdout","time":13.857142677,"data":"  \"gap_close_max_added_frac\": 0.05,\n"}
,{"stream_name":"stdout","time":13.857146654,"data":"  \"gap_close_max_gap\": 2,\n"}
,{"stream_name":"stdout","time":13.85715094,"data":"  \"gap_close_reuse_existing\": true,\n"}
,{"stream_name":"stdout","time":13.857155773,"data":"  \"gap_close_reuse_um\": 3.2,\n"}
,{"stream_name":"stdout","time":13.85716028,"data":"  \"gap_close_um\": 5.0,\n"}
,{"stream_name":"stdout","time":13.857164934,"data":"  \"gap_density_adaptive\": true,\n"}
,{"stream_name":"stdout","time":13.857169005,"data":"  \"gap_density_gain\": 0.04,\n"}
,{"stream_name":"stdout","time":13.857172879,"data":"  \"gap_density_max_step_delta_um\": 0.125,\n"}
,{"stream_name":"stdout","time":13.857176776,"data":"  \"gap_density_neighbors\": 3,\n"}
,{"stream_name":"stdout","time":13.857180775,"data":"  \"gap_density_reference_um\": 6.5,\n"}
,{"stream_name":"stdout","time":13.857184608,"data":"  \"gap_refine_max_shift_um\": 3.2,\n"}
,{"stream_name":"stdout","time":13.857188451,"data":"  \"gap_refine_synthetic\": true,\n"}
,{"stream_name":"stdout","time":13.857192305,"data":"  \"gap_refine_win_yx\": 3,\n"}
,{"stream_name":"stdout","time":13.857196162,"data":"  \"gap_refine_win_z\": 1,\n"}
,{"stream_name":"stdout","time":13.857200133,"data":"  \"ilp_appearance_weight\": 0.0,\n"}
,{"stream_name":"stdout","time":13.857204056,"data":"  \"ilp_disappearance_weight\": 2.0,\n"}
,{"stream_name":"stdout","time":13.857207968,"data":"  \"ilp_division_weight\": 1.2,\n"}
,{"stream_name":"stdout","time":13.857211831,"data":"  \"ilp_edge_weight\": -1.0,\n"}
,{"stream_name":"stdout","time":13.857217486,"data":"  \"method\": \"unet_transformer\",\n"}
,{"stream_name":"stdout","time":13.857226894,"data":"  \"motion_relink_learned_bonus\": 1.0,\n"}
,{"stream_name":"stdout","time":13.857230362,"data":"  \"motion_relink_max_frame_nodes\": 2600,\n"}
,{"stream_name":"stdout","time":13.857233117,"data":"  \"motion_relink_relaxed_um\": 10.0,\n"}
,{"stream_name":"stdout","time":13.857235711,"data":"  \"motion_relink_tight_um\": 6.0,\n"}
,{"stream_name":"stdout","time":13.857238305,"data":"  \"motion_relink_velocity_weight\": 0.5,\n"}
,{"stream_name":"stdout","time":13.857240897,"data":"  \"output_division_geometry_filter\": false,\n"}
,{"stream_name":"stdout","time":13.857243541999999,"data":"  \"output_edge_max_um\": 14.0,\n"}
,{"stream_name":"stdout","time":13.857248661,"data":"  \"output_enforce_next_frame\": true,\n"}
,{"stream_name":"stdout","time":13.857251309,"data":"  \"output_filter_short_tracks\": true,\n"}
,{"stream_name":"stdout","time":13.857254044,"data":"  \"output_gap2_recovery\": true,\n"}
,{"stream_name":"stdout","time":13.857256631,"data":"  \"output_gap_close\": true,\n"}
,{"stream_name":"stdout","time":13.857264071,"data":"  \"output_keep_division_components\": true,\n"}
,{"stream_name":"stdout","time":13.857266966,"data":"  \"output_linefit_smooth\": true,\n"}
,{"stream_name":"stdout","time":13.857269565,"data":"  \"output_linefit_weight\": 0.8,\n"}
,{"stream_name":"stdout","time":13.857272228,"data":"  \"output_linefit_window\": 2,\n"}
,{"stream_name":"stdout","time":13.857274945,"data":"  \"output_min_track_len\": 6,\n"}
,{"stream_name":"stdout","time":13.857277502,"data":"  \"output_motion_relink\": true,\n"}
,{"stream_name":"stdout","time":13.857280135,"data":"  \"output_prune_isolated\": true,\n"}
,{"stream_name":"stdout","time":13.857282812,"data":"  \"output_safe_divisions\": true,\n"}
,{"stream_name":"stdout","time":13.857285392,"data":"  \"output_single_child_repair\": false,\n"}
,{"stream_name":"stdout","time":13.85728802,"data":"  \"output_single_parent_repair\": true,\n"}
,{"stream_name":"stdout","time":13.857290673,"data":"  \"primary_artifact_manifest\": \"/kaggle/input/datasets/pilkwang/biohub-tracking-support-pack-50ep-v1/ARTIFACT_MANIFEST.json\",\n"}
,{"stream_name":"stdout","time":13.857293965,"data":"  \"safe_div_existing_child_max_um\": 10.0,\n"}
,{"stream_name":"stdout","time":13.857296589,"data":"  \"safe_div_frame_frac_cap\": 0.0076,\n"}
,{"stream_name":"stdout","time":13.857299207,"data":"  \"safe_div_global_frac_cap\": 0.00375,\n"}
,{"stream_name":"stdout","time":13.857301893,"data":"  \"safe_div_max_um\": 9.0,\n"}
,{"stream_name":"stdout","time":13.857304475,"data":"  \"safe_div_sister_max_um\": 14.0,\n"}
,{"stream_name":"stdout","time":13.857307054,"data":"  \"short_track_rescue_max_mean_edge_dist_um\": 3.0,\n"}
,{"stream_name":"stdout","time":13.857309754,"data":"  \"short_track_rescue_max_nodes_abs\": 120,\n"}
,{"stream_name":"stdout","time":13.857312362,"data":"  \"short_track_rescue_max_nodes_frac\": 0.012,\n"}
,{"stream_name":"stdout","time":13.857315028,"data":"  \"short_track_rescue_min_len\": 4,\n"}
,{"stream_name":"stdout","time":13.857317615,"data":"  \"short_track_rescue_min_mean_edge_prob\": 0.88,\n"}
,{"stream_name":"stdout","time":13.857320243,"data":"  \"short_track_rescue_trigger_removed_frac\": 0.1,\n"}
,{"stream_name":"stdout","time":13.857322937,"data":"  \"slice\": \"\",\n"}
,{"stream_name":"stdout","time":13.857325606,"data":"  \"target_artifact_slug\": \"biohub-tracking-support-pack-50ep-v1\",\n"}
,{"stream_name":"stdout","time":13.857328337,"data":"  \"unet_batch_size\": 4,\n"}
,{"stream_name":"stdout","time":13.857330912,"data":"  \"use_deepcenter_add_only_gate\": true,\n"}
,{"stream_name":"stdout","time":13.857333621,"data":"  \"use_ilp\": true,\n"}
,{"stream_name":"stdout","time":13.857336474,"data":"  \"weights\": \"weights/unet_transformer/split_0/edge_predictor_best.pth\"\n"}
,{"stream_name":"stdout","time":13.85733926,"data":"}\n"}
,{"stream_name":"stdout","time":14.08263604,"data":"ARTIFACTS: /kaggle/input/datasets/pilkwang/biohub-tracking-support-pack-50ep-v1\n"}
,{"stream_name":"stdout","time":14.082664225,"data":"Has offline wheels: True\n"}
,{"stream_name":"stdout","time":14.082669651,"data":"Artifact name: biohub-tracking-support-pack-400ep-snapshot-v1\n"}
,{"stream_name":"stdout","time":14.082673795,"data":"Weight sha256: 12f6881ee3620a831697ca098ff8f48e687a24225f4e048b538deec3562fe771\n"}
,{"stream_name":"stdout","time":14.082678176,"data":"Weight path: weights/unet_transformer/split_0/edge_predictor_best.pth\n"}
,{"stream_name":"stdout","time":14.905346522,"data":"Installing missing packages from offline package dirs: ['polars']\n"}
,{"stream_name":"stdout","time":14.905395255,"data":"Dependency resolver is disabled with --no-deps to avoid replacing Kaggle numpy/scipy in a live kernel.\n"}
,{"stream_name":"stdout","time":14.905399853,"data":"Offline package dirs: ['/kaggle/input/datasets/pilkwang/biohub-tracking-support-pack-50ep-v1/wheels']\n"}
,{"stream_name":"stdout","time":20.82274373,"data":"Offline dependency install succeeded.\n"}
,{"stream_name":"stdout","time":20.82278968,"data":"Installing missing packages from offline package dirs: ['tracksdata', 'zarr', 'pyscipopt', 'geff', 'geff_spec', 'ilpy', 'imagecodecs', 'rustworkx', 'numcodecs', 'donfig', 'bidict']\n"}
,{"stream_name":"stdout","time":20.822796804,"data":"Dependency resolver is disabled with --no-deps to avoid replacing Kaggle numpy/scipy in a live kernel.\n"}
,{"stream_name":"stdout","time":20.822802683,"data":"Offline package dirs: ['/kaggle/input/datasets/pilkwang/biohub-tracking-support-pack-50ep-v1/wheels']\n"}
,{"stream_name":"stdout","time":43.257460614,"data":"Offline dependency install succeeded.\n"}
,{"stream_name":"stderr","time":50.195335662,"data":"/usr/local/lib/python3.12/dist-packages/dask/array/image.py:7: FutureWarning: `find_available_plugins` is deprecated since version 0.25 and will be removed in version 0.27. The plugin infrastructure of `skimage.io` is deprecated. Instead, use `imageio` or other I/O packages directly.\n"}
,{"stream_name":"stderr","time":50.195370984,"data":"  from skimage.io import imread as sk_imread\n"}
,{"stream_name":"stderr","time":50.195375731,"data":"/usr/lib/python3.12/importlib/__init__.py:90: FutureWarning: `reset_plugins` is deprecated since version 0.25 and will be removed in version 0.27. The plugin infrastructure of `skimage.io` is deprecated. Instead, use `imageio` or other I/O packages directly.\n"}
,{"stream_name":"stderr","time":50.195379898,"data":"  return _bootstrap._gcd_import(name[level:], package, level)\n"}
,{"stream_name":"stderr","time":50.195384803,"data":"\n"}
,{"stream_name":"stderr","time":50.195404431,"data":"/usr/local/lib/python3.12/dist-packages/dask/array/image.py:7: FutureWarning: `find_available_plugins` is deprecated since version 0.25 and will be removed in version 0.27. The plugin infrastructure of `skimage.io` is deprecated. Instead, use `imageio` or other I/O packages directly.\n"}
,{"stream_name":"stderr","time":50.195411264,"data":"  from skimage.io import imread as sk_imread\n"}
,{"stream_name":"stderr","time":50.195416864,"data":"/usr/lib/python3.12/importlib/__init__.py:90: FutureWarning: `reset_plugins` is deprecated since version 0.25 and will be removed in version 0.27. The plugin infrastructure of `skimage.io` is deprecated. Instead, use `imageio` or other I/O packages directly.\n"}
,{"stream_name":"stderr","time":50.195423114,"data":"  return _bootstrap._gcd_import(name[level:], package, level)\n"}
,{"stream_name":"stdout","time":50.4070252,"data":"Required graph/Zarr/ILP packages import successfully.\n"}
,{"stream_name":"stdout","time":50.40706597,"data":"Inference repo: /kaggle/working/tracking_repo\n"}
,{"stream_name":"stdout","time":50.407070718,"data":"Weights: /kaggle/working/tracking_repo/weights/unet_transformer/split_0/edge_predictor_best.pth\n"}
,{"stream_name":"stdout","time":51.332442958,"data":"Support repo Python manifest SHA256: 978b626d1fd1e7397435a437dfe68691defe1572fc3c20e61012d7c9b52ed029\n"}
,{"stream_name":"stdout","time":51.332480104,"data":"Primary materialized SHA256: 12f6881ee3620a831697ca098ff8f48e687a24225f4e048b538deec3562fe771\n"}
,{"stream_name":"stdout","time":51.332487565,"data":"DeepCenter materialized SHA256: 8040999a92f6b7bbd98fa8cf458141e045c0f9ad7c936bdb3b18e1f7edafe2a0\n"}
,{"stream_name":"stdout","time":251.041942501,"data":"Secondary artifact: /kaggle/input/datasets/pilkwang/biohub-temporal-unet3d-seed314159-v1\n"}
,{"stream_name":"stdout","time":251.041999931,"data":"Secondary weight: /kaggle/working/secondary_seed_weights/unet_transformer/split_0/edge_predictor_best.pth\n"}
,{"stream_name":"stdout","time":251.042007187,"data":"Secondary SHA256: 9bac2fa0dadc4a6fc1899e0caf187f4b553e0a7cd90ba1261a68b35ffe9e305f\n"}
,{"stream_name":"stdout","time":251.042015634,"data":"Secondary edge-logit weight: 0.15\n"}
,{"stream_name":"stdout","time":251.042019551,"data":"Runtime integrity receipt: /kaggle/working/bidirectional_production_runtime_integrity.json\n"}
,{"stream_name":"stdout","time":251.456923119,"data":"CUDA device: Tesla T4\n"}
,{"stream_name":"stdout","time":251.456955811,"data":"TTA patch applied (400ep spatial D4-style)\n"}
,{"stream_name":"stdout","time":251.456959691,"data":"Calibrated dual-seed runtime patch applied\n"}
,{"stream_name":"stdout","time":251.456962505,"data":"Frozen frame retention guard applied at 0.90\n"}
,{"stream_name":"stdout","time":251.456965709,"data":"Bidirectional harmonic-probability association fusion applied | weight= 0.15\n"}
,{"stream_name":"stdout","time":251.456968691,"data":"Pre-ILP detector-coordinate manifest hook applied\n"}
,{"stream_name":"stdout","time":251.456971389,"data":"EDGE_TTA patch installed and enabled in /kaggle/working/tracking_repo/scripts/predict_unet_transformer.py\n"}
,{"stream_name":"stdout","time":251.456974229,"data":"secondary edge-feature TTA patch installed and enabled\n"}
,{"stream_name":"stdout","time":251.466784758,"data":"PROJECT_D4_CORRECTION: eight unique views; same eight passes\n"}
,{"stream_name":"stdout","time":251.471946336,"data":"Found 4 test videos\n"}
,{"stream_name":"stdout","time":251.471964723,"data":"['44b6_0113de3b', '44b6_0b24845f', '6bba_05b6850b', '6bba_05db0fb1']\n"}
,{"stream_name":"stdout","time":251.471970447,"data":"Launching 2 independent video shards on CUDA devices ['0', '1']\n"}
,{"stream_name":"stdout","time":251.471975893,"data":"GPU shard 0: CUDA_VISIBLE_DEVICES=0 | /usr/bin/python3 scripts/predict_unet_transformer.py --data-dir /kaggle/input/competitions/biohub-cell-tracking-during-development/test --splits kaggle_test_splits_50ep.json --split 0 --weights weights/unet_transformer/split_0/edge_predictor_best.pth --unet-batch-size 4 --det-threshold 0.965 --ilp-edge-weight -1.0 --ilp-appearance-weight 0.0 --ilp-disappearance-weight 2.0 --ilp-division-weight 1.2 --use-ilp --method unet_transformer_gpu0 --slice 0::2\n"}
,{"stream_name":"stdout","time":251.474042485,"data":"GPU shard 1: CUDA_VISIBLE_DEVICES=1 | /usr/bin/python3 scripts/predict_unet_transformer.py --data-dir /kaggle/input/competitions/biohub-cell-tracking-during-development/test --splits kaggle_test_splits_50ep.json --split 0 --weights weights/unet_transformer/split_0/edge_predictor_best.pth --unet-batch-size 4 --det-threshold 0.965 --ilp-edge-weight -1.0 --ilp-appearance-weight 0.0 --ilp-disappearance-weight 2.0 --ilp-division-weight 1.2 --use-ilp --method unet_transformer_gpu1 --slice 1::2\n"}
,{"stream_name":"stderr","time":257.084004553,"data":"/usr/local/lib/python3.12/dist-packages/dask/array/image.py:7: FutureWarning: `find_available_plugins` is deprecated since version 0.25 and will be removed in version 0.27. The plugin infrastructure of `skimage.io` is deprecated. Instead, use `imageio` or other I/O packages directly.\n"}
,{"stream_name":"stderr","time":257.08404644,"data":"  from skimage.io import imread as sk_imread\n"}
,{"stream_name":"stderr","time":257.088890242,"data":"/usr/local/lib/python3.12/dist-packages/dask/array/image.py:7: FutureWarning: `find_available_plugins` is deprecated since version 0.25 and will be removed in version 0.27. The plugin infrastructure of `skimage.io` is deprecated. Instead, use `imageio` or other I/O packages directly.\n"}
,{"stream_name":"stderr","time":257.088959903,"data":"  from skimage.io import imread as sk_imread\n"}
,{"stream_name":"stderr","time":257.09026451,"data":"/usr/lib/python3.12/importlib/__init__.py:90: FutureWarning: `reset_plugins` is deprecated since version 0.25 and will be removed in version 0.27. The plugin infrastructure of `skimage.io` is deprecated. Instead, use `imageio` or other I/O packages directly.\n"}
,{"stream_name":"stderr","time":257.090287092,"data":"  return _bootstrap._gcd_import(name[level:], package, level)\n"}
,{"stream_name":"stderr","time":257.095470804,"data":"/usr/lib/python3.12/importlib/__init__.py:90: FutureWarning: `reset_plugins` is deprecated since version 0.25 and will be removed in version 0.27. The plugin infrastructure of `skimage.io` is deprecated. Instead, use `imageio` or other I/O packages directly.\n"}
,{"stream_name":"stderr","time":257.095490876,"data":"  return _bootstrap._gcd_import(name[level:], package, level)\n"}
,{"stream_name":"stderr","time":257.286760073,"data":"/usr/local/lib/python3.12/dist-packages/dask/array/image.py:7: FutureWarning: `find_available_plugins` is deprecated since version 0.25 and will be removed in version 0.27. The plugin infrastructure of `skimage.io` is deprecated. Instead, use `imageio` or other I/O packages directly.\n"}
,{"stream_name":"stderr","time":257.286802286,"data":"  from skimage.io import imread as sk_imread\n"}
,{"stream_name":"stderr","time":257.286806383,"data":"/usr/local/lib/python3.12/dist-packages/dask/array/image.py:7: FutureWarning: `find_available_plugins` is deprecated since version 0.25 and will be removed in version 0.27. The plugin infrastructure of `skimage.io` is deprecated. Instead, use `imageio` or other I/O packages directly.\n"}
,{"stream_name":"stderr","time":257.286809923,"data":"  from skimage.io import imread as sk_imread\n"}
,{"stream_name":"stderr","time":257.286812662,"data":"/usr/lib/python3.12/importlib/__init__.py:90: FutureWarning: `reset_plugins` is deprecated since version 0.25 and will be removed in version 0.27. The plugin infrastructure of `skimage.io` is deprecated. Instead, use `imageio` or other I/O packages directly.\n"}
,{"stream_name":"stderr","time":257.286816051,"data":"  return _bootstrap._gcd_import(name[level:], package, level)\n"}
,{"stream_name":"stderr","time":257.286819072,"data":"/usr/lib/python3.12/importlib/__init__.py:90: FutureWarning: `reset_plugins` is deprecated since version 0.25 and will be removed in version 0.27. The plugin infrastructure of `skimage.io` is deprecated. Instead, use `imageio` or other I/O packages directly.\n"}
,{"stream_name":"stderr","time":257.286822235,"data":"  return _bootstrap._gcd_import(name[level:], package, level)\n"}
,{"stream_name":"stderr","time":257.286825578,"data":"\n"}
,{"stream_name":"stderr","time":257.286828153,"data":"/usr/local/lib/python3.12/dist-packages/dask/array/image.py:7: FutureWarning: `find_available_plugins` is deprecated since version 0.25 and will be removed in version 0.27. The plugin infrastructure of `skimage.io` is deprecated. Instead, use `imageio` or other I/O packages directly.\n"}
,{"stream_name":"stderr","time":257.286831609,"data":"  from skimage.io import imread as sk_imread\n"}
,{"stream_name":"stderr","time":257.286834304,"data":"/usr/local/lib/python3.12/dist-packages/dask/array/image.py:7: FutureWarning: `find_available_plugins` is deprecated since version 0.25 and will be removed in version 0.27. The plugin infrastructure of `skimage.io` is deprecated. Instead, use `imageio` or other I/O packages directly.\n"}
,{"stream_name":"stderr","time":257.286837363,"data":"  from skimage.io import imread as sk_imread\n"}
,{"stream_name":"stderr","time":257.286841095,"data":"/usr/lib/python3.12/importlib/__init__.py:90: FutureWarning: `reset_plugins` is deprecated since version 0.25 and will be removed in version 0.27. The plugin infrastructure of `skimage.io` is deprecated. Instead, use `imageio` or other I/O packages directly.\n"}
,{"stream_name":"stderr","time":257.286860946,"data":"  return _bootstrap._gcd_import(name[level:], package, level)\n"}
,{"stream_name":"stderr","time":257.286864063,"data":"/usr/lib/python3.12/importlib/__init__.py:90: FutureWarning: `reset_plugins` is deprecated since version 0.25 and will be removed in version 0.27. The plugin infrastructure of `skimage.io` is deprecated. Instead, use `imageio` or other I/O packages directly.\n"}
,{"stream_name":"stderr","time":257.286867112,"data":"  return _bootstrap._gcd_import(name[level:], package, level)\n"}
,{"stream_name":"stdout","time":257.846692951,"data":"Secondary model: /kaggle/working/secondary_seed_weights/unet_transformer/split_0/edge_predictor_best.pth | edge weight=0.150 | detection weight=0.800 | link mode=low_margin_consensus | temperature=1.000 | low-margin max=0.350 | edge threshold=0.480\n"}
,{"stream_name":"stdout","time":257.84672595,"data":"Fold 0: 2 datasets | weights=weights/unet_transformer/split_0/edge_predictor_best.pth | device=cuda | window_size=2 | pool_kernel_um=3.0\n"}
,{"stream_name":"stdout","time":257.846731467,"data":"Secondary model: /kaggle/working/secondary_seed_weights/unet_transformer/split_0/edge_predictor_best.pth | edge weight=0.150 | detection weight=0.800 | link mode=low_margin_consensus | temperature=1.000 | low-margin max=0.350 | edge threshold=0.480\n"}
,{"stream_name":"stdout","time":257.846736215,"data":"Fold 0: 2 datasets | weights=weights/unet_transformer/split_0/edge_predictor_best.pth | device=cuda | window_size=2 | pool_kernel_um=3.0\n"}
,{"stream_name":"stdout","time":258.050020065,"data":"Secondary model: /kaggle/working/secondary_seed_weights/unet_transformer/split_0/edge_predictor_best.pth | edge weight=0.150 | detection weight=0.800 | link mode=low_margin_consensus | temperature=1.000 | low-margin max=0.350 | edge threshold=0.480\n"}
,{"stream_name":"stdout","time":258.050058471,"data":"Fold 0: 2 datasets | weights=weights/unet_transformer/split_0/edge_predictor_best.pth | device=cuda | window_size=2 | pool_kernel_um=3.0\n"}
,{"stream_name":"stdout","time":258.050065411,"data":"Secondary model: /kaggle/working/secondary_seed_weights/unet_transformer/split_0/edge_predictor_best.pth | edge weight=0.150 | detection weight=0.800 | link mode=low_margin_consensus | temperature=1.000 | low-margin max=0.350 | edge threshold=0.480\n"}
,{"stream_name":"stdout","time":258.05007087,"data":"Fold 0: 2 datasets | weights=weights/unet_transformer/split_0/edge_predictor_best.pth | device=cuda | window_size=2 | pool_kernel_um=3.0\n"}
,{"stream_name":"stdout","time":259.668985553,"data":"EDGE_TTA_ACTIVE views= 8 mean_abs_feat_delta= 0.378905\n"}
,{"stream_name":"stdout","time":259.671543606,"data":"EDGE_TTA_ACTIVE views= 8 mean_abs_feat_delta= 0.334764\n"}
,{"stream_name":"stdout","time":259.871943809,"data":"EDGE_TTA_ACTIVE views= 8 mean_abs_feat_delta= 0.378905\n"}
,{"stream_name":"stdout","time":259.872004779,"data":"EDGE_TTA_ACTIVE views= 8 mean_abs_feat_delta= 0.334764\n"}
,{"stream_name":"stdout","time":260.512249403,"data":"SECONDARY_EDGE_TTA_ACTIVE views= 8 weight= 0.75 mean_abs_feat_delta= 0.302383\n"}
,{"stream_name":"stdout","time":260.530165914,"data":"SECONDARY_EDGE_TTA_ACTIVE views= 8 weight= 0.75 mean_abs_feat_delta= 0.241296\n"}
,{"stream_name":"stdout","time":260.630318935,"data":"BIOHUB_RETENTION_GUARD {\"blended_candidates\": 363, \"dataset\": \"44b6_0b24845f\", \"frame\": 0, \"minimum_retention\": 0.9, \"primary_candidates\": 424, \"retention\": 0.8561320754716981, \"use_primary\": true}\n"}
,{"stream_name":"stdout","time":260.632036114,"data":"BIOHUB_RETENTION_GUARD {\"blended_candidates\": 366, \"dataset\": \"44b6_0b24845f\", \"frame\": 1, \"minimum_retention\": 0.9, \"primary_candidates\": 425, \"retention\": 0.8611764705882353, \"use_primary\": true}\n"}
,{"stream_name":"stdout","time":260.714779078,"data":"SECONDARY_EDGE_TTA_ACTIVE views= 8 weight= 0.75 mean_abs_feat_delta= 0.302383\n"}
,{"stream_name":"stdout","time":260.714822106,"data":"SECONDARY_EDGE_TTA_ACTIVE views= 8 weight= 0.75 mean_abs_feat_delta= 0.241296\n"}
,{"stream_name":"stdout","time":260.714826774,"data":"BIOHUB_RETENTION_GUARD {\"blended_candidates\": 363, \"dataset\": \"44b6_0b24845f\", \"frame\": 0, \"minimum_retention\": 0.9, \"primary_candidates\": 424, \"retention\": 0.8561320754716981, \"use_primary\": true}\n"}
,{"stream_name":"stdout","time":260.714846546,"data":"BIOHUB_RETENTION_GUARD {\"blended_candidates\": 366, \"dataset\": \"44b6_0b24845f\", \"frame\": 1, \"minimum_retention\": 0.9, \"primary_candidates\": 425, \"retention\": 0.8611764705882353, \"use_primary\": true}\n"}
,{"stream_name":"stdout","time":264.810760902,"data":"EDGE_TTA_ACTIVE views= 8 mean_abs_feat_delta= 0.33888\n"}
,{"stream_name":"stdout","time":264.89009223,"data":"EDGE_TTA_ACTIVE views= 8 mean_abs_feat_delta= 0.379981\n"}
,{"stream_name":"stdout","time":265.013650751,"data":"EDGE_TTA_ACTIVE views= 8 mean_abs_feat_delta= 0.33888\n"}
,{"stream_name":"stdout","time":265.013686338,"data":"EDGE_TTA_ACTIVE views= 8 mean_abs_feat_delta= 0.379981\n"}
,{"stream_name":"stdout","time":265.672001466,"data":"SECONDARY_EDGE_TTA_ACTIVE views= 8 weight= 0.75 mean_abs_feat_delta= 0.241863\n"}
,{"stream_name":"stdout","time":265.747159629,"data":"SECONDARY_EDGE_TTA_ACTIVE views= 8 weight= 0.75 mean_abs_feat_delta= 0.311038\n"}
,{"stream_name":"stdout","time":265.751880879,"data":"BIOHUB_RETENTION_GUARD {\"blended_candidates\": 310, \"dataset\": \"44b6_0b24845f\", \"frame\": 2, \"minimum_retention\": 0.9, \"primary_candidates\": 375, \"retention\": 0.8266666666666667, \"use_primary\": true}\n"}
,{"stream_name":"stdout","time":265.874580558,"data":"SECONDARY_EDGE_TTA_ACTIVE views= 8 weight= 0.75 mean_abs_feat_delta= 0.241863\n"}
,{"stream_name":"stdout","time":265.874644597,"data":"SECONDARY_EDGE_TTA_ACTIVE views= 8 weight= 0.75 mean_abs_feat_delta= 0.311038\n"}
,{"stream_name":"stdout","time":265.874652165,"data":"BIOHUB_RETENTION_GUARD {\"blended_candidates\": 310, \"dataset\": \"44b6_0b24845f\", \"frame\": 2, \"minimum_retention\": 0.9, \"primary_candidates\": 375, \"retention\": 0.8266666666666667, \"use_primary\": true}\n"}
,{"stream_name":"stdout","time":266.668483743,"data":"EDGE_TTA_ACTIVE views= 8 mean_abs_feat_delta= 0.337225\n"}
,{"stream_name":"stdout","time":266.84446157,"data":"EDGE_TTA_ACTIVE views= 8 mean_abs_feat_delta= 0.372237\n"}
,{"stream_name":"stdout","time":266.871050132,"data":"EDGE_TTA_ACTIVE views= 8 mean_abs_feat_delta= 0.337225\n"}
,{"stream_name":"stdout","time":266.871080599,"data":"EDGE_TTA_ACTIVE views= 8 mean_abs_feat_delta= 0.372237\n"}
,{"stream_name":"stdout","time":267.52701277,"data":"SECONDARY_EDGE_TTA_ACTIVE views= 8 weight= 0.75 mean_abs_feat_delta= 0.241473\n"}
,{"stream_name":"stdout","time":267.699051262,"data":"SECONDARY_EDGE_TTA_ACTIVE views= 8 weight= 0.75 mean_abs_feat_delta= 0.310033\n"}
,{"stream_name":"stdout","time":267.730279839,"data":"SECONDARY_EDGE_TTA_ACTIVE views= 8 weight= 0.75 mean_abs_feat_delta= 0.241473\n"}
,{"stream_name":"stdout","time":267.730320404,"data":"SECONDARY_EDGE_TTA_ACTIVE views= 8 weight= 0.75 mean_abs_feat_delta= 0.310033\n"}
,{"stream_name":"stdout","time":268.499711049,"data":"EDGE_TTA_ACTIVE views= 8 mean_abs_feat_delta= 0.33825\n"}
,{"stream_name":"stdout","time":268.702175318,"data":"EDGE_TTA_ACTIVE views= 8 mean_abs_feat_delta= 0.33825\n"}
,{"stream_name":"stdout","time":268.758884649,"data":"EDGE_TTA_ACTIVE views= 8 mean_abs_feat_delta= 0.378541\n"}
,{"stream_name":"stdout","time":268.961941029,"data":"EDGE_TTA_ACTIVE views= 8 mean_abs_feat_delta= 0.378541\n"}
,{"stream_name":"stdout","time":269.362597597,"data":"SECONDARY_EDGE_TTA_ACTIVE views= 8 weight= 0.75 mean_abs_feat_delta= 0.240817\n"}
,{"stream_name":"stdout","time":269.565392885,"data":"SECONDARY_EDGE_TTA_ACTIVE views= 8 weight= 0.75 mean_abs_feat_delta= 0.240817\n"}
,{"stream_name":"stdout","time":269.637868808,"data":"SECONDARY_EDGE_TTA_ACTIVE views= 8 weight= 0.75 mean_abs_feat_delta= 0.304955\n"}
,{"stream_name":"stdout","time":269.642090471,"data":"BIOHUB_RETENTION_GUARD {\"blended_candidates\": 321, \"dataset\": \"44b6_0b24845f\", \"frame\": 4, \"minimum_retention\": 0.9, \"primary_candidates\": 378, \"retention\": 0.8492063492063492, \"use_primary\": true}\n"}
,{"stream_name":"stdout","time":269.840800736,"data":"SECONDARY_EDGE_TTA_ACTIVE views= 8 weight= 0.75 mean_abs_feat_delta= 0.304955\n"}
,{"stream_name":"stdout","time":269.840860937,"data":"BIOHUB_RETENTION_GUARD {\"blended_candidates\": 321, \"dataset\": \"44b6_0b24845f\", \"frame\": 4, \"minimum_retention\": 0.9, \"primary_candidates\": 378, \"retention\": 0.8492063492063492, \"use_primary\": true}\n"}
,{"stream_name":"stdout","time":270.360175935,"data":"EDGE_TTA_ACTIVE views= 8 mean_abs_feat_delta= 0.339442\n"}
,{"stream_name":"stdout","time":270.563338996,"data":"EDGE_TTA_ACTIVE views= 8 mean_abs_feat_delta= 0.339442\n"}
,{"stream_name":"stdout","time":270.79236168,"data":"EDGE_TTA_ACTIVE views= 8 mean_abs_feat_delta= 0.38179\n"}
,{"stream_name":"stdout","time":270.995107858,"data":"EDGE_TTA_ACTIVE views= 8 mean_abs_feat_delta= 0.38179\n"}
,{"stream_name":"stdout","time":271.227727445,"data":"SECONDARY_EDGE_TTA_ACTIVE views= 8 weight= 0.75 mean_abs_feat_delta= 0.244119\n"}
,{"stream_name":"stdout","time":271.430742464,"data":"SECONDARY_EDGE_TTA_ACTIVE views= 8 weight= 0.75 mean_abs_feat_delta= 0.244119\n"}
,{"stream_name":"stdout","time":271.655007752,"data":"SECONDARY_EDGE_TTA_ACTIVE views= 8 weight= 0.75 mean_abs_feat_delta= 0.312505\n"}
,{"stream_name":"stdout","time":271.659395126,"data":"BIOHUB_RETENTION_GUARD {\"blended_candidates\": 311, \"dataset\": \"44b6_0b24845f\", \"frame\": 5, \"minimum_retention\": 0.9, \"primary_candidates\": 349, \"retention\": 0.8911174785100286, \"use_primary\": true}\n"}
,{"stream_name":"stdout","time":271.857500121,"data":"SECONDARY_EDGE_TTA_ACTIVE views= 8 weight= 0.75 mean_abs_feat_delta= 0.312505\n"}
,{"stream_name":"stdout","time":271.857671411,"data":"BIOHUB_RETENTION_GUARD {\"blended_candidates\": 311, \"dataset\": \"44b6_0b24845f\", \"frame\": 5, \"minimum_retention\": 0.9, \"primary_candidates\": 349, \"retention\": 0.8911174785100286, \"use_primary\": true}\n"}
,{"stream_name":"stdout","time":272.194091005,"data":"EDGE_TTA_ACTIVE views= 8 mean_abs_feat_delta= 0.344274\n"}
,{"stream_name":"stdout","time":272.400069094,"data":"EDGE_TTA_ACTIVE views= 8 mean_abs_feat_delta= 0.344274\n"}
,{"stream_name":"stdout","time":272.747721679,"data":"EDGE_TTA_ACTIVE views= 8 mean_abs_feat_delta= 0.38122\n"}
,{"stream_name":"stdout","time":272.951906282,"data":"EDGE_TTA_ACTIVE views= 8 mean_abs_feat_delta= 0.38122\n"}
,{"stream_name":"stdout","time":273.077114061,"data":"SECONDARY_EDGE_TTA_ACTIVE views= 8 weight= 0.75 mean_abs_feat_delta= 0.242121\n"}
,{"stream_name":"stdout","time":273.280069027,"data":"SECONDARY_EDGE_TTA_ACTIVE views= 8 weight= 0.75 mean_abs_feat_delta= 0.242121\n"}
,{"stream_name":"stdout","time":273.616729362,"data":"SECONDARY_EDGE_TTA_ACTIVE views= 8 weight= 0.75 mean_abs_feat_delta= 0.322813\n"}
,{"stream_name":"stdout","time":273.621057159,"data":"BIOHUB_RETENTION_GUARD {\"blended_candidates\": 317, \"dataset\": \"44b6_0b24845f\", \"frame\": 6, \"minimum_retention\": 0.9, \"primary_candidates\": 383, \"retention\": 0.8276762402088773, \"use_primary\": true}\n"}
,{"stream_name":"stdout","time":273.819454437,"data":"SECONDARY_EDGE_TTA_ACTIVE views= 8 weight= 0.75 mean_abs_feat_delta= 0.322813\n"}
,{"stream_name":"stdout","time":273.819495234,"data":"BIOHUB_RETENTION_GUARD {\"blended_candidates\": 317, \"dataset\": \"44b6_0b24845f\", \"frame\": 6, \"minimum_retention\": 0.9, \"primary_candidates\": 383, \"retention\": 0.8276762402088773, \"use_primary\": true}\n"}
,{"stream_name":"stdout","time":274.085640722,"data":"EDGE_TTA_ACTIVE views= 8 mean_abs_feat_delta= 0.349275\n"}
,{"stream_name":"stdout","time":274.288160389,"data":"EDGE_TTA_ACTIVE views= 8 mean_abs_feat_delta= 0.349275\n"}
,{"stream_name":"stdout","time":274.771675657,"data":"EDGE_TTA_ACTIVE views= 8 mean_abs_feat_delta= 0.38268\n"}
,{"stream_name":"stdout","time":274.959504334,"data":"SECONDARY_EDGE_TTA_ACTIVE views= 8 weight= 0.75 mean_abs_feat_delta= 0.249359\n"}
,{"stream_name":"stdout","time":274.974466952,"data":"EDGE_TTA_ACTIVE views= 8 mean_abs_feat_delta= 0.38268\n"}
,{"stream_name":"stdout","time":274.974492242,"data":"SECONDARY_EDGE_TTA_ACTIVE views= 8 weight= 0.75 mean_abs_feat_delta= 0.249359\n"}
,{"stream_name":"stdout","time":275.641088614,"data":"SECONDARY_EDGE_TTA_ACTIVE views= 8 weight= 0.75 mean_abs_feat_delta= 0.324318\n"}
,{"stream_name":"stdout","time":275.645314393,"data":"BIOHUB_RETENTION_GUARD {\"blended_candidates\": 302, \"dataset\": \"44b6_0b24845f\", \"frame\": 7, \"minimum_retention\": 0.9, \"primary_candidates\": 361, \"retention\": 0.8365650969529086, \"use_primary\": true}\n"}
,{"stream_name":"stdout","time":275.844022076,"data":"SECONDARY_EDGE_TTA_ACTIVE views= 8 weight= 0.75 mean_abs_feat_delta= 0.324318\n"}
,{"stream_name":"stdout","time":275.844059275,"data":"BIOHUB_RETENTION_GUARD {\"blended_candidates\": 302, \"dataset\": \"44b6_0b24845f\", \"frame\": 7, \"minimum_retention\": 0.9, \"primary_candidates\": 361, \"retention\": 0.8365650969529086, \"use_primary\": true}\n"}
,{"stream_name":"stdout","time":276.015001396,"data":"EDGE_TTA_ACTIVE views= 8 mean_abs_feat_delta= 0.349587\n"}
,{"stream_name":"stdout","time":276.217839522,"data":"EDGE_TTA_ACTIVE views= 8 mean_abs_feat_delta= 0.349587\n"}
,{"stream_name":"stdout","time":276.738363056,"data":"EDGE_TTA_ACTIVE views= 8 mean_abs_feat_delta= 0.389949\n"}
,{"stream_name":"stdout","time":276.888408042,"data":"SECONDARY_EDGE_TTA_ACTIVE views= 8 weight= 0.75 mean_abs_feat_delta= 0.250563\n"}
,{"stream_name":"stdout","time":276.941253258,"data":"EDGE_TTA_ACTIVE views= 8 mean_abs_feat_delta= 0.389949\n"}
,{"stream_name":"stdout","time":276.941295301,"data":"SECONDARY_EDGE_TTA_ACTIVE views= 8 weight= 0.75 mean_abs_feat_delta= 0.250563\n"}
,{"stream_name":"stdout","time":277.61169821,"data":"SECONDARY_EDGE_TTA_ACTIVE views= 8 weight= 0.75 mean_abs_feat_delta= 0.317914\n"}
,{"stream_name":"stdout","time":277.615845811,"data":"BIOHUB_RETENTION_GUARD {\"blended_candidates\": 364, \"dataset\": \"44b6_0b24845f\", \"frame\": 8, \"minimum_retention\": 0.9, \"primary_candidates\": 416, \"retention\": 0.875, \"use_primary\": true}\n"}
,{"stream_name":"stdout","time":277.814402762,"data":"SECONDARY_EDGE_TTA_ACTIVE views= 8 weight= 0.75 mean_abs_feat_delta= 0.317914\n"}
,{"stream_name":"stdout","time":277.814451931,"data":"BIOHUB_RETENTION_GUARD {\"blended_candidates\": 364, \"dataset\": \"44b6_0b24845f\", \"frame\": 8, \"minimum_retention\": 0.9, \"primary_candidates\": 416, \"retention\": 0.875, \"use_primary\": true}\n"}
,{"stream_name":"stdout","time":277.931598484,"data":"EDGE_TTA_ACTIVE views= 8 mean_abs_feat_delta= 0.344645\n"}
,{"stream_name":"stdout","time":278.134143363,"data":"EDGE_TTA_ACTIVE views= 8 mean_abs_feat_delta= 0.344645\n"}
,{"stream_name":"stdout","time":278.689197237,"data":"EDGE_TTA_ACTIVE views= 8 mean_abs_feat_delta= 0.3924\n"}
,{"stream_name":"stdout","time":278.808612799,"data":"SECONDARY_EDGE_TTA_ACTIVE views= 8 weight= 0.75 mean_abs_feat_delta= 0.250314\n"}
,{"stream_name":"stdout","time":278.891710016,"data":"EDGE_TTA_ACTIVE views= 8 mean_abs_feat_delta= 0.3924\n"}
,{"stream_name":"stdout","time":278.891769592,"data":"SECONDARY_EDGE_TTA_ACTIVE views= 8 weight= 0.75 mean_abs_feat_delta= 0.250314\n"}
,{"stream_name":"stdout","time":279.564144886,"data":"SECONDARY_EDGE_TTA_ACTIVE views= 8 weight= 0.75 mean_abs_feat_delta= 0.316402\n"}
,{"stream_name":"stdout","time":279.568336971,"data":"BIOHUB_RETENTION_GUARD {\"blended_candidates\": 352, \"dataset\": \"44b6_0b24845f\", \"frame\": 9, \"minimum_retention\": 0.9, \"primary_candidates\": 415, \"retention\": 0.8481927710843373, \"use_primary\": true}\n"}
,{"stream_name":"stdout","time":279.76691417,"data":"SECONDARY_EDGE_TTA_ACTIVE views= 8 weight= 0.75 mean_abs_feat_delta= 0.316402\n"}
,{"stream_name":"stdout","time":279.766950839,"data":"BIOHUB_RETENTION_GUARD {\"blended_candidates\": 352, \"dataset\": \"44b6_0b24845f\", \"frame\": 9, \"minimum_retention\": 0.9, \"primary_candidates\": 415, \"retention\": 0.8481927710843373, \"use_primary\": true}\n"}
,{"stream_name":"stdout","time":279.850284177,"data":"EDGE_TTA_ACTIVE views= 8 mean_abs_feat_delta= 0.345022\n"}
,{"stream_name":"stdout","time":280.053130998,"data":"EDGE_TTA_ACTIVE views= 8 mean_abs_feat_delta= 0.345022\n"}
,{"stream_name":"stdout","time":280.712794873,"data":"EDGE_TTA_ACTIVE views= 8 mean_abs_feat_delta= 0.3864\n"}
,{"stream_name":"stdout","time":280.72687904,"data":"SECONDARY_EDGE_TTA_ACTIVE views= 8 weight= 0.75 mean_abs_feat_delta= 0.250241\n"}
,{"stream_name":"stdout","time":280.915675489,"data":"EDGE_TTA_ACTIVE views= 8 mean_abs_feat_delta= 0.3864\n"}
,{"stream_name":"stdout","time":280.915710715,"data":"SECONDARY_EDGE_TTA_ACTIVE views= 8 weight= 0.75 mean_abs_feat_delta= 0.250241\n"}
,{"stream_name":"stdout","time":281.595487929,"data":"SECONDARY_EDGE_TTA_ACTIVE views= 8 weight= 0.75 mean_abs_feat_delta= 0.330077\n"}
,{"stream_name":"stdout","time":281.599875721,"data":"BIOHUB_RETENTION_GUARD {\"blended_candidates\": 326, \"dataset\": \"44b6_0b24845f\", \"frame\": 10, \"minimum_retention\": 0.9, \"primary_candidates\": 394, \"retention\": 0.8274111675126904, \"use_primary\": true}\n"}
,{"stream_name":"stdout","time":281.732509428,"data":"EDGE_TTA_ACTIVE views= 8 mean_abs_feat_delta= 0.353174\n"}
,{"stream_name":"stdout","time":281.817171572,"data":"SECONDARY_EDGE_TTA_ACTIVE views= 8 weight= 0.75 mean_abs_feat_delta= 0.330077\n"}
,{"stream_name":"stdout","time":281.817199311,"data":"BIOHUB_RETENTION_GUARD {\"blended_candidates\": 326, \"dataset\": \"44b6_0b24845f\", \"frame\": 10, \"minimum_retention\": 0.9, \"primary_candidates\": 394, \"retention\": 0.8274111675126904, \"use_primary\": true}\n"}
,{"stream_name":"stdout","time":281.817207451,"data":"EDGE_TTA_ACTIVE views= 8 mean_abs_feat_delta= 0.353174\n"}
,{"stream_name":"stdout","time":282.615073131,"data":"SECONDARY_EDGE_TTA_ACTIVE views= 8 weight= 0.75 mean_abs_feat_delta= 0.251866\n"}
,{"stream_name":"stdout","time":282.648953514,"data":"EDGE_TTA_ACTIVE views= 8 mean_abs_feat_delta= 0.377909\n"}
,{"stream_name":"stdout","time":282.817930595,"data":"SECONDARY_EDGE_TTA_ACTIVE views= 8 weight= 0.75 mean_abs_feat_delta= 0.251866\n"}
,{"stream_name":"stdout","time":282.817967838,"data":"EDGE_TTA_ACTIVE views= 8 mean_abs_feat_delta= 0.377909\n"}
,{"stream_name":"stdout","time":283.529673458,"data":"SECONDARY_EDGE_TTA_ACTIVE views= 8 weight= 0.75 mean_abs_feat_delta= 0.319012\n"}
,{"stream_name":"stdout","time":283.533834685,"data":"BIOHUB_RETENTION_GUARD {\"blended_candidates\": 363, \"dataset\": \"44b6_0b24845f\", \"frame\": 11, \"minimum_retention\": 0.9, \"primary_candidates\": 432, \"retention\": 0.8402777777777778, \"use_primary\": true}\n"}
,{"stream_name":"stdout","time":283.691318976,"data":"EDGE_TTA_ACTIVE views= 8 mean_abs_feat_delta= 0.344145\n"}
,{"stream_name":"stdout","time":283.732642994,"data":"SECONDARY_EDGE_TTA_ACTIVE views= 8 weight= 0.75 mean_abs_feat_delta= 0.319012\n"}
,{"stream_name":"stdout","time":283.732677072,"data":"BIOHUB_RETENTION_GUARD {\"blended_candidates\": 363, \"dataset\": \"44b6_0b24845f\", \"frame\": 11, \"minimum_retention\": 0.9, \"primary_candidates\": 432, \"retention\": 0.8402777777777778, \"use_primary\": true}\n"}
,{"stream_name":"stdout","time":283.732683857,"data":"EDGE_TTA_ACTIVE views= 8 mean_abs_feat_delta= 0.344145\n"}
,{"stream_name":"stdout","time":284.574122326,"data":"SECONDARY_EDGE_TTA_ACTIVE views= 8 weight= 0.75 mean_abs_feat_delta= 0.251033\n"}
,{"stream_name":"stdout","time":284.615576754,"data":"EDGE_TTA_ACTIVE views= 8 mean_abs_feat_delta= 0.38012\n"}
,{"stream_name":"stdout","time":284.776885161,"data":"SECONDARY_EDGE_TTA_ACTIVE views= 8 weight= 0.75 mean_abs_feat_delta= 0.251033\n"}
,{"stream_name":"stdout","time":284.776922381,"data":"EDGE_TTA_ACTIVE views= 8 mean_abs_feat_delta= 0.38012\n"}
,{"stream_name":"stdout","time":285.500104149,"data":"SECONDARY_EDGE_TTA_ACTIVE views= 8 weight= 0.75 mean_abs_feat_delta= 0.329473\n"}
,{"stream_name":"stdout","time":285.50429931,"data":"BIOHUB_RETENTION_GUARD {\"blended_candidates\": 300, \"dataset\": \"44b6_0b24845f\", \"frame\": 12, \"minimum_retention\": 0.9, \"primary_candidates\": 337, \"retention\": 0.8902077151335311, \"use_primary\": true}\n"}
,{"stream_name":"stdout","time":285.591096,"data":"EDGE_TTA_ACTIVE views= 8 mean_abs_feat_delta= 0.343955\n"}
,{"stream_name":"stdout","time":285.702786315,"data":"SECONDARY_EDGE_TTA_ACTIVE views= 8 weight= 0.75 mean_abs_feat_delta= 0.329473\n"}
,{"stream_name":"stdout","time":285.702823029,"data":"BIOHUB_RETENTION_GUARD {\"blended_candidates\": 300, \"dataset\": \"44b6_0b24845f\", \"frame\": 12, \"minimum_retention\": 0.9, \"primary_candidates\": 337, \"retention\": 0.8902077151335311, \"use_primary\": true}\n"}
,{"stream_name":"stdout","time":285.702829546,"data":"EDGE_TTA_ACTIVE views= 8 mean_abs_feat_delta= 0.343955\n"}
,{"stream_name":"stdout","time":286.481237717,"data":"SECONDARY_EDGE_TTA_ACTIVE views= 8 weight= 0.75 mean_abs_feat_delta= 0.246416\n"}
,{"stream_name":"stdout","time":286.580906094,"data":"EDGE_TTA_ACTIVE views= 8 mean_abs_feat_delta= 0.387206\n"}
,{"stream_name":"stdout","time":286.683999206,"data":"SECONDARY_EDGE_TTA_ACTIVE views= 8 weight= 0.75 mean_abs_feat_delta= 0.246416\n"}
,{"stream_name":"stdout","time":286.684033718,"data":"EDGE_TTA_ACTIVE views= 8 mean_abs_feat_delta= 0.387206\n"}
,{"stream_name":"stdout","time":287.465931852,"data":"SECONDARY_EDGE_TTA_ACTIVE views= 8 weight= 0.75 mean_abs_feat_delta= 0.325788\n"}
,{"stream_name":"stdout","time":287.47009339,"data":"BIOHUB_RETENTION_GUARD {\"blended_candidates\": 305, \"dataset\": \"44b6_0b24845f\", \"frame\": 13, \"minimum_retention\": 0.9, \"primary_candidates\": 353, \"retention\": 0.8640226628895185, \"use_primary\": true}\n"}
,{"stream_name":"stdout","time":287.573441194,"data":"EDGE_TTA_ACTIVE views= 8 mean_abs_feat_delta= 0.339826\n"}
,{"stream_name":"stdout","time":287.668591561,"data":"SECONDARY_EDGE_TTA_ACTIVE views= 8 weight= 0.75 mean_abs_feat_delta= 0.325788\n"}
,{"stream_name":"stdout","time":287.668632942,"data":"BIOHUB_RETENTION_GUARD {\"blended_candidates\": 305, \"dataset\": \"44b6_0b24845f\", \"frame\": 13, \"minimum_retention\": 0.9, \"primary_candidates\": 353, \"retention\": 0.8640226628895185, \"use_primary\": true}\n"}
,{"stream_name":"stdout","time":287.668640818,"data":"EDGE_TTA_ACTIVE views= 8 mean_abs_feat_delta= 0.339826\n"}
,{"stream_name":"stdout","time":288.467410139,"data":"SECONDARY_EDGE_TTA_ACTIVE views= 8 weight= 0.75 mean_abs_feat_delta= 0.24723\n"}
,{"stream_name":"stdout","time":288.542108324,"data":"EDGE_TTA_ACTIVE views= 8 mean_abs_feat_delta= 0.385922\n"}
,{"stream_name":"stdout","time":288.669470256,"data":"SECONDARY_EDGE_TTA_ACTIVE views= 8 weight= 0.75 mean_abs_feat_delta= 0.24723\n"}
,{"stream_name":"stdout","time":288.669563264,"data":"EDGE_TTA_ACTIVE views= 8 mean_abs_feat_delta= 0.385922\n"}
,{"stream_name":"stdout","time":289.426762375,"data":"SECONDARY_EDGE_TTA_ACTIVE views= 8 weight= 0.75 mean_abs_feat_delta= 0.321221\n"}
,{"stream_name":"stdout","time":289.430719572,"data":"BIOHUB_RETENTION_GUARD {\"blended_candidates\": 309, \"dataset\": \"44b6_0b24845f\", \"frame\": 14, \"minimum_retention\": 0.9, \"primary_candidates\": 351, \"retention\": 0.8803418803418803, \"use_primary\": true}\n"}
,{"stream_name":"stdout","time":289.561444492,"data":"EDGE_TTA_ACTIVE views= 8 mean_abs_feat_delta= 0.340195\n"}
,{"stream_name":"stdout","time":289.629622567,"data":"SECONDARY_EDGE_TTA_ACTIVE views= 8 weight= 0.75 mean_abs_feat_delta= 0.321221\n"}
,{"stream_name":"stdout","time":289.629667459,"data":"BIOHUB_RETENTION_GUARD {\"blended_candidates\": 309, \"dataset\": \"44b6_0b24845f\", \"frame\": 14, \"minimum_retention\": 0.9, \"primary_candidates\": 351, \"retention\": 0.8803418803418803, \"use_primary\": true}\n"}
,{"stream_name":"stdout","time":289.629672881,"data":"EDGE_TTA_ACTIVE views= 8 mean_abs_feat_delta= 0.340195\n"}
,{"stream_name":"stdout","time":290.477069102,"data":"SECONDARY_EDGE_TTA_ACTIVE views= 8 weight= 0.75 mean_abs_feat_delta= 0.248395\n"}
,{"stream_name":"stdout","time":290.481191857,"data":"EDGE_TTA_ACTIVE views= 8 mean_abs_feat_delta= 0.383421\n"}
,{"stream_name":"stdout","time":290.680551458,"data":"SECONDARY_EDGE_TTA_ACTIVE views= 8 weight= 0.75 mean_abs_feat_delta= 0.248395\n"}
,{"stream_name":"stdout","time":290.680590598,"data":"EDGE_TTA_ACTIVE views= 8 mean_abs_feat_delta= 0.383421\n"}
,{"stream_name":"stdout","time":291.371053697,"data":"SECONDARY_EDGE_TTA_ACTIVE views= 8 weight= 0.75 mean_abs_feat_delta= 0.315824\n"}
,{"stream_name":"stdout","time":291.50830384,"data":"EDGE_TTA_ACTIVE views= 8 mean_abs_feat_delta= 0.334676\n"}
,{"stream_name":"stdout","time":291.573563066,"data":"SECONDARY_EDGE_TTA_ACTIVE views= 8 weight= 0.75 mean_abs_feat_delta= 0.315824\n"}
,{"stream_name":"stdout","time":291.573599221,"data":"EDGE_TTA_ACTIVE views= 8 mean_abs_feat_delta= 0.334676\n"}
,{"stream_name":"stdout","time":292.407586764,"data":"SECONDARY_EDGE_TTA_ACTIVE views= 8 weight= 0.75 mean_abs_feat_delta= 0.24312\n"}
,{"stream_name":"stdout","time":292.475291466,"data":"EDGE_TTA_ACTIVE views= 8 mean_abs_feat_delta= 0.389792\n"}
,{"stream_name":"stdout","time":292.611508432,"data":"SECONDARY_EDGE_TTA_ACTIVE views= 8 weight= 0.75 mean_abs_feat_delta= 0.24312\n"}
,{"stream_name":"stdout","time":292.611550652,"data":"EDGE_TTA_ACTIVE views= 8 mean_abs_feat_delta= 0.389792\n"}
,{"stream_name":"stdout","time":293.368349168,"data":"SECONDARY_EDGE_TTA_ACTIVE views= 8 weight= 0.75 mean_abs_feat_delta= 0.310347\n"}
,{"stream_name":"stdout","time":293.474567943,"data":"EDGE_TTA_ACTIVE views= 8 mean_abs_feat_delta= 0.337047\n"}
,{"stream_name":"stdout","time":293.570780924,"data":"SECONDARY_EDGE_TTA_ACTIVE views= 8 weight= 0.75 mean_abs_feat_delta= 0.310347\n"}
,{"stream_name":"stdout","time":293.570821235,"data":"EDGE_TTA_ACTIVE views= 8 mean_abs_feat_delta= 0.337047\n"}
,{"stream_name":"stdout","time":294.378922432,"data":"SECONDARY_EDGE_TTA_ACTIVE views= 8 weight= 0.75 mean_abs_feat_delta= 0.246315\n"}
,{"stream_name":"stdout","time":294.423011854,"data":"EDGE_TTA_ACTIVE views= 8 mean_abs_feat_delta= 0.392596\n"}
,{"stream_name":"stdout","time":294.581711033,"data":"SECONDARY_EDGE_TTA_ACTIVE views= 8 weight= 0.75 mean_abs_feat_delta= 0.246315\n"}
,{"stream_name":"stdout","time":294.58174581,"data":"EDGE_TTA_ACTIVE views= 8 mean_abs_feat_delta= 0.392596\n"}
,{"stream_name":"stdout","time":295.31548867,"data":"SECONDARY_EDGE_TTA_ACTIVE views= 8 weight= 0.75 mean_abs_feat_delta= 0.312375\n"}
,{"stream_name":"stdout","time":295.319770195,"data":"BIOHUB_RETENTION_GUARD {\"blended_candidates\": 318, \"dataset\": \"44b6_0b24845f\", \"frame\": 17, \"minimum_retention\": 0.9, \"primary_candidates\": 355, \"retention\": 0.895774647887324, \"use_primary\": true}\n"}
,{"stream_name":"stdout","time":295.474119397,"data":"EDGE_TTA_ACTIVE views= 8 mean_abs_feat_delta= 0.331493\n"}
,{"stream_name":"stdout","time":295.517951672,"data":"SECONDARY_EDGE_TTA_ACTIVE views= 8 weight= 0.75 mean_abs_feat_delta= 0.312375\n"}
,{"stream_name":"stdout","time":295.51802616,"data":"BIOHUB_RETENTION_GUARD {\"blended_candidates\": 318, \"dataset\": \"44b6_0b24845f\", \"frame\": 17, \"minimum_retention\": 0.9, \"primary_candidates\": 355, \"retention\": 0.895774647887324, \"use_primary\": true}\n"}
,{"stream_name":"stdout","time":295.518034462,"data":"EDGE_TTA_ACTIVE views= 8 mean_abs_feat_delta= 0.331493\n"}
,{"stream_name":"stdout","time":296.380675328,"data":"SECONDARY_EDGE_TTA_ACTIVE views= 8 weight= 0.75 mean_abs_feat_delta= 0.247721\n"}
,{"stream_name":"stdout","time":296.407895211,"data":"EDGE_TTA_ACTIVE views= 8 mean_abs_feat_delta= 0.387526\n"}
,{"stream_name":"stdout","time":296.583507118,"data":"SECONDARY_EDGE_TTA_ACTIVE views= 8 weight= 0.75 mean_abs_feat_delta= 0.247721\n"}
,{"stream_name":"stdout","time":296.583543099,"data":"EDGE_TTA_ACTIVE views= 8 mean_abs_feat_delta= 0.387526\n"}
,{"stream_name":"stdout","time":297.29476711,"data":"SECONDARY_EDGE_TTA_ACTIVE views= 8 weight= 0.75 mean_abs_feat_delta= 0.303381\n"}
,{"stream_name":"stdout","time":297.477012886,"data":"EDGE_TTA_ACTIVE views= 8 mean_abs_feat_delta= 0.334496\n"}
,{"stream_name":"stdout","time":297.497735029,"data":"SECONDARY_EDGE_TTA_ACTIVE views= 8 weight= 0.75 mean_abs_feat_delta= 0.303381\n"}
,{"stream_name":"stdout","time":297.497813532,"data":"EDGE_TTA_ACTIVE views= 8 mean_abs_feat_delta= 0.334496\n"}
,{"stream_name":"stdout","time":298.381409865,"data":"EDGE_TTA_ACTIVE views= 8 mean_abs_feat_delta= 0.377737\n"}
,{"stream_name":"stdout","time":298.388052113,"data":"SECONDARY_EDGE_TTA_ACTIVE views= 8 weight= 0.75 mean_abs_feat_delta= 0.250731\n"}
,{"stream_name":"stdout","time":298.583831386,"data":"EDGE_TTA_ACTIVE views= 8 mean_abs_feat_delta= 0.377737\n"}
,{"stream_name":"stdout","time":298.583880372,"data":"SECONDARY_EDGE_TTA_ACTIVE views= 8 weight= 0.75 mean_abs_feat_delta= 0.250731\n"}
,{"stream_name":"stdout","time":299.281805998,"data":"SECONDARY_EDGE_TTA_ACTIVE views= 8 weight= 0.75 mean_abs_feat_delta= 0.304837\n"}
,{"stream_name":"stdout","time":299.487008417,"data":"SECONDARY_EDGE_TTA_ACTIVE views= 8 weight= 0.75 mean_abs_feat_delta= 0.304837\n"}
,{"stream_name":"stdout","time":299.490254703,"data":"EDGE_TTA_ACTIVE views= 8 mean_abs_feat_delta= 0.337082\n"}
,{"stream_name":"stdout","time":299.692433099,"data":"EDGE_TTA_ACTIVE views= 8 mean_abs_feat_delta= 0.337082\n"}
,{"stream_name":"stdout","time":300.363324399,"data":"EDGE_TTA_ACTIVE views= 8 mean_abs_feat_delta= 0.376176\n"}
,{"stream_name":"stdout","time":300.405094493,"data":"SECONDARY_EDGE_TTA_ACTIVE views= 8 weight= 0.75 mean_abs_feat_delta= 0.251546\n"}
,{"stream_name":"stdout","time":300.565355608,"data":"EDGE_TTA_ACTIVE views= 8 mean_abs_feat_delta= 0.376176\n"}
,{"stream_name":"stdout","time":300.565393828,"data":"SECONDARY_EDGE_TTA_ACTIVE views= 8 weight= 0.75 mean_abs_feat_delta= 0.251546\n"}
,{"stream_name":"stdout","time":301.263065427,"data":"SECONDARY_EDGE_TTA_ACTIVE views= 8 weight= 0.75 mean_abs_feat_delta= 0.308386\n"}
,{"stream_name":"stdout","time":301.267252113,"data":"BIOHUB_RETENTION_GUARD {\"blended_candidates\": 279, \"dataset\": \"44b6_0b24845f\", \"frame\": 20, \"minimum_retention\": 0.9, \"primary_candidates\": 320, \"retention\": 0.871875, \"use_primary\": true}\n"}
,{"stream_name":"stdout","time":301.46746612,"data":"SECONDARY_EDGE_TTA_ACTIVE views= 8 weight= 0.75 mean_abs_feat_delta= 0.308386\n"}
,{"stream_name":"stdout","time":301.467504927,"data":"BIOHUB_RETENTION_GUARD {\"blended_candidates\": 279, \"dataset\": \"44b6_0b24845f\", \"frame\": 20, \"minimum_retention\": 0.9, \"primary_candidates\": 320, \"retention\": 0.871875, \"use_primary\": true}\n"}
,{"stream_name":"stdout","time":301.47956804,"data":"EDGE_TTA_ACTIVE views= 8 mean_abs_feat_delta= 0.332993\n"}
,{"stream_name":"stdout","time":301.682460046,"data":"EDGE_TTA_ACTIVE views= 8 mean_abs_feat_delta= 0.332993\n"}
,{"stream_name":"stdout","time":302.347112056,"data":"EDGE_TTA_ACTIVE views= 8 mean_abs_feat_delta= 0.374378\n"}
,{"stream_name":"stdout","time":302.398191216,"data":"SECONDARY_EDGE_TTA_ACTIVE views= 8 weight= 0.75 mean_abs_feat_delta= 0.243961\n"}
,{"stream_name":"stdout","time":302.54973449,"data":"EDGE_TTA_ACTIVE views= 8 mean_abs_feat_delta= 0.374378\n"}
,{"stream_name":"stdout","time":302.549777499,"data":"SECONDARY_EDGE_TTA_ACTIVE views= 8 weight= 0.75 mean_abs_feat_delta= 0.243961\n"}
,{"stream_name":"stdout","time":303.250243855,"data":"SECONDARY_EDGE_TTA_ACTIVE views= 8 weight= 0.75 mean_abs_feat_delta= 0.308855\n"}
,{"stream_name":"stdout","time":303.254514598,"data":"BIOHUB_RETENTION_GUARD {\"blended_candidates\": 253, \"dataset\": \"44b6_0b24845f\", \"frame\": 21, \"minimum_retention\": 0.9, \"primary_candidates\": 303, \"retention\": 0.834983498349835, \"use_primary\": true}\n"}
,{"stream_name":"stdout","time":303.452952556,"data":"SECONDARY_EDGE_TTA_ACTIVE views= 8 weight= 0.75 mean_abs_feat_delta= 0.308855\n"}
,{"stream_name":"stdout","time":303.452989843,"data":"BIOHUB_RETENTION_GUARD {\"blended_candidates\": 253, \"dataset\": \"44b6_0b24845f\", \"frame\": 21, \"minimum_retention\": 0.9, \"primary_candidates\": 303, \"retention\": 0.834983498349835, \"use_primary\": true}\n"}
,{"stream_name":"stdout","time":303.534318096,"data":"EDGE_TTA_ACTIVE views= 8 mean_abs_feat_delta= 0.333975\n"}
,{"stream_name":"stdout","time":303.737101908,"data":"EDGE_TTA_ACTIVE views= 8 mean_abs_feat_delta= 0.333975\n"}
,{"stream_name":"stdout","time":304.28043636,"data":"EDGE_TTA_ACTIVE views= 8 mean_abs_feat_delta= 0.375547\n"}
,{"stream_name":"stdout","time":304.453745491,"data":"SECONDARY_EDGE_TTA_ACTIVE views= 8 weight= 0.75 mean_abs_feat_delta= 0.246515\n"}
,{"stream_name":"stdout","time":304.4834036,"data":"EDGE_TTA_ACTIVE views= 8 mean_abs_feat_delta= 0.375547\n"}
,{"stream_name":"stdout","time":304.483449379,"data":"SECONDARY_EDGE_TTA_ACTIVE views= 8 weight= 0.75 mean_abs_feat_delta= 0.246515\n"}
,{"stream_name":"stdout","time":305.186137555,"data":"SECONDARY_EDGE_TTA_ACTIVE views= 8 weight= 0.75 mean_abs_feat_delta= 0.304234\n"}
,{"stream_name":"stdout","time":305.388794398,"data":"SECONDARY_EDGE_TTA_ACTIVE views= 8 weight= 0.75 mean_abs_feat_delta= 0.304234\n"}
,{"stream_name":"stdout","time":305.622647667,"data":"EDGE_TTA_ACTIVE views= 8 mean_abs_feat_delta= 0.333691\n"}
,{"stream_name":"stdout","time":305.825444833,"data":"EDGE_TTA_ACTIVE views= 8 mean_abs_feat_delta= 0.333691\n"}
,{"stream_name":"stdout","time":306.327272713,"data":"EDGE_TTA_ACTIVE views= 8 mean_abs_feat_delta= 0.37902\n"}
,{"stream_name":"stdout","time":306.530128091,"data":"EDGE_TTA_ACTIVE views= 8 mean_abs_feat_delta= 0.37902\n"}
,{"stream_name":"stdout","time":306.555117718,"data":"SECONDARY_EDGE_TTA_ACTIVE views= 8 weight= 0.75 mean_abs_feat_delta= 0.246702\n"}
,{"stream_name":"stdout","time":306.758133061,"data":"SECONDARY_EDGE_TTA_ACTIVE views= 8 weight= 0.75 mean_abs_feat_delta= 0.246702\n"}
,{"stream_name":"stdout","time":307.235138728,"data":"SECONDARY_EDGE_TTA_ACTIVE views= 8 weight= 0.75 mean_abs_feat_delta= 0.302135\n"}
,{"stream_name":"stdout","time":307.437949394,"data":"SECONDARY_EDGE_TTA_ACTIVE views= 8 weight= 0.75 mean_abs_feat_delta= 0.302135\n"}
,{"stream_name":"stdout","time":307.636506171,"data":"EDGE_TTA_ACTIVE views= 8 mean_abs_feat_delta= 0.340087\n"}
,{"stream_name":"stdout","time":307.83935054,"data":"EDGE_TTA_ACTIVE views= 8 mean_abs_feat_delta= 0.340087\n"}
,{"stream_name":"stdout","time":308.380647417,"data":"EDGE_TTA_ACTIVE views= 8 mean_abs_feat_delta= 0.379344\n"}
,{"stream_name":"stdout","time":308.549964983,"data":"SECONDARY_EDGE_TTA_ACTIVE views= 8 weight= 0.75 mean_abs_feat_delta= 0.244351\n"}
,{"stream_name":"stdout","time":308.58381181,"data":"EDGE_TTA_ACTIVE views= 8 mean_abs_feat_delta= 0.379344\n"}
,{"stream_name":"stdout","time":308.583848432,"data":"SECONDARY_EDGE_TTA_ACTIVE views= 8 weight= 0.75 mean_abs_feat_delta= 0.244351\n"}
,{"stream_name":"stdout","time":309.293214285,"data":"SECONDARY_EDGE_TTA_ACTIVE views= 8 weight= 0.75 mean_abs_feat_delta= 0.307807\n"}
,{"stream_name":"stdout","time":309.297364576,"data":"BIOHUB_RETENTION_GUARD {\"blended_candidates\": 253, \"dataset\": \"44b6_0b24845f\", \"frame\": 24, \"minimum_retention\": 0.9, \"primary_candidates\": 294, \"retention\": 0.8605442176870748, \"use_primary\": true}\n"}
,{"stream_name":"stdout","time":309.496017033,"data":"SECONDARY_EDGE_TTA_ACTIVE views= 8 weight= 0.75 mean_abs_feat_delta= 0.307807\n"}
,{"stream_name":"stdout","time":309.49606262,"data":"BIOHUB_RETENTION_GUARD {\"blended_candidates\": 253, \"dataset\": \"44b6_0b24845f\", \"frame\": 24, \"minimum_retention\": 0.9, \"primary_candidates\": 294, \"retention\": 0.8605442176870748, \"use_primary\": true}\n"}
,{"stream_name":"stdout","time":309.601780512,"data":"EDGE_TTA_ACTIVE views= 8 mean_abs_feat_delta= 0.339658\n"}
,{"stream_name":"stdout","time":309.804520715,"data":"EDGE_TTA_ACTIVE views= 8 mean_abs_feat_delta= 0.339658\n"}
,{"stream_name":"stdout","time":310.355738363,"data":"EDGE_TTA_ACTIVE views= 8 mean_abs_feat_delta= 0.381374\n"}
,{"stream_name":"stdout","time":310.528780498,"data":"SECONDARY_EDGE_TTA_ACTIVE views= 8 weight= 0.75 mean_abs_feat_delta= 0.245794\n"}
,{"stream_name":"stdout","time":310.558592898,"data":"EDGE_TTA_ACTIVE views= 8 mean_abs_feat_delta= 0.381374\n"}
,{"stream_name":"stdout","time":310.558627671,"data":"SECONDARY_EDGE_TTA_ACTIVE views= 8 weight= 0.75 mean_abs_feat_delta= 0.245794\n"}
,{"stream_name":"stdout","time":311.272107635,"data":"SECONDARY_EDGE_TTA_ACTIVE views= 8 weight= 0.75 mean_abs_feat_delta= 0.306042\n"}
,{"stream_name":"stdout","time":311.475063182,"data":"SECONDARY_EDGE_TTA_ACTIVE views= 8 weight= 0.75 mean_abs_feat_delta= 0.306042\n"}
,{"stream_name":"stdout","time":311.648955117,"data":"EDGE_TTA_ACTIVE views= 8 mean_abs_feat_delta= 0.334859\n"}
,{"stream_name":"stdout","time":311.869519317,"data":"EDGE_TTA_ACTIVE views= 8 mean_abs_feat_delta= 0.334859\n"}
,{"stream_name":"stdout","time":312.395678589,"data":"EDGE_TTA_ACTIVE views= 8 mean_abs_feat_delta= 0.387782\n"}
,{"stream_name":"stdout","time":312.578415329,"data":"SECONDARY_EDGE_TTA_ACTIVE views= 8 weight= 0.75 mean_abs_feat_delta= 0.245053\n"}
,{"stream_name":"stdout","time":312.598857967,"data":"EDGE_TTA_ACTIVE views= 8 mean_abs_feat_delta= 0.387782\n"}
,{"stream_name":"stdout","time":312.598923143,"data":"SECONDARY_EDGE_TTA_ACTIVE views= 8 weight= 0.75 mean_abs_feat_delta= 0.245053\n"}
,{"stream_name":"stdout","time":313.310411089,"data":"SECONDARY_EDGE_TTA_ACTIVE views= 8 weight= 0.75 mean_abs_feat_delta= 0.309633\n"}
,{"stream_name":"stdout","time":313.512825596,"data":"SECONDARY_EDGE_TTA_ACTIVE views= 8 weight= 0.75 mean_abs_feat_delta= 0.309633\n"}
,{"stream_name":"stdout","time":313.701018137,"data":"EDGE_TTA_ACTIVE views= 8 mean_abs_feat_delta= 0.338035\n"}
,{"stream_name":"stdout","time":313.903921376,"data":"EDGE_TTA_ACTIVE views= 8 mean_abs_feat_delta= 0.338035\n"}
,{"stream_name":"stdout","time":314.484075593,"data":"EDGE_TTA_ACTIVE views= 8 mean_abs_feat_delta= 0.392278\n"}
,{"stream_name":"stdout","time":314.631016135,"data":"SECONDARY_EDGE_TTA_ACTIVE views= 8 weight= 0.75 mean_abs_feat_delta= 0.240094\n"}
,{"stream_name":"stdout","time":314.686780006,"data":"EDGE_TTA_ACTIVE views= 8 mean_abs_feat_delta= 0.392278\n"}
,{"stream_name":"stdout","time":314.686818013,"data":"SECONDARY_EDGE_TTA_ACTIVE views= 8 weight= 0.75 mean_abs_feat_delta= 0.240094\n"}
,{"stream_name":"stdout","time":315.403279094,"data":"SECONDARY_EDGE_TTA_ACTIVE views= 8 weight= 0.75 mean_abs_feat_delta= 0.315204\n"}
,{"stream_name":"stdout","time":315.605592173,"data":"SECONDARY_EDGE_TTA_ACTIVE views= 8 weight= 0.75 mean_abs_feat_delta= 0.315204\n"}
,{"stream_name":"stdout","time":315.719989806,"data":"EDGE_TTA_ACTIVE views= 8 mean_abs_feat_delta= 0.341059\n"}
,{"stream_name":"stdout","time":315.923026725,"data":"EDGE_TTA_ACTIVE views= 8 mean_abs_feat_delta= 0.341059\n"}
,{"stream_name":"stdout","time":316.526233762,"data":"EDGE_TTA_ACTIVE views= 8 mean_abs_feat_delta= 0.386375\n"}
,{"stream_name":"stdout","time":316.655673458,"data":"SECONDARY_EDGE_TTA_ACTIVE views= 8 weight= 0.75 mean_abs_feat_delta= 0.242053\n"}
,{"stream_name":"stdout","time":316.729094977,"data":"EDGE_TTA_ACTIVE views= 8 mean_abs_feat_delta= 0.386375\n"}
,{"stream_name":"stdout","time":316.729131573,"data":"SECONDARY_EDGE_TTA_ACTIVE views= 8 weight= 0.75 mean_abs_feat_delta= 0.242053\n"}
,{"stream_name":"stdout","time":317.445835695,"data":"SECONDARY_EDGE_TTA_ACTIVE views= 8 weight= 0.75 mean_abs_feat_delta= 0.317138\n"}
,{"stream_name":"stdout","time":317.648542428,"data":"SECONDARY_EDGE_TTA_ACTIVE views= 8 weight= 0.75 mean_abs_feat_delta= 0.317138\n"}
,{"stream_name":"stdout","time":317.812498665,"data":"EDGE_TTA_ACTIVE views= 8 mean_abs_feat_delta= 0.335914\n"}
,{"stream_name":"stdout","time":318.015148628,"data":"EDGE_TTA_ACTIVE views= 8 mean_abs_feat_delta= 0.335914\n"}
,{"stream_name":"stdout","time":318.518272169,"data":"EDGE_TTA_ACTIVE views= 8 mean_abs_feat_delta= 0.388311\n"}
,{"stream_name":"stdout","time":318.720828579,"data":"EDGE_TTA_ACTIVE views= 8 mean_abs_feat_delta= 0.388311\n"}
,{"stream_name":"stdout","time":318.752283699,"data":"SECONDARY_EDGE_TTA_ACTIVE views= 8 weight= 0.75 mean_abs_feat_delta= 0.24398\n"}
,{"stream_name":"stdout","time":318.955039507,"data":"SECONDARY_EDGE_TTA_ACTIVE views= 8 weight= 0.75 mean_abs_feat_delta= 0.24398\n"}
,{"stream_name":"stdout","time":319.45017053,"data":"SECONDARY_EDGE_TTA_ACTIVE views= 8 weight= 0.75 mean_abs_feat_delta= 0.310174\n"}
,{"stream_name":"stdout","time":319.652905188,"data":"SECONDARY_EDGE_TTA_ACTIVE views= 8 weight= 0.75 mean_abs_feat_delta= 0.310174\n"}
,{"stream_name":"stdout","time":319.827947411,"data":"EDGE_TTA_ACTIVE views= 8 mean_abs_feat_delta= 0.340438\n"}
,{"stream_name":"stdout","time":320.030932398,"data":"EDGE_TTA_ACTIVE views= 8 mean_abs_feat_delta= 0.340438\n"}
,{"stream_name":"stdout","time":320.561490446,"data":"EDGE_TTA_ACTIVE views= 8 mean_abs_feat_delta= 0.38624\n"}
,{"stream_name":"stdout","time":320.764239919,"data":"EDGE_TTA_ACTIVE views= 8 mean_abs_feat_delta= 0.38624\n"}
,{"stream_name":"stdout","time":320.770955516,"data":"SECONDARY_EDGE_TTA_ACTIVE views= 8 weight= 0.75 mean_abs_feat_delta= 0.248379\n"}
,{"stream_name":"stdout","time":320.973336784,"data":"SECONDARY_EDGE_TTA_ACTIVE views= 8 weight= 0.75 mean_abs_feat_delta= 0.248379\n"}
,{"stream_name":"stdout","time":321.489151889,"data":"SECONDARY_EDGE_TTA_ACTIVE views= 8 weight= 0.75 mean_abs_feat_delta= 0.309339\n"}
,{"stream_name":"stdout","time":321.691936553,"data":"SECONDARY_EDGE_TTA_ACTIVE views= 8 weight= 0.75 mean_abs_feat_delta= 0.309339\n"}
,{"stream_name":"stdout","time":321.912071553,"data":"EDGE_TTA_ACTIVE views= 8 mean_abs_feat_delta= 0.340111\n"}
,{"stream_name":"stdout","time":322.114704635,"data":"EDGE_TTA_ACTIVE views= 8 mean_abs_feat_delta= 0.340111\n"}
,{"stream_name":"stdout","time":322.599895668,"data":"EDGE_TTA_ACTIVE views= 8 mean_abs_feat_delta= 0.380777\n"}
,{"stream_name":"stdout","time":322.802473399,"data":"EDGE_TTA_ACTIVE views= 8 mean_abs_feat_delta= 0.380777\n"}
,{"stream_name":"stdout","time":322.859668434,"data":"SECONDARY_EDGE_TTA_ACTIVE views= 8 weight= 0.75 mean_abs_feat_delta= 0.259718\n"}
,{"stream_name":"stdout","time":323.062125209,"data":"SECONDARY_EDGE_TTA_ACTIVE views= 8 weight= 0.75 mean_abs_feat_delta= 0.259718\n"}
,{"stream_name":"stdout","time":323.533671041,"data":"SECONDARY_EDGE_TTA_ACTIVE views= 8 weight= 0.75 mean_abs_feat_delta= 0.312704\n"}
,{"stream_name":"stdout","time":323.736488698,"data":"SECONDARY_EDGE_TTA_ACTIVE views= 8 weight= 0.75 mean_abs_feat_delta= 0.312704\n"}
,{"stream_name":"stdout","time":323.969537266,"data":"EDGE_TTA_ACTIVE views= 8 mean_abs_feat_delta= 0.339818\n"}
,{"stream_name":"stdout","time":324.172080724,"data":"EDGE_TTA_ACTIVE views= 8 mean_abs_feat_delta= 0.339818\n"}
,{"stream_name":"stdout","time":324.643341453,"data":"EDGE_TTA_ACTIVE views= 8 mean_abs_feat_delta= 0.382883\n"}
,{"stream_name":"stdout","time":324.846272151,"data":"EDGE_TTA_ACTIVE views= 8 mean_abs_feat_delta= 0.382883\n"}
,{"stream_name":"stdout","time":324.921210878,"data":"SECONDARY_EDGE_TTA_ACTIVE views= 8 weight= 0.75 mean_abs_feat_delta= 0.259636\n"}
,{"stream_name":"stdout","time":325.124091724,"data":"SECONDARY_EDGE_TTA_ACTIVE views= 8 weight= 0.75 mean_abs_feat_delta= 0.259636\n"}
,{"stream_name":"stdout","time":325.578949978,"data":"SECONDARY_EDGE_TTA_ACTIVE views= 8 weight= 0.75 mean_abs_feat_delta= 0.310785\n"}
,{"stream_name":"stdout","time":325.583223899,"data":"BIOHUB_RETENTION_GUARD {\"blended_candidates\": 242, \"dataset\": \"44b6_0b24845f\", \"frame\": 32, \"minimum_retention\": 0.9, \"primary_candidates\": 283, \"retention\": 0.8551236749116607, \"use_primary\": true}\n"}
,{"stream_name":"stdout","time":325.781783535,"data":"SECONDARY_EDGE_TTA_ACTIVE views= 8 weight= 0.75 mean_abs_feat_delta= 0.310785\n"}
,{"stream_name":"stdout","time":325.78182172,"data":"BIOHUB_RETENTION_GUARD {\"blended_candidates\": 242, \"dataset\": \"44b6_0b24845f\", \"frame\": 32, \"minimum_retention\": 0.9, \"primary_candidates\": 283, \"retention\": 0.8551236749116607, \"use_primary\": true}\n"}
,{"stream_name":"stdout","time":326.006110925,"data":"EDGE_TTA_ACTIVE views= 8 mean_abs_feat_delta= 0.347364\n"}
,{"stream_name":"stdout","time":326.209001511,"data":"EDGE_TTA_ACTIVE views= 8 mean_abs_feat_delta= 0.347364\n"}
,{"stream_name":"stdout","time":326.634635925,"data":"EDGE_TTA_ACTIVE views= 8 mean_abs_feat_delta= 0.386914\n"}
,{"stream_name":"stdout","time":326.837370066,"data":"EDGE_TTA_ACTIVE views= 8 mean_abs_feat_delta= 0.386914\n"}
,{"stream_name":"stdout","time":326.960856218,"data":"SECONDARY_EDGE_TTA_ACTIVE views= 8 weight= 0.75 mean_abs_feat_delta= 0.259906\n"}
,{"stream_name":"stdout","time":327.16348792,"data":"SECONDARY_EDGE_TTA_ACTIVE views= 8 weight= 0.75 mean_abs_feat_delta= 0.259906\n"}
,{"stream_name":"stdout","time":327.571480877,"data":"SECONDARY_EDGE_TTA_ACTIVE views= 8 weight= 0.75 mean_abs_feat_delta= 0.309311\n"}
,{"stream_name":"stdout","time":327.57583919,"data":"BIOHUB_RETENTION_GUARD {\"blended_candidates\": 237, \"dataset\": \"44b6_0b24845f\", \"frame\": 33, \"minimum_retention\": 0.9, \"primary_candidates\": 269, \"retention\": 0.8810408921933085, \"use_primary\": true}\n"}
,{"stream_name":"stdout","time":327.774201256,"data":"SECONDARY_EDGE_TTA_ACTIVE views= 8 weight= 0.75 mean_abs_feat_delta= 0.309311\n"}
,{"stream_name":"stdout","time":327.774238007,"data":"BIOHUB_RETENTION_GUARD {\"blended_candidates\": 237, \"dataset\": \"44b6_0b24845f\", \"frame\": 33, \"minimum_retention\": 0.9, \"primary_candidates\": 269, \"retention\": 0.8810408921933085, \"use_primary\": true}\n"}
,{"stream_name":"stdout","time":328.140223583,"data":"EDGE_TTA_ACTIVE views= 8 mean_abs_feat_delta= 0.343511\n"}
,{"stream_name":"stdout","time":328.343004767,"data":"EDGE_TTA_ACTIVE views= 8 mean_abs_feat_delta= 0.343511\n"}
,{"stream_name":"stdout","time":328.652409141,"data":"EDGE_TTA_ACTIVE views= 8 mean_abs_feat_delta= 0.386181\n"}
,{"stream_name":"stdout","time":328.855304788,"data":"EDGE_TTA_ACTIVE views= 8 mean_abs_feat_delta= 0.386181\n"}
,{"stream_name":"stdout","time":329.098022062,"data":"SECONDARY_EDGE_TTA_ACTIVE views= 8 weight= 0.75 mean_abs_feat_delta= 0.257674\n"}
,{"stream_name":"stdout","time":329.300804262,"data":"SECONDARY_EDGE_TTA_ACTIVE views= 8 weight= 0.75 mean_abs_feat_delta= 0.257674\n"}
,{"stream_name":"stdout","time":329.591997727,"data":"SECONDARY_EDGE_TTA_ACTIVE views= 8 weight= 0.75 mean_abs_feat_delta= 0.30217\n"}
,{"stream_name":"stdout","time":329.794710564,"data":"SECONDARY_EDGE_TTA_ACTIVE views= 8 weight= 0.75 mean_abs_feat_delta= 0.30217\n"}
,{"stream_name":"stdout","time":330.281774593,"data":"EDGE_TTA_ACTIVE views= 8 mean_abs_feat_delta= 0.337737\n"}
,{"stream_name":"stdout","time":330.484470955,"data":"EDGE_TTA_ACTIVE views= 8 mean_abs_feat_delta= 0.337737\n"}
,{"stream_name":"stdout","time":330.799150132,"data":"EDGE_TTA_ACTIVE views= 8 mean_abs_feat_delta= 0.38443\n"}
,{"stream_name":"stdout","time":331.001820032,"data":"EDGE_TTA_ACTIVE views= 8 mean_abs_feat_delta= 0.38443\n"}
,{"stream_name":"stdout","time":331.264821739,"data":"SECONDARY_EDGE_TTA_ACTIVE views= 8 weight= 0.75 mean_abs_feat_delta= 0.2569\n"}
,{"stream_name":"stdout","time":331.467360882,"data":"SECONDARY_EDGE_TTA_ACTIVE views= 8 weight= 0.75 mean_abs_feat_delta= 0.2569\n"}
,{"stream_name":"stdout","time":331.744503971,"data":"SECONDARY_EDGE_TTA_ACTIVE views= 8 weight= 0.75 mean_abs_feat_delta= 0.301884\n"}
,{"stream_name":"stdout","time":331.94707987,"data":"SECONDARY_EDGE_TTA_ACTIVE views= 8 weight= 0.75 mean_abs_feat_delta= 0.301884\n"}
,{"stream_name":"stdout","time":332.424677343,"data":"EDGE_TTA_ACTIVE views= 8 mean_abs_feat_delta= 0.335524\n"}
,{"stream_name":"stdout","time":332.627602078,"data":"EDGE_TTA_ACTIVE views= 8 mean_abs_feat_delta= 0.335524\n"}
,{"stream_name":"stdout","time":332.895779697,"data":"EDGE_TTA_ACTIVE views= 8 mean_abs_feat_delta= 0.394205\n"}
,{"stream_name":"stdout","time":333.098805565,"data":"EDGE_TTA_ACTIVE views= 8 mean_abs_feat_delta= 0.394205\n"}
,{"stream_name":"stdout","time":333.381927723,"data":"SECONDARY_EDGE_TTA_ACTIVE views= 8 weight= 0.75 mean_abs_feat_delta= 0.256587\n"}
,{"stream_name":"stdout","time":333.584253226,"data":"SECONDARY_EDGE_TTA_ACTIVE views= 8 weight= 0.75 mean_abs_feat_delta= 0.256587\n"}
,{"stream_name":"stdout","time":333.842798405,"data":"SECONDARY_EDGE_TTA_ACTIVE views= 8 weight= 0.75 mean_abs_feat_delta= 0.30942\n"}
,{"stream_name":"stdout","time":334.045001049,"data":"SECONDARY_EDGE_TTA_ACTIVE views= 8 weight= 0.75 mean_abs_feat_delta= 0.30942\n"}
,{"stream_name":"stdout","time":334.591967119,"data":"EDGE_TTA_ACTIVE views= 8 mean_abs_feat_delta= 0.332806\n"}
,{"stream_name":"stdout","time":334.79497594,"data":"EDGE_TTA_ACTIVE views= 8 mean_abs_feat_delta= 0.332806\n"}
,{"stream_name":"stdout","time":335.066587903,"data":"EDGE_TTA_ACTIVE views= 8 mean_abs_feat_delta= 0.388321\n"}
,{"stream_name":"stdout","time":335.269328207,"data":"EDGE_TTA_ACTIVE views= 8 mean_abs_feat_delta= 0.388321\n"}
,{"stream_name":"stdout","time":335.554574458,"data":"SECONDARY_EDGE_TTA_ACTIVE views= 8 weight= 0.75 mean_abs_feat_delta= 0.256741\n"}
,{"stream_name":"stdout","time":335.75718267,"data":"SECONDARY_EDGE_TTA_ACTIVE views= 8 weight= 0.75 mean_abs_feat_delta= 0.256741\n"}
,{"stream_name":"stdout","time":336.016312436,"data":"SECONDARY_EDGE_TTA_ACTIVE views= 8 weight= 0.75 mean_abs_feat_delta= 0.30799\n"}
,{"stream_name":"stdout","time":336.219338377,"data":"SECONDARY_EDGE_TTA_ACTIVE views= 8 weight= 0.75 mean_abs_feat_delta= 0.30799\n"}
,{"stream_name":"stdout","time":336.762765423,"data":"EDGE_TTA_ACTIVE views= 8 mean_abs_feat_delta= 0.335885\n"}
,{"stream_name":"stdout","time":336.965612125,"data":"EDGE_TTA_ACTIVE views= 8 mean_abs_feat_delta= 0.335885\n"}
,{"stream_name":"stdout","time":337.120363551,"data":"EDGE_TTA_ACTIVE views= 8 mean_abs_feat_delta= 0.38644\n"}
,{"stream_name":"stdout","time":337.32292234,"data":"EDGE_TTA_ACTIVE views= 8 mean_abs_feat_delta= 0.38644\n"}
,{"stream_name":"stdout","time":337.725861182,"data":"SECONDARY_EDGE_TTA_ACTIVE views= 8 weight= 0.75 mean_abs_feat_delta= 0.260557\n"}
,{"stream_name":"stdout","time":337.92816665,"data":"SECONDARY_EDGE_TTA_ACTIVE views= 8 weight= 0.75 mean_abs_feat_delta= 0.260557\n"}
,{"stream_name":"stdout","time":338.074385102,"data":"SECONDARY_EDGE_TTA_ACTIVE views= 8 weight= 0.75 mean_abs_feat_delta= 0.305875\n"}
,{"stream_name":"stdout","time":338.277314616,"data":"SECONDARY_EDGE_TTA_ACTIVE views= 8 weight= 0.75 mean_abs_feat_delta= 0.305875\n"}
,{"stream_name":"stdout","time":338.915167101,"data":"EDGE_TTA_ACTIVE views= 8 mean_abs_feat_delta= 0.339913\n"}
,{"stream_name":"stdout","time":339.11793763,"data":"EDGE_TTA_ACTIVE views= 8 mean_abs_feat_delta= 0.339913\n"}
,{"stream_name":"stdout","time":339.269286182,"data":"EDGE_TTA_ACTIVE views= 8 mean_abs_feat_delta= 0.390082\n"}
,{"stream_name":"stdout","time":339.471948759,"data":"EDGE_TTA_ACTIVE views= 8 mean_abs_feat_delta= 0.390082\n"}
,{"stream_name":"stdout","time":339.889963021,"data":"SECONDARY_EDGE_TTA_ACTIVE views= 8 weight= 0.75 mean_abs_feat_delta= 0.254404\n"}
,{"stream_name":"stdout","time":340.093557644,"data":"SECONDARY_EDGE_TTA_ACTIVE views= 8 weight= 0.75 mean_abs_feat_delta= 0.254404\n"}
,{"stream_name":"stdout","time":340.229522257,"data":"SECONDARY_EDGE_TTA_ACTIVE views= 8 weight= 0.75 mean_abs_feat_delta= 0.310526\n"}
,{"stream_name":"stdout","time":340.431940482,"data":"SECONDARY_EDGE_TTA_ACTIVE views= 8 weight= 0.75 mean_abs_feat_delta= 0.310526\n"}
,{"stream_name":"stdout","time":341.029017936,"data":"EDGE_TTA_ACTIVE views= 8 mean_abs_feat_delta= 0.341382\n"}
,{"stream_name":"stdout","time":341.231989663,"data":"EDGE_TTA_ACTIVE views= 8 mean_abs_feat_delta= 0.341382\n"}
,{"stream_name":"stdout","time":341.395931693,"data":"EDGE_TTA_ACTIVE views= 8 mean_abs_feat_delta= 0.392075\n"}
,{"stream_name":"stdout","time":341.598838614,"data":"EDGE_TTA_ACTIVE views= 8 mean_abs_feat_delta= 0.392075\n"}
,{"stream_name":"stdout","time":342.002263987,"data":"SECONDARY_EDGE_TTA_ACTIVE views= 8 weight= 0.75 mean_abs_feat_delta= 0.249494\n"}
,{"stream_name":"stdout","time":342.226868614,"data":"SECONDARY_EDGE_TTA_ACTIVE views= 8 weight= 0.75 mean_abs_feat_delta= 0.249494\n"}
,{"stream_name":"stdout","time":342.353273062,"data":"SECONDARY_EDGE_TTA_ACTIVE views= 8 weight= 0.75 mean_abs_feat_delta= 0.319545\n"}
,{"stream_name":"stdout","time":342.555539823,"data":"SECONDARY_EDGE_TTA_ACTIVE views= 8 weight= 0.75 mean_abs_feat_delta= 0.319545\n"}
,{"stream_name":"stdout","time":343.178482549,"data":"EDGE_TTA_ACTIVE views= 8 mean_abs_feat_delta= 0.334139\n"}
,{"stream_name":"stdout","time":343.381352533,"data":"EDGE_TTA_ACTIVE views= 8 mean_abs_feat_delta= 0.334139\n"}
,{"stream_name":"stdout","time":343.550835803,"data":"EDGE_TTA_ACTIVE views= 8 mean_abs_feat_delta= 0.384762\n"}
,{"stream_name":"stdout","time":343.753567715,"data":"EDGE_TTA_ACTIVE views= 8 mean_abs_feat_delta= 0.384762\n"}
,{"stream_name":"stdout","time":344.154018099,"data":"SECONDARY_EDGE_TTA_ACTIVE views= 8 weight= 0.75 mean_abs_feat_delta= 0.251622\n"}
,{"stream_name":"stdout","time":344.356313987,"data":"SECONDARY_EDGE_TTA_ACTIVE views= 8 weight= 0.75 mean_abs_feat_delta= 0.251622\n"}
,{"stream_name":"stdout","time":344.523950233,"data":"SECONDARY_EDGE_TTA_ACTIVE views= 8 weight= 0.75 mean_abs_feat_delta= 0.312601\n"}
,{"stream_name":"stdout","time":344.726475167,"data":"SECONDARY_EDGE_TTA_ACTIVE views= 8 weight= 0.75 mean_abs_feat_delta= 0.312601\n"}
,{"stream_name":"stdout","time":345.34882838,"data":"EDGE_TTA_ACTIVE views= 8 mean_abs_feat_delta= 0.335063\n"}
,{"stream_name":"stdout","time":345.551583349,"data":"EDGE_TTA_ACTIVE views= 8 mean_abs_feat_delta= 0.335063\n"}
,{"stream_name":"stdout","time":345.702747474,"data":"EDGE_TTA_ACTIVE views= 8 mean_abs_feat_delta= 0.38171\n"}
,{"stream_name":"stdout","time":345.905660848,"data":"EDGE_TTA_ACTIVE views= 8 mean_abs_feat_delta= 0.38171\n"}
,{"stream_name":"stdout","time":346.324556609,"data":"SECONDARY_EDGE_TTA_ACTIVE views= 8 weight= 0.75 mean_abs_feat_delta= 0.252626\n"}
,{"stream_name":"stdout","time":346.52723983,"data":"SECONDARY_EDGE_TTA_ACTIVE views= 8 weight= 0.75 mean_abs_feat_delta= 0.252626\n"}
,{"stream_name":"stdout","time":346.66804338,"data":"SECONDARY_EDGE_TTA_ACTIVE views= 8 weight= 0.75 mean_abs_feat_delta= 0.31334\n"}
,{"stream_name":"stdout","time":346.870557625,"data":"SECONDARY_EDGE_TTA_ACTIVE views= 8 weight= 0.75 mean_abs_feat_delta= 0.31334\n"}
,{"stream_name":"stdout","time":347.418301131,"data":"EDGE_TTA_ACTIVE views= 8 mean_abs_feat_delta= 0.338064\n"}
,{"stream_name":"stdout","time":347.62127219,"data":"EDGE_TTA_ACTIVE views= 8 mean_abs_feat_delta= 0.338064\n"}
,{"stream_name":"stdout","time":347.87052746,"data":"EDGE_TTA_ACTIVE views= 8 mean_abs_feat_delta= 0.384752\n"}
,{"stream_name":"stdout","time":348.073332114,"data":"EDGE_TTA_ACTIVE views= 8 mean_abs_feat_delta= 0.384752\n"}
,{"stream_name":"stdout","time":348.396091126,"data":"SECONDARY_EDGE_TTA_ACTIVE views= 8 weight= 0.75 mean_abs_feat_delta= 0.249674\n"}
,{"stream_name":"stdout","time":348.598749743,"data":"SECONDARY_EDGE_TTA_ACTIVE views= 8 weight= 0.75 mean_abs_feat_delta= 0.249674\n"}
,{"stream_name":"stdout","time":348.843095448,"data":"SECONDARY_EDGE_TTA_ACTIVE views= 8 weight= 0.75 mean_abs_feat_delta= 0.315405\n"}
,{"stream_name":"stdout","time":349.046090564,"data":"SECONDARY_EDGE_TTA_ACTIVE views= 8 weight= 0.75 mean_abs_feat_delta= 0.315405\n"}
,{"stream_name":"stdout","time":349.569055886,"data":"EDGE_TTA_ACTIVE views= 8 mean_abs_feat_delta= 0.339095\n"}
,{"stream_name":"stdout","time":349.771573601,"data":"EDGE_TTA_ACTIVE views= 8 mean_abs_feat_delta= 0.339095\n"}
,{"stream_name":"stdout","time":349.984213072,"data":"EDGE_TTA_ACTIVE views= 8 mean_abs_feat_delta= 0.386541\n"}
,{"stream_name":"stdout","time":350.18683085,"data":"EDGE_TTA_ACTIVE views= 8 mean_abs_feat_delta= 0.386541\n"}
,{"stream_name":"stdout","time":350.562891058,"data":"SECONDARY_EDGE_TTA_ACTIVE views= 8 weight= 0.75 mean_abs_feat_delta= 0.24928\n"}
,{"stream_name":"stdout","time":350.765398969,"data":"SECONDARY_EDGE_TTA_ACTIVE views= 8 weight= 0.75 mean_abs_feat_delta= 0.24928\n"}
,{"stream_name":"stdout","time":350.957029493,"data":"SECONDARY_EDGE_TTA_ACTIVE views= 8 weight= 0.75 mean_abs_feat_delta= 0.312127\n"}
,{"stream_name":"stdout","time":351.159734646,"data":"SECONDARY_EDGE_TTA_ACTIVE views= 8 weight= 0.75 mean_abs_feat_delta= 0.312127\n"}
,{"stream_name":"stdout","time":351.708408706,"data":"EDGE_TTA_ACTIVE views= 8 mean_abs_feat_delta= 0.339328\n"}
,{"stream_name":"stdout","time":351.911285166,"data":"EDGE_TTA_ACTIVE views= 8 mean_abs_feat_delta= 0.339328\n"}
,{"stream_name":"stdout","time":352.129447185,"data":"EDGE_TTA_ACTIVE views= 8 mean_abs_feat_delta= 0.388134\n"}
,{"stream_name":"stdout","time":352.331888751,"data":"EDGE_TTA_ACTIVE views= 8 mean_abs_feat_delta= 0.388134\n"}
,{"stream_name":"stdout","time":352.704257625,"data":"SECONDARY_EDGE_TTA_ACTIVE views= 8 weight= 0.75 mean_abs_feat_delta= 0.253989\n"}
,{"stream_name":"stdout","time":352.907277257,"data":"SECONDARY_EDGE_TTA_ACTIVE views= 8 weight= 0.75 mean_abs_feat_delta= 0.253989\n"}
,{"stream_name":"stdout","time":353.102745719,"data":"SECONDARY_EDGE_TTA_ACTIVE views= 8 weight= 0.75 mean_abs_feat_delta= 0.31286\n"}
,{"stream_name":"stdout","time":353.305216826,"data":"SECONDARY_EDGE_TTA_ACTIVE views= 8 weight= 0.75 mean_abs_feat_delta= 0.31286\n"}
,{"stream_name":"stdout","time":353.830688814,"data":"EDGE_TTA_ACTIVE views= 8 mean_abs_feat_delta= 0.335805\n"}
,{"stream_name":"stdout","time":354.033514692,"data":"EDGE_TTA_ACTIVE views= 8 mean_abs_feat_delta= 0.335805\n"}
,{"stream_name":"stdout","time":354.280398216,"data":"EDGE_TTA_ACTIVE views= 8 mean_abs_feat_delta= 0.385185\n"}
,{"stream_name":"stdout","time":354.483208011,"data":"EDGE_TTA_ACTIVE views= 8 mean_abs_feat_delta= 0.385185\n"}
,{"stream_name":"stdout","time":354.830122365,"data":"SECONDARY_EDGE_TTA_ACTIVE views= 8 weight= 0.75 mean_abs_feat_delta= 0.256927\n"}
,{"stream_name":"stdout","time":355.032880849,"data":"SECONDARY_EDGE_TTA_ACTIVE views= 8 weight= 0.75 mean_abs_feat_delta= 0.256927\n"}
,{"stream_name":"stdout","time":355.252353218,"data":"SECONDARY_EDGE_TTA_ACTIVE views= 8 weight= 0.75 mean_abs_feat_delta= 0.321809\n"}
,{"stream_name":"stdout","time":355.454824885,"data":"SECONDARY_EDGE_TTA_ACTIVE views= 8 weight= 0.75 mean_abs_feat_delta= 0.321809\n"}
,{"stream_name":"stdout","time":355.961643076,"data":"EDGE_TTA_ACTIVE views= 8 mean_abs_feat_delta= 0.335162\n"}
,{"stream_name":"stdout","time":356.164091617,"data":"EDGE_TTA_ACTIVE views= 8 mean_abs_feat_delta= 0.335162\n"}
,{"stream_name":"stdout","time":356.464760184,"data":"EDGE_TTA_ACTIVE views= 8 mean_abs_feat_delta= 0.387663\n"}
,{"stream_name":"stdout","time":356.667598215,"data":"EDGE_TTA_ACTIVE views= 8 mean_abs_feat_delta= 0.387663\n"}
,{"stream_name":"stdout","time":356.967760715,"data":"SECONDARY_EDGE_TTA_ACTIVE views= 8 weight= 0.75 mean_abs_feat_delta= 0.253871\n"}
,{"stream_name":"stdout","time":357.170740424,"data":"SECONDARY_EDGE_TTA_ACTIVE views= 8 weight= 0.75 mean_abs_feat_delta= 0.253871\n"}
,{"stream_name":"stdout","time":357.440685615,"data":"SECONDARY_EDGE_TTA_ACTIVE views= 8 weight= 0.75 mean_abs_feat_delta= 0.325092\n"}
,{"stream_name":"stdout","time":357.444917093,"data":"BIOHUB_RETENTION_GUARD {\"blended_candidates\": 269, \"dataset\": \"44b6_0b24845f\", \"frame\": 47, \"minimum_retention\": 0.9, \"primary_candidates\": 306, \"retention\": 0.8790849673202614, \"use_primary\": true}\n"}
,{"stream_name":"stdout","time":357.643446641,"data":"SECONDARY_EDGE_TTA_ACTIVE views= 8 weight= 0.75 mean_abs_feat_delta= 0.325092\n"}
,{"stream_name":"stdout","time":357.643482639,"data":"BIOHUB_RETENTION_GUARD {\"blended_candidates\": 269, \"dataset\": \"44b6_0b24845f\", \"frame\": 47, \"minimum_retention\": 0.9, \"primary_candidates\": 306, \"retention\": 0.8790849673202614, \"use_primary\": true}\n"}
,{"stream_name":"stdout","time":358.109756863,"data":"EDGE_TTA_ACTIVE views= 8 mean_abs_feat_delta= 0.330028\n"}
,{"stream_name":"stdout","time":358.312786945,"data":"EDGE_TTA_ACTIVE views= 8 mean_abs_feat_delta= 0.330028\n"}
,{"stream_name":"stdout","time":358.614861825,"data":"EDGE_TTA_ACTIVE views= 8 mean_abs_feat_delta= 0.396598\n"}
,{"stream_name":"stdout","time":358.817762688,"data":"EDGE_TTA_ACTIVE views= 8 mean_abs_feat_delta= 0.396598\n"}
,{"stream_name":"stdout","time":359.119635382,"data":"SECONDARY_EDGE_TTA_ACTIVE views= 8 weight= 0.75 mean_abs_feat_delta= 0.252962\n"}
,{"stream_name":"stdout","time":359.323211028,"data":"SECONDARY_EDGE_TTA_ACTIVE views= 8 weight= 0.75 mean_abs_feat_delta= 0.252962\n"}
,{"stream_name":"stdout","time":359.599565296,"data":"SECONDARY_EDGE_TTA_ACTIVE views= 8 weight= 0.75 mean_abs_feat_delta= 0.318974\n"}
,{"stream_name":"stdout","time":359.802284101,"data":"SECONDARY_EDGE_TTA_ACTIVE views= 8 weight= 0.75 mean_abs_feat_delta= 0.318974\n"}
,{"stream_name":"stdout","time":360.295510448,"data":"EDGE_TTA_ACTIVE views= 8 mean_abs_feat_delta= 0.339387\n"}
,{"stream_name":"stdout","time":360.498286969,"data":"EDGE_TTA_ACTIVE views= 8 mean_abs_feat_delta= 0.339387\n"}
,{"stream_name":"stdout","time":360.722058259,"data":"EDGE_TTA_ACTIVE views= 8 mean_abs_feat_delta= 0.391304\n"}
,{"stream_name":"stdout","time":360.92462688,"data":"EDGE_TTA_ACTIVE views= 8 mean_abs_feat_delta= 0.391304\n"}
,{"stream_name":"stdout","time":361.299314506,"data":"SECONDARY_EDGE_TTA_ACTIVE views= 8 weight= 0.75 mean_abs_feat_delta= 0.259777\n"}
,{"stream_name":"stdout","time":361.502009887,"data":"SECONDARY_EDGE_TTA_ACTIVE views= 8 weight= 0.75 mean_abs_feat_delta= 0.259777\n"}
,{"stream_name":"stdout","time":361.71266508,"data":"SECONDARY_EDGE_TTA_ACTIVE views= 8 weight= 0.75 mean_abs_feat_delta= 0.333833\n"}
,{"stream_name":"stdout","time":361.915343451,"data":"SECONDARY_EDGE_TTA_ACTIVE views= 8 weight= 0.75 mean_abs_feat_delta= 0.333833\n"}
,{"stream_name":"stdout","time":362.431580064,"data":"EDGE_TTA_ACTIVE views= 8 mean_abs_feat_delta= 0.335525\n"}
,{"stream_name":"stdout","time":362.634693555,"data":"EDGE_TTA_ACTIVE views= 8 mean_abs_feat_delta= 0.335525\n"}
,{"stream_name":"stdout","time":362.853892559,"data":"EDGE_TTA_ACTIVE views= 8 mean_abs_feat_delta= 0.392642\n"}
,{"stream_name":"stdout","time":363.056941123,"data":"EDGE_TTA_ACTIVE views= 8 mean_abs_feat_delta= 0.392642\n"}
,{"stream_name":"stdout","time":363.453318775,"data":"SECONDARY_EDGE_TTA_ACTIVE views= 8 weight= 0.75 mean_abs_feat_delta= 0.251673\n"}
,{"stream_name":"stdout","time":363.656252557,"data":"SECONDARY_EDGE_TTA_ACTIVE views= 8 weight= 0.75 mean_abs_feat_delta= 0.251673\n"}
,{"stream_name":"stdout","time":363.844882263,"data":"SECONDARY_EDGE_TTA_ACTIVE views= 8 weight= 0.75 mean_abs_feat_delta= 0.341369\n"}
,{"stream_name":"stdout","time":364.047699012,"data":"SECONDARY_EDGE_TTA_ACTIVE views= 8 weight= 0.75 mean_abs_feat_delta= 0.341369\n"}
,{"stream_name":"stdout","time":364.648775155,"data":"EDGE_TTA_ACTIVE views= 8 mean_abs_feat_delta= 0.335786\n"}
,{"stream_name":"stdout","time":364.851552984,"data":"EDGE_TTA_ACTIVE views= 8 mean_abs_feat_delta= 0.335786\n"}
,{"stream_name":"stdout","time":365.066576747,"data":"EDGE_TTA_ACTIVE views= 8 mean_abs_feat_delta= 0.393955\n"}
,{"stream_name":"stdout","time":365.269394858,"data":"EDGE_TTA_ACTIVE views= 8 mean_abs_feat_delta= 0.393955\n"}
,{"stream_name":"stdout","time":365.676934039,"data":"SECONDARY_EDGE_TTA_ACTIVE views= 8 weight= 0.75 mean_abs_feat_delta= 0.250658\n"}
,{"stream_name":"stdout","time":365.880038028,"data":"SECONDARY_EDGE_TTA_ACTIVE views= 8 weight= 0.75 mean_abs_feat_delta= 0.250658\n"}
,{"stream_name":"stdout","time":366.065717884,"data":"SECONDARY_EDGE_TTA_ACTIVE views= 8 weight= 0.75 mean_abs_feat_delta= 0.331176\n"}
,{"stream_name":"stdout","time":366.268591162,"data":"SECONDARY_EDGE_TTA_ACTIVE views= 8 weight= 0.75 mean_abs_feat_delta= 0.331176\n"}
,{"stream_name":"stdout","time":366.869995167,"data":"EDGE_TTA_ACTIVE views= 8 mean_abs_feat_delta= 0.345867\n"}
,{"stream_name":"stdout","time":367.072862608,"data":"EDGE_TTA_ACTIVE views= 8 mean_abs_feat_delta= 0.345867\n"}
,{"stream_name":"stdout","time":367.216189717,"data":"EDGE_TTA_ACTIVE views= 8 mean_abs_feat_delta= 0.388568\n"}
,{"stream_name":"stdout","time":367.418831337,"data":"EDGE_TTA_ACTIVE views= 8 mean_abs_feat_delta= 0.388568\n"}
,{"stream_name":"stdout","time":367.90141194,"data":"SECONDARY_EDGE_TTA_ACTIVE views= 8 weight= 0.75 mean_abs_feat_delta= 0.261732\n"}
,{"stream_name":"stdout","time":368.104244754,"data":"SECONDARY_EDGE_TTA_ACTIVE views= 8 weight= 0.75 mean_abs_feat_delta= 0.261732\n"}
,{"stream_name":"stdout","time":368.218332809,"data":"SECONDARY_EDGE_TTA_ACTIVE views= 8 weight= 0.75 mean_abs_feat_delta= 0.329633\n"}
,{"stream_name":"stdout","time":368.421588517,"data":"SECONDARY_EDGE_TTA_ACTIVE views= 8 weight= 0.75 mean_abs_feat_delta= 0.329633\n"}
,{"stream_name":"stdout","time":369.083953689,"data":"EDGE_TTA_ACTIVE views= 8 mean_abs_feat_delta= 0.346254\n"}
,{"stream_name":"stdout","time":369.286815513,"data":"EDGE_TTA_ACTIVE views= 8 mean_abs_feat_delta= 0.346254\n"}
,{"stream_name":"stdout","time":369.389513983,"data":"EDGE_TTA_ACTIVE views= 8 mean_abs_feat_delta= 0.389207\n"}
,{"stream_name":"stdout","time":369.592335321,"data":"EDGE_TTA_ACTIVE views= 8 mean_abs_feat_delta= 0.389207\n"}
,{"stream_name":"stdout","time":370.125364312,"data":"SECONDARY_EDGE_TTA_ACTIVE views= 8 weight= 0.75 mean_abs_feat_delta= 0.264093\n"}
,{"stream_name":"stdout","time":370.328116342,"data":"SECONDARY_EDGE_TTA_ACTIVE views= 8 weight= 0.75 mean_abs_feat_delta= 0.264093\n"}
,{"stream_name":"stdout","time":370.396232022,"data":"SECONDARY_EDGE_TTA_ACTIVE views= 8 weight= 0.75 mean_abs_feat_delta= 0.338071\n"}
,{"stream_name":"stdout","time":370.598552846,"data":"SECONDARY_EDGE_TTA_ACTIVE views= 8 weight= 0.75 mean_abs_feat_delta= 0.338071\n"}
,{"stream_name":"stdout","time":371.278582495,"data":"EDGE_TTA_ACTIVE views= 8 mean_abs_feat_delta= 0.3463\n"}
,{"stream_name":"stdout","time":371.481434458,"data":"EDGE_TTA_ACTIVE views= 8 mean_abs_feat_delta= 0.3463\n"}
,{"stream_name":"stdout","time":371.622575963,"data":"EDGE_TTA_ACTIVE views= 8 mean_abs_feat_delta= 0.389581\n"}
,{"stream_name":"stdout","time":371.825354253,"data":"EDGE_TTA_ACTIVE views= 8 mean_abs_feat_delta= 0.389581\n"}
,{"stream_name":"stdout","time":372.326616287,"data":"SECONDARY_EDGE_TTA_ACTIVE views= 8 weight= 0.75 mean_abs_feat_delta= 0.27121\n"}
,{"stream_name":"stdout","time":372.555108585,"data":"SECONDARY_EDGE_TTA_ACTIVE views= 8 weight= 0.75 mean_abs_feat_delta= 0.27121\n"}
,{"stream_name":"stdout","time":372.620340617,"data":"SECONDARY_EDGE_TTA_ACTIVE views= 8 weight= 0.75 mean_abs_feat_delta= 0.337105\n"}
,{"stream_name":"stdout","time":372.823157357,"data":"SECONDARY_EDGE_TTA_ACTIVE views= 8 weight= 0.75 mean_abs_feat_delta= 0.337105\n"}
,{"stream_name":"stdout","time":373.584593325,"data":"EDGE_TTA_ACTIVE views= 8 mean_abs_feat_delta= 0.347477\n"}
,{"stream_name":"stdout","time":373.78711468,"data":"EDGE_TTA_ACTIVE views= 8 mean_abs_feat_delta= 0.347477\n"}
,{"stream_name":"stdout","time":373.818496605,"data":"EDGE_TTA_ACTIVE views= 8 mean_abs_feat_delta= 0.389273\n"}
,{"stream_name":"stdout","time":374.021254473,"data":"EDGE_TTA_ACTIVE views= 8 mean_abs_feat_delta= 0.389273\n"}
,{"stream_name":"stdout","time":374.640626908,"data":"SECONDARY_EDGE_TTA_ACTIVE views= 8 weight= 0.75 mean_abs_feat_delta= 0.272934\n"}
,{"stream_name":"stdout","time":374.832378214,"data":"SECONDARY_EDGE_TTA_ACTIVE views= 8 weight= 0.75 mean_abs_feat_delta= 0.340913\n"}
,{"stream_name":"stdout","time":374.843554593,"data":"SECONDARY_EDGE_TTA_ACTIVE views= 8 weight= 0.75 mean_abs_feat_delta= 0.272934\n"}
,{"stream_name":"stdout","time":374.843853465,"data":"SECONDARY_EDGE_TTA_ACTIVE views= 8 weight= 0.75 mean_abs_feat_delta= 0.340913\n"}
,{"stream_name":"stdout","time":375.854845718,"data":"EDGE_TTA_ACTIVE views= 8 mean_abs_feat_delta= 0.346484\n"}
,{"stream_name":"stdout","time":375.98233684,"data":"EDGE_TTA_ACTIVE views= 8 mean_abs_feat_delta= 0.393226\n"}
,{"stream_name":"stdout","time":376.057385128,"data":"EDGE_TTA_ACTIVE views= 8 mean_abs_feat_delta= 0.346484\n"}
,{"stream_name":"stdout","time":376.057446524,"data":"EDGE_TTA_ACTIVE views= 8 mean_abs_feat_delta= 0.393226\n"}
,{"stream_name":"stdout","time":376.912533497,"data":"SECONDARY_EDGE_TTA_ACTIVE views= 8 weight= 0.75 mean_abs_feat_delta= 0.274241\n"}
,{"stream_name":"stdout","time":377.006018413,"data":"SECONDARY_EDGE_TTA_ACTIVE views= 8 weight= 0.75 mean_abs_feat_delta= 0.343915\n"}
,{"stream_name":"stdout","time":377.11524081,"data":"SECONDARY_EDGE_TTA_ACTIVE views= 8 weight= 0.75 mean_abs_feat_delta= 0.274241\n"}
,{"stream_name":"stdout","time":377.115278347,"data":"SECONDARY_EDGE_TTA_ACTIVE views= 8 weight= 0.75 mean_abs_feat_delta= 0.343915\n"}
,{"stream_name":"stdout","time":378.135267874,"data":"EDGE_TTA_ACTIVE views= 8 mean_abs_feat_delta= 0.347995\n"}
,{"stream_name":"stdout","time":378.209133657,"data":"EDGE_TTA_ACTIVE views= 8 mean_abs_feat_delta= 0.38475\n"}
,{"stream_name":"stdout","time":378.338088457,"data":"EDGE_TTA_ACTIVE views= 8 mean_abs_feat_delta= 0.347995\n"}
,{"stream_name":"stdout","time":378.338121573,"data":"EDGE_TTA_ACTIVE views= 8 mean_abs_feat_delta= 0.38475\n"}
,{"stream_name":"stdout","time":379.206303561,"data":"SECONDARY_EDGE_TTA_ACTIVE views= 8 weight= 0.75 mean_abs_feat_delta= 0.272854\n"}
,{"stream_name":"stdout","time":379.236635412,"data":"SECONDARY_EDGE_TTA_ACTIVE views= 8 weight= 0.75 mean_abs_feat_delta= 0.34165\n"}
,{"stream_name":"stdout","time":379.409795908,"data":"SECONDARY_EDGE_TTA_ACTIVE views= 8 weight= 0.75 mean_abs_feat_delta= 0.272854\n"}
,{"stream_name":"stdout","time":379.409867446,"data":"SECONDARY_EDGE_TTA_ACTIVE views= 8 weight= 0.75 mean_abs_feat_delta= 0.34165\n"}
,{"stream_name":"stdout","time":380.410338813,"data":"EDGE_TTA_ACTIVE views= 8 mean_abs_feat_delta= 0.380928\n"}
,{"stream_name":"stdout","time":380.483939656,"data":"EDGE_TTA_ACTIVE views= 8 mean_abs_feat_delta= 0.353657\n"}
,{"stream_name":"stdout","time":380.613204693,"data":"EDGE_TTA_ACTIVE views= 8 mean_abs_feat_delta= 0.380928\n"}
,{"stream_name":"stdout","time":380.613238773,"data":"EDGE_TTA_ACTIVE views= 8 mean_abs_feat_delta= 0.353657\n"}
,{"stream_name":"stdout","time":381.439885993,"data":"SECONDARY_EDGE_TTA_ACTIVE views= 8 weight= 0.75 mean_abs_feat_delta= 0.33808\n"}
,{"stream_name":"stdout","time":381.560180444,"data":"SECONDARY_EDGE_TTA_ACTIVE views= 8 weight= 0.75 mean_abs_feat_delta= 0.267134\n"}
,{"stream_name":"stdout","time":381.6421451,"data":"SECONDARY_EDGE_TTA_ACTIVE views= 8 weight= 0.75 mean_abs_feat_delta= 0.33808\n"}
,{"stream_name":"stdout","time":381.642200573,"data":"SECONDARY_EDGE_TTA_ACTIVE views= 8 weight= 0.75 mean_abs_feat_delta= 0.267134\n"}
,{"stream_name":"stdout","time":382.653907899,"data":"EDGE_TTA_ACTIVE views= 8 mean_abs_feat_delta= 0.382884\n"}
,{"stream_name":"stdout","time":382.779856151,"data":"EDGE_TTA_ACTIVE views= 8 mean_abs_feat_delta= 0.347717\n"}
,{"stream_name":"stdout","time":382.85684838,"data":"EDGE_TTA_ACTIVE views= 8 mean_abs_feat_delta= 0.382884\n"}
,{"stream_name":"stdout","time":382.856906413,"data":"EDGE_TTA_ACTIVE views= 8 mean_abs_feat_delta= 0.347717\n"}
,{"stream_name":"stdout","time":383.690091015,"data":"SECONDARY_EDGE_TTA_ACTIVE views= 8 weight= 0.75 mean_abs_feat_delta= 0.33331\n"}
,{"stream_name":"stdout","time":383.863222204,"data":"SECONDARY_EDGE_TTA_ACTIVE views= 8 weight= 0.75 mean_abs_feat_delta= 0.261003\n"}
,{"stream_name":"stdout","time":383.892520891,"data":"SECONDARY_EDGE_TTA_ACTIVE views= 8 weight= 0.75 mean_abs_feat_delta= 0.33331\n"}
,{"stream_name":"stdout","time":383.892549807,"data":"SECONDARY_EDGE_TTA_ACTIVE views= 8 weight= 0.75 mean_abs_feat_delta= 0.261003\n"}
,{"stream_name":"stdout","time":384.874399021,"data":"EDGE_TTA_ACTIVE views= 8 mean_abs_feat_delta= 0.385537\n"}
,{"stream_name":"stdout","time":385.076896597,"data":"EDGE_TTA_ACTIVE views= 8 mean_abs_feat_delta= 0.385537\n"}
,{"stream_name":"stdout","time":385.080101199,"data":"EDGE_TTA_ACTIVE views= 8 mean_abs_feat_delta= 0.348171\n"}
,{"stream_name":"stdout","time":385.282852566,"data":"EDGE_TTA_ACTIVE views= 8 mean_abs_feat_delta= 0.348171\n"}
,{"stream_name":"stdout","time":385.914792991,"data":"SECONDARY_EDGE_TTA_ACTIVE views= 8 weight= 0.75 mean_abs_feat_delta= 0.330977\n"}
,{"stream_name":"stdout","time":386.117649837,"data":"SECONDARY_EDGE_TTA_ACTIVE views= 8 weight= 0.75 mean_abs_feat_delta= 0.330977\n"}
,{"stream_name":"stdout","time":386.166161415,"data":"SECONDARY_EDGE_TTA_ACTIVE views= 8 weight= 0.75 mean_abs_feat_delta= 0.264063\n"}
,{"stream_name":"stdout","time":386.368787239,"data":"SECONDARY_EDGE_TTA_ACTIVE views= 8 weight= 0.75 mean_abs_feat_delta= 0.264063\n"}
,{"stream_name":"stdout","time":387.143597116,"data":"EDGE_TTA_ACTIVE views= 8 mean_abs_feat_delta= 0.380645\n"}
,{"stream_name":"stdout","time":387.34632045,"data":"EDGE_TTA_ACTIVE views= 8 mean_abs_feat_delta= 0.380645\n"}
,{"stream_name":"stdout","time":387.398255718,"data":"EDGE_TTA_ACTIVE views= 8 mean_abs_feat_delta= 0.34817\n"}
,{"stream_name":"stdout","time":387.600943542,"data":"EDGE_TTA_ACTIVE views= 8 mean_abs_feat_delta= 0.34817\n"}
,{"stream_name":"stdout","time":388.185845267,"data":"SECONDARY_EDGE_TTA_ACTIVE views= 8 weight= 0.75 mean_abs_feat_delta= 0.331267\n"}
,{"stream_name":"stdout","time":388.190051792,"data":"BIOHUB_RETENTION_GUARD {\"blended_candidates\": 287, \"dataset\": \"44b6_0b24845f\", \"frame\": 61, \"minimum_retention\": 0.9, \"primary_candidates\": 340, \"retention\": 0.8441176470588235, \"use_primary\": true}\n"}
,{"stream_name":"stdout","time":388.388607763,"data":"SECONDARY_EDGE_TTA_ACTIVE views= 8 weight= 0.75 mean_abs_feat_delta= 0.331267\n"}
,{"stream_name":"stdout","time":388.388646132,"data":"BIOHUB_RETENTION_GUARD {\"blended_candidates\": 287, \"dataset\": \"44b6_0b24845f\", \"frame\": 61, \"minimum_retention\": 0.9, \"primary_candidates\": 340, \"retention\": 0.8441176470588235, \"use_primary\": true}\n"}
,{"stream_name":"stdout","time":388.491511135,"data":"SECONDARY_EDGE_TTA_ACTIVE views= 8 weight= 0.75 mean_abs_feat_delta= 0.26475\n"}
,{"stream_name":"stdout","time":388.694229073,"data":"SECONDARY_EDGE_TTA_ACTIVE views= 8 weight= 0.75 mean_abs_feat_delta= 0.26475\n"}
,{"stream_name":"stdout","time":389.44192267,"data":"EDGE_TTA_ACTIVE views= 8 mean_abs_feat_delta= 0.381765\n"}
,{"stream_name":"stdout","time":389.644843282,"data":"EDGE_TTA_ACTIVE views= 8 mean_abs_feat_delta= 0.381765\n"}
,{"stream_name":"stdout","time":389.695002505,"data":"EDGE_TTA_ACTIVE views= 8 mean_abs_feat_delta= 0.353097\n"}
,{"stream_name":"stdout","time":389.897785196,"data":"EDGE_TTA_ACTIVE views= 8 mean_abs_feat_delta= 0.353097\n"}
,{"stream_name":"stdout","time":390.489103437,"data":"SECONDARY_EDGE_TTA_ACTIVE views= 8 weight= 0.75 mean_abs_feat_delta= 0.331865\n"}
,{"stream_name":"stdout","time":390.493406099,"data":"BIOHUB_RETENTION_GUARD {\"blended_candidates\": 307, \"dataset\": \"44b6_0b24845f\", \"frame\": 62, \"minimum_retention\": 0.9, \"primary_candidates\": 350, \"retention\": 0.8771428571428571, \"use_primary\": true}\n"}
,{"stream_name":"stdout","time":390.691735422,"data":"SECONDARY_EDGE_TTA_ACTIVE views= 8 weight= 0.75 mean_abs_feat_delta= 0.331865\n"}
,{"stream_name":"stdout","time":390.691769488,"data":"BIOHUB_RETENTION_GUARD {\"blended_candidates\": 307, \"dataset\": \"44b6_0b24845f\", \"frame\": 62, \"minimum_retention\": 0.9, \"primary_candidates\": 350, \"retention\": 0.8771428571428571, \"use_primary\": true}\n"}
,{"stream_name":"stdout","time":390.800953796,"data":"SECONDARY_EDGE_TTA_ACTIVE views= 8 weight= 0.75 mean_abs_feat_delta= 0.266224\n"}
,{"stream_name":"stdout","time":391.003654287,"data":"SECONDARY_EDGE_TTA_ACTIVE views= 8 weight= 0.75 mean_abs_feat_delta= 0.266224\n"}
,{"stream_name":"stdout","time":391.750220905,"data":"EDGE_TTA_ACTIVE views= 8 mean_abs_feat_delta= 0.388889\n"}
,{"stream_name":"stdout","time":391.953021237,"data":"EDGE_TTA_ACTIVE views= 8 mean_abs_feat_delta= 0.388889\n"}
,{"stream_name":"stdout","time":392.083699418,"data":"EDGE_TTA_ACTIVE views= 8 mean_abs_feat_delta= 0.355775\n"}
,{"stream_name":"stdout","time":392.286434219,"data":"EDGE_TTA_ACTIVE views= 8 mean_abs_feat_delta= 0.355775\n"}
,{"stream_name":"stdout","time":392.801367428,"data":"SECONDARY_EDGE_TTA_ACTIVE views= 8 weight= 0.75 mean_abs_feat_delta= 0.332882\n"}
,{"stream_name":"stdout","time":393.004302593,"data":"SECONDARY_EDGE_TTA_ACTIVE views= 8 weight= 0.75 mean_abs_feat_delta= 0.332882\n"}
,{"stream_name":"stdout","time":393.184583883,"data":"SECONDARY_EDGE_TTA_ACTIVE views= 8 weight= 0.75 mean_abs_feat_delta= 0.266555\n"}
,{"stream_name":"stdout","time":393.387837922,"data":"SECONDARY_EDGE_TTA_ACTIVE views= 8 weight= 0.75 mean_abs_feat_delta= 0.266555\n"}
,{"stream_name":"stdout","time":394.033919921,"data":"EDGE_TTA_ACTIVE views= 8 mean_abs_feat_delta= 0.382067\n"}
,{"stream_name":"stdout","time":394.236580284,"data":"EDGE_TTA_ACTIVE views= 8 mean_abs_feat_delta= 0.382067\n"}
,{"stream_name":"stdout","time":394.453539846,"data":"EDGE_TTA_ACTIVE views= 8 mean_abs_feat_delta= 0.355828\n"}
,{"stream_name":"stdout","time":394.656165273,"data":"EDGE_TTA_ACTIVE views= 8 mean_abs_feat_delta= 0.355828\n"}
,{"stream_name":"stdout","time":395.084473347,"data":"SECONDARY_EDGE_TTA_ACTIVE views= 8 weight= 0.75 mean_abs_feat_delta= 0.326654\n"}
,{"stream_name":"stdout","time":395.089815077,"data":"BIOHUB_RETENTION_GUARD {\"blended_candidates\": 298, \"dataset\": \"44b6_0b24845f\", \"frame\": 64, \"minimum_retention\": 0.9, \"primary_candidates\": 338, \"retention\": 0.8816568047337278, \"use_primary\": true}\n"}
,{"stream_name":"stdout","time":395.287382819,"data":"SECONDARY_EDGE_TTA_ACTIVE views= 8 weight= 0.75 mean_abs_feat_delta= 0.326654\n"}
,{"stream_name":"stdout","time":395.287441282,"data":"BIOHUB_RETENTION_GUARD {\"blended_candidates\": 298, \"dataset\": \"44b6_0b24845f\", \"frame\": 64, \"minimum_retention\": 0.9, \"primary_candidates\": 338, \"retention\": 0.8816568047337278, \"use_primary\": true}\n"}
,{"stream_name":"stdout","time":395.557978072,"data":"SECONDARY_EDGE_TTA_ACTIVE views= 8 weight= 0.75 mean_abs_feat_delta= 0.267421\n"}
,{"stream_name":"stdout","time":395.761267545,"data":"SECONDARY_EDGE_TTA_ACTIVE views= 8 weight= 0.75 mean_abs_feat_delta= 0.267421\n"}
,{"stream_name":"stdout","time":396.295458711,"data":"EDGE_TTA_ACTIVE views= 8 mean_abs_feat_delta= 0.384193\n"}
,{"stream_name":"stdout","time":396.498287812,"data":"EDGE_TTA_ACTIVE views= 8 mean_abs_feat_delta= 0.384193\n"}
,{"stream_name":"stdout","time":396.817885365,"data":"EDGE_TTA_ACTIVE views= 8 mean_abs_feat_delta= 0.355445\n"}
,{"stream_name":"stdout","time":397.02078811,"data":"EDGE_TTA_ACTIVE views= 8 mean_abs_feat_delta= 0.355445\n"}
,{"stream_name":"stdout","time":397.34391474,"data":"SECONDARY_EDGE_TTA_ACTIVE views= 8 weight= 0.75 mean_abs_feat_delta= 0.327978\n"}
,{"stream_name":"stdout","time":397.546485939,"data":"SECONDARY_EDGE_TTA_ACTIVE views= 8 weight= 0.75 mean_abs_feat_delta= 0.327978\n"}
,{"stream_name":"stdout","time":397.918619686,"data":"SECONDARY_EDGE_TTA_ACTIVE views= 8 weight= 0.75 mean_abs_feat_delta= 0.269455\n"}
,{"stream_name":"stdout","time":398.121164387,"data":"SECONDARY_EDGE_TTA_ACTIVE views= 8 weight= 0.75 mean_abs_feat_delta= 0.269455\n"}
,{"stream_name":"stdout","time":398.553682707,"data":"EDGE_TTA_ACTIVE views= 8 mean_abs_feat_delta= 0.38328\n"}
,{"stream_name":"stdout","time":398.75675006,"data":"EDGE_TTA_ACTIVE views= 8 mean_abs_feat_delta= 0.38328\n"}
,{"stream_name":"stdout","time":399.129829474,"data":"EDGE_TTA_ACTIVE views= 8 mean_abs_feat_delta= 0.353519\n"}
,{"stream_name":"stdout","time":399.332620392,"data":"EDGE_TTA_ACTIVE views= 8 mean_abs_feat_delta= 0.353519\n"}
,{"stream_name":"stdout","time":399.594918988,"data":"SECONDARY_EDGE_TTA_ACTIVE views= 8 weight= 0.75 mean_abs_feat_delta= 0.324387\n"}
,{"stream_name":"stdout","time":399.599181514,"data":"BIOHUB_RETENTION_GUARD {\"blended_candidates\": 321, \"dataset\": \"44b6_0b24845f\", \"frame\": 66, \"minimum_retention\": 0.9, \"primary_candidates\": 382, \"retention\": 0.8403141361256544, \"use_primary\": true}\n"}
,{"stream_name":"stdout","time":399.797675473,"data":"SECONDARY_EDGE_TTA_ACTIVE views= 8 weight= 0.75 mean_abs_feat_delta= 0.324387\n"}
,{"stream_name":"stdout","time":399.797712935,"data":"BIOHUB_RETENTION_GUARD {\"blended_candidates\": 321, \"dataset\": \"44b6_0b24845f\", \"frame\": 66, \"minimum_retention\": 0.9, \"primary_candidates\": 382, \"retention\": 0.8403141361256544, \"use_primary\": true}\n"}
,{"stream_name":"stdout","time":400.222021189,"data":"SECONDARY_EDGE_TTA_ACTIVE views= 8 weight= 0.75 mean_abs_feat_delta= 0.265098\n"}
,{"stream_name":"stdout","time":400.427333878,"data":"SECONDARY_EDGE_TTA_ACTIVE views= 8 weight= 0.75 mean_abs_feat_delta= 0.265098\n"}
,{"stream_name":"stdout","time":400.825614706,"data":"EDGE_TTA_ACTIVE views= 8 mean_abs_feat_delta= 0.378289\n"}
,{"stream_name":"stdout","time":401.028264788,"data":"EDGE_TTA_ACTIVE views= 8 mean_abs_feat_delta= 0.378289\n"}
,{"stream_name":"stdout","time":401.475995512,"data":"EDGE_TTA_ACTIVE views= 8 mean_abs_feat_delta= 0.351912\n"}
,{"stream_name":"stdout","time":401.678824977,"data":"EDGE_TTA_ACTIVE views= 8 mean_abs_feat_delta= 0.351912\n"}
,{"stream_name":"stdout","time":401.860875088,"data":"SECONDARY_EDGE_TTA_ACTIVE views= 8 weight= 0.75 mean_abs_feat_delta= 0.319362\n"}
,{"stream_name":"stdout","time":402.06334103,"data":"SECONDARY_EDGE_TTA_ACTIVE views= 8 weight= 0.75 mean_abs_feat_delta= 0.319362\n"}
,{"stream_name":"stdout","time":402.558057439,"data":"SECONDARY_EDGE_TTA_ACTIVE views= 8 weight= 0.75 mean_abs_feat_delta= 0.272542\n"}
,{"stream_name":"stdout","time":402.789443597,"data":"SECONDARY_EDGE_TTA_ACTIVE views= 8 weight= 0.75 mean_abs_feat_delta= 0.272542\n"}
,{"stream_name":"stdout","time":403.068246906,"data":"EDGE_TTA_ACTIVE views= 8 mean_abs_feat_delta= 0.37729\n"}
,{"stream_name":"stdout","time":403.270914809,"data":"EDGE_TTA_ACTIVE views= 8 mean_abs_feat_delta= 0.37729\n"}
,{"stream_name":"stdout","time":403.739296952,"data":"EDGE_TTA_ACTIVE views= 8 mean_abs_feat_delta= 0.3499\n"}
,{"stream_name":"stdout","time":403.942066759,"data":"EDGE_TTA_ACTIVE views= 8 mean_abs_feat_delta= 0.3499\n"}
,{"stream_name":"stdout","time":404.101518951,"data":"SECONDARY_EDGE_TTA_ACTIVE views= 8 weight= 0.75 mean_abs_feat_delta= 0.322003\n"}
,{"stream_name":"stdout","time":404.304321906,"data":"SECONDARY_EDGE_TTA_ACTIVE views= 8 weight= 0.75 mean_abs_feat_delta= 0.322003\n"}
,{"stream_name":"stdout","time":404.814682686,"data":"SECONDARY_EDGE_TTA_ACTIVE views= 8 weight= 0.75 mean_abs_feat_delta= 0.273501\n"}
,{"stream_name":"stdout","time":405.017572011,"data":"SECONDARY_EDGE_TTA_ACTIVE views= 8 weight= 0.75 mean_abs_feat_delta= 0.273501\n"}
,{"stream_name":"stdout","time":405.30836466,"data":"EDGE_TTA_ACTIVE views= 8 mean_abs_feat_delta= 0.377898\n"}
,{"stream_name":"stdout","time":405.510832107,"data":"EDGE_TTA_ACTIVE views= 8 mean_abs_feat_delta= 0.377898\n"}
,{"stream_name":"stdout","time":406.044704456,"data":"EDGE_TTA_ACTIVE views= 8 mean_abs_feat_delta= 0.352336\n"}
,{"stream_name":"stdout","time":406.247695181,"data":"EDGE_TTA_ACTIVE views= 8 mean_abs_feat_delta= 0.352336\n"}
,{"stream_name":"stdout","time":406.335331981,"data":"SECONDARY_EDGE_TTA_ACTIVE views= 8 weight= 0.75 mean_abs_feat_delta= 0.3296\n"}
,{"stream_name":"stdout","time":406.537800846,"data":"SECONDARY_EDGE_TTA_ACTIVE views= 8 weight= 0.75 mean_abs_feat_delta= 0.3296\n"}
,{"stream_name":"stdout","time":407.111060904,"data":"SECONDARY_EDGE_TTA_ACTIVE views= 8 weight= 0.75 mean_abs_feat_delta= 0.271044\n"}
,{"stream_name":"stdout","time":407.313881326,"data":"SECONDARY_EDGE_TTA_ACTIVE views= 8 weight= 0.75 mean_abs_feat_delta= 0.271044\n"}
,{"stream_name":"stdout","time":407.600866245,"data":"EDGE_TTA_ACTIVE views= 8 mean_abs_feat_delta= 0.376297\n"}
,{"stream_name":"stdout","time":407.803618144,"data":"EDGE_TTA_ACTIVE views= 8 mean_abs_feat_delta= 0.376297\n"}
,{"stream_name":"stdout","time":408.301037635,"data":"EDGE_TTA_ACTIVE views= 8 mean_abs_feat_delta= 0.353385\n"}
,{"stream_name":"stdout","time":408.503816373,"data":"EDGE_TTA_ACTIVE views= 8 mean_abs_feat_delta= 0.353385\n"}
,{"stream_name":"stdout","time":408.621640811,"data":"SECONDARY_EDGE_TTA_ACTIVE views= 8 weight= 0.75 mean_abs_feat_delta= 0.328831\n"}
,{"stream_name":"stdout","time":408.625876338,"data":"BIOHUB_RETENTION_GUARD {\"blended_candidates\": 273, \"dataset\": \"44b6_0b24845f\", \"frame\": 70, \"minimum_retention\": 0.9, \"primary_candidates\": 306, \"retention\": 0.8921568627450981, \"use_primary\": true}\n"}
,{"stream_name":"stdout","time":408.824646624,"data":"SECONDARY_EDGE_TTA_ACTIVE views= 8 weight= 0.75 mean_abs_feat_delta= 0.328831\n"}
,{"stream_name":"stdout","time":408.824821525,"data":"BIOHUB_RETENTION_GUARD {\"blended_candidates\": 273, \"dataset\": \"44b6_0b24845f\", \"frame\": 70, \"minimum_retention\": 0.9, \"primary_candidates\": 306, \"retention\": 0.8921568627450981, \"use_primary\": true}\n"}
,{"stream_name":"stdout","time":409.360912258,"data":"SECONDARY_EDGE_TTA_ACTIVE views= 8 weight= 0.75 mean_abs_feat_delta= 0.266813\n"}
,{"stream_name":"stdout","time":409.563709418,"data":"SECONDARY_EDGE_TTA_ACTIVE views= 8 weight= 0.75 mean_abs_feat_delta= 0.266813\n"}
,{"stream_name":"stdout","time":409.812281554,"data":"EDGE_TTA_ACTIVE views= 8 mean_abs_feat_delta= 0.371869\n"}
,{"stream_name":"stdout","time":410.015409838,"data":"EDGE_TTA_ACTIVE views= 8 mean_abs_feat_delta= 0.371869\n"}
,{"stream_name":"stdout","time":410.521169545,"data":"EDGE_TTA_ACTIVE views= 8 mean_abs_feat_delta= 0.34744\n"}
,{"stream_name":"stdout","time":410.723867412,"data":"EDGE_TTA_ACTIVE views= 8 mean_abs_feat_delta= 0.34744\n"}
,{"stream_name":"stdout","time":410.828508349,"data":"SECONDARY_EDGE_TTA_ACTIVE views= 8 weight= 0.75 mean_abs_feat_delta= 0.328105\n"}
,{"stream_name":"stdout","time":411.03087705,"data":"SECONDARY_EDGE_TTA_ACTIVE views= 8 weight= 0.75 mean_abs_feat_delta= 0.328105\n"}
,{"stream_name":"stdout","time":411.5730725,"data":"SECONDARY_EDGE_TTA_ACTIVE views= 8 weight= 0.75 mean_abs_feat_delta= 0.26389\n"}
,{"stream_name":"stdout","time":411.776221453,"data":"SECONDARY_EDGE_TTA_ACTIVE views= 8 weight= 0.75 mean_abs_feat_delta= 0.26389\n"}
,{"stream_name":"stdout","time":411.994688025,"data":"EDGE_TTA_ACTIVE views= 8 mean_abs_feat_delta= 0.37185\n"}
,{"stream_name":"stdout","time":412.197118351,"data":"EDGE_TTA_ACTIVE views= 8 mean_abs_feat_delta= 0.37185\n"}
,{"stream_name":"stdout","time":412.789508988,"data":"EDGE_TTA_ACTIVE views= 8 mean_abs_feat_delta= 0.347775\n"}
,{"stream_name":"stdout","time":412.992301595,"data":"EDGE_TTA_ACTIVE views= 8 mean_abs_feat_delta= 0.347775\n"}
,{"stream_name":"stdout","time":413.007314328,"data":"SECONDARY_EDGE_TTA_ACTIVE views= 8 weight= 0.75 mean_abs_feat_delta= 0.330161\n"}
,{"stream_name":"stdout","time":413.209369766,"data":"SECONDARY_EDGE_TTA_ACTIVE views= 8 weight= 0.75 mean_abs_feat_delta= 0.330161\n"}
,{"stream_name":"stdout","time":413.836671529,"data":"SECONDARY_EDGE_TTA_ACTIVE views= 8 weight= 0.75 mean_abs_feat_delta= 0.270312\n"}
,{"stream_name":"stdout","time":414.03982798,"data":"SECONDARY_EDGE_TTA_ACTIVE views= 8 weight= 0.75 mean_abs_feat_delta= 0.270312\n"}
,{"stream_name":"stdout","time":414.201832762,"data":"EDGE_TTA_ACTIVE views= 8 mean_abs_feat_delta= 0.369668\n"}
,{"stream_name":"stdout","time":414.405324456,"data":"EDGE_TTA_ACTIVE views= 8 mean_abs_feat_delta= 0.369668\n"}
,{"stream_name":"stdout","time":415.077187838,"data":"EDGE_TTA_ACTIVE views= 8 mean_abs_feat_delta= 0.348534\n"}
,{"stream_name":"stdout","time":415.209579986,"data":"SECONDARY_EDGE_TTA_ACTIVE views= 8 weight= 0.75 mean_abs_feat_delta= 0.331179\n"}
,{"stream_name":"stdout","time":415.213972778,"data":"BIOHUB_RETENTION_GUARD {\"blended_candidates\": 202, \"dataset\": \"44b6_0b24845f\", \"frame\": 73, \"minimum_retention\": 0.9, \"primary_candidates\": 261, \"retention\": 0.7739463601532567, \"use_primary\": true}\n"}
,{"stream_name":"stdout","time":415.279347647,"data":"EDGE_TTA_ACTIVE views= 8 mean_abs_feat_delta= 0.348534\n"}
,{"stream_name":"stdout","time":415.279375747,"data":"SECONDARY_EDGE_TTA_ACTIVE views= 8 weight= 0.75 mean_abs_feat_delta= 0.331179\n"}
,{"stream_name":"stdout","time":415.279382325,"data":"BIOHUB_RETENTION_GUARD {\"blended_candidates\": 202, \"dataset\": \"44b6_0b24845f\", \"frame\": 73, \"minimum_retention\": 0.9, \"primary_candidates\": 261, \"retention\": 0.7739463601532567, \"use_primary\": true}\n"}
,{"stream_name":"stdout","time":416.117999024,"data":"SECONDARY_EDGE_TTA_ACTIVE views= 8 weight= 0.75 mean_abs_feat_delta= 0.273527\n"}
,{"stream_name":"stdout","time":416.320885748,"data":"SECONDARY_EDGE_TTA_ACTIVE views= 8 weight= 0.75 mean_abs_feat_delta= 0.273527\n"}
,{"stream_name":"stdout","time":416.395390797,"data":"EDGE_TTA_ACTIVE views= 8 mean_abs_feat_delta= 0.377998\n"}
,{"stream_name":"stdout","time":416.598181093,"data":"EDGE_TTA_ACTIVE views= 8 mean_abs_feat_delta= 0.377998\n"}
,{"stream_name":"stdout","time":417.349193249,"data":"EDGE_TTA_ACTIVE views= 8 mean_abs_feat_delta= 0.348462\n"}
,{"stream_name":"stdout","time":417.399947215,"data":"SECONDARY_EDGE_TTA_ACTIVE views= 8 weight= 0.75 mean_abs_feat_delta= 0.330446\n"}
,{"stream_name":"stdout","time":417.404249616,"data":"BIOHUB_RETENTION_GUARD {\"blended_candidates\": 231, \"dataset\": \"44b6_0b24845f\", \"frame\": 74, \"minimum_retention\": 0.9, \"primary_candidates\": 297, \"retention\": 0.7777777777777778, \"use_primary\": true}\n"}
,{"stream_name":"stdout","time":417.552463502,"data":"EDGE_TTA_ACTIVE views= 8 mean_abs_feat_delta= 0.348462\n"}
,{"stream_name":"stdout","time":417.552500469,"data":"SECONDARY_EDGE_TTA_ACTIVE views= 8 weight= 0.75 mean_abs_feat_delta= 0.330446\n"}
,{"stream_name":"stdout","time":417.552505866,"data":"BIOHUB_RETENTION_GUARD {\"blended_candidates\": 231, \"dataset\": \"44b6_0b24845f\", \"frame\": 74, \"minimum_retention\": 0.9, \"primary_candidates\": 297, \"retention\": 0.7777777777777778, \"use_primary\": true}\n"}
,{"stream_name":"stdout","time":418.386888007,"data":"SECONDARY_EDGE_TTA_ACTIVE views= 8 weight= 0.75 mean_abs_feat_delta= 0.270371\n"}
,{"stream_name":"stdout","time":418.522744286,"data":"EDGE_TTA_ACTIVE views= 8 mean_abs_feat_delta= 0.370228\n"}
,{"stream_name":"stdout","time":418.589685086,"data":"SECONDARY_EDGE_TTA_ACTIVE views= 8 weight= 0.75 mean_abs_feat_delta= 0.270371\n"}
,{"stream_name":"stdout","time":418.589719317,"data":"EDGE_TTA_ACTIVE views= 8 mean_abs_feat_delta= 0.370228\n"}
,{"stream_name":"stdout","time":419.529016058,"data":"SECONDARY_EDGE_TTA_ACTIVE views= 8 weight= 0.75 mean_abs_feat_delta= 0.324103\n"}
,{"stream_name":"stdout","time":419.533210823,"data":"BIOHUB_RETENTION_GUARD {\"blended_candidates\": 327, \"dataset\": \"44b6_0b24845f\", \"frame\": 75, \"minimum_retention\": 0.9, \"primary_candidates\": 369, \"retention\": 0.8861788617886179, \"use_primary\": true}\n"}
,{"stream_name":"stdout","time":419.566608101,"data":"EDGE_TTA_ACTIVE views= 8 mean_abs_feat_delta= 0.35016\n"}
,{"stream_name":"stdout","time":419.731829376,"data":"SECONDARY_EDGE_TTA_ACTIVE views= 8 weight= 0.75 mean_abs_feat_delta= 0.324103\n"}
,{"stream_name":"stdout","time":419.731888203,"data":"BIOHUB_RETENTION_GUARD {\"blended_candidates\": 327, \"dataset\": \"44b6_0b24845f\", \"frame\": 75, \"minimum_retention\": 0.9, \"primary_candidates\": 369, \"retention\": 0.8861788617886179, \"use_primary\": true}\n"}
,{"stream_name":"stdout","time":419.731895675,"data":"EDGE_TTA_ACTIVE views= 8 mean_abs_feat_delta= 0.35016\n"}
,{"stream_name":"stdout","time":420.602739454,"data":"SECONDARY_EDGE_TTA_ACTIVE views= 8 weight= 0.75 mean_abs_feat_delta= 0.266024\n"}
,{"stream_name":"stdout","time":420.65538073,"data":"EDGE_TTA_ACTIVE views= 8 mean_abs_feat_delta= 0.370104\n"}
,{"stream_name":"stdout","time":420.805478196,"data":"SECONDARY_EDGE_TTA_ACTIVE views= 8 weight= 0.75 mean_abs_feat_delta= 0.266024\n"}
,{"stream_name":"stdout","time":420.805515248,"data":"EDGE_TTA_ACTIVE views= 8 mean_abs_feat_delta= 0.370104\n"}
,{"stream_name":"stdout","time":421.656660592,"data":"SECONDARY_EDGE_TTA_ACTIVE views= 8 weight= 0.75 mean_abs_feat_delta= 0.320447\n"}
,{"stream_name":"stdout","time":421.660883661,"data":"BIOHUB_RETENTION_GUARD {\"blended_candidates\": 340, \"dataset\": \"44b6_0b24845f\", \"frame\": 76, \"minimum_retention\": 0.9, \"primary_candidates\": 378, \"retention\": 0.8994708994708994, \"use_primary\": true}\n"}
,{"stream_name":"stdout","time":421.73939499,"data":"EDGE_TTA_ACTIVE views= 8 mean_abs_feat_delta= 0.357555\n"}
,{"stream_name":"stdout","time":421.859374773,"data":"SECONDARY_EDGE_TTA_ACTIVE views= 8 weight= 0.75 mean_abs_feat_delta= 0.320447\n"}
,{"stream_name":"stdout","time":421.859413251,"data":"BIOHUB_RETENTION_GUARD {\"blended_candidates\": 340, \"dataset\": \"44b6_0b24845f\", \"frame\": 76, \"minimum_retention\": 0.9, \"primary_candidates\": 378, \"retention\": 0.8994708994708994, \"use_primary\": true}\n"}
,{"stream_name":"stdout","time":421.859435639,"data":"EDGE_TTA_ACTIVE views= 8 mean_abs_feat_delta= 0.357555\n"}
,{"stream_name":"stdout","time":422.771216432,"data":"SECONDARY_EDGE_TTA_ACTIVE views= 8 weight= 0.75 mean_abs_feat_delta= 0.275095\n"}
,{"stream_name":"stdout","time":422.796021456,"data":"EDGE_TTA_ACTIVE views= 8 mean_abs_feat_delta= 0.372623\n"}
,{"stream_name":"stdout","time":422.973932373,"data":"SECONDARY_EDGE_TTA_ACTIVE views= 8 weight= 0.75 mean_abs_feat_delta= 0.275095\n"}
,{"stream_name":"stdout","time":422.973989722,"data":"EDGE_TTA_ACTIVE views= 8 mean_abs_feat_delta= 0.372623\n"}
,{"stream_name":"stdout","time":423.798574032,"data":"SECONDARY_EDGE_TTA_ACTIVE views= 8 weight= 0.75 mean_abs_feat_delta= 0.327494\n"}
,{"stream_name":"stdout","time":423.802598043,"data":"BIOHUB_RETENTION_GUARD {\"blended_candidates\": 239, \"dataset\": \"44b6_0b24845f\", \"frame\": 77, \"minimum_retention\": 0.9, \"primary_candidates\": 329, \"retention\": 0.7264437689969605, \"use_primary\": true}\n"}
,{"stream_name":"stdout","time":423.984059685,"data":"EDGE_TTA_ACTIVE views= 8 mean_abs_feat_delta= 0.358559\n"}
,{"stream_name":"stdout","time":424.001022467,"data":"SECONDARY_EDGE_TTA_ACTIVE views= 8 weight= 0.75 mean_abs_feat_delta= 0.327494\n"}
,{"stream_name":"stdout","time":424.001049199,"data":"BIOHUB_RETENTION_GUARD {\"blended_candidates\": 239, \"dataset\": \"44b6_0b24845f\", \"frame\": 77, \"minimum_retention\": 0.9, \"primary_candidates\": 329, \"retention\": 0.7264437689969605, \"use_primary\": true}\n"}
,{"stream_name":"stdout","time":424.001056947,"data":"EDGE_TTA_ACTIVE views= 8 mean_abs_feat_delta= 0.358559\n"}
,{"stream_name":"stdout","time":424.925989566,"data":"EDGE_TTA_ACTIVE views= 8 mean_abs_feat_delta= 0.379136\n"}
,{"stream_name":"stdout","time":425.012739953,"data":"SECONDARY_EDGE_TTA_ACTIVE views= 8 weight= 0.75 mean_abs_feat_delta= 0.27843\n"}
,{"stream_name":"stdout","time":425.128543808,"data":"EDGE_TTA_ACTIVE views= 8 mean_abs_feat_delta= 0.379136\n"}
,{"stream_name":"stdout","time":425.128580849,"data":"SECONDARY_EDGE_TTA_ACTIVE views= 8 weight= 0.75 mean_abs_feat_delta= 0.27843\n"}
,{"stream_name":"stdout","time":425.92853878,"data":"SECONDARY_EDGE_TTA_ACTIVE views= 8 weight= 0.75 mean_abs_feat_delta= 0.33134\n"}
,{"stream_name":"stdout","time":425.932745934,"data":"BIOHUB_RETENTION_GUARD {\"blended_candidates\": 283, \"dataset\": \"44b6_0b24845f\", \"frame\": 78, \"minimum_retention\": 0.9, \"primary_candidates\": 392, \"retention\": 0.7219387755102041, \"use_primary\": true}\n"}
,{"stream_name":"stdout","time":426.131483362,"data":"SECONDARY_EDGE_TTA_ACTIVE views= 8 weight= 0.75 mean_abs_feat_delta= 0.33134\n"}
,{"stream_name":"stdout","time":426.131543682,"data":"BIOHUB_RETENTION_GUARD {\"blended_candidates\": 283, \"dataset\": \"44b6_0b24845f\", \"frame\": 78, \"minimum_retention\": 0.9, \"primary_candidates\": 392, \"retention\": 0.7219387755102041, \"use_primary\": true}\n"}
,{"stream_name":"stdout","time":426.168994588,"data":"EDGE_TTA_ACTIVE views= 8 mean_abs_feat_delta= 0.355183\n"}
,{"stream_name":"stdout","time":426.371867507,"data":"EDGE_TTA_ACTIVE views= 8 mean_abs_feat_delta= 0.355183\n"}
,{"stream_name":"stdout","time":427.063655287,"data":"EDGE_TTA_ACTIVE views= 8 mean_abs_feat_delta= 0.37956\n"}
,{"stream_name":"stdout","time":427.198517065,"data":"SECONDARY_EDGE_TTA_ACTIVE views= 8 weight= 0.75 mean_abs_feat_delta= 0.27442\n"}
,{"stream_name":"stdout","time":427.266512315,"data":"EDGE_TTA_ACTIVE views= 8 mean_abs_feat_delta= 0.37956\n"}
,{"stream_name":"stdout","time":427.266556404,"data":"SECONDARY_EDGE_TTA_ACTIVE views= 8 weight= 0.75 mean_abs_feat_delta= 0.27442\n"}
,{"stream_name":"stdout","time":428.063042952,"data":"SECONDARY_EDGE_TTA_ACTIVE views= 8 weight= 0.75 mean_abs_feat_delta= 0.331143\n"}
,{"stream_name":"stdout","time":428.067245564,"data":"BIOHUB_RETENTION_GUARD {\"blended_candidates\": 291, \"dataset\": \"44b6_0b24845f\", \"frame\": 79, \"minimum_retention\": 0.9, \"primary_candidates\": 420, \"retention\": 0.6928571428571428, \"use_primary\": true}\n"}
,{"stream_name":"stdout","time":428.265391918,"data":"SECONDARY_EDGE_TTA_ACTIVE views= 8 weight= 0.75 mean_abs_feat_delta= 0.331143\n"}
,{"stream_name":"stdout","time":428.265456777,"data":"BIOHUB_RETENTION_GUARD {\"blended_candidates\": 291, \"dataset\": \"44b6_0b24845f\", \"frame\": 79, \"minimum_retention\": 0.9, \"primary_candidates\": 420, \"retention\": 0.6928571428571428, \"use_primary\": true}\n"}
,{"stream_name":"stdout","time":428.334551817,"data":"EDGE_TTA_ACTIVE views= 8 mean_abs_feat_delta= 0.354437\n"}
,{"stream_name":"stdout","time":428.537497024,"data":"EDGE_TTA_ACTIVE views= 8 mean_abs_feat_delta= 0.354437\n"}
,{"stream_name":"stdout","time":429.260280828,"data":"EDGE_TTA_ACTIVE views= 8 mean_abs_feat_delta= 0.378515\n"}
,{"stream_name":"stdout","time":429.363041417,"data":"SECONDARY_EDGE_TTA_ACTIVE views= 8 weight= 0.75 mean_abs_feat_delta= 0.272137\n"}
,{"stream_name":"stdout","time":429.462540503,"data":"EDGE_TTA_ACTIVE views= 8 mean_abs_feat_delta= 0.378515\n"}
,{"stream_name":"stdout","time":429.462569069,"data":"SECONDARY_EDGE_TTA_ACTIVE views= 8 weight= 0.75 mean_abs_feat_delta= 0.272137\n"}
,{"stream_name":"stdout","time":430.259296957,"data":"SECONDARY_EDGE_TTA_ACTIVE views= 8 weight= 0.75 mean_abs_feat_delta= 0.332415\n"}
,{"stream_name":"stdout","time":430.263276482,"data":"BIOHUB_RETENTION_GUARD {\"blended_candidates\": 296, \"dataset\": \"44b6_0b24845f\", \"frame\": 80, \"minimum_retention\": 0.9, \"primary_candidates\": 386, \"retention\": 0.7668393782383419, \"use_primary\": true}\n"}
,{"stream_name":"stdout","time":430.46178041,"data":"SECONDARY_EDGE_TTA_ACTIVE views= 8 weight= 0.75 mean_abs_feat_delta= 0.332415\n"}
,{"stream_name":"stdout","time":430.461816171,"data":"BIOHUB_RETENTION_GUARD {\"blended_candidates\": 296, \"dataset\": \"44b6_0b24845f\", \"frame\": 80, \"minimum_retention\": 0.9, \"primary_candidates\": 386, \"retention\": 0.7668393782383419, \"use_primary\": true}\n"}
,{"stream_name":"stdout","time":430.544283501,"data":"EDGE_TTA_ACTIVE views= 8 mean_abs_feat_delta= 0.354101\n"}
,{"stream_name":"stdout","time":430.747232751,"data":"EDGE_TTA_ACTIVE views= 8 mean_abs_feat_delta= 0.354101\n"}
,{"stream_name":"stdout","time":431.397764869,"data":"EDGE_TTA_ACTIVE views= 8 mean_abs_feat_delta= 0.380396\n"}
,{"stream_name":"stdout","time":431.569474195,"data":"SECONDARY_EDGE_TTA_ACTIVE views= 8 weight= 0.75 mean_abs_feat_delta= 0.265621\n"}
,{"stream_name":"stdout","time":431.600725942,"data":"EDGE_TTA_ACTIVE views= 8 mean_abs_feat_delta= 0.380396\n"}
,{"stream_name":"stdout","time":431.600760552,"data":"SECONDARY_EDGE_TTA_ACTIVE views= 8 weight= 0.75 mean_abs_feat_delta= 0.265621\n"}
,{"stream_name":"stdout","time":432.396354903,"data":"SECONDARY_EDGE_TTA_ACTIVE views= 8 weight= 0.75 mean_abs_feat_delta= 0.337969\n"}
,{"stream_name":"stdout","time":432.402112456,"data":"BIOHUB_RETENTION_GUARD {\"blended_candidates\": 296, \"dataset\": \"44b6_0b24845f\", \"frame\": 81, \"minimum_retention\": 0.9, \"primary_candidates\": 378, \"retention\": 0.783068783068783, \"use_primary\": true}\n"}
,{"stream_name":"stdout","time":432.599993511,"data":"SECONDARY_EDGE_TTA_ACTIVE views= 8 weight= 0.75 mean_abs_feat_delta= 0.337969\n"}
,{"stream_name":"stdout","time":432.600027954,"data":"BIOHUB_RETENTION_GUARD {\"blended_candidates\": 296, \"dataset\": \"44b6_0b24845f\", \"frame\": 81, \"minimum_retention\": 0.9, \"primary_candidates\": 378, \"retention\": 0.783068783068783, \"use_primary\": true}\n"}
,{"stream_name":"stdout","time":432.726371912,"data":"EDGE_TTA_ACTIVE views= 8 mean_abs_feat_delta= 0.350867\n"}
,{"stream_name":"stdout","time":432.960655458,"data":"EDGE_TTA_ACTIVE views= 8 mean_abs_feat_delta= 0.350867\n"}
,{"stream_name":"stdout","time":433.576810794,"data":"EDGE_TTA_ACTIVE views= 8 mean_abs_feat_delta= 0.383619\n"}
,{"stream_name":"stdout","time":433.750322698,"data":"SECONDARY_EDGE_TTA_ACTIVE views= 8 weight= 0.75 mean_abs_feat_delta= 0.269222\n"}
,{"stream_name":"stdout","time":433.779728588,"data":"EDGE_TTA_ACTIVE views= 8 mean_abs_feat_delta= 0.383619\n"}
,{"stream_name":"stdout","time":433.779787787,"data":"SECONDARY_EDGE_TTA_ACTIVE views= 8 weight= 0.75 mean_abs_feat_delta= 0.269222\n"}
,{"stream_name":"stdout","time":434.570380699,"data":"SECONDARY_EDGE_TTA_ACTIVE views= 8 weight= 0.75 mean_abs_feat_delta= 0.338804\n"}
,{"stream_name":"stdout","time":434.574589222,"data":"BIOHUB_RETENTION_GUARD {\"blended_candidates\": 276, \"dataset\": \"44b6_0b24845f\", \"frame\": 82, \"minimum_retention\": 0.9, \"primary_candidates\": 382, \"retention\": 0.7225130890052356, \"use_primary\": true}\n"}
,{"stream_name":"stdout","time":434.773331463,"data":"SECONDARY_EDGE_TTA_ACTIVE views= 8 weight= 0.75 mean_abs_feat_delta= 0.338804\n"}
,{"stream_name":"stdout","time":434.773367497,"data":"BIOHUB_RETENTION_GUARD {\"blended_candidates\": 276, \"dataset\": \"44b6_0b24845f\", \"frame\": 82, \"minimum_retention\": 0.9, \"primary_candidates\": 382, \"retention\": 0.7225130890052356, \"use_primary\": true}\n"}
,{"stream_name":"stdout","time":434.918216277,"data":"EDGE_TTA_ACTIVE views= 8 mean_abs_feat_delta= 0.353328\n"}
,{"stream_name":"stdout","time":435.121001857,"data":"EDGE_TTA_ACTIVE views= 8 mean_abs_feat_delta= 0.353328\n"}
,{"stream_name":"stdout","time":435.728391134,"data":"EDGE_TTA_ACTIVE views= 8 mean_abs_feat_delta= 0.377095\n"}
,{"stream_name":"stdout","time":435.931373221,"data":"EDGE_TTA_ACTIVE views= 8 mean_abs_feat_delta= 0.377095\n"}
,{"stream_name":"stdout","time":435.936929341,"data":"SECONDARY_EDGE_TTA_ACTIVE views= 8 weight= 0.75 mean_abs_feat_delta= 0.272317\n"}
,{"stream_name":"stdout","time":436.139632927,"data":"SECONDARY_EDGE_TTA_ACTIVE views= 8 weight= 0.75 mean_abs_feat_delta= 0.272317\n"}
,{"stream_name":"stdout","time":436.724869199,"data":"SECONDARY_EDGE_TTA_ACTIVE views= 8 weight= 0.75 mean_abs_feat_delta= 0.337456\n"}
,{"stream_name":"stdout","time":436.729115658,"data":"BIOHUB_RETENTION_GUARD {\"blended_candidates\": 269, \"dataset\": \"44b6_0b24845f\", \"frame\": 83, \"minimum_retention\": 0.9, \"primary_candidates\": 374, \"retention\": 0.7192513368983957, \"use_primary\": true}\n"}
,{"stream_name":"stdout","time":436.927714509,"data":"SECONDARY_EDGE_TTA_ACTIVE views= 8 weight= 0.75 mean_abs_feat_delta= 0.337456\n"}
,{"stream_name":"stdout","time":436.927750376,"data":"BIOHUB_RETENTION_GUARD {\"blended_candidates\": 269, \"dataset\": \"44b6_0b24845f\", \"frame\": 83, \"minimum_retention\": 0.9, \"primary_candidates\": 374, \"retention\": 0.7192513368983957, \"use_primary\": true}\n"}
,{"stream_name":"stdout","time":437.098366052,"data":"EDGE_TTA_ACTIVE views= 8 mean_abs_feat_delta= 0.353853\n"}
,{"stream_name":"stdout","time":437.30137829,"data":"EDGE_TTA_ACTIVE views= 8 mean_abs_feat_delta= 0.353853\n"}
,{"stream_name":"stdout","time":437.913507629,"data":"EDGE_TTA_ACTIVE views= 8 mean_abs_feat_delta= 0.378477\n"}
,{"stream_name":"stdout","time":438.116321765,"data":"EDGE_TTA_ACTIVE views= 8 mean_abs_feat_delta= 0.378477\n"}
,{"stream_name":"stdout","time":438.119966085,"data":"SECONDARY_EDGE_TTA_ACTIVE views= 8 weight= 0.75 mean_abs_feat_delta= 0.269658\n"}
,{"stream_name":"stdout","time":438.322645929,"data":"SECONDARY_EDGE_TTA_ACTIVE views= 8 weight= 0.75 mean_abs_feat_delta= 0.269658\n"}
,{"stream_name":"stdout","time":438.912734672,"data":"SECONDARY_EDGE_TTA_ACTIVE views= 8 weight= 0.75 mean_abs_feat_delta= 0.340144\n"}
,{"stream_name":"stdout","time":438.917759164,"data":"BIOHUB_RETENTION_GUARD {\"blended_candidates\": 289, \"dataset\": \"44b6_0b24845f\", \"frame\": 84, \"minimum_retention\": 0.9, \"primary_candidates\": 360, \"retention\": 0.8027777777777778, \"use_primary\": true}\n"}
,{"stream_name":"stdout","time":439.115626934,"data":"SECONDARY_EDGE_TTA_ACTIVE views= 8 weight= 0.75 mean_abs_feat_delta= 0.340144\n"}
,{"stream_name":"stdout","time":439.115680079,"data":"BIOHUB_RETENTION_GUARD {\"blended_candidates\": 289, \"dataset\": \"44b6_0b24845f\", \"frame\": 84, \"minimum_retention\": 0.9, \"primary_candidates\": 360, \"retention\": 0.8027777777777778, \"use_primary\": true}\n"}
,{"stream_name":"stdout","time":439.293488004,"data":"EDGE_TTA_ACTIVE views= 8 mean_abs_feat_delta= 0.359245\n"}
,{"stream_name":"stdout","time":439.496303246,"data":"EDGE_TTA_ACTIVE views= 8 mean_abs_feat_delta= 0.359245\n"}
,{"stream_name":"stdout","time":440.072076222,"data":"EDGE_TTA_ACTIVE views= 8 mean_abs_feat_delta= 0.37718\n"}
,{"stream_name":"stdout","time":440.274811278,"data":"EDGE_TTA_ACTIVE views= 8 mean_abs_feat_delta= 0.37718\n"}
,{"stream_name":"stdout","time":440.31383101,"data":"SECONDARY_EDGE_TTA_ACTIVE views= 8 weight= 0.75 mean_abs_feat_delta= 0.270535\n"}
,{"stream_name":"stdout","time":440.516554045,"data":"SECONDARY_EDGE_TTA_ACTIVE views= 8 weight= 0.75 mean_abs_feat_delta= 0.270535\n"}
,{"stream_name":"stdout","time":441.070055264,"data":"SECONDARY_EDGE_TTA_ACTIVE views= 8 weight= 0.75 mean_abs_feat_delta= 0.33991\n"}
,{"stream_name":"stdout","time":441.074471621,"data":"BIOHUB_RETENTION_GUARD {\"blended_candidates\": 210, \"dataset\": \"44b6_0b24845f\", \"frame\": 85, \"minimum_retention\": 0.9, \"primary_candidates\": 301, \"retention\": 0.6976744186046512, \"use_primary\": true}\n"}
,{"stream_name":"stdout","time":441.27275103,"data":"SECONDARY_EDGE_TTA_ACTIVE views= 8 weight= 0.75 mean_abs_feat_delta= 0.33991\n"}
,{"stream_name":"stdout","time":441.27278689,"data":"BIOHUB_RETENTION_GUARD {\"blended_candidates\": 210, \"dataset\": \"44b6_0b24845f\", \"frame\": 85, \"minimum_retention\": 0.9, \"primary_candidates\": 301, \"retention\": 0.6976744186046512, \"use_primary\": true}\n"}
,{"stream_name":"stdout","time":441.44813305,"data":"EDGE_TTA_ACTIVE views= 8 mean_abs_feat_delta= 0.357707\n"}
,{"stream_name":"stdout","time":441.650896149,"data":"EDGE_TTA_ACTIVE views= 8 mean_abs_feat_delta= 0.357707\n"}
,{"stream_name":"stdout","time":442.276917829,"data":"EDGE_TTA_ACTIVE views= 8 mean_abs_feat_delta= 0.375515\n"}
,{"stream_name":"stdout","time":442.474232634,"data":"SECONDARY_EDGE_TTA_ACTIVE views= 8 weight= 0.75 mean_abs_feat_delta= 0.269783\n"}
,{"stream_name":"stdout","time":442.480133126,"data":"EDGE_TTA_ACTIVE views= 8 mean_abs_feat_delta= 0.375515\n"}
,{"stream_name":"stdout","time":442.480156887,"data":"SECONDARY_EDGE_TTA_ACTIVE views= 8 weight= 0.75 mean_abs_feat_delta= 0.269783\n"}
,{"stream_name":"stdout","time":443.276359797,"data":"SECONDARY_EDGE_TTA_ACTIVE views= 8 weight= 0.75 mean_abs_feat_delta= 0.344991\n"}
,{"stream_name":"stdout","time":443.2818685,"data":"BIOHUB_RETENTION_GUARD {\"blended_candidates\": 170, \"dataset\": \"44b6_0b24845f\", \"frame\": 86, \"minimum_retention\": 0.9, \"primary_candidates\": 283, \"retention\": 0.6007067137809188, \"use_primary\": true}\n"}
,{"stream_name":"stdout","time":443.479057759,"data":"SECONDARY_EDGE_TTA_ACTIVE views= 8 weight= 0.75 mean_abs_feat_delta= 0.344991\n"}
,{"stream_name":"stdout","time":443.47909329,"data":"BIOHUB_RETENTION_GUARD {\"blended_candidates\": 170, \"dataset\": \"44b6_0b24845f\", \"frame\": 86, \"minimum_retention\": 0.9, \"primary_candidates\": 283, \"retention\": 0.6007067137809188, \"use_primary\": true}\n"}
,{"stream_name":"stdout","time":443.631851984,"data":"EDGE_TTA_ACTIVE views= 8 mean_abs_feat_delta= 0.357289\n"}
,{"stream_name":"stdout","time":443.83467309,"data":"EDGE_TTA_ACTIVE views= 8 mean_abs_feat_delta= 0.357289\n"}
,{"stream_name":"stdout","time":444.389499122,"data":"EDGE_TTA_ACTIVE views= 8 mean_abs_feat_delta= 0.371973\n"}
,{"stream_name":"stdout","time":444.592283124,"data":"EDGE_TTA_ACTIVE views= 8 mean_abs_feat_delta= 0.371973\n"}
,{"stream_name":"stdout","time":444.656599025,"data":"SECONDARY_EDGE_TTA_ACTIVE views= 8 weight= 0.75 mean_abs_feat_delta= 0.273062\n"}
,{"stream_name":"stdout","time":444.859467139,"data":"SECONDARY_EDGE_TTA_ACTIVE views= 8 weight= 0.75 mean_abs_feat_delta= 0.273062\n"}
,{"stream_name":"stdout","time":445.38738444,"data":"SECONDARY_EDGE_TTA_ACTIVE views= 8 weight= 0.75 mean_abs_feat_delta= 0.346855\n"}
,{"stream_name":"stdout","time":445.391828532,"data":"BIOHUB_RETENTION_GUARD {\"blended_candidates\": 229, \"dataset\": \"44b6_0b24845f\", \"frame\": 87, \"minimum_retention\": 0.9, \"primary_candidates\": 331, \"retention\": 0.6918429003021148, \"use_primary\": true}\n"}
,{"stream_name":"stdout","time":445.590526902,"data":"SECONDARY_EDGE_TTA_ACTIVE views= 8 weight= 0.75 mean_abs_feat_delta= 0.346855\n"}
,{"stream_name":"stdout","time":445.590566062,"data":"BIOHUB_RETENTION_GUARD {\"blended_candidates\": 229, \"dataset\": \"44b6_0b24845f\", \"frame\": 87, \"minimum_retention\": 0.9, \"primary_candidates\": 331, \"retention\": 0.6918429003021148, \"use_primary\": true}\n"}
,{"stream_name":"stdout","time":445.821087422,"data":"EDGE_TTA_ACTIVE views= 8 mean_abs_feat_delta= 0.351611\n"}
,{"stream_name":"stdout","time":446.02402418,"data":"EDGE_TTA_ACTIVE views= 8 mean_abs_feat_delta= 0.351611\n"}
,{"stream_name":"stdout","time":446.535913683,"data":"EDGE_TTA_ACTIVE views= 8 mean_abs_feat_delta= 0.380307\n"}
,{"stream_name":"stdout","time":446.738752951,"data":"EDGE_TTA_ACTIVE views= 8 mean_abs_feat_delta= 0.380307\n"}
,{"stream_name":"stdout","time":446.847091372,"data":"SECONDARY_EDGE_TTA_ACTIVE views= 8 weight= 0.75 mean_abs_feat_delta= 0.273236\n"}
,{"stream_name":"stdout","time":447.049811728,"data":"SECONDARY_EDGE_TTA_ACTIVE views= 8 weight= 0.75 mean_abs_feat_delta= 0.273236\n"}
,{"stream_name":"stdout","time":447.532173941,"data":"SECONDARY_EDGE_TTA_ACTIVE views= 8 weight= 0.75 mean_abs_feat_delta= 0.346653\n"}
,{"stream_name":"stdout","time":447.536482525,"data":"BIOHUB_RETENTION_GUARD {\"blended_candidates\": 284, \"dataset\": \"44b6_0b24845f\", \"frame\": 88, \"minimum_retention\": 0.9, \"primary_candidates\": 356, \"retention\": 0.797752808988764, \"use_primary\": true}\n"}
,{"stream_name":"stdout","time":447.734926839,"data":"SECONDARY_EDGE_TTA_ACTIVE views= 8 weight= 0.75 mean_abs_feat_delta= 0.346653\n"}
,{"stream_name":"stdout","time":447.734963591,"data":"BIOHUB_RETENTION_GUARD {\"blended_candidates\": 284, \"dataset\": \"44b6_0b24845f\", \"frame\": 88, \"minimum_retention\": 0.9, \"primary_candidates\": 356, \"retention\": 0.797752808988764, \"use_primary\": true}\n"}
,{"stream_name":"stdout","time":447.974788587,"data":"EDGE_TTA_ACTIVE views= 8 mean_abs_feat_delta= 0.344862\n"}
,{"stream_name":"stdout","time":448.177659727,"data":"EDGE_TTA_ACTIVE views= 8 mean_abs_feat_delta= 0.344862\n"}
,{"stream_name":"stdout","time":448.719481305,"data":"EDGE_TTA_ACTIVE views= 8 mean_abs_feat_delta= 0.384679\n"}
,{"stream_name":"stdout","time":448.922115307,"data":"EDGE_TTA_ACTIVE views= 8 mean_abs_feat_delta= 0.384679\n"}
,{"stream_name":"stdout","time":449.005823141,"data":"SECONDARY_EDGE_TTA_ACTIVE views= 8 weight= 0.75 mean_abs_feat_delta= 0.267279\n"}
,{"stream_name":"stdout","time":449.20820071,"data":"SECONDARY_EDGE_TTA_ACTIVE views= 8 weight= 0.75 mean_abs_feat_delta= 0.267279\n"}
,{"stream_name":"stdout","time":449.71989351,"data":"SECONDARY_EDGE_TTA_ACTIVE views= 8 weight= 0.75 mean_abs_feat_delta= 0.351682\n"}
,{"stream_name":"stdout","time":449.724410485,"data":"BIOHUB_RETENTION_GUARD {\"blended_candidates\": 202, \"dataset\": \"44b6_0b24845f\", \"frame\": 89, \"minimum_retention\": 0.9, \"primary_candidates\": 329, \"retention\": 0.6139817629179332, \"use_primary\": true}\n"}
,{"stream_name":"stdout","time":449.922697971,"data":"SECONDARY_EDGE_TTA_ACTIVE views= 8 weight= 0.75 mean_abs_feat_delta= 0.351682\n"}
,{"stream_name":"stdout","time":449.922735636,"data":"BIOHUB_RETENTION_GUARD {\"blended_candidates\": 202, \"dataset\": \"44b6_0b24845f\", \"frame\": 89, \"minimum_retention\": 0.9, \"primary_candidates\": 329, \"retention\": 0.6139817629179332, \"use_primary\": true}\n"}
,{"stream_name":"stdout","time":450.196365618,"data":"EDGE_TTA_ACTIVE views= 8 mean_abs_feat_delta= 0.344141\n"}
,{"stream_name":"stdout","time":450.399288898,"data":"EDGE_TTA_ACTIVE views= 8 mean_abs_feat_delta= 0.344141\n"}
,{"stream_name":"stdout","time":450.856827754,"data":"EDGE_TTA_ACTIVE views= 8 mean_abs_feat_delta= 0.372124\n"}
,{"stream_name":"stdout","time":451.05956587,"data":"EDGE_TTA_ACTIVE views= 8 mean_abs_feat_delta= 0.372124\n"}
,{"stream_name":"stdout","time":451.223119716,"data":"SECONDARY_EDGE_TTA_ACTIVE views= 8 weight= 0.75 mean_abs_feat_delta= 0.267364\n"}
,{"stream_name":"stdout","time":451.427291187,"data":"SECONDARY_EDGE_TTA_ACTIVE views= 8 weight= 0.75 mean_abs_feat_delta= 0.267364\n"}
,{"stream_name":"stdout","time":451.856953536,"data":"SECONDARY_EDGE_TTA_ACTIVE views= 8 weight= 0.75 mean_abs_feat_delta= 0.34895\n"}
,{"stream_name":"stdout","time":451.86083827,"data":"BIOHUB_RETENTION_GUARD {\"blended_candidates\": 171, \"dataset\": \"44b6_0b24845f\", \"frame\": 90, \"minimum_retention\": 0.9, \"primary_candidates\": 271, \"retention\": 0.6309963099630996, \"use_primary\": true}\n"}
,{"stream_name":"stdout","time":452.060084508,"data":"SECONDARY_EDGE_TTA_ACTIVE views= 8 weight= 0.75 mean_abs_feat_delta= 0.34895\n"}
,{"stream_name":"stdout","time":452.060128933,"data":"BIOHUB_RETENTION_GUARD {\"blended_candidates\": 171, \"dataset\": \"44b6_0b24845f\", \"frame\": 90, \"minimum_retention\": 0.9, \"primary_candidates\": 271, \"retention\": 0.6309963099630996, \"use_primary\": true}\n"}
,{"stream_name":"stdout","time":452.414778663,"data":"EDGE_TTA_ACTIVE views= 8 mean_abs_feat_delta= 0.347384\n"}
,{"stream_name":"stdout","time":452.618003211,"data":"EDGE_TTA_ACTIVE views= 8 mean_abs_feat_delta= 0.347384\n"}
,{"stream_name":"stdout","time":453.00951266,"data":"EDGE_TTA_ACTIVE views= 8 mean_abs_feat_delta= 0.373062\n"}
,{"stream_name":"stdout","time":453.212436546,"data":"EDGE_TTA_ACTIVE views= 8 mean_abs_feat_delta= 0.373062\n"}
,{"stream_name":"stdout","time":453.447364476,"data":"SECONDARY_EDGE_TTA_ACTIVE views= 8 weight= 0.75 mean_abs_feat_delta= 0.2655\n"}
,{"stream_name":"stdout","time":453.650264231,"data":"SECONDARY_EDGE_TTA_ACTIVE views= 8 weight= 0.75 mean_abs_feat_delta= 0.2655\n"}
,{"stream_name":"stdout","time":454.020130067,"data":"SECONDARY_EDGE_TTA_ACTIVE views= 8 weight= 0.75 mean_abs_feat_delta= 0.345669\n"}
,{"stream_name":"stdout","time":454.02445611,"data":"BIOHUB_RETENTION_GUARD {\"blended_candidates\": 131, \"dataset\": \"44b6_0b24845f\", \"frame\": 91, \"minimum_retention\": 0.9, \"primary_candidates\": 247, \"retention\": 0.5303643724696356, \"use_primary\": true}\n"}
,{"stream_name":"stdout","time":454.223258295,"data":"SECONDARY_EDGE_TTA_ACTIVE views= 8 weight= 0.75 mean_abs_feat_delta= 0.345669\n"}
,{"stream_name":"stdout","time":454.223322107,"data":"BIOHUB_RETENTION_GUARD {\"blended_candidates\": 131, \"dataset\": \"44b6_0b24845f\", \"frame\": 91, \"minimum_retention\": 0.9, \"primary_candidates\": 247, \"retention\": 0.5303643724696356, \"use_primary\": true}\n"}
,{"stream_name":"stdout","time":454.593735154,"data":"EDGE_TTA_ACTIVE views= 8 mean_abs_feat_delta= 0.348073\n"}
,{"stream_name":"stdout","time":454.796639266,"data":"EDGE_TTA_ACTIVE views= 8 mean_abs_feat_delta= 0.348073\n"}
,{"stream_name":"stdout","time":455.19117513,"data":"EDGE_TTA_ACTIVE views= 8 mean_abs_feat_delta= 0.37538\n"}
,{"stream_name":"stdout","time":455.393799056,"data":"EDGE_TTA_ACTIVE views= 8 mean_abs_feat_delta= 0.37538\n"}
,{"stream_name":"stdout","time":455.630893473,"data":"SECONDARY_EDGE_TTA_ACTIVE views= 8 weight= 0.75 mean_abs_feat_delta= 0.26615\n"}
,{"stream_name":"stdout","time":455.834242923,"data":"SECONDARY_EDGE_TTA_ACTIVE views= 8 weight= 0.75 mean_abs_feat_delta= 0.26615\n"}
,{"stream_name":"stdout","time":456.201635779,"data":"SECONDARY_EDGE_TTA_ACTIVE views= 8 weight= 0.75 mean_abs_feat_delta= 0.344829\n"}
,{"stream_name":"stdout","time":456.205818626,"data":"BIOHUB_RETENTION_GUARD {\"blended_candidates\": 155, \"dataset\": \"44b6_0b24845f\", \"frame\": 92, \"minimum_retention\": 0.9, \"primary_candidates\": 282, \"retention\": 0.549645390070922, \"use_primary\": true}\n"}
,{"stream_name":"stdout","time":456.4069677,"data":"SECONDARY_EDGE_TTA_ACTIVE views= 8 weight= 0.75 mean_abs_feat_delta= 0.344829\n"}
,{"stream_name":"stdout","time":456.407006358,"data":"BIOHUB_RETENTION_GUARD {\"blended_candidates\": 155, \"dataset\": \"44b6_0b24845f\", \"frame\": 92, \"minimum_retention\": 0.9, \"primary_candidates\": 282, \"retention\": 0.549645390070922, \"use_primary\": true}\n"}
,{"stream_name":"stdout","time":456.835432301,"data":"EDGE_TTA_ACTIVE views= 8 mean_abs_feat_delta= 0.345653\n"}
,{"stream_name":"stdout","time":457.038214103,"data":"EDGE_TTA_ACTIVE views= 8 mean_abs_feat_delta= 0.345653\n"}
,{"stream_name":"stdout","time":457.378789771,"data":"EDGE_TTA_ACTIVE views= 8 mean_abs_feat_delta= 0.369863\n"}
,{"stream_name":"stdout","time":457.581563082,"data":"EDGE_TTA_ACTIVE views= 8 mean_abs_feat_delta= 0.369863\n"}
,{"stream_name":"stdout","time":457.873405362,"data":"SECONDARY_EDGE_TTA_ACTIVE views= 8 weight= 0.75 mean_abs_feat_delta= 0.262334\n"}
,{"stream_name":"stdout","time":458.07650003,"data":"SECONDARY_EDGE_TTA_ACTIVE views= 8 weight= 0.75 mean_abs_feat_delta= 0.262334\n"}
,{"stream_name":"stdout","time":458.391374047,"data":"SECONDARY_EDGE_TTA_ACTIVE views= 8 weight= 0.75 mean_abs_feat_delta= 0.339897\n"}
,{"stream_name":"stdout","time":458.395263524,"data":"BIOHUB_RETENTION_GUARD {\"blended_candidates\": 132, \"dataset\": \"44b6_0b24845f\", \"frame\": 93, \"minimum_retention\": 0.9, \"primary_candidates\": 246, \"retention\": 0.5365853658536586, \"use_primary\": true}\n"}
,{"stream_name":"stdout","time":458.593724498,"data":"SECONDARY_EDGE_TTA_ACTIVE views= 8 weight= 0.75 mean_abs_feat_delta= 0.339897\n"}
,{"stream_name":"stdout","time":458.593760329,"data":"BIOHUB_RETENTION_GUARD {\"blended_candidates\": 132, \"dataset\": \"44b6_0b24845f\", \"frame\": 93, \"minimum_retention\": 0.9, \"primary_candidates\": 246, \"retention\": 0.5365853658536586, \"use_primary\": true}\n"}
,{"stream_name":"stdout","time":459.058471153,"data":"EDGE_TTA_ACTIVE views= 8 mean_abs_feat_delta= 0.347434\n"}
,{"stream_name":"stdout","time":459.261309535,"data":"EDGE_TTA_ACTIVE views= 8 mean_abs_feat_delta= 0.347434\n"}
,{"stream_name":"stdout","time":459.596175148,"data":"EDGE_TTA_ACTIVE views= 8 mean_abs_feat_delta= 0.369553\n"}
,{"stream_name":"stdout","time":459.799025402,"data":"EDGE_TTA_ACTIVE views= 8 mean_abs_feat_delta= 0.369553\n"}
,{"stream_name":"stdout","time":460.097837968,"data":"SECONDARY_EDGE_TTA_ACTIVE views= 8 weight= 0.75 mean_abs_feat_delta= 0.263462\n"}
,{"stream_name":"stdout","time":460.300845495,"data":"SECONDARY_EDGE_TTA_ACTIVE views= 8 weight= 0.75 mean_abs_feat_delta= 0.263462\n"}
,{"stream_name":"stdout","time":460.608782967,"data":"SECONDARY_EDGE_TTA_ACTIVE views= 8 weight= 0.75 mean_abs_feat_delta= 0.339933\n"}
,{"stream_name":"stdout","time":460.613113788,"data":"BIOHUB_RETENTION_GUARD {\"blended_candidates\": 168, \"dataset\": \"44b6_0b24845f\", \"frame\": 94, \"minimum_retention\": 0.9, \"primary_candidates\": 284, \"retention\": 0.5915492957746479, \"use_primary\": true}\n"}
,{"stream_name":"stdout","time":460.811743533,"data":"SECONDARY_EDGE_TTA_ACTIVE views= 8 weight= 0.75 mean_abs_feat_delta= 0.339933\n"}
,{"stream_name":"stdout","time":460.811780838,"data":"BIOHUB_RETENTION_GUARD {\"blended_candidates\": 168, \"dataset\": \"44b6_0b24845f\", \"frame\": 94, \"minimum_retention\": 0.9, \"primary_candidates\": 284, \"retention\": 0.5915492957746479, \"use_primary\": true}\n"}
,{"stream_name":"stdout","time":461.280798574,"data":"EDGE_TTA_ACTIVE views= 8 mean_abs_feat_delta= 0.353326\n"}
,{"stream_name":"stdout","time":461.483556462,"data":"EDGE_TTA_ACTIVE views= 8 mean_abs_feat_delta= 0.353326\n"}
,{"stream_name":"stdout","time":461.724240448,"data":"EDGE_TTA_ACTIVE views= 8 mean_abs_feat_delta= 0.376512\n"}
,{"stream_name":"stdout","time":461.927063297,"data":"EDGE_TTA_ACTIVE views= 8 mean_abs_feat_delta= 0.376512\n"}
,{"stream_name":"stdout","time":462.32264719,"data":"SECONDARY_EDGE_TTA_ACTIVE views= 8 weight= 0.75 mean_abs_feat_delta= 0.268047\n"}
,{"stream_name":"stdout","time":462.5251391,"data":"SECONDARY_EDGE_TTA_ACTIVE views= 8 weight= 0.75 mean_abs_feat_delta= 0.268047\n"}
,{"stream_name":"stdout","time":462.737212534,"data":"SECONDARY_EDGE_TTA_ACTIVE views= 8 weight= 0.75 mean_abs_feat_delta= 0.347255\n"}
,{"stream_name":"stdout","time":462.741515898,"data":"BIOHUB_RETENTION_GUARD {\"blended_candidates\": 133, \"dataset\": \"44b6_0b24845f\", \"frame\": 95, \"minimum_retention\": 0.9, \"primary_candidates\": 294, \"retention\": 0.4523809523809524, \"use_primary\": true}\n"}
,{"stream_name":"stdout","time":462.939857606,"data":"SECONDARY_EDGE_TTA_ACTIVE views= 8 weight= 0.75 mean_abs_feat_delta= 0.347255\n"}
,{"stream_name":"stdout","time":462.939899314,"data":"BIOHUB_RETENTION_GUARD {\"blended_candidates\": 133, \"dataset\": \"44b6_0b24845f\", \"frame\": 95, \"minimum_retention\": 0.9, \"primary_candidates\": 294, \"retention\": 0.4523809523809524, \"use_primary\": true}\n"}
,{"stream_name":"stdout","time":463.569214231,"data":"EDGE_TTA_ACTIVE views= 8 mean_abs_feat_delta= 0.356844\n"}
,{"stream_name":"stdout","time":463.807653605,"data":"EDGE_TTA_ACTIVE views= 8 mean_abs_feat_delta= 0.356844\n"}
,{"stream_name":"stdout","time":464.009533643,"data":"EDGE_TTA_ACTIVE views= 8 mean_abs_feat_delta= 0.370927\n"}
,{"stream_name":"stdout","time":464.212700289,"data":"EDGE_TTA_ACTIVE views= 8 mean_abs_feat_delta= 0.370927\n"}
,{"stream_name":"stdout","time":464.614081831,"data":"SECONDARY_EDGE_TTA_ACTIVE views= 8 weight= 0.75 mean_abs_feat_delta= 0.258104\n"}
,{"stream_name":"stdout","time":464.816439069,"data":"SECONDARY_EDGE_TTA_ACTIVE views= 8 weight= 0.75 mean_abs_feat_delta= 0.258104\n"}
,{"stream_name":"stdout","time":465.024107059,"data":"SECONDARY_EDGE_TTA_ACTIVE views= 8 weight= 0.75 mean_abs_feat_delta= 0.349077\n"}
,{"stream_name":"stdout","time":465.028403908,"data":"BIOHUB_RETENTION_GUARD {\"blended_candidates\": 121, \"dataset\": \"44b6_0b24845f\", \"frame\": 96, \"minimum_retention\": 0.9, \"primary_candidates\": 265, \"retention\": 0.45660377358490567, \"use_primary\": true}\n"}
,{"stream_name":"stdout","time":465.226689518,"data":"SECONDARY_EDGE_TTA_ACTIVE views= 8 weight= 0.75 mean_abs_feat_delta= 0.349077\n"}
,{"stream_name":"stdout","time":465.226735941,"data":"BIOHUB_RETENTION_GUARD {\"blended_candidates\": 121, \"dataset\": \"44b6_0b24845f\", \"frame\": 96, \"minimum_retention\": 0.9, \"primary_candidates\": 265, \"retention\": 0.45660377358490567, \"use_primary\": true}\n"}
,{"stream_name":"stdout","time":465.851463063,"data":"EDGE_TTA_ACTIVE views= 8 mean_abs_feat_delta= 0.352887\n"}
,{"stream_name":"stdout","time":466.054235498,"data":"EDGE_TTA_ACTIVE views= 8 mean_abs_feat_delta= 0.352887\n"}
,{"stream_name":"stdout","time":466.266575526,"data":"EDGE_TTA_ACTIVE views= 8 mean_abs_feat_delta= 0.368202\n"}
,{"stream_name":"stdout","time":466.469339175,"data":"EDGE_TTA_ACTIVE views= 8 mean_abs_feat_delta= 0.368202\n"}
,{"stream_name":"stdout","time":466.895445483,"data":"SECONDARY_EDGE_TTA_ACTIVE views= 8 weight= 0.75 mean_abs_feat_delta= 0.26166\n"}
,{"stream_name":"stdout","time":467.098966865,"data":"SECONDARY_EDGE_TTA_ACTIVE views= 8 weight= 0.75 mean_abs_feat_delta= 0.26166\n"}
,{"stream_name":"stdout","time":467.283851514,"data":"SECONDARY_EDGE_TTA_ACTIVE views= 8 weight= 0.75 mean_abs_feat_delta= 0.352694\n"}
,{"stream_name":"stdout","time":467.288134182,"data":"BIOHUB_RETENTION_GUARD {\"blended_candidates\": 165, \"dataset\": \"44b6_0b24845f\", \"frame\": 97, \"minimum_retention\": 0.9, \"primary_candidates\": 312, \"retention\": 0.5288461538461539, \"use_primary\": true}\n"}
,{"stream_name":"stdout","time":467.486746414,"data":"SECONDARY_EDGE_TTA_ACTIVE views= 8 weight= 0.75 mean_abs_feat_delta= 0.352694\n"}
,{"stream_name":"stdout","time":467.486782258,"data":"BIOHUB_RETENTION_GUARD {\"blended_candidates\": 165, \"dataset\": \"44b6_0b24845f\", \"frame\": 97, \"minimum_retention\": 0.9, \"primary_candidates\": 312, \"retention\": 0.5288461538461539, \"use_primary\": true}\n"}
,{"stream_name":"stdout","time":468.098723829,"data":"EDGE_TTA_ACTIVE views= 8 mean_abs_feat_delta= 0.352766\n"}
,{"stream_name":"stdout","time":468.301543697,"data":"EDGE_TTA_ACTIVE views= 8 mean_abs_feat_delta= 0.352766\n"}
,{"stream_name":"stdout","time":468.537344412,"data":"EDGE_TTA_ACTIVE views= 8 mean_abs_feat_delta= 0.376846\n"}
,{"stream_name":"stdout","time":468.740344268,"data":"EDGE_TTA_ACTIVE views= 8 mean_abs_feat_delta= 0.376846\n"}
,{"stream_name":"stdout","time":469.145598959,"data":"SECONDARY_EDGE_TTA_ACTIVE views= 8 weight= 0.75 mean_abs_feat_delta= 0.259512\n"}
,{"stream_name":"stdout","time":469.348095543,"data":"SECONDARY_EDGE_TTA_ACTIVE views= 8 weight= 0.75 mean_abs_feat_delta= 0.259512\n"}
,{"stream_name":"stdout","time":469.556167603,"data":"SECONDARY_EDGE_TTA_ACTIVE views= 8 weight= 0.75 mean_abs_feat_delta= 0.353179\n"}
,{"stream_name":"stdout","time":469.560513435,"data":"BIOHUB_RETENTION_GUARD {\"blended_candidates\": 149, \"dataset\": \"44b6_0b24845f\", \"frame\": 98, \"minimum_retention\": 0.9, \"primary_candidates\": 310, \"retention\": 0.4806451612903226, \"use_primary\": true}\n"}
,{"stream_name":"stdout","time":469.759081275,"data":"SECONDARY_EDGE_TTA_ACTIVE views= 8 weight= 0.75 mean_abs_feat_delta= 0.353179\n"}
,{"stream_name":"stdout","time":469.75912054,"data":"BIOHUB_RETENTION_GUARD {\"blended_candidates\": 149, \"dataset\": \"44b6_0b24845f\", \"frame\": 98, \"minimum_retention\": 0.9, \"primary_candidates\": 310, \"retention\": 0.4806451612903226, \"use_primary\": true}\n"}
,{"stream_name":"stdout","time":470.322906445,"data":"EDGE_TTA_ACTIVE views= 8 mean_abs_feat_delta= 0.357319\n"}
,{"stream_name":"stdout","time":470.525687201,"data":"EDGE_TTA_ACTIVE views= 8 mean_abs_feat_delta= 0.357319\n"}
,{"stream_name":"stdout","time":470.722251558,"data":"EDGE_TTA_ACTIVE views= 8 mean_abs_feat_delta= 0.374587\n"}
,{"stream_name":"stdout","time":470.925403863,"data":"EDGE_TTA_ACTIVE views= 8 mean_abs_feat_delta= 0.374587\n"}
,{"stream_name":"stdout","time":471.373113329,"data":"SECONDARY_EDGE_TTA_ACTIVE views= 8 weight= 0.75 mean_abs_feat_delta= 0.260316\n"}
,{"stream_name":"stdout","time":471.575792302,"data":"SECONDARY_EDGE_TTA_ACTIVE views= 8 weight= 0.75 mean_abs_feat_delta= 0.260316\n"}
,{"stream_name":"stdout","time":471.738644085,"data":"SECONDARY_EDGE_TTA_ACTIVE views= 8 weight= 0.75 mean_abs_feat_delta= 0.353745\n"}
,{"stream_name":"stdout","time":471.742881979,"data":"BIOHUB_RETENTION_GUARD {\"blended_candidates\": 89, \"dataset\": \"44b6_0b24845f\", \"frame\": 99, \"minimum_retention\": 0.9, \"primary_candidates\": 235, \"retention\": 0.37872340425531914, \"use_primary\": true}\n"}
,{"stream_name":"stdout","time":471.941604715,"data":"SECONDARY_EDGE_TTA_ACTIVE views= 8 weight= 0.75 mean_abs_feat_delta= 0.353745\n"}
,{"stream_name":"stdout","time":471.941641059,"data":"BIOHUB_RETENTION_GUARD {\"blended_candidates\": 89, \"dataset\": \"44b6_0b24845f\", \"frame\": 99, \"minimum_retention\": 0.9, \"primary_candidates\": 235, \"retention\": 0.37872340425531914, \"use_primary\": true}\n"}
,{"stream_name":"stdout","time":472.51806108,"data":"EDGE_TTA_ACTIVE views= 8 mean_abs_feat_delta= 0.356682\n"}
,{"stream_name":"stdout","time":472.721080961,"data":"EDGE_TTA_ACTIVE views= 8 mean_abs_feat_delta= 0.356682\n"}
,{"stream_name":"stdout","time":473.566568007,"data":"SECONDARY_EDGE_TTA_ACTIVE views= 8 weight= 0.75 mean_abs_feat_delta= 0.263108\n"}
,{"stream_name":"stdout","time":473.772680705,"data":"SECONDARY_EDGE_TTA_ACTIVE views= 8 weight= 0.75 mean_abs_feat_delta= 0.263108\n"}
,{"stream_name":"stdout","time":495.760299595,"data":"EDGE_TTA_ACTIVE views= 8 mean_abs_feat_delta= 0.350937\n"}
,{"stream_name":"stdout","time":495.99908244,"data":"EDGE_TTA_ACTIVE views= 8 mean_abs_feat_delta= 0.350937\n"}
,{"stream_name":"stdout","time":496.735536956,"data":"SECONDARY_EDGE_TTA_ACTIVE views= 8 weight= 0.75 mean_abs_feat_delta= 0.247659\n"}
,{"stream_name":"stdout","time":496.938464928,"data":"SECONDARY_EDGE_TTA_ACTIVE views= 8 weight= 0.75 mean_abs_feat_delta= 0.247659\n"}
,{"stream_name":"stdout","time":498.112345097,"data":"EDGE_TTA_ACTIVE views= 8 mean_abs_feat_delta= 0.349425\n"}
,{"stream_name":"stdout","time":498.315570111,"data":"EDGE_TTA_ACTIVE views= 8 mean_abs_feat_delta= 0.349425\n"}
,{"stream_name":"stdout","time":499.102520208,"data":"SECONDARY_EDGE_TTA_ACTIVE views= 8 weight= 0.75 mean_abs_feat_delta= 0.24968\n"}
,{"stream_name":"stdout","time":499.305482043,"data":"SECONDARY_EDGE_TTA_ACTIVE views= 8 weight= 0.75 mean_abs_feat_delta= 0.24968\n"}
,{"stream_name":"stdout","time":500.511055498,"data":"EDGE_TTA_ACTIVE views= 8 mean_abs_feat_delta= 0.345926\n"}
,{"stream_name":"stdout","time":500.714148744,"data":"EDGE_TTA_ACTIVE views= 8 mean_abs_feat_delta= 0.345926\n"}
,{"stream_name":"stdout","time":501.509057687,"data":"SECONDARY_EDGE_TTA_ACTIVE views= 8 weight= 0.75 mean_abs_feat_delta= 0.250232\n"}
,{"stream_name":"stdout","time":501.712309346,"data":"SECONDARY_EDGE_TTA_ACTIVE views= 8 weight= 0.75 mean_abs_feat_delta= 0.250232\n"}
,{"stream_name":"stdout","time":502.987012349,"data":"EDGE_TTA_ACTIVE views= 8 mean_abs_feat_delta= 0.343575\n"}
,{"stream_name":"stdout","time":503.189943219,"data":"EDGE_TTA_ACTIVE views= 8 mean_abs_feat_delta= 0.343575\n"}
,{"stream_name":"stdout","time":503.906867718,"data":"EDGE_TTA_ACTIVE views= 8 mean_abs_feat_delta= 0.371861\n"}
,{"stream_name":"stdout","time":503.992587675,"data":"SECONDARY_EDGE_TTA_ACTIVE views= 8 weight= 0.75 mean_abs_feat_delta= 0.251574\n"}
,{"stream_name":"stdout","time":504.109607911,"data":"EDGE_TTA_ACTIVE views= 8 mean_abs_feat_delta= 0.371861\n"}
,{"stream_name":"stdout","time":504.109641734,"data":"SECONDARY_EDGE_TTA_ACTIVE views= 8 weight= 0.75 mean_abs_feat_delta= 0.251574\n"}
,{"stream_name":"stdout","time":504.90529815,"data":"SECONDARY_EDGE_TTA_ACTIVE views= 8 weight= 0.75 mean_abs_feat_delta= 0.236072\n"}
,{"stream_name":"stdout","time":505.10816759,"data":"SECONDARY_EDGE_TTA_ACTIVE views= 8 weight= 0.75 mean_abs_feat_delta= 0.236072\n"}
,{"stream_name":"stdout","time":505.41783823,"data":"EDGE_TTA_ACTIVE views= 8 mean_abs_feat_delta= 0.346887\n"}
,{"stream_name":"stdout","time":505.620688713,"data":"EDGE_TTA_ACTIVE views= 8 mean_abs_feat_delta= 0.346887\n"}
,{"stream_name":"stdout","time":506.110991365,"data":"EDGE_TTA_ACTIVE views= 8 mean_abs_feat_delta= 0.373996\n"}
,{"stream_name":"stdout","time":506.313629501,"data":"EDGE_TTA_ACTIVE views= 8 mean_abs_feat_delta= 0.373996\n"}
,{"stream_name":"stdout","time":506.431537596,"data":"SECONDARY_EDGE_TTA_ACTIVE views= 8 weight= 0.75 mean_abs_feat_delta= 0.248906\n"}
,{"stream_name":"stdout","time":506.634369624,"data":"SECONDARY_EDGE_TTA_ACTIVE views= 8 weight= 0.75 mean_abs_feat_delta= 0.248906\n"}
,{"stream_name":"stdout","time":507.121571849,"data":"SECONDARY_EDGE_TTA_ACTIVE views= 8 weight= 0.75 mean_abs_feat_delta= 0.235043\n"}
,{"stream_name":"stdout","time":507.324520168,"data":"SECONDARY_EDGE_TTA_ACTIVE views= 8 weight= 0.75 mean_abs_feat_delta= 0.235043\n"}
,{"stream_name":"stdout","time":507.841854061,"data":"EDGE_TTA_ACTIVE views= 8 mean_abs_feat_delta= 0.346346\n"}
,{"stream_name":"stdout","time":508.044570937,"data":"EDGE_TTA_ACTIVE views= 8 mean_abs_feat_delta= 0.346346\n"}
,{"stream_name":"stdout","time":508.241365654,"data":"EDGE_TTA_ACTIVE views= 8 mean_abs_feat_delta= 0.377724\n"}
,{"stream_name":"stdout","time":508.44396195,"data":"EDGE_TTA_ACTIVE views= 8 mean_abs_feat_delta= 0.377724\n"}
,{"stream_name":"stdout","time":508.862387947,"data":"SECONDARY_EDGE_TTA_ACTIVE views= 8 weight= 0.75 mean_abs_feat_delta= 0.2454\n"}
,{"stream_name":"stdout","time":509.065182091,"data":"SECONDARY_EDGE_TTA_ACTIVE views= 8 weight= 0.75 mean_abs_feat_delta= 0.2454\n"}
,{"stream_name":"stdout","time":509.256249319,"data":"SECONDARY_EDGE_TTA_ACTIVE views= 8 weight= 0.75 mean_abs_feat_delta= 0.238415\n"}
,{"stream_name":"stdout","time":509.458895308,"data":"SECONDARY_EDGE_TTA_ACTIVE views= 8 weight= 0.75 mean_abs_feat_delta= 0.238415\n"}
,{"stream_name":"stdout","time":510.329999107,"data":"EDGE_TTA_ACTIVE views= 8 mean_abs_feat_delta= 0.346973\n"}
,{"stream_name":"stdout","time":510.346347867,"data":"EDGE_TTA_ACTIVE views= 8 mean_abs_feat_delta= 0.380575\n"}
,{"stream_name":"stdout","time":510.532687441,"data":"EDGE_TTA_ACTIVE views= 8 mean_abs_feat_delta= 0.346973\n"}
,{"stream_name":"stdout","time":510.532724132,"data":"EDGE_TTA_ACTIVE views= 8 mean_abs_feat_delta= 0.380575\n"}
,{"stream_name":"stdout","time":511.360189763,"data":"SECONDARY_EDGE_TTA_ACTIVE views= 8 weight= 0.75 mean_abs_feat_delta= 0.249957\n"}
,{"stream_name":"stdout","time":511.378743793,"data":"SECONDARY_EDGE_TTA_ACTIVE views= 8 weight= 0.75 mean_abs_feat_delta= 0.237631\n"}
,{"stream_name":"stdout","time":511.562809202,"data":"SECONDARY_EDGE_TTA_ACTIVE views= 8 weight= 0.75 mean_abs_feat_delta= 0.249957\n"}
,{"stream_name":"stdout","time":511.562862476,"data":"SECONDARY_EDGE_TTA_ACTIVE views= 8 weight= 0.75 mean_abs_feat_delta= 0.237631\n"}
,{"stream_name":"stdout","time":512.546393172,"data":"EDGE_TTA_ACTIVE views= 8 mean_abs_feat_delta= 0.363601\n"}
,{"stream_name":"stdout","time":512.748971364,"data":"EDGE_TTA_ACTIVE views= 8 mean_abs_feat_delta= 0.363601\n"}
,{"stream_name":"stdout","time":512.811575022,"data":"EDGE_TTA_ACTIVE views= 8 mean_abs_feat_delta= 0.344778\n"}
,{"stream_name":"stdout","time":513.014303683,"data":"EDGE_TTA_ACTIVE views= 8 mean_abs_feat_delta= 0.344778\n"}
,{"stream_name":"stdout","time":513.585367358,"data":"SECONDARY_EDGE_TTA_ACTIVE views= 8 weight= 0.75 mean_abs_feat_delta= 0.244203\n"}
,{"stream_name":"stdout","time":513.788595412,"data":"SECONDARY_EDGE_TTA_ACTIVE views= 8 weight= 0.75 mean_abs_feat_delta= 0.244203\n"}
,{"stream_name":"stdout","time":513.844329762,"data":"SECONDARY_EDGE_TTA_ACTIVE views= 8 weight= 0.75 mean_abs_feat_delta= 0.244194\n"}
,{"stream_name":"stdout","time":514.047017619,"data":"SECONDARY_EDGE_TTA_ACTIVE views= 8 weight= 0.75 mean_abs_feat_delta= 0.244194\n"}
,{"stream_name":"stdout","time":514.735491476,"data":"EDGE_TTA_ACTIVE views= 8 mean_abs_feat_delta= 0.383693\n"}
,{"stream_name":"stdout","time":514.938165123,"data":"EDGE_TTA_ACTIVE views= 8 mean_abs_feat_delta= 0.383693\n"}
,{"stream_name":"stdout","time":515.278579553,"data":"EDGE_TTA_ACTIVE views= 8 mean_abs_feat_delta= 0.347914\n"}
,{"stream_name":"stdout","time":515.481365932,"data":"EDGE_TTA_ACTIVE views= 8 mean_abs_feat_delta= 0.347914\n"}
,{"stream_name":"stdout","time":515.786691801,"data":"SECONDARY_EDGE_TTA_ACTIVE views= 8 weight= 0.75 mean_abs_feat_delta= 0.239954\n"}
,{"stream_name":"stdout","time":515.989480801,"data":"SECONDARY_EDGE_TTA_ACTIVE views= 8 weight= 0.75 mean_abs_feat_delta= 0.239954\n"}
,{"stream_name":"stdout","time":516.324460785,"data":"SECONDARY_EDGE_TTA_ACTIVE views= 8 weight= 0.75 mean_abs_feat_delta= 0.243952\n"}
,{"stream_name":"stdout","time":516.527318243,"data":"SECONDARY_EDGE_TTA_ACTIVE views= 8 weight= 0.75 mean_abs_feat_delta= 0.243952\n"}
,{"stream_name":"stdout","time":516.908453356,"data":"EDGE_TTA_ACTIVE views= 8 mean_abs_feat_delta= 0.385986\n"}
,{"stream_name":"stdout","time":517.110989114,"data":"EDGE_TTA_ACTIVE views= 8 mean_abs_feat_delta= 0.385986\n"}
,{"stream_name":"stdout","time":517.766750809,"data":"EDGE_TTA_ACTIVE views= 8 mean_abs_feat_delta= 0.35019\n"}
,{"stream_name":"stdout","time":517.967131806,"data":"SECONDARY_EDGE_TTA_ACTIVE views= 8 weight= 0.75 mean_abs_feat_delta= 0.23989\n"}
,{"stream_name":"stdout","time":517.969567434,"data":"EDGE_TTA_ACTIVE views= 8 mean_abs_feat_delta= 0.35019\n"}
,{"stream_name":"stdout","time":517.969595217,"data":"SECONDARY_EDGE_TTA_ACTIVE views= 8 weight= 0.75 mean_abs_feat_delta= 0.23989\n"}
,{"stream_name":"stdout","time":518.817614335,"data":"SECONDARY_EDGE_TTA_ACTIVE views= 8 weight= 0.75 mean_abs_feat_delta= 0.246757\n"}
,{"stream_name":"stdout","time":519.020570988,"data":"SECONDARY_EDGE_TTA_ACTIVE views= 8 weight= 0.75 mean_abs_feat_delta= 0.246757\n"}
,{"stream_name":"stdout","time":519.16311918,"data":"EDGE_TTA_ACTIVE views= 8 mean_abs_feat_delta= 0.377214\n"}
,{"stream_name":"stdout","time":519.365971646,"data":"EDGE_TTA_ACTIVE views= 8 mean_abs_feat_delta= 0.377214\n"}
,{"stream_name":"stdout","time":520.231110967,"data":"SECONDARY_EDGE_TTA_ACTIVE views= 8 weight= 0.75 mean_abs_feat_delta= 0.237283\n"}
,{"stream_name":"stdout","time":520.259261529,"data":"EDGE_TTA_ACTIVE views= 8 mean_abs_feat_delta= 0.345694\n"}
,{"stream_name":"stdout","time":520.433848624,"data":"SECONDARY_EDGE_TTA_ACTIVE views= 8 weight= 0.75 mean_abs_feat_delta= 0.237283\n"}
,{"stream_name":"stdout","time":520.433909789,"data":"EDGE_TTA_ACTIVE views= 8 mean_abs_feat_delta= 0.345694\n"}
,{"stream_name":"stdout","time":521.31997224,"data":"SECONDARY_EDGE_TTA_ACTIVE views= 8 weight= 0.75 mean_abs_feat_delta= 0.241225\n"}
,{"stream_name":"stdout","time":521.41518052,"data":"EDGE_TTA_ACTIVE views= 8 mean_abs_feat_delta= 0.374944\n"}
,{"stream_name":"stdout","time":521.522532685,"data":"SECONDARY_EDGE_TTA_ACTIVE views= 8 weight= 0.75 mean_abs_feat_delta= 0.241225\n"}
,{"stream_name":"stdout","time":521.522570976,"data":"EDGE_TTA_ACTIVE views= 8 mean_abs_feat_delta= 0.374944\n"}
,{"stream_name":"stdout","time":522.490900847,"data":"SECONDARY_EDGE_TTA_ACTIVE views= 8 weight= 0.75 mean_abs_feat_delta= 0.230958\n"}
,{"stream_name":"stdout","time":522.693818686,"data":"SECONDARY_EDGE_TTA_ACTIVE views= 8 weight= 0.75 mean_abs_feat_delta= 0.230958\n"}
,{"stream_name":"stdout","time":522.755362972,"data":"EDGE_TTA_ACTIVE views= 8 mean_abs_feat_delta= 0.341576\n"}
,{"stream_name":"stdout","time":522.95824142,"data":"EDGE_TTA_ACTIVE views= 8 mean_abs_feat_delta= 0.341576\n"}
,{"stream_name":"stdout","time":523.646630689,"data":"EDGE_TTA_ACTIVE views= 8 mean_abs_feat_delta= 0.379503\n"}
,{"stream_name":"stdout","time":523.820036729,"data":"SECONDARY_EDGE_TTA_ACTIVE views= 8 weight= 0.75 mean_abs_feat_delta= 0.24078\n"}
,{"stream_name":"stdout","time":523.84951031,"data":"EDGE_TTA_ACTIVE views= 8 mean_abs_feat_delta= 0.379503\n"}
,{"stream_name":"stdout","time":523.849546504,"data":"SECONDARY_EDGE_TTA_ACTIVE views= 8 weight= 0.75 mean_abs_feat_delta= 0.24078\n"}
,{"stream_name":"stdout","time":524.731349974,"data":"SECONDARY_EDGE_TTA_ACTIVE views= 8 weight= 0.75 mean_abs_feat_delta= 0.23219\n"}
,{"stream_name":"stdout","time":524.934476308,"data":"SECONDARY_EDGE_TTA_ACTIVE views= 8 weight= 0.75 mean_abs_feat_delta= 0.23219\n"}
,{"stream_name":"stdout","time":525.296989123,"data":"EDGE_TTA_ACTIVE views= 8 mean_abs_feat_delta= 0.341639\n"}
,{"stream_name":"stdout","time":525.499735152,"data":"EDGE_TTA_ACTIVE views= 8 mean_abs_feat_delta= 0.341639\n"}
,{"stream_name":"stdout","time":525.915095753,"data":"EDGE_TTA_ACTIVE views= 8 mean_abs_feat_delta= 0.376279\n"}
,{"stream_name":"stdout","time":526.15721362,"data":"EDGE_TTA_ACTIVE views= 8 mean_abs_feat_delta= 0.376279\n"}
,{"stream_name":"stdout","time":526.36697428,"data":"SECONDARY_EDGE_TTA_ACTIVE views= 8 weight= 0.75 mean_abs_feat_delta= 0.240248\n"}
,{"stream_name":"stdout","time":526.569828377,"data":"SECONDARY_EDGE_TTA_ACTIVE views= 8 weight= 0.75 mean_abs_feat_delta= 0.240248\n"}
,{"stream_name":"stdout","time":527.003966703,"data":"SECONDARY_EDGE_TTA_ACTIVE views= 8 weight= 0.75 mean_abs_feat_delta= 0.235852\n"}
,{"stream_name":"stdout","time":527.20695839,"data":"SECONDARY_EDGE_TTA_ACTIVE views= 8 weight= 0.75 mean_abs_feat_delta= 0.235852\n"}
,{"stream_name":"stdout","time":527.878771381,"data":"EDGE_TTA_ACTIVE views= 8 mean_abs_feat_delta= 0.344461\n"}
,{"stream_name":"stdout","time":528.081619382,"data":"EDGE_TTA_ACTIVE views= 8 mean_abs_feat_delta= 0.344461\n"}
,{"stream_name":"stdout","time":528.187153285,"data":"EDGE_TTA_ACTIVE views= 8 mean_abs_feat_delta= 0.381564\n"}
,{"stream_name":"stdout","time":528.389710634,"data":"EDGE_TTA_ACTIVE views= 8 mean_abs_feat_delta= 0.381564\n"}
,{"stream_name":"stdout","time":528.944254288,"data":"SECONDARY_EDGE_TTA_ACTIVE views= 8 weight= 0.75 mean_abs_feat_delta= 0.238142\n"}
,{"stream_name":"stdout","time":529.146999639,"data":"SECONDARY_EDGE_TTA_ACTIVE views= 8 weight= 0.75 mean_abs_feat_delta= 0.238142\n"}
,{"stream_name":"stdout","time":529.27255414,"data":"SECONDARY_EDGE_TTA_ACTIVE views= 8 weight= 0.75 mean_abs_feat_delta= 0.238665\n"}
,{"stream_name":"stdout","time":529.475726076,"data":"SECONDARY_EDGE_TTA_ACTIVE views= 8 weight= 0.75 mean_abs_feat_delta= 0.238665\n"}
,{"stream_name":"stdout","time":530.379851251,"data":"EDGE_TTA_ACTIVE views= 8 mean_abs_feat_delta= 0.344769\n"}
,{"stream_name":"stdout","time":530.51485677,"data":"EDGE_TTA_ACTIVE views= 8 mean_abs_feat_delta= 0.369132\n"}
,{"stream_name":"stdout","time":530.582754103,"data":"EDGE_TTA_ACTIVE views= 8 mean_abs_feat_delta= 0.344769\n"}
,{"stream_name":"stdout","time":530.582792625,"data":"EDGE_TTA_ACTIVE views= 8 mean_abs_feat_delta= 0.369132\n"}
,{"stream_name":"stdout","time":531.442218088,"data":"SECONDARY_EDGE_TTA_ACTIVE views= 8 weight= 0.75 mean_abs_feat_delta= 0.23738\n"}
,{"stream_name":"stdout","time":531.595968687,"data":"SECONDARY_EDGE_TTA_ACTIVE views= 8 weight= 0.75 mean_abs_feat_delta= 0.241873\n"}
,{"stream_name":"stdout","time":531.644805698,"data":"SECONDARY_EDGE_TTA_ACTIVE views= 8 weight= 0.75 mean_abs_feat_delta= 0.23738\n"}
,{"stream_name":"stdout","time":531.644863722,"data":"SECONDARY_EDGE_TTA_ACTIVE views= 8 weight= 0.75 mean_abs_feat_delta= 0.241873\n"}
,{"stream_name":"stdout","time":532.79636951,"data":"EDGE_TTA_ACTIVE views= 8 mean_abs_feat_delta= 0.383661\n"}
,{"stream_name":"stdout","time":532.955085256,"data":"EDGE_TTA_ACTIVE views= 8 mean_abs_feat_delta= 0.343861\n"}
,{"stream_name":"stdout","time":532.999295739,"data":"EDGE_TTA_ACTIVE views= 8 mean_abs_feat_delta= 0.383661\n"}
,{"stream_name":"stdout","time":532.999328802,"data":"EDGE_TTA_ACTIVE views= 8 mean_abs_feat_delta= 0.343861\n"}
,{"stream_name":"stdout","time":533.863492784,"data":"SECONDARY_EDGE_TTA_ACTIVE views= 8 weight= 0.75 mean_abs_feat_delta= 0.237557\n"}
,{"stream_name":"stdout","time":534.001630333,"data":"SECONDARY_EDGE_TTA_ACTIVE views= 8 weight= 0.75 mean_abs_feat_delta= 0.237096\n"}
,{"stream_name":"stdout","time":534.066320771,"data":"SECONDARY_EDGE_TTA_ACTIVE views= 8 weight= 0.75 mean_abs_feat_delta= 0.237557\n"}
,{"stream_name":"stdout","time":534.066355373,"data":"SECONDARY_EDGE_TTA_ACTIVE views= 8 weight= 0.75 mean_abs_feat_delta= 0.237096\n"}
,{"stream_name":"stdout","time":535.024112994,"data":"EDGE_TTA_ACTIVE views= 8 mean_abs_feat_delta= 0.377244\n"}
,{"stream_name":"stdout","time":535.226998788,"data":"EDGE_TTA_ACTIVE views= 8 mean_abs_feat_delta= 0.377244\n"}
,{"stream_name":"stdout","time":535.45509073,"data":"EDGE_TTA_ACTIVE views= 8 mean_abs_feat_delta= 0.344252\n"}
,{"stream_name":"stdout","time":535.657561289,"data":"EDGE_TTA_ACTIVE views= 8 mean_abs_feat_delta= 0.344252\n"}
,{"stream_name":"stdout","time":536.085188318,"data":"SECONDARY_EDGE_TTA_ACTIVE views= 8 weight= 0.75 mean_abs_feat_delta= 0.238111\n"}
,{"stream_name":"stdout","time":536.287905142,"data":"SECONDARY_EDGE_TTA_ACTIVE views= 8 weight= 0.75 mean_abs_feat_delta= 0.238111\n"}
,{"stream_name":"stdout","time":536.494795386,"data":"SECONDARY_EDGE_TTA_ACTIVE views= 8 weight= 0.75 mean_abs_feat_delta= 0.236414\n"}
,{"stream_name":"stdout","time":536.697632929,"data":"SECONDARY_EDGE_TTA_ACTIVE views= 8 weight= 0.75 mean_abs_feat_delta= 0.236414\n"}
,{"stream_name":"stdout","time":537.273562209,"data":"EDGE_TTA_ACTIVE views= 8 mean_abs_feat_delta= 0.375803\n"}
,{"stream_name":"stdout","time":537.476340308,"data":"EDGE_TTA_ACTIVE views= 8 mean_abs_feat_delta= 0.375803\n"}
,{"stream_name":"stdout","time":538.019717029,"data":"EDGE_TTA_ACTIVE views= 8 mean_abs_feat_delta= 0.344683\n"}
,{"stream_name":"stdout","time":538.222640358,"data":"EDGE_TTA_ACTIVE views= 8 mean_abs_feat_delta= 0.344683\n"}
,{"stream_name":"stdout","time":538.320594467,"data":"SECONDARY_EDGE_TTA_ACTIVE views= 8 weight= 0.75 mean_abs_feat_delta= 0.238153\n"}
,{"stream_name":"stdout","time":538.523337144,"data":"SECONDARY_EDGE_TTA_ACTIVE views= 8 weight= 0.75 mean_abs_feat_delta= 0.238153\n"}
,{"stream_name":"stdout","time":539.048933943,"data":"SECONDARY_EDGE_TTA_ACTIVE views= 8 weight= 0.75 mean_abs_feat_delta= 0.23555\n"}
,{"stream_name":"stdout","time":539.251763858,"data":"SECONDARY_EDGE_TTA_ACTIVE views= 8 weight= 0.75 mean_abs_feat_delta= 0.23555\n"}
,{"stream_name":"stdout","time":539.469845282,"data":"EDGE_TTA_ACTIVE views= 8 mean_abs_feat_delta= 0.375399\n"}
,{"stream_name":"stdout","time":539.672457191,"data":"EDGE_TTA_ACTIVE views= 8 mean_abs_feat_delta= 0.375399\n"}
,{"stream_name":"stdout","time":540.51603259,"data":"SECONDARY_EDGE_TTA_ACTIVE views= 8 weight= 0.75 mean_abs_feat_delta= 0.236344\n"}
,{"stream_name":"stdout","time":540.528946167,"data":"EDGE_TTA_ACTIVE views= 8 mean_abs_feat_delta= 0.34633\n"}
,{"stream_name":"stdout","time":540.718683856,"data":"SECONDARY_EDGE_TTA_ACTIVE views= 8 weight= 0.75 mean_abs_feat_delta= 0.236344\n"}
,{"stream_name":"stdout","time":540.718720287,"data":"EDGE_TTA_ACTIVE views= 8 mean_abs_feat_delta= 0.34633\n"}
,{"stream_name":"stdout","time":541.554697592,"data":"SECONDARY_EDGE_TTA_ACTIVE views= 8 weight= 0.75 mean_abs_feat_delta= 0.237532\n"}
,{"stream_name":"stdout","time":541.663576447,"data":"EDGE_TTA_ACTIVE views= 8 mean_abs_feat_delta= 0.378254\n"}
,{"stream_name":"stdout","time":541.757608258,"data":"SECONDARY_EDGE_TTA_ACTIVE views= 8 weight= 0.75 mean_abs_feat_delta= 0.237532\n"}
,{"stream_name":"stdout","time":541.757691979,"data":"EDGE_TTA_ACTIVE views= 8 mean_abs_feat_delta= 0.378254\n"}
,{"stream_name":"stdout","time":542.703024707,"data":"SECONDARY_EDGE_TTA_ACTIVE views= 8 weight= 0.75 mean_abs_feat_delta= 0.235514\n"}
,{"stream_name":"stdout","time":542.905600122,"data":"SECONDARY_EDGE_TTA_ACTIVE views= 8 weight= 0.75 mean_abs_feat_delta= 0.235514\n"}
,{"stream_name":"stdout","time":543.036926237,"data":"EDGE_TTA_ACTIVE views= 8 mean_abs_feat_delta= 0.340161\n"}
,{"stream_name":"stdout","time":543.239720371,"data":"EDGE_TTA_ACTIVE views= 8 mean_abs_feat_delta= 0.340161\n"}
,{"stream_name":"stdout","time":543.869140214,"data":"EDGE_TTA_ACTIVE views= 8 mean_abs_feat_delta= 0.379837\n"}
,{"stream_name":"stdout","time":544.055242158,"data":"SECONDARY_EDGE_TTA_ACTIVE views= 8 weight= 0.75 mean_abs_feat_delta= 0.238661\n"}
,{"stream_name":"stdout","time":544.072300566,"data":"EDGE_TTA_ACTIVE views= 8 mean_abs_feat_delta= 0.379837\n"}
,{"stream_name":"stdout","time":544.072329257,"data":"SECONDARY_EDGE_TTA_ACTIVE views= 8 weight= 0.75 mean_abs_feat_delta= 0.238661\n"}
,{"stream_name":"stdout","time":544.90371665,"data":"SECONDARY_EDGE_TTA_ACTIVE views= 8 weight= 0.75 mean_abs_feat_delta= 0.237013\n"}
,{"stream_name":"stdout","time":545.106661661,"data":"SECONDARY_EDGE_TTA_ACTIVE views= 8 weight= 0.75 mean_abs_feat_delta= 0.237013\n"}
,{"stream_name":"stdout","time":545.472563177,"data":"EDGE_TTA_ACTIVE views= 8 mean_abs_feat_delta= 0.345593\n"}
,{"stream_name":"stdout","time":545.675323415,"data":"EDGE_TTA_ACTIVE views= 8 mean_abs_feat_delta= 0.345593\n"}
,{"stream_name":"stdout","time":546.039891619,"data":"EDGE_TTA_ACTIVE views= 8 mean_abs_feat_delta= 0.382889\n"}
,{"stream_name":"stdout","time":546.242507169,"data":"EDGE_TTA_ACTIVE views= 8 mean_abs_feat_delta= 0.382889\n"}
,{"stream_name":"stdout","time":546.487174111,"data":"SECONDARY_EDGE_TTA_ACTIVE views= 8 weight= 0.75 mean_abs_feat_delta= 0.244202\n"}
,{"stream_name":"stdout","time":546.68995077,"data":"SECONDARY_EDGE_TTA_ACTIVE views= 8 weight= 0.75 mean_abs_feat_delta= 0.244202\n"}
,{"stream_name":"stdout","time":547.067581309,"data":"SECONDARY_EDGE_TTA_ACTIVE views= 8 weight= 0.75 mean_abs_feat_delta= 0.23801\n"}
,{"stream_name":"stdout","time":547.270447035,"data":"SECONDARY_EDGE_TTA_ACTIVE views= 8 weight= 0.75 mean_abs_feat_delta= 0.23801\n"}
,{"stream_name":"stdout","time":547.947552437,"data":"EDGE_TTA_ACTIVE views= 8 mean_abs_feat_delta= 0.345261\n"}
,{"stream_name":"stdout","time":548.150284398,"data":"EDGE_TTA_ACTIVE views= 8 mean_abs_feat_delta= 0.345261\n"}
,{"stream_name":"stdout","time":548.219898817,"data":"EDGE_TTA_ACTIVE views= 8 mean_abs_feat_delta= 0.38286\n"}
,{"stream_name":"stdout","time":548.422737747,"data":"EDGE_TTA_ACTIVE views= 8 mean_abs_feat_delta= 0.38286\n"}
,{"stream_name":"stdout","time":548.958383263,"data":"SECONDARY_EDGE_TTA_ACTIVE views= 8 weight= 0.75 mean_abs_feat_delta= 0.244726\n"}
,{"stream_name":"stdout","time":549.161149441,"data":"SECONDARY_EDGE_TTA_ACTIVE views= 8 weight= 0.75 mean_abs_feat_delta= 0.244726\n"}
,{"stream_name":"stdout","time":549.251387175,"data":"SECONDARY_EDGE_TTA_ACTIVE views= 8 weight= 0.75 mean_abs_feat_delta= 0.236216\n"}
,{"stream_name":"stdout","time":549.454085978,"data":"SECONDARY_EDGE_TTA_ACTIVE views= 8 weight= 0.75 mean_abs_feat_delta= 0.236216\n"}
,{"stream_name":"stdout","time":550.349588756,"data":"EDGE_TTA_ACTIVE views= 8 mean_abs_feat_delta= 0.382216\n"}
,{"stream_name":"stdout","time":550.394981726,"data":"EDGE_TTA_ACTIVE views= 8 mean_abs_feat_delta= 0.341917\n"}
,{"stream_name":"stdout","time":550.552330978,"data":"EDGE_TTA_ACTIVE views= 8 mean_abs_feat_delta= 0.382216\n"}
,{"stream_name":"stdout","time":550.552363817,"data":"EDGE_TTA_ACTIVE views= 8 mean_abs_feat_delta= 0.341917\n"}
,{"stream_name":"stdout","time":551.375848168,"data":"SECONDARY_EDGE_TTA_ACTIVE views= 8 weight= 0.75 mean_abs_feat_delta= 0.237584\n"}
,{"stream_name":"stdout","time":551.401838903,"data":"SECONDARY_EDGE_TTA_ACTIVE views= 8 weight= 0.75 mean_abs_feat_delta= 0.244457\n"}
,{"stream_name":"stdout","time":551.578628846,"data":"SECONDARY_EDGE_TTA_ACTIVE views= 8 weight= 0.75 mean_abs_feat_delta= 0.237584\n"}
,{"stream_name":"stdout","time":551.578668901,"data":"SECONDARY_EDGE_TTA_ACTIVE views= 8 weight= 0.75 mean_abs_feat_delta= 0.244457\n"}
,{"stream_name":"stdout","time":552.527041369,"data":"EDGE_TTA_ACTIVE views= 8 mean_abs_feat_delta= 0.387124\n"}
,{"stream_name":"stdout","time":552.729933833,"data":"EDGE_TTA_ACTIVE views= 8 mean_abs_feat_delta= 0.387124\n"}
,{"stream_name":"stdout","time":552.781494922,"data":"EDGE_TTA_ACTIVE views= 8 mean_abs_feat_delta= 0.342121\n"}
,{"stream_name":"stdout","time":552.984453994,"data":"EDGE_TTA_ACTIVE views= 8 mean_abs_feat_delta= 0.342121\n"}
,{"stream_name":"stdout","time":553.547468814,"data":"SECONDARY_EDGE_TTA_ACTIVE views= 8 weight= 0.75 mean_abs_feat_delta= 0.237954\n"}
,{"stream_name":"stdout","time":553.750282128,"data":"SECONDARY_EDGE_TTA_ACTIVE views= 8 weight= 0.75 mean_abs_feat_delta= 0.237954\n"}
,{"stream_name":"stdout","time":553.783751122,"data":"SECONDARY_EDGE_TTA_ACTIVE views= 8 weight= 0.75 mean_abs_feat_delta= 0.245003\n"}
,{"stream_name":"stdout","time":553.986759678,"data":"SECONDARY_EDGE_TTA_ACTIVE views= 8 weight= 0.75 mean_abs_feat_delta= 0.245003\n"}
,{"stream_name":"stdout","time":554.662021814,"data":"EDGE_TTA_ACTIVE views= 8 mean_abs_feat_delta= 0.383692\n"}
,{"stream_name":"stdout","time":554.865499921,"data":"EDGE_TTA_ACTIVE views= 8 mean_abs_feat_delta= 0.383692\n"}
,{"stream_name":"stdout","time":555.180934673,"data":"EDGE_TTA_ACTIVE views= 8 mean_abs_feat_delta= 0.340903\n"}
,{"stream_name":"stdout","time":555.383839918,"data":"EDGE_TTA_ACTIVE views= 8 mean_abs_feat_delta= 0.340903\n"}
,{"stream_name":"stdout","time":555.681813166,"data":"SECONDARY_EDGE_TTA_ACTIVE views= 8 weight= 0.75 mean_abs_feat_delta= 0.236802\n"}
,{"stream_name":"stdout","time":555.884201838,"data":"SECONDARY_EDGE_TTA_ACTIVE views= 8 weight= 0.75 mean_abs_feat_delta= 0.236802\n"}
,{"stream_name":"stdout","time":556.184541361,"data":"SECONDARY_EDGE_TTA_ACTIVE views= 8 weight= 0.75 mean_abs_feat_delta= 0.243874\n"}
,{"stream_name":"stdout","time":556.429943383,"data":"SECONDARY_EDGE_TTA_ACTIVE views= 8 weight= 0.75 mean_abs_feat_delta= 0.243874\n"}
,{"stream_name":"stdout","time":556.833022414,"data":"EDGE_TTA_ACTIVE views= 8 mean_abs_feat_delta= 0.38098\n"}
,{"stream_name":"stdout","time":557.035800399,"data":"EDGE_TTA_ACTIVE views= 8 mean_abs_feat_delta= 0.38098\n"}
,{"stream_name":"stdout","time":557.602042484,"data":"EDGE_TTA_ACTIVE views= 8 mean_abs_feat_delta= 0.337487\n"}
,{"stream_name":"stdout","time":557.804810856,"data":"EDGE_TTA_ACTIVE views= 8 mean_abs_feat_delta= 0.337487\n"}
,{"stream_name":"stdout","time":557.850719916,"data":"SECONDARY_EDGE_TTA_ACTIVE views= 8 weight= 0.75 mean_abs_feat_delta= 0.239394\n"}
,{"stream_name":"stdout","time":558.053320853,"data":"SECONDARY_EDGE_TTA_ACTIVE views= 8 weight= 0.75 mean_abs_feat_delta= 0.239394\n"}
,{"stream_name":"stdout","time":558.599769387,"data":"SECONDARY_EDGE_TTA_ACTIVE views= 8 weight= 0.75 mean_abs_feat_delta= 0.236817\n"}
,{"stream_name":"stdout","time":558.802593641,"data":"SECONDARY_EDGE_TTA_ACTIVE views= 8 weight= 0.75 mean_abs_feat_delta= 0.236817\n"}
,{"stream_name":"stdout","time":558.973857666,"data":"EDGE_TTA_ACTIVE views= 8 mean_abs_feat_delta= 0.383083\n"}
,{"stream_name":"stdout","time":559.176541422,"data":"EDGE_TTA_ACTIVE views= 8 mean_abs_feat_delta= 0.383083\n"}
,{"stream_name":"stdout","time":559.986488246,"data":"SECONDARY_EDGE_TTA_ACTIVE views= 8 weight= 0.75 mean_abs_feat_delta= 0.239051\n"}
,{"stream_name":"stdout","time":560.091946977,"data":"EDGE_TTA_ACTIVE views= 8 mean_abs_feat_delta= 0.344383\n"}
,{"stream_name":"stdout","time":560.189353421,"data":"SECONDARY_EDGE_TTA_ACTIVE views= 8 weight= 0.75 mean_abs_feat_delta= 0.239051\n"}
,{"stream_name":"stdout","time":560.189435743,"data":"EDGE_TTA_ACTIVE views= 8 mean_abs_feat_delta= 0.344383\n"}
,{"stream_name":"stdout","time":561.075792647,"data":"EDGE_TTA_ACTIVE views= 8 mean_abs_feat_delta= 0.385177\n"}
,{"stream_name":"stdout","time":561.088091163,"data":"SECONDARY_EDGE_TTA_ACTIVE views= 8 weight= 0.75 mean_abs_feat_delta= 0.245041\n"}
,{"stream_name":"stdout","time":561.278850773,"data":"EDGE_TTA_ACTIVE views= 8 mean_abs_feat_delta= 0.385177\n"}
,{"stream_name":"stdout","time":561.278894412,"data":"SECONDARY_EDGE_TTA_ACTIVE views= 8 weight= 0.75 mean_abs_feat_delta= 0.245041\n"}
,{"stream_name":"stdout","time":562.087633842,"data":"SECONDARY_EDGE_TTA_ACTIVE views= 8 weight= 0.75 mean_abs_feat_delta= 0.240454\n"}
,{"stream_name":"stdout","time":562.289806978,"data":"SECONDARY_EDGE_TTA_ACTIVE views= 8 weight= 0.75 mean_abs_feat_delta= 0.240454\n"}
,{"stream_name":"stdout","time":562.496951448,"data":"EDGE_TTA_ACTIVE views= 8 mean_abs_feat_delta= 0.337324\n"}
,{"stream_name":"stdout","time":562.700009923,"data":"EDGE_TTA_ACTIVE views= 8 mean_abs_feat_delta= 0.337324\n"}
,{"stream_name":"stdout","time":563.182558551,"data":"EDGE_TTA_ACTIVE views= 8 mean_abs_feat_delta= 0.373011\n"}
,{"stream_name":"stdout","time":563.385477903,"data":"EDGE_TTA_ACTIVE views= 8 mean_abs_feat_delta= 0.373011\n"}
,{"stream_name":"stdout","time":563.492093341,"data":"SECONDARY_EDGE_TTA_ACTIVE views= 8 weight= 0.75 mean_abs_feat_delta= 0.243663\n"}
,{"stream_name":"stdout","time":563.695198802,"data":"SECONDARY_EDGE_TTA_ACTIVE views= 8 weight= 0.75 mean_abs_feat_delta= 0.243663\n"}
,{"stream_name":"stdout","time":564.195811214,"data":"SECONDARY_EDGE_TTA_ACTIVE views= 8 weight= 0.75 mean_abs_feat_delta= 0.246682\n"}
,{"stream_name":"stdout","time":564.398498902,"data":"SECONDARY_EDGE_TTA_ACTIVE views= 8 weight= 0.75 mean_abs_feat_delta= 0.246682\n"}
,{"stream_name":"stdout","time":564.918747427,"data":"EDGE_TTA_ACTIVE views= 8 mean_abs_feat_delta= 0.344697\n"}
,{"stream_name":"stdout","time":565.121394143,"data":"EDGE_TTA_ACTIVE views= 8 mean_abs_feat_delta= 0.344697\n"}
,{"stream_name":"stdout","time":565.344374402,"data":"EDGE_TTA_ACTIVE views= 8 mean_abs_feat_delta= 0.387462\n"}
,{"stream_name":"stdout","time":565.546973384,"data":"EDGE_TTA_ACTIVE views= 8 mean_abs_feat_delta= 0.387462\n"}
,{"stream_name":"stdout","time":565.910842138,"data":"SECONDARY_EDGE_TTA_ACTIVE views= 8 weight= 0.75 mean_abs_feat_delta= 0.248629\n"}
,{"stream_name":"stdout","time":566.113738578,"data":"SECONDARY_EDGE_TTA_ACTIVE views= 8 weight= 0.75 mean_abs_feat_delta= 0.248629\n"}
,{"stream_name":"stdout","time":566.356539561,"data":"SECONDARY_EDGE_TTA_ACTIVE views= 8 weight= 0.75 mean_abs_feat_delta= 0.238599\n"}
,{"stream_name":"stdout","time":566.559120006,"data":"SECONDARY_EDGE_TTA_ACTIVE views= 8 weight= 0.75 mean_abs_feat_delta= 0.238599\n"}
,{"stream_name":"stdout","time":567.375330032,"data":"EDGE_TTA_ACTIVE views= 8 mean_abs_feat_delta= 0.346724\n"}
,{"stream_name":"stdout","time":567.496494141,"data":"EDGE_TTA_ACTIVE views= 8 mean_abs_feat_delta= 0.39019\n"}
,{"stream_name":"stdout","time":567.577863865,"data":"EDGE_TTA_ACTIVE views= 8 mean_abs_feat_delta= 0.346724\n"}
,{"stream_name":"stdout","time":567.577917558,"data":"EDGE_TTA_ACTIVE views= 8 mean_abs_feat_delta= 0.39019\n"}
,{"stream_name":"stdout","time":568.370530368,"data":"SECONDARY_EDGE_TTA_ACTIVE views= 8 weight= 0.75 mean_abs_feat_delta= 0.248031\n"}
,{"stream_name":"stdout","time":568.50778467,"data":"SECONDARY_EDGE_TTA_ACTIVE views= 8 weight= 0.75 mean_abs_feat_delta= 0.24201\n"}
,{"stream_name":"stdout","time":568.572968865,"data":"SECONDARY_EDGE_TTA_ACTIVE views= 8 weight= 0.75 mean_abs_feat_delta= 0.248031\n"}
,{"stream_name":"stdout","time":568.573007661,"data":"SECONDARY_EDGE_TTA_ACTIVE views= 8 weight= 0.75 mean_abs_feat_delta= 0.24201\n"}
,{"stream_name":"stdout","time":569.659006416,"data":"EDGE_TTA_ACTIVE views= 8 mean_abs_feat_delta= 0.394669\n"}
,{"stream_name":"stdout","time":569.84293278,"data":"EDGE_TTA_ACTIVE views= 8 mean_abs_feat_delta= 0.342953\n"}
,{"stream_name":"stdout","time":569.862009699,"data":"EDGE_TTA_ACTIVE views= 8 mean_abs_feat_delta= 0.394669\n"}
,{"stream_name":"stdout","time":569.862081487,"data":"EDGE_TTA_ACTIVE views= 8 mean_abs_feat_delta= 0.342953\n"}
,{"stream_name":"stdout","time":570.671102105,"data":"SECONDARY_EDGE_TTA_ACTIVE views= 8 weight= 0.75 mean_abs_feat_delta= 0.242718\n"}
,{"stream_name":"stdout","time":570.831528952,"data":"SECONDARY_EDGE_TTA_ACTIVE views= 8 weight= 0.75 mean_abs_feat_delta= 0.248478\n"}
,{"stream_name":"stdout","time":570.874063908,"data":"SECONDARY_EDGE_TTA_ACTIVE views= 8 weight= 0.75 mean_abs_feat_delta= 0.242718\n"}
,{"stream_name":"stdout","time":570.874125093,"data":"SECONDARY_EDGE_TTA_ACTIVE views= 8 weight= 0.75 mean_abs_feat_delta= 0.248478\n"}
,{"stream_name":"stdout","time":571.807693977,"data":"EDGE_TTA_ACTIVE views= 8 mean_abs_feat_delta= 0.392073\n"}
,{"stream_name":"stdout","time":572.010556847,"data":"EDGE_TTA_ACTIVE views= 8 mean_abs_feat_delta= 0.392073\n"}
,{"stream_name":"stdout","time":572.22577977,"data":"EDGE_TTA_ACTIVE views= 8 mean_abs_feat_delta= 0.346376\n"}
,{"stream_name":"stdout","time":572.429649555,"data":"EDGE_TTA_ACTIVE views= 8 mean_abs_feat_delta= 0.346376\n"}
,{"stream_name":"stdout","time":572.820942553,"data":"SECONDARY_EDGE_TTA_ACTIVE views= 8 weight= 0.75 mean_abs_feat_delta= 0.239556\n"}
,{"stream_name":"stdout","time":573.023886793,"data":"SECONDARY_EDGE_TTA_ACTIVE views= 8 weight= 0.75 mean_abs_feat_delta= 0.239556\n"}
,{"stream_name":"stdout","time":573.219840203,"data":"SECONDARY_EDGE_TTA_ACTIVE views= 8 weight= 0.75 mean_abs_feat_delta= 0.25125\n"}
,{"stream_name":"stdout","time":573.422656669,"data":"SECONDARY_EDGE_TTA_ACTIVE views= 8 weight= 0.75 mean_abs_feat_delta= 0.25125\n"}
,{"stream_name":"stdout","time":573.908181077,"data":"EDGE_TTA_ACTIVE views= 8 mean_abs_feat_delta= 0.384078\n"}
,{"stream_name":"stdout","time":574.11106788,"data":"EDGE_TTA_ACTIVE views= 8 mean_abs_feat_delta= 0.384078\n"}
,{"stream_name":"stdout","time":574.594368467,"data":"EDGE_TTA_ACTIVE views= 8 mean_abs_feat_delta= 0.346181\n"}
,{"stream_name":"stdout","time":574.797326427,"data":"EDGE_TTA_ACTIVE views= 8 mean_abs_feat_delta= 0.346181\n"}
,{"stream_name":"stdout","time":574.922339716,"data":"SECONDARY_EDGE_TTA_ACTIVE views= 8 weight= 0.75 mean_abs_feat_delta= 0.239228\n"}
,{"stream_name":"stdout","time":575.125180859,"data":"SECONDARY_EDGE_TTA_ACTIVE views= 8 weight= 0.75 mean_abs_feat_delta= 0.239228\n"}
,{"stream_name":"stdout","time":575.588334581,"data":"SECONDARY_EDGE_TTA_ACTIVE views= 8 weight= 0.75 mean_abs_feat_delta= 0.244937\n"}
,{"stream_name":"stdout","time":575.791353857,"data":"SECONDARY_EDGE_TTA_ACTIVE views= 8 weight= 0.75 mean_abs_feat_delta= 0.244937\n"}
,{"stream_name":"stdout","time":576.103127534,"data":"EDGE_TTA_ACTIVE views= 8 mean_abs_feat_delta= 0.380739\n"}
,{"stream_name":"stdout","time":576.306132907,"data":"EDGE_TTA_ACTIVE views= 8 mean_abs_feat_delta= 0.380739\n"}
,{"stream_name":"stdout","time":577.023497854,"data":"EDGE_TTA_ACTIVE views= 8 mean_abs_feat_delta= 0.347471\n"}
,{"stream_name":"stdout","time":577.118972691,"data":"SECONDARY_EDGE_TTA_ACTIVE views= 8 weight= 0.75 mean_abs_feat_delta= 0.238944\n"}
,{"stream_name":"stdout","time":577.226113589,"data":"EDGE_TTA_ACTIVE views= 8 mean_abs_feat_delta= 0.347471\n"}
,{"stream_name":"stdout","time":577.226185826,"data":"SECONDARY_EDGE_TTA_ACTIVE views= 8 weight= 0.75 mean_abs_feat_delta= 0.238944\n"}
,{"stream_name":"stdout","time":578.018370309,"data":"SECONDARY_EDGE_TTA_ACTIVE views= 8 weight= 0.75 mean_abs_feat_delta= 0.246287\n"}
,{"stream_name":"stdout","time":578.208684695,"data":"EDGE_TTA_ACTIVE views= 8 mean_abs_feat_delta= 0.384946\n"}
,{"stream_name":"stdout","time":578.221362449,"data":"SECONDARY_EDGE_TTA_ACTIVE views= 8 weight= 0.75 mean_abs_feat_delta= 0.246287\n"}
,{"stream_name":"stdout","time":578.221389233,"data":"EDGE_TTA_ACTIVE views= 8 mean_abs_feat_delta= 0.384946\n"}
,{"stream_name":"stdout","time":579.22488848,"data":"SECONDARY_EDGE_TTA_ACTIVE views= 8 weight= 0.75 mean_abs_feat_delta= 0.240838\n"}
,{"stream_name":"stdout","time":579.418700605,"data":"EDGE_TTA_ACTIVE views= 8 mean_abs_feat_delta= 0.350011\n"}
,{"stream_name":"stdout","time":579.427572177,"data":"SECONDARY_EDGE_TTA_ACTIVE views= 8 weight= 0.75 mean_abs_feat_delta= 0.240838\n"}
,{"stream_name":"stdout","time":579.427598717,"data":"EDGE_TTA_ACTIVE views= 8 mean_abs_feat_delta= 0.350011\n"}
,{"stream_name":"stdout","time":580.338071701,"data":"EDGE_TTA_ACTIVE views= 8 mean_abs_feat_delta= 0.390292\n"}
,{"stream_name":"stdout","time":580.422681065,"data":"SECONDARY_EDGE_TTA_ACTIVE views= 8 weight= 0.75 mean_abs_feat_delta= 0.252081\n"}
,{"stream_name":"stdout","time":580.541060078,"data":"EDGE_TTA_ACTIVE views= 8 mean_abs_feat_delta= 0.390292\n"}
,{"stream_name":"stdout","time":580.541128728,"data":"SECONDARY_EDGE_TTA_ACTIVE views= 8 weight= 0.75 mean_abs_feat_delta= 0.252081\n"}
,{"stream_name":"stdout","time":581.359243056,"data":"SECONDARY_EDGE_TTA_ACTIVE views= 8 weight= 0.75 mean_abs_feat_delta= 0.239624\n"}
,{"stream_name":"stdout","time":581.562000527,"data":"SECONDARY_EDGE_TTA_ACTIVE views= 8 weight= 0.75 mean_abs_feat_delta= 0.239624\n"}
,{"stream_name":"stdout","time":581.821315165,"data":"EDGE_TTA_ACTIVE views= 8 mean_abs_feat_delta= 0.346365\n"}
,{"stream_name":"stdout","time":582.023856982,"data":"EDGE_TTA_ACTIVE views= 8 mean_abs_feat_delta= 0.346365\n"}
,{"stream_name":"stdout","time":582.504225652,"data":"EDGE_TTA_ACTIVE views= 8 mean_abs_feat_delta= 0.389613\n"}
,{"stream_name":"stdout","time":582.706801568,"data":"EDGE_TTA_ACTIVE views= 8 mean_abs_feat_delta= 0.389613\n"}
,{"stream_name":"stdout","time":582.822967622,"data":"SECONDARY_EDGE_TTA_ACTIVE views= 8 weight= 0.75 mean_abs_feat_delta= 0.246571\n"}
,{"stream_name":"stdout","time":583.025964874,"data":"SECONDARY_EDGE_TTA_ACTIVE views= 8 weight= 0.75 mean_abs_feat_delta= 0.246571\n"}
,{"stream_name":"stdout","time":583.523395468,"data":"SECONDARY_EDGE_TTA_ACTIVE views= 8 weight= 0.75 mean_abs_feat_delta= 0.238597\n"}
,{"stream_name":"stdout","time":583.726096648,"data":"SECONDARY_EDGE_TTA_ACTIVE views= 8 weight= 0.75 mean_abs_feat_delta= 0.238597\n"}
,{"stream_name":"stdout","time":584.250354516,"data":"EDGE_TTA_ACTIVE views= 8 mean_abs_feat_delta= 0.349124\n"}
,{"stream_name":"stdout","time":584.45324081,"data":"EDGE_TTA_ACTIVE views= 8 mean_abs_feat_delta= 0.349124\n"}
,{"stream_name":"stdout","time":584.671101901,"data":"EDGE_TTA_ACTIVE views= 8 mean_abs_feat_delta= 0.380972\n"}
,{"stream_name":"stdout","time":584.873789073,"data":"EDGE_TTA_ACTIVE views= 8 mean_abs_feat_delta= 0.380972\n"}
,{"stream_name":"stdout","time":585.254184084,"data":"SECONDARY_EDGE_TTA_ACTIVE views= 8 weight= 0.75 mean_abs_feat_delta= 0.247701\n"}
,{"stream_name":"stdout","time":585.456952026,"data":"SECONDARY_EDGE_TTA_ACTIVE views= 8 weight= 0.75 mean_abs_feat_delta= 0.247701\n"}
,{"stream_name":"stdout","time":585.695983673,"data":"SECONDARY_EDGE_TTA_ACTIVE views= 8 weight= 0.75 mean_abs_feat_delta= 0.23768\n"}
,{"stream_name":"stdout","time":585.898890182,"data":"SECONDARY_EDGE_TTA_ACTIVE views= 8 weight= 0.75 mean_abs_feat_delta= 0.23768\n"}
,{"stream_name":"stdout","time":586.68699783,"data":"EDGE_TTA_ACTIVE views= 8 mean_abs_feat_delta= 0.350188\n"}
,{"stream_name":"stdout","time":586.827457109,"data":"EDGE_TTA_ACTIVE views= 8 mean_abs_feat_delta= 0.380042\n"}
,{"stream_name":"stdout","time":586.94089235,"data":"EDGE_TTA_ACTIVE views= 8 mean_abs_feat_delta= 0.350188\n"}
,{"stream_name":"stdout","time":586.940922644,"data":"EDGE_TTA_ACTIVE views= 8 mean_abs_feat_delta= 0.380042\n"}
,{"stream_name":"stdout","time":587.696874945,"data":"SECONDARY_EDGE_TTA_ACTIVE views= 8 weight= 0.75 mean_abs_feat_delta= 0.247527\n"}
,{"stream_name":"stdout","time":587.860971975,"data":"SECONDARY_EDGE_TTA_ACTIVE views= 8 weight= 0.75 mean_abs_feat_delta= 0.2411\n"}
,{"stream_name":"stdout","time":587.899796483,"data":"SECONDARY_EDGE_TTA_ACTIVE views= 8 weight= 0.75 mean_abs_feat_delta= 0.247527\n"}
,{"stream_name":"stdout","time":587.8998464,"data":"SECONDARY_EDGE_TTA_ACTIVE views= 8 weight= 0.75 mean_abs_feat_delta= 0.2411\n"}
,{"stream_name":"stdout","time":588.963027086,"data":"EDGE_TTA_ACTIVE views= 8 mean_abs_feat_delta= 0.381742\n"}
,{"stream_name":"stdout","time":589.165638758,"data":"EDGE_TTA_ACTIVE views= 8 mean_abs_feat_delta= 0.342833\n"}
,{"stream_name":"stdout","time":589.166320346,"data":"EDGE_TTA_ACTIVE views= 8 mean_abs_feat_delta= 0.381742\n"}
,{"stream_name":"stdout","time":589.367804338,"data":"EDGE_TTA_ACTIVE views= 8 mean_abs_feat_delta= 0.342833\n"}
,{"stream_name":"stdout","time":589.994119027,"data":"SECONDARY_EDGE_TTA_ACTIVE views= 8 weight= 0.75 mean_abs_feat_delta= 0.242636\n"}
,{"stream_name":"stdout","time":590.17856698,"data":"SECONDARY_EDGE_TTA_ACTIVE views= 8 weight= 0.75 mean_abs_feat_delta= 0.244514\n"}
,{"stream_name":"stdout","time":590.197150736,"data":"SECONDARY_EDGE_TTA_ACTIVE views= 8 weight= 0.75 mean_abs_feat_delta= 0.242636\n"}
,{"stream_name":"stdout","time":590.197206226,"data":"SECONDARY_EDGE_TTA_ACTIVE views= 8 weight= 0.75 mean_abs_feat_delta= 0.244514\n"}
,{"stream_name":"stdout","time":591.138900026,"data":"EDGE_TTA_ACTIVE views= 8 mean_abs_feat_delta= 0.385581\n"}
,{"stream_name":"stdout","time":591.341440137,"data":"EDGE_TTA_ACTIVE views= 8 mean_abs_feat_delta= 0.385581\n"}
,{"stream_name":"stdout","time":591.574952795,"data":"EDGE_TTA_ACTIVE views= 8 mean_abs_feat_delta= 0.344875\n"}
,{"stream_name":"stdout","time":591.777502559,"data":"EDGE_TTA_ACTIVE views= 8 mean_abs_feat_delta= 0.344875\n"}
,{"stream_name":"stdout","time":592.178476217,"data":"SECONDARY_EDGE_TTA_ACTIVE views= 8 weight= 0.75 mean_abs_feat_delta= 0.238985\n"}
,{"stream_name":"stdout","time":592.381267396,"data":"SECONDARY_EDGE_TTA_ACTIVE views= 8 weight= 0.75 mean_abs_feat_delta= 0.238985\n"}
,{"stream_name":"stdout","time":592.588919205,"data":"SECONDARY_EDGE_TTA_ACTIVE views= 8 weight= 0.75 mean_abs_feat_delta= 0.249913\n"}
,{"stream_name":"stdout","time":592.791603532,"data":"SECONDARY_EDGE_TTA_ACTIVE views= 8 weight= 0.75 mean_abs_feat_delta= 0.249913\n"}
,{"stream_name":"stdout","time":593.354674604,"data":"EDGE_TTA_ACTIVE views= 8 mean_abs_feat_delta= 0.38448\n"}
,{"stream_name":"stdout","time":593.557558098,"data":"EDGE_TTA_ACTIVE views= 8 mean_abs_feat_delta= 0.38448\n"}
,{"stream_name":"stdout","time":594.055524955,"data":"EDGE_TTA_ACTIVE views= 8 mean_abs_feat_delta= 0.347935\n"}
,{"stream_name":"stdout","time":594.258376992,"data":"EDGE_TTA_ACTIVE views= 8 mean_abs_feat_delta= 0.347935\n"}
,{"stream_name":"stdout","time":594.395650889,"data":"SECONDARY_EDGE_TTA_ACTIVE views= 8 weight= 0.75 mean_abs_feat_delta= 0.234994\n"}
,{"stream_name":"stdout","time":594.598092436,"data":"SECONDARY_EDGE_TTA_ACTIVE views= 8 weight= 0.75 mean_abs_feat_delta= 0.234994\n"}
,{"stream_name":"stdout","time":595.07431503,"data":"SECONDARY_EDGE_TTA_ACTIVE views= 8 weight= 0.75 mean_abs_feat_delta= 0.256149\n"}
,{"stream_name":"stdout","time":595.277356282,"data":"SECONDARY_EDGE_TTA_ACTIVE views= 8 weight= 0.75 mean_abs_feat_delta= 0.256149\n"}
,{"stream_name":"stdout","time":595.540740833,"data":"EDGE_TTA_ACTIVE views= 8 mean_abs_feat_delta= 0.368202\n"}
,{"stream_name":"stdout","time":595.743749418,"data":"EDGE_TTA_ACTIVE views= 8 mean_abs_feat_delta= 0.368202\n"}
,{"stream_name":"stdout","time":596.510241936,"data":"EDGE_TTA_ACTIVE views= 8 mean_abs_feat_delta= 0.351241\n"}
,{"stream_name":"stdout","time":596.585971973,"data":"SECONDARY_EDGE_TTA_ACTIVE views= 8 weight= 0.75 mean_abs_feat_delta= 0.238958\n"}
,{"stream_name":"stdout","time":596.590257964,"data":"BIOHUB_RETENTION_GUARD {\"blended_candidates\": 64, \"dataset\": \"6bba_05b6850b\", \"frame\": 43, \"minimum_retention\": 0.9, \"primary_candidates\": 74, \"retention\": 0.8648648648648649, \"use_primary\": true}\n"}
,{"stream_name":"stdout","time":596.712893849,"data":"EDGE_TTA_ACTIVE views= 8 mean_abs_feat_delta= 0.351241\n"}
,{"stream_name":"stdout","time":596.712928549,"data":"SECONDARY_EDGE_TTA_ACTIVE views= 8 weight= 0.75 mean_abs_feat_delta= 0.238958\n"}
,{"stream_name":"stdout","time":596.712935004,"data":"BIOHUB_RETENTION_GUARD {\"blended_candidates\": 64, \"dataset\": \"6bba_05b6850b\", \"frame\": 43, \"minimum_retention\": 0.9, \"primary_candidates\": 74, \"retention\": 0.8648648648648649, \"use_primary\": true}\n"}
,{"stream_name":"stdout","time":597.531754695,"data":"SECONDARY_EDGE_TTA_ACTIVE views= 8 weight= 0.75 mean_abs_feat_delta= 0.25728\n"}
,{"stream_name":"stdout","time":597.734668024,"data":"SECONDARY_EDGE_TTA_ACTIVE views= 8 weight= 0.75 mean_abs_feat_delta= 0.25728\n"}
,{"stream_name":"stdout","time":597.762612007,"data":"EDGE_TTA_ACTIVE views= 8 mean_abs_feat_delta= 0.383867\n"}
,{"stream_name":"stdout","time":597.96509864,"data":"EDGE_TTA_ACTIVE views= 8 mean_abs_feat_delta= 0.383867\n"}
,{"stream_name":"stdout","time":598.809678374,"data":"SECONDARY_EDGE_TTA_ACTIVE views= 8 weight= 0.75 mean_abs_feat_delta= 0.23391\n"}
,{"stream_name":"stdout","time":598.966622624,"data":"EDGE_TTA_ACTIVE views= 8 mean_abs_feat_delta= 0.357029\n"}
,{"stream_name":"stdout","time":599.012889604,"data":"SECONDARY_EDGE_TTA_ACTIVE views= 8 weight= 0.75 mean_abs_feat_delta= 0.23391\n"}
,{"stream_name":"stdout","time":599.012944785,"data":"EDGE_TTA_ACTIVE views= 8 mean_abs_feat_delta= 0.357029\n"}
,{"stream_name":"stdout","time":599.993373064,"data":"SECONDARY_EDGE_TTA_ACTIVE views= 8 weight= 0.75 mean_abs_feat_delta= 0.255373\n"}
,{"stream_name":"stdout","time":600.029159756,"data":"EDGE_TTA_ACTIVE views= 8 mean_abs_feat_delta= 0.387055\n"}
,{"stream_name":"stdout","time":600.19612225,"data":"SECONDARY_EDGE_TTA_ACTIVE views= 8 weight= 0.75 mean_abs_feat_delta= 0.255373\n"}
,{"stream_name":"stdout","time":600.196173364,"data":"EDGE_TTA_ACTIVE views= 8 mean_abs_feat_delta= 0.387055\n"}
,{"stream_name":"stdout","time":601.080169383,"data":"SECONDARY_EDGE_TTA_ACTIVE views= 8 weight= 0.75 mean_abs_feat_delta= 0.24076\n"}
,{"stream_name":"stdout","time":601.284239342,"data":"SECONDARY_EDGE_TTA_ACTIVE views= 8 weight= 0.75 mean_abs_feat_delta= 0.24076\n"}
,{"stream_name":"stdout","time":601.391240467,"data":"EDGE_TTA_ACTIVE views= 8 mean_abs_feat_delta= 0.354488\n"}
,{"stream_name":"stdout","time":601.594002,"data":"EDGE_TTA_ACTIVE views= 8 mean_abs_feat_delta= 0.354488\n"}
,{"stream_name":"stdout","time":602.296349961,"data":"EDGE_TTA_ACTIVE views= 8 mean_abs_feat_delta= 0.385921\n"}
,{"stream_name":"stdout","time":602.415073486,"data":"SECONDARY_EDGE_TTA_ACTIVE views= 8 weight= 0.75 mean_abs_feat_delta= 0.252255\n"}
,{"stream_name":"stdout","time":602.499068943,"data":"EDGE_TTA_ACTIVE views= 8 mean_abs_feat_delta= 0.385921\n"}
,{"stream_name":"stdout","time":602.499102351,"data":"SECONDARY_EDGE_TTA_ACTIVE views= 8 weight= 0.75 mean_abs_feat_delta= 0.252255\n"}
,{"stream_name":"stdout","time":603.345582587,"data":"SECONDARY_EDGE_TTA_ACTIVE views= 8 weight= 0.75 mean_abs_feat_delta= 0.243053\n"}
,{"stream_name":"stdout","time":603.548446594,"data":"SECONDARY_EDGE_TTA_ACTIVE views= 8 weight= 0.75 mean_abs_feat_delta= 0.243053\n"}
,{"stream_name":"stdout","time":603.827257156,"data":"EDGE_TTA_ACTIVE views= 8 mean_abs_feat_delta= 0.356013\n"}
,{"stream_name":"stdout","time":604.030027759,"data":"EDGE_TTA_ACTIVE views= 8 mean_abs_feat_delta= 0.356013\n"}
,{"stream_name":"stdout","time":604.523361181,"data":"EDGE_TTA_ACTIVE views= 8 mean_abs_feat_delta= 0.384451\n"}
,{"stream_name":"stdout","time":604.725899885,"data":"EDGE_TTA_ACTIVE views= 8 mean_abs_feat_delta= 0.384451\n"}
,{"stream_name":"stdout","time":604.857042075,"data":"SECONDARY_EDGE_TTA_ACTIVE views= 8 weight= 0.75 mean_abs_feat_delta= 0.257903\n"}
,{"stream_name":"stdout","time":605.060047058,"data":"SECONDARY_EDGE_TTA_ACTIVE views= 8 weight= 0.75 mean_abs_feat_delta= 0.257903\n"}
,{"stream_name":"stdout","time":605.576505044,"data":"SECONDARY_EDGE_TTA_ACTIVE views= 8 weight= 0.75 mean_abs_feat_delta= 0.241252\n"}
,{"stream_name":"stdout","time":605.779292943,"data":"SECONDARY_EDGE_TTA_ACTIVE views= 8 weight= 0.75 mean_abs_feat_delta= 0.241252\n"}
,{"stream_name":"stdout","time":606.222982516,"data":"EDGE_TTA_ACTIVE views= 8 mean_abs_feat_delta= 0.354856\n"}
,{"stream_name":"stdout","time":606.425988669,"data":"EDGE_TTA_ACTIVE views= 8 mean_abs_feat_delta= 0.354856\n"}
,{"stream_name":"stdout","time":606.726748962,"data":"EDGE_TTA_ACTIVE views= 8 mean_abs_feat_delta= 0.381553\n"}
,{"stream_name":"stdout","time":606.929337608,"data":"EDGE_TTA_ACTIVE views= 8 mean_abs_feat_delta= 0.381553\n"}
,{"stream_name":"stdout","time":607.24894662,"data":"SECONDARY_EDGE_TTA_ACTIVE views= 8 weight= 0.75 mean_abs_feat_delta= 0.2611\n"}
,{"stream_name":"stdout","time":607.451818466,"data":"SECONDARY_EDGE_TTA_ACTIVE views= 8 weight= 0.75 mean_abs_feat_delta= 0.2611\n"}
,{"stream_name":"stdout","time":607.778532777,"data":"SECONDARY_EDGE_TTA_ACTIVE views= 8 weight= 0.75 mean_abs_feat_delta= 0.239241\n"}
,{"stream_name":"stdout","time":607.981454681,"data":"SECONDARY_EDGE_TTA_ACTIVE views= 8 weight= 0.75 mean_abs_feat_delta= 0.239241\n"}
,{"stream_name":"stdout","time":608.703083984,"data":"EDGE_TTA_ACTIVE views= 8 mean_abs_feat_delta= 0.353277\n"}
,{"stream_name":"stdout","time":608.905976904,"data":"EDGE_TTA_ACTIVE views= 8 mean_abs_feat_delta= 0.353277\n"}
,{"stream_name":"stdout","time":608.934541251,"data":"EDGE_TTA_ACTIVE views= 8 mean_abs_feat_delta= 0.383018\n"}
,{"stream_name":"stdout","time":609.137633687,"data":"EDGE_TTA_ACTIVE views= 8 mean_abs_feat_delta= 0.383018\n"}
,{"stream_name":"stdout","time":609.727898657,"data":"SECONDARY_EDGE_TTA_ACTIVE views= 8 weight= 0.75 mean_abs_feat_delta= 0.259599\n"}
,{"stream_name":"stdout","time":609.93085867,"data":"SECONDARY_EDGE_TTA_ACTIVE views= 8 weight= 0.75 mean_abs_feat_delta= 0.259599\n"}
,{"stream_name":"stdout","time":609.988761317,"data":"SECONDARY_EDGE_TTA_ACTIVE views= 8 weight= 0.75 mean_abs_feat_delta= 0.239939\n"}
,{"stream_name":"stdout","time":610.191932445,"data":"SECONDARY_EDGE_TTA_ACTIVE views= 8 weight= 0.75 mean_abs_feat_delta= 0.239939\n"}
,{"stream_name":"stdout","time":611.123050139,"data":"EDGE_TTA_ACTIVE views= 8 mean_abs_feat_delta= 0.38187\n"}
,{"stream_name":"stdout","time":611.188171535,"data":"EDGE_TTA_ACTIVE views= 8 mean_abs_feat_delta= 0.353368\n"}
,{"stream_name":"stdout","time":611.325772654,"data":"EDGE_TTA_ACTIVE views= 8 mean_abs_feat_delta= 0.38187\n"}
,{"stream_name":"stdout","time":611.325803668,"data":"EDGE_TTA_ACTIVE views= 8 mean_abs_feat_delta= 0.353368\n"}
,{"stream_name":"stdout","time":612.176360467,"data":"SECONDARY_EDGE_TTA_ACTIVE views= 8 weight= 0.75 mean_abs_feat_delta= 0.241662\n"}
,{"stream_name":"stdout","time":612.21091337,"data":"SECONDARY_EDGE_TTA_ACTIVE views= 8 weight= 0.75 mean_abs_feat_delta= 0.257888\n"}
,{"stream_name":"stdout","time":612.379476242,"data":"SECONDARY_EDGE_TTA_ACTIVE views= 8 weight= 0.75 mean_abs_feat_delta= 0.241662\n"}
,{"stream_name":"stdout","time":612.379505405,"data":"SECONDARY_EDGE_TTA_ACTIVE views= 8 weight= 0.75 mean_abs_feat_delta= 0.257888\n"}
,{"stream_name":"stdout","time":613.384997849,"data":"EDGE_TTA_ACTIVE views= 8 mean_abs_feat_delta= 0.378467\n"}
,{"stream_name":"stdout","time":613.587668045,"data":"EDGE_TTA_ACTIVE views= 8 mean_abs_feat_delta= 0.378467\n"}
,{"stream_name":"stdout","time":613.705577816,"data":"EDGE_TTA_ACTIVE views= 8 mean_abs_feat_delta= 0.353373\n"}
,{"stream_name":"stdout","time":613.908188274,"data":"EDGE_TTA_ACTIVE views= 8 mean_abs_feat_delta= 0.353373\n"}
,{"stream_name":"stdout","time":614.435369521,"data":"SECONDARY_EDGE_TTA_ACTIVE views= 8 weight= 0.75 mean_abs_feat_delta= 0.242855\n"}
,{"stream_name":"stdout","time":614.638209781,"data":"SECONDARY_EDGE_TTA_ACTIVE views= 8 weight= 0.75 mean_abs_feat_delta= 0.242855\n"}
,{"stream_name":"stdout","time":614.732394833,"data":"SECONDARY_EDGE_TTA_ACTIVE views= 8 weight= 0.75 mean_abs_feat_delta= 0.255202\n"}
,{"stream_name":"stdout","time":614.935277292,"data":"SECONDARY_EDGE_TTA_ACTIVE views= 8 weight= 0.75 mean_abs_feat_delta= 0.255202\n"}
,{"stream_name":"stdout","time":615.563905836,"data":"EDGE_TTA_ACTIVE views= 8 mean_abs_feat_delta= 0.367751\n"}
,{"stream_name":"stdout","time":615.766618127,"data":"EDGE_TTA_ACTIVE views= 8 mean_abs_feat_delta= 0.367751\n"}
,{"stream_name":"stdout","time":616.105679607,"data":"EDGE_TTA_ACTIVE views= 8 mean_abs_feat_delta= 0.35314\n"}
,{"stream_name":"stdout","time":616.308471151,"data":"EDGE_TTA_ACTIVE views= 8 mean_abs_feat_delta= 0.35314\n"}
,{"stream_name":"stdout","time":616.614534289,"data":"SECONDARY_EDGE_TTA_ACTIVE views= 8 weight= 0.75 mean_abs_feat_delta= 0.245932\n"}
,{"stream_name":"stdout","time":616.817575835,"data":"SECONDARY_EDGE_TTA_ACTIVE views= 8 weight= 0.75 mean_abs_feat_delta= 0.245932\n"}
,{"stream_name":"stdout","time":617.126883614,"data":"SECONDARY_EDGE_TTA_ACTIVE views= 8 weight= 0.75 mean_abs_feat_delta= 0.257945\n"}
,{"stream_name":"stdout","time":617.381829884,"data":"SECONDARY_EDGE_TTA_ACTIVE views= 8 weight= 0.75 mean_abs_feat_delta= 0.257945\n"}
,{"stream_name":"stdout","time":617.792362625,"data":"EDGE_TTA_ACTIVE views= 8 mean_abs_feat_delta= 0.350971\n"}
,{"stream_name":"stdout","time":617.995260828,"data":"EDGE_TTA_ACTIVE views= 8 mean_abs_feat_delta= 0.350971\n"}
,{"stream_name":"stdout","time":618.587568819,"data":"EDGE_TTA_ACTIVE views= 8 mean_abs_feat_delta= 0.349138\n"}
,{"stream_name":"stdout","time":618.790173413,"data":"EDGE_TTA_ACTIVE views= 8 mean_abs_feat_delta= 0.349138\n"}
,{"stream_name":"stdout","time":618.837922219,"data":"SECONDARY_EDGE_TTA_ACTIVE views= 8 weight= 0.75 mean_abs_feat_delta= 0.250888\n"}
,{"stream_name":"stdout","time":619.040566377,"data":"SECONDARY_EDGE_TTA_ACTIVE views= 8 weight= 0.75 mean_abs_feat_delta= 0.250888\n"}
,{"stream_name":"stdout","time":619.609356983,"data":"SECONDARY_EDGE_TTA_ACTIVE views= 8 weight= 0.75 mean_abs_feat_delta= 0.250028\n"}
,{"stream_name":"stdout","time":619.812223684,"data":"SECONDARY_EDGE_TTA_ACTIVE views= 8 weight= 0.75 mean_abs_feat_delta= 0.250028\n"}
,{"stream_name":"stdout","time":619.990349745,"data":"EDGE_TTA_ACTIVE views= 8 mean_abs_feat_delta= 0.35742\n"}
,{"stream_name":"stdout","time":620.193077576,"data":"EDGE_TTA_ACTIVE views= 8 mean_abs_feat_delta= 0.35742\n"}
,{"stream_name":"stdout","time":620.992031481,"data":"EDGE_TTA_ACTIVE views= 8 mean_abs_feat_delta= 0.350069\n"}
,{"stream_name":"stdout","time":621.035539455,"data":"SECONDARY_EDGE_TTA_ACTIVE views= 8 weight= 0.75 mean_abs_feat_delta= 0.244108\n"}
,{"stream_name":"stdout","time":621.194744702,"data":"EDGE_TTA_ACTIVE views= 8 mean_abs_feat_delta= 0.350069\n"}
,{"stream_name":"stdout","time":621.194780792,"data":"SECONDARY_EDGE_TTA_ACTIVE views= 8 weight= 0.75 mean_abs_feat_delta= 0.244108\n"}
,{"stream_name":"stdout","time":622.009991341,"data":"SECONDARY_EDGE_TTA_ACTIVE views= 8 weight= 0.75 mean_abs_feat_delta= 0.25454\n"}
,{"stream_name":"stdout","time":622.152499034,"data":"EDGE_TTA_ACTIVE views= 8 mean_abs_feat_delta= 0.36285\n"}
,{"stream_name":"stdout","time":622.212805467,"data":"SECONDARY_EDGE_TTA_ACTIVE views= 8 weight= 0.75 mean_abs_feat_delta= 0.25454\n"}
,{"stream_name":"stdout","time":622.212841005,"data":"EDGE_TTA_ACTIVE views= 8 mean_abs_feat_delta= 0.36285\n"}
,{"stream_name":"stdout","time":623.193763818,"data":"SECONDARY_EDGE_TTA_ACTIVE views= 8 weight= 0.75 mean_abs_feat_delta= 0.248066\n"}
,{"stream_name":"stdout","time":623.396493245,"data":"SECONDARY_EDGE_TTA_ACTIVE views= 8 weight= 0.75 mean_abs_feat_delta= 0.248066\n"}
,{"stream_name":"stdout","time":623.420809833,"data":"EDGE_TTA_ACTIVE views= 8 mean_abs_feat_delta= 0.351214\n"}
,{"stream_name":"stdout","time":623.623620157,"data":"EDGE_TTA_ACTIVE views= 8 mean_abs_feat_delta= 0.351214\n"}
,{"stream_name":"stdout","time":624.315634195,"data":"EDGE_TTA_ACTIVE views= 8 mean_abs_feat_delta= 0.361826\n"}
,{"stream_name":"stdout","time":624.437499604,"data":"SECONDARY_EDGE_TTA_ACTIVE views= 8 weight= 0.75 mean_abs_feat_delta= 0.263838\n"}
,{"stream_name":"stdout","time":624.518590833,"data":"EDGE_TTA_ACTIVE views= 8 mean_abs_feat_delta= 0.361826\n"}
,{"stream_name":"stdout","time":624.518644559,"data":"SECONDARY_EDGE_TTA_ACTIVE views= 8 weight= 0.75 mean_abs_feat_delta= 0.263838\n"}
,{"stream_name":"stdout","time":625.357696268,"data":"SECONDARY_EDGE_TTA_ACTIVE views= 8 weight= 0.75 mean_abs_feat_delta= 0.248004\n"}
,{"stream_name":"stdout","time":625.560443695,"data":"SECONDARY_EDGE_TTA_ACTIVE views= 8 weight= 0.75 mean_abs_feat_delta= 0.248004\n"}
,{"stream_name":"stdout","time":625.777319623,"data":"EDGE_TTA_ACTIVE views= 8 mean_abs_feat_delta= 0.35271\n"}
,{"stream_name":"stdout","time":625.980138044,"data":"EDGE_TTA_ACTIVE views= 8 mean_abs_feat_delta= 0.35271\n"}
,{"stream_name":"stdout","time":626.472812596,"data":"EDGE_TTA_ACTIVE views= 8 mean_abs_feat_delta= 0.363143\n"}
,{"stream_name":"stdout","time":626.675516358,"data":"EDGE_TTA_ACTIVE views= 8 mean_abs_feat_delta= 0.363143\n"}
,{"stream_name":"stdout","time":626.79474606,"data":"SECONDARY_EDGE_TTA_ACTIVE views= 8 weight= 0.75 mean_abs_feat_delta= 0.271717\n"}
,{"stream_name":"stdout","time":626.997503976,"data":"SECONDARY_EDGE_TTA_ACTIVE views= 8 weight= 0.75 mean_abs_feat_delta= 0.271717\n"}
,{"stream_name":"stdout","time":627.511658467,"data":"SECONDARY_EDGE_TTA_ACTIVE views= 8 weight= 0.75 mean_abs_feat_delta= 0.247391\n"}
,{"stream_name":"stdout","time":627.714362454,"data":"SECONDARY_EDGE_TTA_ACTIVE views= 8 weight= 0.75 mean_abs_feat_delta= 0.247391\n"}
,{"stream_name":"stdout","time":628.188921696,"data":"EDGE_TTA_ACTIVE views= 8 mean_abs_feat_delta= 0.353951\n"}
,{"stream_name":"stdout","time":628.391545009,"data":"EDGE_TTA_ACTIVE views= 8 mean_abs_feat_delta= 0.353951\n"}
,{"stream_name":"stdout","time":628.650269295,"data":"EDGE_TTA_ACTIVE views= 8 mean_abs_feat_delta= 0.354677\n"}
,{"stream_name":"stdout","time":628.852943896,"data":"EDGE_TTA_ACTIVE views= 8 mean_abs_feat_delta= 0.354677\n"}
,{"stream_name":"stdout","time":629.204978323,"data":"SECONDARY_EDGE_TTA_ACTIVE views= 8 weight= 0.75 mean_abs_feat_delta= 0.268818\n"}
,{"stream_name":"stdout","time":629.40790389,"data":"SECONDARY_EDGE_TTA_ACTIVE views= 8 weight= 0.75 mean_abs_feat_delta= 0.268818\n"}
,{"stream_name":"stdout","time":629.691616426,"data":"SECONDARY_EDGE_TTA_ACTIVE views= 8 weight= 0.75 mean_abs_feat_delta= 0.257124\n"}
,{"stream_name":"stdout","time":629.894323719,"data":"SECONDARY_EDGE_TTA_ACTIVE views= 8 weight= 0.75 mean_abs_feat_delta= 0.257124\n"}
,{"stream_name":"stdout","time":630.597437477,"data":"EDGE_TTA_ACTIVE views= 8 mean_abs_feat_delta= 0.3542\n"}
,{"stream_name":"stdout","time":630.800269464,"data":"EDGE_TTA_ACTIVE views= 8 mean_abs_feat_delta= 0.3542\n"}
,{"stream_name":"stdout","time":630.856096455,"data":"EDGE_TTA_ACTIVE views= 8 mean_abs_feat_delta= 0.371364\n"}
,{"stream_name":"stdout","time":631.058634952,"data":"EDGE_TTA_ACTIVE views= 8 mean_abs_feat_delta= 0.371364\n"}
,{"stream_name":"stdout","time":631.611965894,"data":"SECONDARY_EDGE_TTA_ACTIVE views= 8 weight= 0.75 mean_abs_feat_delta= 0.260642\n"}
,{"stream_name":"stdout","time":631.814901289,"data":"SECONDARY_EDGE_TTA_ACTIVE views= 8 weight= 0.75 mean_abs_feat_delta= 0.260642\n"}
,{"stream_name":"stdout","time":631.894773985,"data":"SECONDARY_EDGE_TTA_ACTIVE views= 8 weight= 0.75 mean_abs_feat_delta= 0.248867\n"}
,{"stream_name":"stdout","time":632.097624923,"data":"SECONDARY_EDGE_TTA_ACTIVE views= 8 weight= 0.75 mean_abs_feat_delta= 0.248867\n"}
,{"stream_name":"stdout","time":632.947501761,"data":"EDGE_TTA_ACTIVE views= 8 mean_abs_feat_delta= 0.362945\n"}
,{"stream_name":"stdout","time":633.040062557,"data":"EDGE_TTA_ACTIVE views= 8 mean_abs_feat_delta= 0.368007\n"}
,{"stream_name":"stdout","time":633.150261188,"data":"EDGE_TTA_ACTIVE views= 8 mean_abs_feat_delta= 0.362945\n"}
,{"stream_name":"stdout","time":633.150295522,"data":"EDGE_TTA_ACTIVE views= 8 mean_abs_feat_delta= 0.368007\n"}
,{"stream_name":"stdout","time":633.958662917,"data":"SECONDARY_EDGE_TTA_ACTIVE views= 8 weight= 0.75 mean_abs_feat_delta= 0.258815\n"}
,{"stream_name":"stdout","time":634.074053911,"data":"SECONDARY_EDGE_TTA_ACTIVE views= 8 weight= 0.75 mean_abs_feat_delta= 0.260659\n"}
,{"stream_name":"stdout","time":634.160725893,"data":"SECONDARY_EDGE_TTA_ACTIVE views= 8 weight= 0.75 mean_abs_feat_delta= 0.258815\n"}
,{"stream_name":"stdout","time":634.160759911,"data":"SECONDARY_EDGE_TTA_ACTIVE views= 8 weight= 0.75 mean_abs_feat_delta= 0.260659\n"}
,{"stream_name":"stdout","time":635.184083727,"data":"EDGE_TTA_ACTIVE views= 8 mean_abs_feat_delta= 0.371729\n"}
,{"stream_name":"stdout","time":635.318949903,"data":"EDGE_TTA_ACTIVE views= 8 mean_abs_feat_delta= 0.362719\n"}
,{"stream_name":"stdout","time":635.386779297,"data":"EDGE_TTA_ACTIVE views= 8 mean_abs_feat_delta= 0.371729\n"}
,{"stream_name":"stdout","time":635.386808564,"data":"EDGE_TTA_ACTIVE views= 8 mean_abs_feat_delta= 0.362719\n"}
,{"stream_name":"stdout","time":636.215168048,"data":"SECONDARY_EDGE_TTA_ACTIVE views= 8 weight= 0.75 mean_abs_feat_delta= 0.247331\n"}
,{"stream_name":"stdout","time":636.327098117,"data":"SECONDARY_EDGE_TTA_ACTIVE views= 8 weight= 0.75 mean_abs_feat_delta= 0.260967\n"}
,{"stream_name":"stdout","time":636.418274268,"data":"SECONDARY_EDGE_TTA_ACTIVE views= 8 weight= 0.75 mean_abs_feat_delta= 0.247331\n"}
,{"stream_name":"stdout","time":636.418326896,"data":"SECONDARY_EDGE_TTA_ACTIVE views= 8 weight= 0.75 mean_abs_feat_delta= 0.260967\n"}
,{"stream_name":"stdout","time":637.342721862,"data":"EDGE_TTA_ACTIVE views= 8 mean_abs_feat_delta= 0.365265\n"}
,{"stream_name":"stdout","time":637.545477721,"data":"EDGE_TTA_ACTIVE views= 8 mean_abs_feat_delta= 0.365265\n"}
,{"stream_name":"stdout","time":637.702804449,"data":"EDGE_TTA_ACTIVE views= 8 mean_abs_feat_delta= 0.36164\n"}
,{"stream_name":"stdout","time":637.905676699,"data":"EDGE_TTA_ACTIVE views= 8 mean_abs_feat_delta= 0.36164\n"}
,{"stream_name":"stdout","time":638.375972962,"data":"SECONDARY_EDGE_TTA_ACTIVE views= 8 weight= 0.75 mean_abs_feat_delta= 0.248586\n"}
,{"stream_name":"stdout","time":638.578311376,"data":"SECONDARY_EDGE_TTA_ACTIVE views= 8 weight= 0.75 mean_abs_feat_delta= 0.248586\n"}
,{"stream_name":"stdout","time":638.713725616,"data":"SECONDARY_EDGE_TTA_ACTIVE views= 8 weight= 0.75 mean_abs_feat_delta= 0.259311\n"}
,{"stream_name":"stdout","time":638.916463916,"data":"SECONDARY_EDGE_TTA_ACTIVE views= 8 weight= 0.75 mean_abs_feat_delta= 0.259311\n"}
,{"stream_name":"stdout","time":639.483853219,"data":"EDGE_TTA_ACTIVE views= 8 mean_abs_feat_delta= 0.351341\n"}
,{"stream_name":"stdout","time":639.686558841,"data":"EDGE_TTA_ACTIVE views= 8 mean_abs_feat_delta= 0.351341\n"}
,{"stream_name":"stdout","time":640.087878908,"data":"EDGE_TTA_ACTIVE views= 8 mean_abs_feat_delta= 0.370642\n"}
,{"stream_name":"stdout","time":640.290826491,"data":"EDGE_TTA_ACTIVE views= 8 mean_abs_feat_delta= 0.370642\n"}
,{"stream_name":"stdout","time":640.517073981,"data":"SECONDARY_EDGE_TTA_ACTIVE views= 8 weight= 0.75 mean_abs_feat_delta= 0.255524\n"}
,{"stream_name":"stdout","time":640.719937454,"data":"SECONDARY_EDGE_TTA_ACTIVE views= 8 weight= 0.75 mean_abs_feat_delta= 0.255524\n"}
,{"stream_name":"stdout","time":641.097634203,"data":"SECONDARY_EDGE_TTA_ACTIVE views= 8 weight= 0.75 mean_abs_feat_delta= 0.257323\n"}
,{"stream_name":"stdout","time":641.300594864,"data":"SECONDARY_EDGE_TTA_ACTIVE views= 8 weight= 0.75 mean_abs_feat_delta= 0.257323\n"}
,{"stream_name":"stdout","time":641.644336157,"data":"EDGE_TTA_ACTIVE views= 8 mean_abs_feat_delta= 0.363028\n"}
,{"stream_name":"stdout","time":641.847262463,"data":"EDGE_TTA_ACTIVE views= 8 mean_abs_feat_delta= 0.363028\n"}
,{"stream_name":"stdout","time":642.444851381,"data":"EDGE_TTA_ACTIVE views= 8 mean_abs_feat_delta= 0.371155\n"}
,{"stream_name":"stdout","time":642.647493648,"data":"EDGE_TTA_ACTIVE views= 8 mean_abs_feat_delta= 0.371155\n"}
,{"stream_name":"stdout","time":642.674229519,"data":"SECONDARY_EDGE_TTA_ACTIVE views= 8 weight= 0.75 mean_abs_feat_delta= 0.247667\n"}
,{"stream_name":"stdout","time":642.876823174,"data":"SECONDARY_EDGE_TTA_ACTIVE views= 8 weight= 0.75 mean_abs_feat_delta= 0.247667\n"}
,{"stream_name":"stdout","time":643.454676971,"data":"SECONDARY_EDGE_TTA_ACTIVE views= 8 weight= 0.75 mean_abs_feat_delta= 0.262324\n"}
,{"stream_name":"stdout","time":643.657629395,"data":"SECONDARY_EDGE_TTA_ACTIVE views= 8 weight= 0.75 mean_abs_feat_delta= 0.262324\n"}
,{"stream_name":"stdout","time":643.835971881,"data":"EDGE_TTA_ACTIVE views= 8 mean_abs_feat_delta= 0.360198\n"}
,{"stream_name":"stdout","time":644.038901344,"data":"EDGE_TTA_ACTIVE views= 8 mean_abs_feat_delta= 0.360198\n"}
,{"stream_name":"stdout","time":644.807041537,"data":"EDGE_TTA_ACTIVE views= 8 mean_abs_feat_delta= 0.369109\n"}
,{"stream_name":"stdout","time":644.860961974,"data":"SECONDARY_EDGE_TTA_ACTIVE views= 8 weight= 0.75 mean_abs_feat_delta= 0.24742\n"}
,{"stream_name":"stdout","time":645.009735077,"data":"EDGE_TTA_ACTIVE views= 8 mean_abs_feat_delta= 0.369109\n"}
,{"stream_name":"stdout","time":645.009768462,"data":"SECONDARY_EDGE_TTA_ACTIVE views= 8 weight= 0.75 mean_abs_feat_delta= 0.24742\n"}
,{"stream_name":"stdout","time":645.811823256,"data":"SECONDARY_EDGE_TTA_ACTIVE views= 8 weight= 0.75 mean_abs_feat_delta= 0.266094\n"}
,{"stream_name":"stdout","time":646.014586532,"data":"SECONDARY_EDGE_TTA_ACTIVE views= 8 weight= 0.75 mean_abs_feat_delta= 0.266094\n"}
,{"stream_name":"stdout","time":646.022337903,"data":"EDGE_TTA_ACTIVE views= 8 mean_abs_feat_delta= 0.362864\n"}
,{"stream_name":"stdout","time":646.225599343,"data":"EDGE_TTA_ACTIVE views= 8 mean_abs_feat_delta= 0.362864\n"}
,{"stream_name":"stdout","time":647.051013413,"data":"SECONDARY_EDGE_TTA_ACTIVE views= 8 weight= 0.75 mean_abs_feat_delta= 0.24616\n"}
,{"stream_name":"stdout","time":647.186560477,"data":"EDGE_TTA_ACTIVE views= 8 mean_abs_feat_delta= 0.36958\n"}
,{"stream_name":"stdout","time":647.253880875,"data":"SECONDARY_EDGE_TTA_ACTIVE views= 8 weight= 0.75 mean_abs_feat_delta= 0.24616\n"}
,{"stream_name":"stdout","time":647.253941173,"data":"EDGE_TTA_ACTIVE views= 8 mean_abs_feat_delta= 0.36958\n"}
,{"stream_name":"stdout","time":648.162807844,"data":"EDGE_TTA_ACTIVE views= 8 mean_abs_feat_delta= 0.348791\n"}
,{"stream_name":"stdout","time":648.193284675,"data":"SECONDARY_EDGE_TTA_ACTIVE views= 8 weight= 0.75 mean_abs_feat_delta= 0.265249\n"}
,{"stream_name":"stdout","time":648.42138357,"data":"EDGE_TTA_ACTIVE views= 8 mean_abs_feat_delta= 0.348791\n"}
,{"stream_name":"stdout","time":648.421464002,"data":"SECONDARY_EDGE_TTA_ACTIVE views= 8 weight= 0.75 mean_abs_feat_delta= 0.265249\n"}
,{"stream_name":"stdout","time":649.194800916,"data":"SECONDARY_EDGE_TTA_ACTIVE views= 8 weight= 0.75 mean_abs_feat_delta= 0.254486\n"}
,{"stream_name":"stdout","time":649.39781752,"data":"SECONDARY_EDGE_TTA_ACTIVE views= 8 weight= 0.75 mean_abs_feat_delta= 0.254486\n"}
,{"stream_name":"stdout","time":649.630252904,"data":"EDGE_TTA_ACTIVE views= 8 mean_abs_feat_delta= 0.369458\n"}
,{"stream_name":"stdout","time":649.833091673,"data":"EDGE_TTA_ACTIVE views= 8 mean_abs_feat_delta= 0.369458\n"}
,{"stream_name":"stdout","time":650.324797358,"data":"EDGE_TTA_ACTIVE views= 8 mean_abs_feat_delta= 0.363156\n"}
,{"stream_name":"stdout","time":650.527519273,"data":"EDGE_TTA_ACTIVE views= 8 mean_abs_feat_delta= 0.363156\n"}
,{"stream_name":"stdout","time":650.640117035,"data":"SECONDARY_EDGE_TTA_ACTIVE views= 8 weight= 0.75 mean_abs_feat_delta= 0.264647\n"}
,{"stream_name":"stdout","time":650.84266556,"data":"SECONDARY_EDGE_TTA_ACTIVE views= 8 weight= 0.75 mean_abs_feat_delta= 0.264647\n"}
,{"stream_name":"stdout","time":651.350552165,"data":"SECONDARY_EDGE_TTA_ACTIVE views= 8 weight= 0.75 mean_abs_feat_delta= 0.244753\n"}
,{"stream_name":"stdout","time":651.553223839,"data":"SECONDARY_EDGE_TTA_ACTIVE views= 8 weight= 0.75 mean_abs_feat_delta= 0.244753\n"}
,{"stream_name":"stdout","time":652.043407777,"data":"EDGE_TTA_ACTIVE views= 8 mean_abs_feat_delta= 0.371475\n"}
,{"stream_name":"stdout","time":652.246037341,"data":"EDGE_TTA_ACTIVE views= 8 mean_abs_feat_delta= 0.371475\n"}
,{"stream_name":"stdout","time":652.449759495,"data":"EDGE_TTA_ACTIVE views= 8 mean_abs_feat_delta= 0.367284\n"}
,{"stream_name":"stdout","time":652.652556258,"data":"EDGE_TTA_ACTIVE views= 8 mean_abs_feat_delta= 0.367284\n"}
,{"stream_name":"stdout","time":653.053062649,"data":"SECONDARY_EDGE_TTA_ACTIVE views= 8 weight= 0.75 mean_abs_feat_delta= 0.270051\n"}
,{"stream_name":"stdout","time":653.255970914,"data":"SECONDARY_EDGE_TTA_ACTIVE views= 8 weight= 0.75 mean_abs_feat_delta= 0.270051\n"}
,{"stream_name":"stdout","time":653.480016044,"data":"SECONDARY_EDGE_TTA_ACTIVE views= 8 weight= 0.75 mean_abs_feat_delta= 0.25092\n"}
,{"stream_name":"stdout","time":653.682681476,"data":"SECONDARY_EDGE_TTA_ACTIVE views= 8 weight= 0.75 mean_abs_feat_delta= 0.25092\n"}
,{"stream_name":"stdout","time":654.430642121,"data":"EDGE_TTA_ACTIVE views= 8 mean_abs_feat_delta= 0.360709\n"}
,{"stream_name":"stdout","time":654.581699749,"data":"EDGE_TTA_ACTIVE views= 8 mean_abs_feat_delta= 0.367607\n"}
,{"stream_name":"stdout","time":654.633228509,"data":"EDGE_TTA_ACTIVE views= 8 mean_abs_feat_delta= 0.360709\n"}
,{"stream_name":"stdout","time":654.633261176,"data":"EDGE_TTA_ACTIVE views= 8 mean_abs_feat_delta= 0.367607\n"}
,{"stream_name":"stdout","time":655.440563007,"data":"SECONDARY_EDGE_TTA_ACTIVE views= 8 weight= 0.75 mean_abs_feat_delta= 0.259548\n"}
,{"stream_name":"stdout","time":655.607490629,"data":"SECONDARY_EDGE_TTA_ACTIVE views= 8 weight= 0.75 mean_abs_feat_delta= 0.248089\n"}
,{"stream_name":"stdout","time":655.643123319,"data":"SECONDARY_EDGE_TTA_ACTIVE views= 8 weight= 0.75 mean_abs_feat_delta= 0.259548\n"}
,{"stream_name":"stdout","time":655.643164885,"data":"SECONDARY_EDGE_TTA_ACTIVE views= 8 weight= 0.75 mean_abs_feat_delta= 0.248089\n"}
,{"stream_name":"stdout","time":656.742894786,"data":"EDGE_TTA_ACTIVE views= 8 mean_abs_feat_delta= 0.366283\n"}
,{"stream_name":"stdout","time":656.81928461,"data":"EDGE_TTA_ACTIVE views= 8 mean_abs_feat_delta= 0.362627\n"}
,{"stream_name":"stdout","time":656.945656046,"data":"EDGE_TTA_ACTIVE views= 8 mean_abs_feat_delta= 0.366283\n"}
,{"stream_name":"stdout","time":656.945685513,"data":"EDGE_TTA_ACTIVE views= 8 mean_abs_feat_delta= 0.362627\n"}
,{"stream_name":"stdout","time":657.770198882,"data":"SECONDARY_EDGE_TTA_ACTIVE views= 8 weight= 0.75 mean_abs_feat_delta= 0.245132\n"}
,{"stream_name":"stdout","time":657.829311901,"data":"SECONDARY_EDGE_TTA_ACTIVE views= 8 weight= 0.75 mean_abs_feat_delta= 0.267467\n"}
,{"stream_name":"stdout","time":657.972931102,"data":"SECONDARY_EDGE_TTA_ACTIVE views= 8 weight= 0.75 mean_abs_feat_delta= 0.245132\n"}
,{"stream_name":"stdout","time":657.972968526,"data":"SECONDARY_EDGE_TTA_ACTIVE views= 8 weight= 0.75 mean_abs_feat_delta= 0.267467\n"}
,{"stream_name":"stdout","time":658.931109789,"data":"EDGE_TTA_ACTIVE views= 8 mean_abs_feat_delta= 0.365327\n"}
,{"stream_name":"stdout","time":659.133786042,"data":"EDGE_TTA_ACTIVE views= 8 mean_abs_feat_delta= 0.365327\n"}
,{"stream_name":"stdout","time":659.236042398,"data":"EDGE_TTA_ACTIVE views= 8 mean_abs_feat_delta= 0.365289\n"}
,{"stream_name":"stdout","time":659.438855352,"data":"EDGE_TTA_ACTIVE views= 8 mean_abs_feat_delta= 0.365289\n"}
,{"stream_name":"stdout","time":659.960209752,"data":"SECONDARY_EDGE_TTA_ACTIVE views= 8 weight= 0.75 mean_abs_feat_delta= 0.241478\n"}
,{"stream_name":"stdout","time":660.162957446,"data":"SECONDARY_EDGE_TTA_ACTIVE views= 8 weight= 0.75 mean_abs_feat_delta= 0.241478\n"}
,{"stream_name":"stdout","time":660.24248592,"data":"SECONDARY_EDGE_TTA_ACTIVE views= 8 weight= 0.75 mean_abs_feat_delta= 0.266206\n"}
,{"stream_name":"stdout","time":660.444990237,"data":"SECONDARY_EDGE_TTA_ACTIVE views= 8 weight= 0.75 mean_abs_feat_delta= 0.266206\n"}
,{"stream_name":"stdout","time":661.084322586,"data":"EDGE_TTA_ACTIVE views= 8 mean_abs_feat_delta= 0.367734\n"}
,{"stream_name":"stdout","time":661.28721945,"data":"EDGE_TTA_ACTIVE views= 8 mean_abs_feat_delta= 0.367734\n"}
,{"stream_name":"stdout","time":661.604669725,"data":"EDGE_TTA_ACTIVE views= 8 mean_abs_feat_delta= 0.362116\n"}
,{"stream_name":"stdout","time":661.807205732,"data":"EDGE_TTA_ACTIVE views= 8 mean_abs_feat_delta= 0.362116\n"}
,{"stream_name":"stdout","time":662.115274371,"data":"SECONDARY_EDGE_TTA_ACTIVE views= 8 weight= 0.75 mean_abs_feat_delta= 0.244046\n"}
,{"stream_name":"stdout","time":662.318121566,"data":"SECONDARY_EDGE_TTA_ACTIVE views= 8 weight= 0.75 mean_abs_feat_delta= 0.244046\n"}
,{"stream_name":"stdout","time":662.612613398,"data":"SECONDARY_EDGE_TTA_ACTIVE views= 8 weight= 0.75 mean_abs_feat_delta= 0.267972\n"}
,{"stream_name":"stdout","time":662.815611491,"data":"SECONDARY_EDGE_TTA_ACTIVE views= 8 weight= 0.75 mean_abs_feat_delta= 0.267972\n"}
,{"stream_name":"stdout","time":663.278925059,"data":"EDGE_TTA_ACTIVE views= 8 mean_abs_feat_delta= 0.366814\n"}
,{"stream_name":"stdout","time":663.481681284,"data":"EDGE_TTA_ACTIVE views= 8 mean_abs_feat_delta= 0.366814\n"}
,{"stream_name":"stdout","time":663.914412966,"data":"EDGE_TTA_ACTIVE views= 8 mean_abs_feat_delta= 0.360689\n"}
,{"stream_name":"stdout","time":664.117432912,"data":"EDGE_TTA_ACTIVE views= 8 mean_abs_feat_delta= 0.360689\n"}
,{"stream_name":"stdout","time":664.312068821,"data":"SECONDARY_EDGE_TTA_ACTIVE views= 8 weight= 0.75 mean_abs_feat_delta= 0.240693\n"}
,{"stream_name":"stdout","time":664.514868591,"data":"SECONDARY_EDGE_TTA_ACTIVE views= 8 weight= 0.75 mean_abs_feat_delta= 0.240693\n"}
,{"stream_name":"stdout","time":664.922595519,"data":"SECONDARY_EDGE_TTA_ACTIVE views= 8 weight= 0.75 mean_abs_feat_delta= 0.269085\n"}
,{"stream_name":"stdout","time":665.125453296,"data":"SECONDARY_EDGE_TTA_ACTIVE views= 8 weight= 0.75 mean_abs_feat_delta= 0.269085\n"}
,{"stream_name":"stdout","time":665.408889289,"data":"EDGE_TTA_ACTIVE views= 8 mean_abs_feat_delta= 0.372294\n"}
,{"stream_name":"stdout","time":665.61173173,"data":"EDGE_TTA_ACTIVE views= 8 mean_abs_feat_delta= 0.372294\n"}
,{"stream_name":"stdout","time":666.228896146,"data":"EDGE_TTA_ACTIVE views= 8 mean_abs_feat_delta= 0.357351\n"}
,{"stream_name":"stdout","time":666.431669452,"data":"EDGE_TTA_ACTIVE views= 8 mean_abs_feat_delta= 0.357351\n"}
,{"stream_name":"stdout","time":666.440607594,"data":"SECONDARY_EDGE_TTA_ACTIVE views= 8 weight= 0.75 mean_abs_feat_delta= 0.243215\n"}
,{"stream_name":"stdout","time":666.643235104,"data":"SECONDARY_EDGE_TTA_ACTIVE views= 8 weight= 0.75 mean_abs_feat_delta= 0.243215\n"}
,{"stream_name":"stdout","time":667.235075842,"data":"SECONDARY_EDGE_TTA_ACTIVE views= 8 weight= 0.75 mean_abs_feat_delta= 0.267685\n"}
,{"stream_name":"stdout","time":667.437907258,"data":"SECONDARY_EDGE_TTA_ACTIVE views= 8 weight= 0.75 mean_abs_feat_delta= 0.267685\n"}
,{"stream_name":"stdout","time":667.533445541,"data":"EDGE_TTA_ACTIVE views= 8 mean_abs_feat_delta= 0.37531\n"}
,{"stream_name":"stdout","time":667.736236966,"data":"EDGE_TTA_ACTIVE views= 8 mean_abs_feat_delta= 0.37531\n"}
,{"stream_name":"stdout","time":668.566654558,"data":"EDGE_TTA_ACTIVE views= 8 mean_abs_feat_delta= 0.355506\n"}
,{"stream_name":"stdout","time":668.567284875,"data":"SECONDARY_EDGE_TTA_ACTIVE views= 8 weight= 0.75 mean_abs_feat_delta= 0.246818\n"}
,{"stream_name":"stdout","time":668.769698023,"data":"EDGE_TTA_ACTIVE views= 8 mean_abs_feat_delta= 0.355506\n"}
,{"stream_name":"stdout","time":668.769736766,"data":"SECONDARY_EDGE_TTA_ACTIVE views= 8 weight= 0.75 mean_abs_feat_delta= 0.246818\n"}
,{"stream_name":"stdout","time":669.578334542,"data":"SECONDARY_EDGE_TTA_ACTIVE views= 8 weight= 0.75 mean_abs_feat_delta= 0.273554\n"}
,{"stream_name":"stdout","time":669.700509847,"data":"EDGE_TTA_ACTIVE views= 8 mean_abs_feat_delta= 0.358513\n"}
,{"stream_name":"stdout","time":669.781340392,"data":"SECONDARY_EDGE_TTA_ACTIVE views= 8 weight= 0.75 mean_abs_feat_delta= 0.273554\n"}
,{"stream_name":"stdout","time":669.781376323,"data":"EDGE_TTA_ACTIVE views= 8 mean_abs_feat_delta= 0.358513\n"}
,{"stream_name":"stdout","time":670.734747784,"data":"SECONDARY_EDGE_TTA_ACTIVE views= 8 weight= 0.75 mean_abs_feat_delta= 0.25501\n"}
,{"stream_name":"stdout","time":670.937590819,"data":"SECONDARY_EDGE_TTA_ACTIVE views= 8 weight= 0.75 mean_abs_feat_delta= 0.25501\n"}
,{"stream_name":"stdout","time":670.991110523,"data":"EDGE_TTA_ACTIVE views= 8 mean_abs_feat_delta= 0.35617\n"}
,{"stream_name":"stdout","time":671.193848909,"data":"EDGE_TTA_ACTIVE views= 8 mean_abs_feat_delta= 0.35617\n"}
,{"stream_name":"stdout","time":671.86325665,"data":"EDGE_TTA_ACTIVE views= 8 mean_abs_feat_delta= 0.370463\n"}
,{"stream_name":"stdout","time":672.003277194,"data":"SECONDARY_EDGE_TTA_ACTIVE views= 8 weight= 0.75 mean_abs_feat_delta= 0.269452\n"}
,{"stream_name":"stdout","time":672.066025397,"data":"EDGE_TTA_ACTIVE views= 8 mean_abs_feat_delta= 0.370463\n"}
,{"stream_name":"stdout","time":672.066057572,"data":"SECONDARY_EDGE_TTA_ACTIVE views= 8 weight= 0.75 mean_abs_feat_delta= 0.269452\n"}
,{"stream_name":"stdout","time":672.893479714,"data":"SECONDARY_EDGE_TTA_ACTIVE views= 8 weight= 0.75 mean_abs_feat_delta= 0.243905\n"}
,{"stream_name":"stdout","time":673.095068491,"data":"SECONDARY_EDGE_TTA_ACTIVE views= 8 weight= 0.75 mean_abs_feat_delta= 0.243905\n"}
,{"stream_name":"stdout","time":673.407614194,"data":"EDGE_TTA_ACTIVE views= 8 mean_abs_feat_delta= 0.360311\n"}
,{"stream_name":"stdout","time":673.610621813,"data":"EDGE_TTA_ACTIVE views= 8 mean_abs_feat_delta= 0.360311\n"}
,{"stream_name":"stdout","time":674.018507275,"data":"EDGE_TTA_ACTIVE views= 8 mean_abs_feat_delta= 0.368154\n"}
,{"stream_name":"stdout","time":674.221485265,"data":"EDGE_TTA_ACTIVE views= 8 mean_abs_feat_delta= 0.368154\n"}
,{"stream_name":"stdout","time":674.420716409,"data":"SECONDARY_EDGE_TTA_ACTIVE views= 8 weight= 0.75 mean_abs_feat_delta= 0.273242\n"}
,{"stream_name":"stdout","time":674.623553704,"data":"SECONDARY_EDGE_TTA_ACTIVE views= 8 weight= 0.75 mean_abs_feat_delta= 0.273242\n"}
,{"stream_name":"stdout","time":675.047347149,"data":"SECONDARY_EDGE_TTA_ACTIVE views= 8 weight= 0.75 mean_abs_feat_delta= 0.246471\n"}
,{"stream_name":"stdout","time":675.250150918,"data":"SECONDARY_EDGE_TTA_ACTIVE views= 8 weight= 0.75 mean_abs_feat_delta= 0.246471\n"}
,{"stream_name":"stdout","time":675.790467367,"data":"EDGE_TTA_ACTIVE views= 8 mean_abs_feat_delta= 0.361865\n"}
,{"stream_name":"stdout","time":675.993367453,"data":"EDGE_TTA_ACTIVE views= 8 mean_abs_feat_delta= 0.361865\n"}
,{"stream_name":"stdout","time":676.181522108,"data":"EDGE_TTA_ACTIVE views= 8 mean_abs_feat_delta= 0.364891\n"}
,{"stream_name":"stdout","time":676.384352374,"data":"EDGE_TTA_ACTIVE views= 8 mean_abs_feat_delta= 0.364891\n"}
,{"stream_name":"stdout","time":676.804070825,"data":"SECONDARY_EDGE_TTA_ACTIVE views= 8 weight= 0.75 mean_abs_feat_delta= 0.275497\n"}
,{"stream_name":"stdout","time":677.006917629,"data":"SECONDARY_EDGE_TTA_ACTIVE views= 8 weight= 0.75 mean_abs_feat_delta= 0.275497\n"}
,{"stream_name":"stdout","time":677.215460534,"data":"SECONDARY_EDGE_TTA_ACTIVE views= 8 weight= 0.75 mean_abs_feat_delta= 0.244324\n"}
,{"stream_name":"stdout","time":677.418342211,"data":"SECONDARY_EDGE_TTA_ACTIVE views= 8 weight= 0.75 mean_abs_feat_delta= 0.244324\n"}
,{"stream_name":"stdout","time":678.138661644,"data":"EDGE_TTA_ACTIVE views= 8 mean_abs_feat_delta= 0.35811\n"}
,{"stream_name":"stdout","time":678.341293797,"data":"EDGE_TTA_ACTIVE views= 8 mean_abs_feat_delta= 0.35811\n"}
,{"stream_name":"stdout","time":678.348091105,"data":"EDGE_TTA_ACTIVE views= 8 mean_abs_feat_delta= 0.366895\n"}
,{"stream_name":"stdout","time":678.605011561,"data":"EDGE_TTA_ACTIVE views= 8 mean_abs_feat_delta= 0.366895\n"}
,{"stream_name":"stdout","time":679.150171662,"data":"SECONDARY_EDGE_TTA_ACTIVE views= 8 weight= 0.75 mean_abs_feat_delta= 0.271521\n"}
,{"stream_name":"stdout","time":679.352983996,"data":"SECONDARY_EDGE_TTA_ACTIVE views= 8 weight= 0.75 mean_abs_feat_delta= 0.271521\n"}
,{"stream_name":"stdout","time":679.38461596,"data":"SECONDARY_EDGE_TTA_ACTIVE views= 8 weight= 0.75 mean_abs_feat_delta= 0.243531\n"}
,{"stream_name":"stdout","time":679.587191019,"data":"SECONDARY_EDGE_TTA_ACTIVE views= 8 weight= 0.75 mean_abs_feat_delta= 0.243531\n"}
,{"stream_name":"stdout","time":680.492495835,"data":"EDGE_TTA_ACTIVE views= 8 mean_abs_feat_delta= 0.363215\n"}
,{"stream_name":"stdout","time":680.49832669,"data":"EDGE_TTA_ACTIVE views= 8 mean_abs_feat_delta= 0.354857\n"}
,{"stream_name":"stdout","time":680.695258833,"data":"EDGE_TTA_ACTIVE views= 8 mean_abs_feat_delta= 0.363215\n"}
,{"stream_name":"stdout","time":680.695309018,"data":"EDGE_TTA_ACTIVE views= 8 mean_abs_feat_delta= 0.354857\n"}
,{"stream_name":"stdout","time":681.514104189,"data":"SECONDARY_EDGE_TTA_ACTIVE views= 8 weight= 0.75 mean_abs_feat_delta= 0.271885\n"}
,{"stream_name":"stdout","time":681.527538894,"data":"SECONDARY_EDGE_TTA_ACTIVE views= 8 weight= 0.75 mean_abs_feat_delta= 0.240456\n"}
,{"stream_name":"stdout","time":681.716990062,"data":"SECONDARY_EDGE_TTA_ACTIVE views= 8 weight= 0.75 mean_abs_feat_delta= 0.271885\n"}
,{"stream_name":"stdout","time":681.717030082,"data":"SECONDARY_EDGE_TTA_ACTIVE views= 8 weight= 0.75 mean_abs_feat_delta= 0.240456\n"}
,{"stream_name":"stdout","time":682.631970877,"data":"EDGE_TTA_ACTIVE views= 8 mean_abs_feat_delta= 0.361736\n"}
,{"stream_name":"stdout","time":682.835009235,"data":"EDGE_TTA_ACTIVE views= 8 mean_abs_feat_delta= 0.361736\n"}
,{"stream_name":"stdout","time":682.853393551,"data":"EDGE_TTA_ACTIVE views= 8 mean_abs_feat_delta= 0.354966\n"}
,{"stream_name":"stdout","time":683.056546751,"data":"EDGE_TTA_ACTIVE views= 8 mean_abs_feat_delta= 0.354966\n"}
,{"stream_name":"stdout","time":683.667075218,"data":"SECONDARY_EDGE_TTA_ACTIVE views= 8 weight= 0.75 mean_abs_feat_delta= 0.24017\n"}
,{"stream_name":"stdout","time":683.868126448,"data":"SECONDARY_EDGE_TTA_ACTIVE views= 8 weight= 0.75 mean_abs_feat_delta= 0.268568\n"}
,{"stream_name":"stdout","time":683.870023161,"data":"SECONDARY_EDGE_TTA_ACTIVE views= 8 weight= 0.75 mean_abs_feat_delta= 0.24017\n"}
,{"stream_name":"stdout","time":684.071255927,"data":"SECONDARY_EDGE_TTA_ACTIVE views= 8 weight= 0.75 mean_abs_feat_delta= 0.268568\n"}
,{"stream_name":"stdout","time":684.804673033,"data":"EDGE_TTA_ACTIVE views= 8 mean_abs_feat_delta= 0.363909\n"}
,{"stream_name":"stdout","time":685.005466652,"data":"EDGE_TTA_ACTIVE views= 8 mean_abs_feat_delta= 0.363909\n"}
,{"stream_name":"stdout","time":685.224343953,"data":"EDGE_TTA_ACTIVE views= 8 mean_abs_feat_delta= 0.356326\n"}
,{"stream_name":"stdout","time":685.427388289,"data":"EDGE_TTA_ACTIVE views= 8 mean_abs_feat_delta= 0.356326\n"}
,{"stream_name":"stdout","time":685.839857124,"data":"SECONDARY_EDGE_TTA_ACTIVE views= 8 weight= 0.75 mean_abs_feat_delta= 0.240097\n"}
,{"stream_name":"stdout","time":686.042500406,"data":"SECONDARY_EDGE_TTA_ACTIVE views= 8 weight= 0.75 mean_abs_feat_delta= 0.240097\n"}
,{"stream_name":"stdout","time":686.239768628,"data":"SECONDARY_EDGE_TTA_ACTIVE views= 8 weight= 0.75 mean_abs_feat_delta= 0.266315\n"}
,{"stream_name":"stdout","time":686.442652215,"data":"SECONDARY_EDGE_TTA_ACTIVE views= 8 weight= 0.75 mean_abs_feat_delta= 0.266315\n"}
,{"stream_name":"stdout","time":686.985866772,"data":"EDGE_TTA_ACTIVE views= 8 mean_abs_feat_delta= 0.357881\n"}
,{"stream_name":"stdout","time":687.188857755,"data":"EDGE_TTA_ACTIVE views= 8 mean_abs_feat_delta= 0.357881\n"}
,{"stream_name":"stdout","time":687.585051494,"data":"EDGE_TTA_ACTIVE views= 8 mean_abs_feat_delta= 0.355971\n"}
,{"stream_name":"stdout","time":687.787878915,"data":"EDGE_TTA_ACTIVE views= 8 mean_abs_feat_delta= 0.355971\n"}
,{"stream_name":"stdout","time":688.026391223,"data":"SECONDARY_EDGE_TTA_ACTIVE views= 8 weight= 0.75 mean_abs_feat_delta= 0.240901\n"}
,{"stream_name":"stdout","time":688.228996356,"data":"SECONDARY_EDGE_TTA_ACTIVE views= 8 weight= 0.75 mean_abs_feat_delta= 0.240901\n"}
,{"stream_name":"stdout","time":688.60182805,"data":"SECONDARY_EDGE_TTA_ACTIVE views= 8 weight= 0.75 mean_abs_feat_delta= 0.270262\n"}
,{"stream_name":"stdout","time":688.80481545,"data":"SECONDARY_EDGE_TTA_ACTIVE views= 8 weight= 0.75 mean_abs_feat_delta= 0.270262\n"}
,{"stream_name":"stdout","time":689.138608321,"data":"EDGE_TTA_ACTIVE views= 8 mean_abs_feat_delta= 0.357802\n"}
,{"stream_name":"stdout","time":689.340760637,"data":"EDGE_TTA_ACTIVE views= 8 mean_abs_feat_delta= 0.357802\n"}
,{"stream_name":"stdout","time":690.03064757,"data":"EDGE_TTA_ACTIVE views= 8 mean_abs_feat_delta= 0.350618\n"}
,{"stream_name":"stdout","time":690.179506581,"data":"SECONDARY_EDGE_TTA_ACTIVE views= 8 weight= 0.75 mean_abs_feat_delta= 0.24147\n"}
,{"stream_name":"stdout","time":690.233511165,"data":"EDGE_TTA_ACTIVE views= 8 mean_abs_feat_delta= 0.350618\n"}
,{"stream_name":"stdout","time":690.233547711,"data":"SECONDARY_EDGE_TTA_ACTIVE views= 8 weight= 0.75 mean_abs_feat_delta= 0.24147\n"}
,{"stream_name":"stdout","time":691.046886929,"data":"SECONDARY_EDGE_TTA_ACTIVE views= 8 weight= 0.75 mean_abs_feat_delta= 0.261211\n"}
,{"stream_name":"stdout","time":691.249939529,"data":"SECONDARY_EDGE_TTA_ACTIVE views= 8 weight= 0.75 mean_abs_feat_delta= 0.261211\n"}
,{"stream_name":"stdout","time":691.322516607,"data":"EDGE_TTA_ACTIVE views= 8 mean_abs_feat_delta= 0.36292\n"}
,{"stream_name":"stdout","time":691.525229627,"data":"EDGE_TTA_ACTIVE views= 8 mean_abs_feat_delta= 0.36292\n"}
,{"stream_name":"stdout","time":692.36366216,"data":"SECONDARY_EDGE_TTA_ACTIVE views= 8 weight= 0.75 mean_abs_feat_delta= 0.239779\n"}
,{"stream_name":"stdout","time":692.48307706,"data":"EDGE_TTA_ACTIVE views= 8 mean_abs_feat_delta= 0.350748\n"}
,{"stream_name":"stdout","time":692.566989969,"data":"SECONDARY_EDGE_TTA_ACTIVE views= 8 weight= 0.75 mean_abs_feat_delta= 0.239779\n"}
,{"stream_name":"stdout","time":692.567029713,"data":"EDGE_TTA_ACTIVE views= 8 mean_abs_feat_delta= 0.350748\n"}
,{"stream_name":"stdout","time":693.503133408,"data":"SECONDARY_EDGE_TTA_ACTIVE views= 8 weight= 0.75 mean_abs_feat_delta= 0.270014\n"}
,{"stream_name":"stdout","time":693.572879016,"data":"EDGE_TTA_ACTIVE views= 8 mean_abs_feat_delta= 0.360328\n"}
,{"stream_name":"stdout","time":693.705838502,"data":"SECONDARY_EDGE_TTA_ACTIVE views= 8 weight= 0.75 mean_abs_feat_delta= 0.270014\n"}
,{"stream_name":"stdout","time":693.705878036,"data":"EDGE_TTA_ACTIVE views= 8 mean_abs_feat_delta= 0.360328\n"}
,{"stream_name":"stdout","time":694.612748124,"data":"SECONDARY_EDGE_TTA_ACTIVE views= 8 weight= 0.75 mean_abs_feat_delta= 0.240885\n"}
,{"stream_name":"stdout","time":694.815548755,"data":"SECONDARY_EDGE_TTA_ACTIVE views= 8 weight= 0.75 mean_abs_feat_delta= 0.240885\n"}
,{"stream_name":"stdout","time":694.844482532,"data":"EDGE_TTA_ACTIVE views= 8 mean_abs_feat_delta= 0.353127\n"}
,{"stream_name":"stdout","time":695.047205194,"data":"EDGE_TTA_ACTIVE views= 8 mean_abs_feat_delta= 0.353127\n"}
,{"stream_name":"stdout","time":695.750723787,"data":"EDGE_TTA_ACTIVE views= 8 mean_abs_feat_delta= 0.357244\n"}
,{"stream_name":"stdout","time":695.865381332,"data":"SECONDARY_EDGE_TTA_ACTIVE views= 8 weight= 0.75 mean_abs_feat_delta= 0.265784\n"}
,{"stream_name":"stdout","time":695.9540717,"data":"EDGE_TTA_ACTIVE views= 8 mean_abs_feat_delta= 0.357244\n"}
,{"stream_name":"stdout","time":695.954106668,"data":"SECONDARY_EDGE_TTA_ACTIVE views= 8 weight= 0.75 mean_abs_feat_delta= 0.265784\n"}
,{"stream_name":"stdout","time":696.792402074,"data":"SECONDARY_EDGE_TTA_ACTIVE views= 8 weight= 0.75 mean_abs_feat_delta= 0.241615\n"}
,{"stream_name":"stdout","time":696.994939831,"data":"SECONDARY_EDGE_TTA_ACTIVE views= 8 weight= 0.75 mean_abs_feat_delta= 0.241615\n"}
,{"stream_name":"stdout","time":697.190217172,"data":"EDGE_TTA_ACTIVE views= 8 mean_abs_feat_delta= 0.353121\n"}
,{"stream_name":"stdout","time":697.392961705,"data":"EDGE_TTA_ACTIVE views= 8 mean_abs_feat_delta= 0.353121\n"}
,{"stream_name":"stdout","time":697.972658024,"data":"EDGE_TTA_ACTIVE views= 8 mean_abs_feat_delta= 0.357533\n"}
,{"stream_name":"stdout","time":698.175401463,"data":"EDGE_TTA_ACTIVE views= 8 mean_abs_feat_delta= 0.357533\n"}
,{"stream_name":"stdout","time":698.211882379,"data":"SECONDARY_EDGE_TTA_ACTIVE views= 8 weight= 0.75 mean_abs_feat_delta= 0.274027\n"}
,{"stream_name":"stdout","time":698.414595178,"data":"SECONDARY_EDGE_TTA_ACTIVE views= 8 weight= 0.75 mean_abs_feat_delta= 0.274027\n"}
,{"stream_name":"stdout","time":699.016597422,"data":"SECONDARY_EDGE_TTA_ACTIVE views= 8 weight= 0.75 mean_abs_feat_delta= 0.243492\n"}
,{"stream_name":"stdout","time":699.219067027,"data":"SECONDARY_EDGE_TTA_ACTIVE views= 8 weight= 0.75 mean_abs_feat_delta= 0.243492\n"}
,{"stream_name":"stdout","time":699.599859422,"data":"EDGE_TTA_ACTIVE views= 8 mean_abs_feat_delta= 0.35452\n"}
,{"stream_name":"stdout","time":699.802592836,"data":"EDGE_TTA_ACTIVE views= 8 mean_abs_feat_delta= 0.35452\n"}
,{"stream_name":"stdout","time":700.158987646,"data":"EDGE_TTA_ACTIVE views= 8 mean_abs_feat_delta= 0.360339\n"}
,{"stream_name":"stdout","time":700.361741258,"data":"EDGE_TTA_ACTIVE views= 8 mean_abs_feat_delta= 0.360339\n"}
,{"stream_name":"stdout","time":700.617191977,"data":"SECONDARY_EDGE_TTA_ACTIVE views= 8 weight= 0.75 mean_abs_feat_delta= 0.274778\n"}
,{"stream_name":"stdout","time":700.819987684,"data":"SECONDARY_EDGE_TTA_ACTIVE views= 8 weight= 0.75 mean_abs_feat_delta= 0.274778\n"}
,{"stream_name":"stdout","time":701.204742848,"data":"SECONDARY_EDGE_TTA_ACTIVE views= 8 weight= 0.75 mean_abs_feat_delta= 0.242113\n"}
,{"stream_name":"stdout","time":701.407574163,"data":"SECONDARY_EDGE_TTA_ACTIVE views= 8 weight= 0.75 mean_abs_feat_delta= 0.242113\n"}
,{"stream_name":"stdout","time":702.011505668,"data":"EDGE_TTA_ACTIVE views= 8 mean_abs_feat_delta= 0.35732\n"}
,{"stream_name":"stdout","time":702.213929654,"data":"EDGE_TTA_ACTIVE views= 8 mean_abs_feat_delta= 0.35732\n"}
,{"stream_name":"stdout","time":702.36943987,"data":"EDGE_TTA_ACTIVE views= 8 mean_abs_feat_delta= 0.366487\n"}
,{"stream_name":"stdout","time":702.574529202,"data":"EDGE_TTA_ACTIVE views= 8 mean_abs_feat_delta= 0.366487\n"}
,{"stream_name":"stdout","time":703.029008266,"data":"SECONDARY_EDGE_TTA_ACTIVE views= 8 weight= 0.75 mean_abs_feat_delta= 0.266518\n"}
,{"stream_name":"stdout","time":703.231982579,"data":"SECONDARY_EDGE_TTA_ACTIVE views= 8 weight= 0.75 mean_abs_feat_delta= 0.266518\n"}
,{"stream_name":"stdout","time":703.412169092,"data":"SECONDARY_EDGE_TTA_ACTIVE views= 8 weight= 0.75 mean_abs_feat_delta= 0.239421\n"}
,{"stream_name":"stdout","time":703.614933743,"data":"SECONDARY_EDGE_TTA_ACTIVE views= 8 weight= 0.75 mean_abs_feat_delta= 0.239421\n"}
,{"stream_name":"stdout","time":704.32438913,"data":"EDGE_TTA_ACTIVE views= 8 mean_abs_feat_delta= 0.358346\n"}
,{"stream_name":"stdout","time":704.527212154,"data":"EDGE_TTA_ACTIVE views= 8 mean_abs_feat_delta= 0.358346\n"}
,{"stream_name":"stdout","time":704.578507071,"data":"EDGE_TTA_ACTIVE views= 8 mean_abs_feat_delta= 0.367172\n"}
,{"stream_name":"stdout","time":704.781268845,"data":"EDGE_TTA_ACTIVE views= 8 mean_abs_feat_delta= 0.367172\n"}
,{"stream_name":"stdout","time":705.341675683,"data":"SECONDARY_EDGE_TTA_ACTIVE views= 8 weight= 0.75 mean_abs_feat_delta= 0.267578\n"}
,{"stream_name":"stdout","time":705.544592933,"data":"SECONDARY_EDGE_TTA_ACTIVE views= 8 weight= 0.75 mean_abs_feat_delta= 0.267578\n"}
,{"stream_name":"stdout","time":705.617593651,"data":"SECONDARY_EDGE_TTA_ACTIVE views= 8 weight= 0.75 mean_abs_feat_delta= 0.241223\n"}
,{"stream_name":"stdout","time":705.820367147,"data":"SECONDARY_EDGE_TTA_ACTIVE views= 8 weight= 0.75 mean_abs_feat_delta= 0.241223\n"}
,{"stream_name":"stdout","time":706.727630817,"data":"EDGE_TTA_ACTIVE views= 8 mean_abs_feat_delta= 0.345063\n"}
,{"stream_name":"stdout","time":706.75167728,"data":"EDGE_TTA_ACTIVE views= 8 mean_abs_feat_delta= 0.365716\n"}
,{"stream_name":"stdout","time":706.930110259,"data":"EDGE_TTA_ACTIVE views= 8 mean_abs_feat_delta= 0.345063\n"}
,{"stream_name":"stdout","time":706.930147373,"data":"EDGE_TTA_ACTIVE views= 8 mean_abs_feat_delta= 0.365716\n"}
,{"stream_name":"stdout","time":707.740578891,"data":"SECONDARY_EDGE_TTA_ACTIVE views= 8 weight= 0.75 mean_abs_feat_delta= 0.263779\n"}
,{"stream_name":"stdout","time":707.79128706,"data":"SECONDARY_EDGE_TTA_ACTIVE views= 8 weight= 0.75 mean_abs_feat_delta= 0.243562\n"}
,{"stream_name":"stdout","time":707.943354489,"data":"SECONDARY_EDGE_TTA_ACTIVE views= 8 weight= 0.75 mean_abs_feat_delta= 0.263779\n"}
,{"stream_name":"stdout","time":707.943391468,"data":"SECONDARY_EDGE_TTA_ACTIVE views= 8 weight= 0.75 mean_abs_feat_delta= 0.243562\n"}
,{"stream_name":"stdout","time":708.896693642,"data":"EDGE_TTA_ACTIVE views= 8 mean_abs_feat_delta= 0.365864\n"}
,{"stream_name":"stdout","time":709.055729453,"data":"EDGE_TTA_ACTIVE views= 8 mean_abs_feat_delta= 0.347554\n"}
,{"stream_name":"stdout","time":709.157612475,"data":"EDGE_TTA_ACTIVE views= 8 mean_abs_feat_delta= 0.365864\n"}
,{"stream_name":"stdout","time":709.157638788,"data":"EDGE_TTA_ACTIVE views= 8 mean_abs_feat_delta= 0.347554\n"}
,{"stream_name":"stdout","time":709.932856584,"data":"SECONDARY_EDGE_TTA_ACTIVE views= 8 weight= 0.75 mean_abs_feat_delta= 0.245184\n"}
,{"stream_name":"stdout","time":710.070034894,"data":"SECONDARY_EDGE_TTA_ACTIVE views= 8 weight= 0.75 mean_abs_feat_delta= 0.275799\n"}
,{"stream_name":"stdout","time":710.135237931,"data":"SECONDARY_EDGE_TTA_ACTIVE views= 8 weight= 0.75 mean_abs_feat_delta= 0.245184\n"}
,{"stream_name":"stdout","time":710.135280098,"data":"SECONDARY_EDGE_TTA_ACTIVE views= 8 weight= 0.75 mean_abs_feat_delta= 0.275799\n"}
,{"stream_name":"stdout","time":711.102198463,"data":"EDGE_TTA_ACTIVE views= 8 mean_abs_feat_delta= 0.364558\n"}
,{"stream_name":"stdout","time":711.30474663,"data":"EDGE_TTA_ACTIVE views= 8 mean_abs_feat_delta= 0.364558\n"}
,{"stream_name":"stdout","time":711.424180623,"data":"EDGE_TTA_ACTIVE views= 8 mean_abs_feat_delta= 0.343748\n"}
,{"stream_name":"stdout","time":711.626921893,"data":"EDGE_TTA_ACTIVE views= 8 mean_abs_feat_delta= 0.343748\n"}
,{"stream_name":"stdout","time":712.136882941,"data":"SECONDARY_EDGE_TTA_ACTIVE views= 8 weight= 0.75 mean_abs_feat_delta= 0.245155\n"}
,{"stream_name":"stdout","time":712.33962736,"data":"SECONDARY_EDGE_TTA_ACTIVE views= 8 weight= 0.75 mean_abs_feat_delta= 0.245155\n"}
,{"stream_name":"stdout","time":712.439545627,"data":"SECONDARY_EDGE_TTA_ACTIVE views= 8 weight= 0.75 mean_abs_feat_delta= 0.26736\n"}
,{"stream_name":"stdout","time":712.641587179,"data":"SECONDARY_EDGE_TTA_ACTIVE views= 8 weight= 0.75 mean_abs_feat_delta= 0.26736\n"}
,{"stream_name":"stdout","time":713.279013951,"data":"EDGE_TTA_ACTIVE views= 8 mean_abs_feat_delta= 0.368692\n"}
,{"stream_name":"stdout","time":713.481576601,"data":"EDGE_TTA_ACTIVE views= 8 mean_abs_feat_delta= 0.368692\n"}
,{"stream_name":"stdout","time":713.771608522,"data":"EDGE_TTA_ACTIVE views= 8 mean_abs_feat_delta= 0.341273\n"}
,{"stream_name":"stdout","time":713.974348236,"data":"EDGE_TTA_ACTIVE views= 8 mean_abs_feat_delta= 0.341273\n"}
,{"stream_name":"stdout","time":714.31264535,"data":"SECONDARY_EDGE_TTA_ACTIVE views= 8 weight= 0.75 mean_abs_feat_delta= 0.245457\n"}
,{"stream_name":"stdout","time":714.51557458,"data":"SECONDARY_EDGE_TTA_ACTIVE views= 8 weight= 0.75 mean_abs_feat_delta= 0.245457\n"}
,{"stream_name":"stdout","time":714.785272142,"data":"SECONDARY_EDGE_TTA_ACTIVE views= 8 weight= 0.75 mean_abs_feat_delta= 0.271363\n"}
,{"stream_name":"stdout","time":714.98792316,"data":"SECONDARY_EDGE_TTA_ACTIVE views= 8 weight= 0.75 mean_abs_feat_delta= 0.271363\n"}
,{"stream_name":"stdout","time":715.4247678,"data":"EDGE_TTA_ACTIVE views= 8 mean_abs_feat_delta= 0.368315\n"}
,{"stream_name":"stdout","time":715.627588444,"data":"EDGE_TTA_ACTIVE views= 8 mean_abs_feat_delta= 0.368315\n"}
,{"stream_name":"stdout","time":716.086494959,"data":"EDGE_TTA_ACTIVE views= 8 mean_abs_feat_delta= 0.342479\n"}
,{"stream_name":"stdout","time":716.289181281,"data":"EDGE_TTA_ACTIVE views= 8 mean_abs_feat_delta= 0.342479\n"}
,{"stream_name":"stdout","time":716.461557791,"data":"SECONDARY_EDGE_TTA_ACTIVE views= 8 weight= 0.75 mean_abs_feat_delta= 0.245368\n"}
,{"stream_name":"stdout","time":716.664368239,"data":"SECONDARY_EDGE_TTA_ACTIVE views= 8 weight= 0.75 mean_abs_feat_delta= 0.245368\n"}
,{"stream_name":"stdout","time":717.098790167,"data":"SECONDARY_EDGE_TTA_ACTIVE views= 8 weight= 0.75 mean_abs_feat_delta= 0.272222\n"}
,{"stream_name":"stdout","time":717.301722359,"data":"SECONDARY_EDGE_TTA_ACTIVE views= 8 weight= 0.75 mean_abs_feat_delta= 0.272222\n"}
,{"stream_name":"stdout","time":717.603961233,"data":"EDGE_TTA_ACTIVE views= 8 mean_abs_feat_delta= 0.371386\n"}
,{"stream_name":"stdout","time":717.806723001,"data":"EDGE_TTA_ACTIVE views= 8 mean_abs_feat_delta= 0.371386\n"}
,{"stream_name":"stdout","time":718.41143544,"data":"EDGE_TTA_ACTIVE views= 8 mean_abs_feat_delta= 0.345052\n"}
,{"stream_name":"stdout","time":718.614237659,"data":"EDGE_TTA_ACTIVE views= 8 mean_abs_feat_delta= 0.345052\n"}
,{"stream_name":"stdout","time":718.640178641,"data":"SECONDARY_EDGE_TTA_ACTIVE views= 8 weight= 0.75 mean_abs_feat_delta= 0.247492\n"}
,{"stream_name":"stdout","time":718.843090612,"data":"SECONDARY_EDGE_TTA_ACTIVE views= 8 weight= 0.75 mean_abs_feat_delta= 0.247492\n"}
,{"stream_name":"stdout","time":719.424872788,"data":"SECONDARY_EDGE_TTA_ACTIVE views= 8 weight= 0.75 mean_abs_feat_delta= 0.259112\n"}
,{"stream_name":"stdout","time":719.628018232,"data":"SECONDARY_EDGE_TTA_ACTIVE views= 8 weight= 0.75 mean_abs_feat_delta= 0.259112\n"}
,{"stream_name":"stdout","time":721.024565342,"data":"EDGE_TTA_ACTIVE views= 8 mean_abs_feat_delta= 0.344953\n"}
,{"stream_name":"stdout","time":721.226810476,"data":"EDGE_TTA_ACTIVE views= 8 mean_abs_feat_delta= 0.344953\n"}
,{"stream_name":"stdout","time":722.035635086,"data":"SECONDARY_EDGE_TTA_ACTIVE views= 8 weight= 0.75 mean_abs_feat_delta= 0.268967\n"}
,{"stream_name":"stdout","time":722.238522221,"data":"SECONDARY_EDGE_TTA_ACTIVE views= 8 weight= 0.75 mean_abs_feat_delta= 0.268967\n"}
,{"stream_name":"stdout","time":723.476533176,"data":"EDGE_TTA_ACTIVE views= 8 mean_abs_feat_delta= 0.3439\n"}
,{"stream_name":"stdout","time":723.679852096,"data":"EDGE_TTA_ACTIVE views= 8 mean_abs_feat_delta= 0.3439\n"}
,{"stream_name":"stdout","time":724.18205624,"data":"Saved 2 predictions to /kaggle/working/tracking_repo/predictions/unknown/unet_transformer_gpu0/split_0\n"}
,{"stream_name":"stdout","time":724.385097839,"data":"Saved 2 predictions to /kaggle/working/tracking_repo/predictions/unknown/unet_transformer_gpu0/split_0\n"}
,{"stream_name":"stdout","time":724.489997999,"data":"SECONDARY_EDGE_TTA_ACTIVE views= 8 weight= 0.75 mean_abs_feat_delta= 0.275891\n"}
,{"stream_name":"stdout","time":724.693036063,"data":"SECONDARY_EDGE_TTA_ACTIVE views= 8 weight= 0.75 mean_abs_feat_delta= 0.275891\n"}
,{"stream_name":"stdout","time":725.799372933,"data":"EDGE_TTA_ACTIVE views= 8 mean_abs_feat_delta= 0.345377\n"}
,{"stream_name":"stdout","time":726.001983928,"data":"EDGE_TTA_ACTIVE views= 8 mean_abs_feat_delta= 0.345377\n"}
,{"stream_name":"stdout","time":726.811651731,"data":"SECONDARY_EDGE_TTA_ACTIVE views= 8 weight= 0.75 mean_abs_feat_delta= 0.274606\n"}
,{"stream_name":"stdout","time":727.014484445,"data":"SECONDARY_EDGE_TTA_ACTIVE views= 8 weight= 0.75 mean_abs_feat_delta= 0.274606\n"}
,{"stream_name":"stdout","time":728.129247941,"data":"EDGE_TTA_ACTIVE views= 8 mean_abs_feat_delta= 0.347308\n"}
,{"stream_name":"stdout","time":728.332080462,"data":"EDGE_TTA_ACTIVE views= 8 mean_abs_feat_delta= 0.347308\n"}
,{"stream_name":"stdout","time":729.141099787,"data":"SECONDARY_EDGE_TTA_ACTIVE views= 8 weight= 0.75 mean_abs_feat_delta= 0.26671\n"}
,{"stream_name":"stdout","time":729.343966163,"data":"SECONDARY_EDGE_TTA_ACTIVE views= 8 weight= 0.75 mean_abs_feat_delta= 0.26671\n"}
,{"stream_name":"stdout","time":730.479931645,"data":"EDGE_TTA_ACTIVE views= 8 mean_abs_feat_delta= 0.347503\n"}
,{"stream_name":"stdout","time":730.682627249,"data":"EDGE_TTA_ACTIVE views= 8 mean_abs_feat_delta= 0.347503\n"}
,{"stream_name":"stdout","time":731.490628791,"data":"SECONDARY_EDGE_TTA_ACTIVE views= 8 weight= 0.75 mean_abs_feat_delta= 0.265423\n"}
,{"stream_name":"stdout","time":731.693338129,"data":"SECONDARY_EDGE_TTA_ACTIVE views= 8 weight= 0.75 mean_abs_feat_delta= 0.265423\n"}
,{"stream_name":"stdout","time":732.84883417,"data":"EDGE_TTA_ACTIVE views= 8 mean_abs_feat_delta= 0.34777\n"}
,{"stream_name":"stdout","time":733.051469557,"data":"EDGE_TTA_ACTIVE views= 8 mean_abs_feat_delta= 0.34777\n"}
,{"stream_name":"stdout","time":733.858608541,"data":"SECONDARY_EDGE_TTA_ACTIVE views= 8 weight= 0.75 mean_abs_feat_delta= 0.269705\n"}
,{"stream_name":"stdout","time":734.061121223,"data":"SECONDARY_EDGE_TTA_ACTIVE views= 8 weight= 0.75 mean_abs_feat_delta= 0.269705\n"}
,{"stream_name":"stdout","time":825.843247159,"data":"Saved 2 predictions to /kaggle/working/tracking_repo/predictions/unknown/unet_transformer_gpu1/split_0\n"}
,{"stream_name":"stdout","time":826.08079493,"data":"Saved 2 predictions to /kaggle/working/tracking_repo/predictions/unknown/unet_transformer_gpu1/split_0\n"}
,{"stream_name":"stdout","time":828.567452033,"data":"Merged 4 prediction graphs into /kaggle/working/tracking_repo/predictions/unknown/unet_transformer/split_0\n"}
,{"stream_name":"stdout","time":828.56748811,"data":"Prediction completed in 9.62 minutes\n"}
,{"stream_name":"stdout","time":1214.532064625,"data":"Trying DeepCenter add-only gate checkpoint: /kaggle/input/datasets/pilkwang/biohub-deepcenter-unet3d-center-prior-v1/weights/full_frame_center/best.pt\n"}
,{"stream_name":"stdout","time":1215.048181854,"data":"Loaded DeepCenter add-only gate checkpoint: /kaggle/input/datasets/pilkwang/biohub-deepcenter-unet3d-center-prior-v1/weights/full_frame_center/best.pt\n"}
,{"stream_name":"stdout","time":1215.048223562,"data":"DeepCenter checkpoint epoch: 2 best_score: -0.04500306242456039\n"}
,{"stream_name":"stdout","time":1215.048229681,"data":"Found 4 prediction graphs\n"}
,{"stream_name":"stdout","time":1238.812387579,"data":"  [44b6_0113de3b] after edge-filter+motion-relink: 25743 nodes, 24853 edges\n"}
,{"stream_name":"stdout","time":1240.016847225,"data":"DEEPCENTER_TTA_ACTIVE views= 8 mean_abs_logit_delta= 0.136032\n"}
,{"stream_name":"stdout","time":1242.294144005,"data":"  [44b6_0113de3b] after gap-closing (single-frame + gap2): 25806 nodes, 24970 edges\n"}
,{"stream_name":"stdout","time":1266.137109761,"data":"  [44b6_0113de3b] after safe-division repair: 25806 nodes, 25011 edges (geometric_candidates=169, deepcenter_rejected=117, post_veto_candidates=52, added=41, cap_skipped=0, mutual_nn_rejected=66, divergence_rejected=543)\n"}
,{"stream_name":"stdout","time":1266.137146654,"data":"  [44b6_0113de3b] after division-geometry-filter+prune-isolated: 25800 nodes, 25011 edges\n"}
,{"stream_name":"stdout","time":1266.137153693,"data":"  [44b6_0113de3b] after short-track filtering: 25547 nodes, 24816 edges (components_removed=58)\n"}
,{"stream_name":"stdout","time":1272.107998821,"data":"  [44b6_0113de3b] FINAL: 25547 nodes, 24816 edges\n"}
,{"stream_name":"stdout","time":1272.434029946,"data":"  [44b6_0113de3b] D4R recovery: +117 nodes +91 edges from 26/27 components (budget 120)\n"}
,{"stream_name":"stdout","time":1289.995524716,"data":"  [44b6_0b24845f] after edge-filter+motion-relink: 21773 nodes, 19712 edges\n"}
,{"stream_name":"stdout","time":1307.280832253,"data":"  [44b6_0b24845f] after gap-closing (single-frame + gap2): 22163 nodes, 20421 edges\n"}
,{"stream_name":"stdout","time":1333.50088828,"data":"  [44b6_0b24845f] after safe-division repair: 22163 nodes, 20433 edges (geometric_candidates=218, deepcenter_rejected=204, post_veto_candidates=14, added=12, cap_skipped=0, mutual_nn_rejected=52, divergence_rejected=846)\n"}
,{"stream_name":"stdout","time":1333.500944457,"data":"  [44b6_0b24845f] after division-geometry-filter+prune-isolated: 22143 nodes, 20433 edges\n"}
,{"stream_name":"stdout","time":1333.500959657,"data":"  [44b6_0b24845f] after short-track filtering: 20111 nodes, 18866 edges (components_removed=465)\n"}
,{"stream_name":"stdout","time":1338.136097163,"data":"  [44b6_0b24845f] FINAL: 20111 nodes, 18866 edges\n"}
,{"stream_name":"stdout","time":1338.202156229,"data":"  [44b6_0b24845f] D4R recovery: +118 nodes +91 edges from 27/58 components (budget 120)\n"}
,{"stream_name":"stdout","time":1340.318153822,"data":"  [6bba_05b6850b] after edge-filter+motion-relink: 6286 nodes, 6018 edges\n"}
,{"stream_name":"stdout","time":1341.506083249,"data":"  [6bba_05b6850b] after gap-closing (single-frame + gap2): 6315 nodes, 6071 edges\n"}
,{"stream_name":"stdout","time":1347.350049309,"data":"  [6bba_05b6850b] after safe-division repair: 6315 nodes, 6077 edges (geometric_candidates=22, deepcenter_rejected=16, post_veto_candidates=6, added=6, cap_skipped=0, mutual_nn_rejected=5, divergence_rejected=85)\n"}
,{"stream_name":"stdout","time":1347.350142431,"data":"  [6bba_05b6850b] after division-geometry-filter+prune-isolated: 6314 nodes, 6077 edges\n"}
,{"stream_name":"stdout","time":1347.350150521,"data":"  [6bba_05b6850b] after short-track filtering: 6147 nodes, 5949 edges (components_removed=39)\n"}
,{"stream_name":"stdout","time":1348.623135471,"data":"  [6bba_05b6850b] FINAL: 6147 nodes, 5949 edges\n"}
,{"stream_name":"stdout","time":1348.623165172,"data":"  [6bba_05b6850b] D4R recovery: +27 nodes +21 edges from 6/6 components (budget 76)\n"}
,{"stream_name":"stdout","time":1523.697247106,"data":"  [6bba_05db0fb1] after edge-filter+motion-relink: 70718 nodes, 67981 edges\n"}
,{"stream_name":"stdout","time":1537.505556432,"data":"  [6bba_05db0fb1] after gap-closing (single-frame + gap2): 71135 nodes, 68757 edges\n"}
,{"stream_name":"stdout","time":1564.595619656,"data":"  [6bba_05db0fb1] after safe-division repair: 71135 nodes, 68783 edges (geometric_candidates=318, deepcenter_rejected=289, post_veto_candidates=29, added=26, cap_skipped=0, mutual_nn_rejected=268, divergence_rejected=2743)\n"}
,{"stream_name":"stdout","time":1564.595659168,"data":"  [6bba_05db0fb1] after division-geometry-filter+prune-isolated: 71104 nodes, 68783 edges\n"}
,{"stream_name":"stdout","time":1564.870028816,"data":"  [6bba_05db0fb1] after short-track filtering: 70239 nodes, 68120 edges (components_removed=202)\n"}
,{"stream_name":"stdout","time":1580.849309111,"data":"  [6bba_05db0fb1] FINAL: 70239 nodes, 68120 edges\n"}
,{"stream_name":"stdout","time":1581.971139704,"data":"  [6bba_05db0fb1] D4R recovery: +117 nodes +91 edges from 26/49 components (budget 120)\n"}
,{"stream_name":"stdout","time":1582.867473082,"data":"Wrote /kaggle/working/submission.csv with 240,468 rows\n"}
,{"stream_name":"stdout","time":1582.86751317,"data":"Node rows: 122,423 | edge rows: 118,045\n"}
,{"stream_name":"stdout","time":1582.867520842,"data":"Wrote /kaggle/working/run_stats.csv\n"}
,{"stream_name":"stdout","time":1583.80602614,"data":"{\n"}
,{"stream_name":"stdout","time":1583.806057491,"data":"  \"configuration\": {\n"}
,{"stream_name":"stdout","time":1583.80606536,"data":"    \"bidirectional_primary_weight\": 0.3,\n"}
,{"stream_name":"stdout","time":1583.806070894,"data":"    \"deepcenter_gap_confirm_min_span_um\": 8.5,\n"}
,{"stream_name":"stdout","time":1583.806076334,"data":"    \"deepcenter_gap_threshold\": 0.25,\n"}
,{"stream_name":"stdout","time":1583.806081465,"data":"    \"detector_threshold\": 0.96875,\n"}
,{"stream_name":"stdout","time":1583.806086537,"data":"    \"edge_candidate_threshold\": 0.48,\n"}
,{"stream_name":"stdout","time":1583.806092125,"data":"    \"fallback_scope\": \"individual_frame\",\n"}
,{"stream_name":"stdout","time":1583.806098184,"data":"    \"gap_close_um\": 5.8,\n"}
,{"stream_name":"stdout","time":1583.806103537,"data":"    \"ilp_appearance_weight\": 0.0,\n"}
,{"stream_name":"stdout","time":1583.806108346,"data":"    \"ilp_disappearance_weight\": 1.5,\n"}
,{"stream_name":"stdout","time":1583.806113073,"data":"    \"minimum_candidate_retention\": 0.9,\n"}
,{"stream_name":"stdout","time":1583.80611806,"data":"    \"secondary_detection_weight\": 0.475,\n"}
,{"stream_name":"stdout","time":1583.806122923,"data":"    \"secondary_edge_weight\": 0.15,\n"}
,{"stream_name":"stdout","time":1583.806127798,"data":"    \"secondary_link_mode\": \"low_margin_consensus\",\n"}
,{"stream_name":"stdout","time":1583.806132629,"data":"    \"secondary_low_margin_max\": 0.35\n"}
,{"stream_name":"stdout","time":1583.806138105,"data":"  },\n"}
,{"stream_name":"stdout","time":1583.806158097,"data":"  \"diagnostics\": {\n"}
,{"stream_name":"stdout","time":1583.806162417,"data":"    \"by_movie\": {\n"}
,{"stream_name":"stdout","time":1583.806166403,"data":"      \"44b6_0113de3b\": {\n"}
,{"stream_name":"stdout","time":1583.806170402,"data":"        \"fallback_frames\": 0,\n"}
,{"stream_name":"stdout","time":1583.806174881,"data":"        \"frames\": 100,\n"}
,{"stream_name":"stdout","time":1583.806178936,"data":"        \"median_retention\": 1.0141843971631206,\n"}
,{"stream_name":"stdout","time":1583.806183203,"data":"        \"minimum_retention\": 0.9781021897810219\n"}
,{"stream_name":"stdout","time":1583.806187308,"data":"      },\n"}
,{"stream_name":"stdout","time":1583.806191203,"data":"      \"44b6_0b24845f\": {\n"}
,{"stream_name":"stdout","time":1583.806195185,"data":"        \"fallback_frames\": 53,\n"}
,{"stream_name":"stdout","time":1583.806199158,"data":"        \"frames\": 100,\n"}
,{"stream_name":"stdout","time":1583.806203185,"data":"        \"median_retention\": 0.8916371706275634,\n"}
,{"stream_name":"stdout","time":1583.806207363,"data":"        \"minimum_retention\": 0.37872340425531914\n"}
,{"stream_name":"stdout","time":1583.806211527,"data":"      },\n"}
,{"stream_name":"stdout","time":1583.806215457,"data":"      \"6bba_05b6850b\": {\n"}
,{"stream_name":"stdout","time":1583.806219814,"data":"        \"fallback_frames\": 1,\n"}
,{"stream_name":"stdout","time":1583.806223551,"data":"        \"frames\": 100,\n"}
,{"stream_name":"stdout","time":1583.806227452,"data":"        \"median_retention\": 1.0137012012012012,\n"}
,{"stream_name":"stdout","time":1583.806231478,"data":"        \"minimum_retention\": 0.8648648648648649\n"}
,{"stream_name":"stdout","time":1583.806235465,"data":"      },\n"}
,{"stream_name":"stdout","time":1583.806239391,"data":"      \"6bba_05db0fb1\": {\n"}
,{"stream_name":"stdout","time":1583.806243496,"data":"        \"fallback_frames\": 0,\n"}
,{"stream_name":"stdout","time":1583.806247633,"data":"        \"frames\": 100,\n"}
,{"stream_name":"stdout","time":1583.80625165,"data":"        \"median_retention\": 1.0148331499816647,\n"}
,{"stream_name":"stdout","time":1583.806255864,"data":"        \"minimum_retention\": 0.9713467048710601\n"}
,{"stream_name":"stdout","time":1583.806259768,"data":"      }\n"}
,{"stream_name":"stdout","time":1583.806263702,"data":"    },\n"}
,{"stream_name":"stdout","time":1583.806267714,"data":"    \"fallback_frames\": 54,\n"}
,{"stream_name":"stdout","time":1583.806271906,"data":"    \"rows\": 400\n"}
,{"stream_name":"stdout","time":1583.80627598,"data":"  },\n"}
,{"stream_name":"stdout","time":1583.806280125,"data":"  \"experiment\": \"harmonic_bidirectional_association_v1\",\n"}
,{"stream_name":"stdout","time":1583.806284167,"data":"  \"hardware\": {\n"}
,{"stream_name":"stdout","time":1583.806287945,"data":"    \"visible_gpu_count\": 2\n"}
,{"stream_name":"stdout","time":1583.806292128,"data":"  },\n"}
,{"stream_name":"stdout","time":1583.806295837,"data":"  \"leaderboard_feedback_used_for_configuration\": true,\n"}
,{"stream_name":"stdout","time":1583.806300191,"data":"  \"method_attribution\": \"fixed-90 dual-seed baseline with harmonic mutual-support association fusion (rule from public CC0 notebook yusuketogashi/no-hack-biohub-cell-another-approch-3rd v18)\",\n"}
,{"stream_name":"stdout","time":1583.806304934,"data":"  \"metric_hack_used\": false,\n"}
,{"stream_name":"stdout","time":1583.806308885,"data":"  \"organizer_labels_used_for_configuration\": false,\n"}
,{"stream_name":"stdout","time":1583.806313091,"data":"  \"parent_experiment\": \"paired_bidirectional_primary_weight020_vs_forward_v1\",\n"}
,{"stream_name":"stdout","time":1583.806323802,"data":"  \"public_output_used\": false,\n"}
,{"stream_name":"stdout","time":1583.806328775,"data":"  \"quality_promotion\": {\n"}
,{"stream_name":"stdout","time":1583.806332833,"data":"    \"execute_push_submit\": \"FORBIDDEN_UNTIL_REQUIRED_CONDITION\",\n"}
,{"stream_name":"stdout","time":1583.806340577,"data":"    \"required_condition\": \"promote=true\",\n"}
,{"stream_name":"stdout","time":1583.806344963,"data":"    \"required_receipt\": \"bidirectional_blend_union13_receipt.json\",\n"}
,{"stream_name":"stdout","time":1583.806348985,"data":"    \"status\": \"candidate_unverified\",\n"}
,{"stream_name":"stdout","time":1583.806352904,"data":"    \"validated_receipt_sha256\": null\n"}
,{"stream_name":"stdout","time":1583.806356854,"data":"  },\n"}
,{"stream_name":"stdout","time":1583.806360462,"data":"  \"source_kernel\": \"raykkretzschmar/biohub-bidirectional-primary-union13-diagnostic-v1\",\n"}
,{"stream_name":"stdout","time":1583.806364938,"data":"  \"source_notebook_sha256\": \"3e65ca691941949196bf417030ea84fccafe16baaec174b2a63540451bb937e8\",\n"}
,{"stream_name":"stdout","time":1583.806369323,"data":"  \"status\": \"clean_graph_audit_pass_candidate_unverified_quality\",\n"}
,{"stream_name":"stdout","time":1583.806373231,"data":"  \"submission\": {\n"}
,{"stream_name":"stdout","time":1583.806377233,"data":"    \"datasets\": [\n"}
,{"stream_name":"stdout","time":1583.80638204,"data":"      \"44b6_0113de3b\",\n"}
,{"stream_name":"stdout","time":1583.806386203,"data":"      \"44b6_0b24845f\",\n"}
,{"stream_name":"stdout","time":1583.806391073,"data":"      \"6bba_05b6850b\",\n"}
,{"stream_name":"stdout","time":1583.806395092,"data":"      \"6bba_05db0fb1\"\n"}
,{"stream_name":"stdout","time":1583.806399595,"data":"    ],\n"}
,{"stream_name":"stdout","time":1583.806403823,"data":"    \"rows\": 240468,\n"}
,{"stream_name":"stdout","time":1583.806407654,"data":"    \"sha256\": \"744be9b4e7d17ae9002d5e8c26d1b0d2d3c0f47728d70e014e1e6ac6dc9b4665\"\n"}
,{"stream_name":"stdout","time":1583.806411945,"data":"  },\n"}
,{"stream_name":"stdout","time":1583.806442959,"data":"  \"topology\": {\n"}
,{"stream_name":"stdout","time":1583.80644861,"data":"    \"44b6_0113de3b\": {\n"}
,{"stream_name":"stdout","time":1583.806453243,"data":"      \"division_parents\": 41,\n"}
,{"stream_name":"stdout","time":1583.806457541,"data":"      \"edges\": 24907,\n"}
,{"stream_name":"stdout","time":1583.80646174,"data":"      \"max_indegree\": 1,\n"}
,{"stream_name":"stdout","time":1583.806465916,"data":"      \"max_outdegree\": 2,\n"}
,{"stream_name":"stdout","time":1583.80647068,"data":"      \"nodes\": 25664\n"}
,{"stream_name":"stdout","time":1583.806475449,"data":"    },\n"}
,{"stream_name":"stdout","time":1583.806479443,"data":"    \"44b6_0b24845f\": {\n"}
,{"stream_name":"stdout","time":1583.806483978,"data":"      \"division_parents\": 12,\n"}
,{"stream_name":"stdout","time":1583.8064885,"data":"      \"edges\": 18957,\n"}
,{"stream_name":"stdout","time":1583.806493055,"data":"      \"max_indegree\": 1,\n"}
,{"stream_name":"stdout","time":1583.806497848,"data":"      \"max_outdegree\": 2,\n"}
,{"stream_name":"stdout","time":1583.806501803,"data":"      \"nodes\": 20229\n"}
,{"stream_name":"stdout","time":1583.806505668,"data":"    },\n"}
,{"stream_name":"stdout","time":1583.806509483,"data":"    \"6bba_05b6850b\": {\n"}
,{"stream_name":"stdout","time":1583.806514106,"data":"      \"division_parents\": 6,\n"}
,{"stream_name":"stdout","time":1583.806519221,"data":"      \"edges\": 5970,\n"}
,{"stream_name":"stdout","time":1583.806524513,"data":"      \"max_indegree\": 1,\n"}
,{"stream_name":"stdout","time":1583.8065359,"data":"      \"max_outdegree\": 2,\n"}
,{"stream_name":"stdout","time":1583.80654134,"data":"      \"nodes\": 6174\n"}
,{"stream_name":"stdout","time":1583.806545926,"data":"    },\n"}
,{"stream_name":"stdout","time":1583.806559421,"data":"    \"6bba_05db0fb1\": {\n"}
,{"stream_name":"stdout","time":1583.80656319,"data":"      \"division_parents\": 26,\n"}
,{"stream_name":"stdout","time":1583.806566955,"data":"      \"edges\": 68211,\n"}
,{"stream_name":"stdout","time":1583.806570722,"data":"      \"max_indegree\": 1,\n"}
,{"stream_name":"stdout","time":1583.806574857,"data":"      \"max_outdegree\": 2,\n"}
,{"stream_name":"stdout","time":1583.806578914,"data":"      \"nodes\": 70356\n"}
,{"stream_name":"stdout","time":1583.806582645,"data":"    }\n"}
,{"stream_name":"stdout","time":1583.806586435,"data":"  }\n"}
,{"stream_name":"stdout","time":1583.806590218,"data":"}\n"}
,{"stream_name":"stdout","time":1583.909582739,"data":"VALIDATOR: disabled (BIOHUB_VALIDATOR_ENABLE=0).\n"}
,{"stream_name":"stdout","time":1584.122577382,"data":"Post-process base configuration (public 0.939):\n"}
,{"stream_name":"stdout","time":1584.122615586,"data":"  SAFE_DIV_MAX_UM                          9.0\n"}
,{"stream_name":"stdout","time":1584.122622119,"data":"  SAFE_DIV_SISTER_MAX_UM                   14.0\n"}
,{"stream_name":"stdout","time":1584.122626894,"data":"  SAFE_DIV_DIVERGE_UM                      2.25\n"}
,{"stream_name":"stdout","time":1584.12263175,"data":"  SAFE_DIV_SISTER_SYMMETRY_TAU             0.6\n"}
,{"stream_name":"stdout","time":1584.122636585,"data":"  SAFE_DIV_EXISTING_CHILD_MAX_UM           10.0\n"}
,{"stream_name":"stdout","time":1584.12264076,"data":"  SAFE_DIV_FRAME_FRAC_CAP                  0.0076\n"}
,{"stream_name":"stdout","time":1584.122645031,"data":"  SAFE_DIV_GLOBAL_FRAC_CAP                 0.00375\n"}
,{"stream_name":"stdout","time":1584.122649289,"data":"  DEEPCENTER_SAFE_DIV_THRESHOLD            0.25\n"}
,{"stream_name":"stdout","time":1584.122653235,"data":"  DEEPCENTER_GAP_THRESHOLD                 0.25\n"}
,{"stream_name":"stdout","time":1584.122657152,"data":"  GAP_CLOSE_UM                             5.0\n"}
,{"stream_name":"stdout","time":1584.122661238,"data":"  OUTPUT_MIN_TRACK_LEN                     6\n"}
,{"stream_name":"stdout","time":1584.122665182,"data":"  SHORT_TRACK_RESCUE_MIN_MEAN_EDGE_PROB    0.88\n"}
,{"stream_name":"stdout","time":1584.1226692,"data":"  MOTION_RELINK_TIGHT_UM                   6.0\n"}
,{"stream_name":"stdout","time":1584.12267301,"data":"  MOTION_RELINK_RELAXED_UM                 10.0\n"}
,{"stream_name":"stdout","time":1584.122677743,"data":"  GAP2_MAX_STEP_UM                         4.4\n"}
,{"stream_name":"stdout","time":1584.122682403,"data":"  GAP2_MAX_TOTAL_UM                        10.2\n"}
,{"stream_name":"stdout","time":1584.122686989,"data":"  MOTION_RELINK_LEARNED_BONUS              1.0\n"}
,{"stream_name":"stdout","time":1584.12269039,"data":"  MOTION_RELINK_VELOCITY_WEIGHT            0.5\n"}
,{"stream_name":"stdout","time":1584.12269453,"data":"  GAP_CLOSE_REUSE_UM                       3.2\n"}
,{"stream_name":"stdout","time":1584.122699343,"data":"  OUTPUT_EDGE_MAX_UM                       14.0\n"}
,{"stream_name":"stdout","time":1584.122703898,"data":"VALIDATOR: disabled or no held-out samples available -- skipping scoring.\n"}
,{"stream_name":"stdout","time":1584.322452249,"data":"SWEEP: validator unavailable -- keeping the base configuration.\n"}
,{"stream_name":"stdout","time":1584.322500022,"data":"Keeping the base submission.csv (public 0.939 configuration).\n"}
,{"stream_name":"stdout","time":1584.655848962,"data":"  44b6_0113de3b: nodes=25664 edges=24907 divisions=41\n"}
,{"stream_name":"stdout","time":1584.65589039,"data":"  44b6_0b24845f: nodes=20229 edges=18957 divisions=12\n"}
,{"stream_name":"stdout","time":1584.655898181,"data":"  6bba_05b6850b: nodes=6174 edges=5970 divisions=6\n"}
,{"stream_name":"stdout","time":1584.655904124,"data":"  6bba_05db0fb1: nodes=70356 edges=68211 divisions=26\n"}
,{"stream_name":"stdout","time":1584.655909327,"data":"Final submission.csv rows=240468  config=base\n"}
,{"stream_name":"stdout","time":1584.74861031,"data":"==============================================================================\n"}
,{"stream_name":"stdout","time":1584.748645861,"data":"PIPELINE MANIFEST -- resolved state, not just config\n"}
,{"stream_name":"stdout","time":1584.748652133,"data":"==============================================================================\n"}
,{"stream_name":"stdout","time":1584.748656495,"data":"Dual-seed ensemble:      requested=True  weights_found=True\n"}
,{"stream_name":"stdout","time":1584.748660544,"data":"Bidirectional fusion:    weight=0.15  active=True  mode=harmonic_probability\n"}
,{"stream_name":"stdout","time":1584.74866478,"data":"DeepCenter veto:         requested=True  loaded=True\n"}
,{"stream_name":"stdout","time":1584.748668827,"data":"  - checkpoint file:     /kaggle/input/datasets/pilkwang/biohub-deepcenter-unet3d-center-prior-v1/weights/full_frame_center/best.pt\n"}
,{"stream_name":"stdout","time":1584.748673067,"data":"  - expected epoch:      2\n"}
,{"stream_name":"stdout","time":1584.748676947,"data":"  - gap veto:            True\n"}
,{"stream_name":"stdout","time":1584.748681797,"data":"  - safe-div veto:       True\n"}
,{"stream_name":"stdout","time":1584.748686567,"data":"Safe-div thresholds:     parent\u003c=9.0um  sister\u003c=14.0um  global_cap=0.00375  frame_cap=0.0076\n"}
,{"stream_name":"stdout","time":1584.748692476,"data":"Validator:               enabled=False  held_out_samples=0  match_radius=7.0um\n"}
,{"stream_name":"stdout","time":1584.748696201,"data":"==============================================================================\n"}
,{"stream_name":"stderr","time":1589.296523091,"data":"/usr/local/lib/python3.12/dist-packages/mistune.py:435: SyntaxWarning: invalid escape sequence '\\|'\n"}
,{"stream_name":"stderr","time":1589.296563008,"data":"  cells[i][c] = re.sub('\\\\\\\\\\|', '|', cell)\n"}
,{"stream_name":"stderr","time":1589.439334998,"data":"/usr/local/lib/python3.12/dist-packages/nbconvert/filters/filter_links.py:36: SyntaxWarning: invalid escape sequence '\\_'\n"}
,{"stream_name":"stderr","time":1589.439366338,"data":"  text = re.sub(r'_', '\\_', text) # Escape underscores in display text\n"}
,{"stream_name":"stderr","time":1590.197903562,"data":"[NbConvertApp] Converting notebook __notebook__.ipynb to notebook\n"}
,{"stream_name":"stderr","time":1590.65243751,"data":"[NbConvertApp] Writing 427351 bytes to __notebook__.ipynb\n"}
,{"stream_name":"stderr","time":1593.575657977,"data":"[NbConvertApp] Converting notebook __notebook__.ipynb to html\n"}
,{"stream_name":"stderr","time":1595.337968091,"data":"[NbConvertApp] Writing 1410652 bytes to __results__.html\n"}
]